ISO-10303-21;
HEADER;
FILE_DESCRIPTION (( 'STEP AP214' ),
    '1' );
FILE_NAME ('Mounter Upper Plate.STEP',
    '2025-02-06T00:27:09',
    ( '' ),
    ( '' ),
    'SwSTEP 2.0',
    'SolidWorks 2024',
    '' );
FILE_SCHEMA (( 'AUTOMOTIVE_DESIGN' ));
ENDSEC;

DATA;
#1 = DIRECTION ( 'NONE',  ( 0.7933533402912363863, -0.000000000000000000, -0.6087614290087192126 ) ) ;
#2 = ORIENTED_EDGE ( 'NONE', *, *, #2553, .F. ) ;
#3 = CARTESIAN_POINT ( 'NONE',  ( 40.01411247009631467, 6.000000000000000000, 12.88736344501136699 ) ) ;
#4 = DIRECTION ( 'NONE',  ( 0.000000000000000000, 1.000000000000000000, 0.000000000000000000 ) ) ;
#5 = VERTEX_POINT ( 'NONE', #180 ) ;
#6 = CARTESIAN_POINT ( 'NONE',  ( -38.80294036547413583, 6.000000000000000000, 16.07270415933354357 ) ) ;
#7 = CARTESIAN_POINT ( 'NONE',  ( -40.04021770854032525, 5.800000000000000711, 13.08565241728613771 ) ) ;
#8 = ORIENTED_EDGE ( 'NONE', *, *, #1887, .T. ) ;
#9 = ADVANCED_FACE ( 'NONE', ( #1622 ), #3090, .T. ) ;
#10 = EDGE_LOOP ( 'NONE', ( #2438, #4016, #2468, #2186 ) ) ;
#11 = CARTESIAN_POINT ( 'NONE',  ( -12.87229157856889117, 6.000000000000000000, -40.12859466161635424 ) ) ;
#12 = VERTEX_POINT ( 'NONE', #761 ) ;
#13 = DIRECTION ( 'NONE',  ( -0.000000000000000000, 1.000000000000000000, -0.000000000000000000 ) ) ;
#14 = VERTEX_POINT ( 'NONE', #1795 ) ;
#15 = EDGE_CURVE ( 'NONE', #672, #2385, #2962, .T. ) ;
#16 = CARTESIAN_POINT ( 'NONE',  ( 19.05975590138105602, 5.917157287525380838, -37.56566302240788957 ) ) ;
#17 = DIRECTION ( 'NONE',  ( -0.000000000000000000, -1.000000000000000000, -0.000000000000000000 ) ) ;
#18 = VECTOR ( 'NONE', #3220, 1000.000000000000227 ) ;
#19 = EDGE_CURVE ( 'NONE', #1617, #2711, #324, .T. ) ;
#20 = ORIENTED_EDGE ( 'NONE', *, *, #3190, .T. ) ;
#21 = CARTESIAN_POINT ( 'NONE',  ( 0.000000000000000000, 3.500000000000000000, 0.000000000000000000 ) ) ;
#22 = ADVANCED_FACE ( 'NONE', ( #3851, #605, #3136, #3294, #1337, #3268, #1316, #351, #2050, #3493, #1068, #1093, #3245, #3957 ), #4308, .T. ) ;
#23 = CARTESIAN_POINT ( 'NONE',  ( -25.00000000000000000, 2.500000000000000000, 0.000000000000000000 ) ) ;
#24 = AXIS2_PLACEMENT_3D ( 'NONE', #1984, #1328, #1230 ) ;
#25 = DIRECTION ( 'NONE',  ( 0.7933533402912307242, 0.000000000000000000, -0.6087614290087264290 ) ) ;
#26 = ORIENTED_EDGE ( 'NONE', *, *, #1780, .F. ) ;
#27 = CARTESIAN_POINT ( 'NONE',  ( 15.65069189893222656, 5.917157287525380838, 42.00844172803879673 ) ) ;
#28 = CARTESIAN_POINT ( 'NONE',  ( 19.05975590138105602, 3.500000000000000000, -37.56566302240788247 ) ) ;
#29 = VERTEX_POINT ( 'NONE', #2395 ) ;
#30 = CARTESIAN_POINT ( 'NONE',  ( 38.80294036547414294, 0.000000000000000000, 17.57270415933352936 ) ) ;
#31 = AXIS2_PLACEMENT_3D ( 'NONE', #1120, #2204, #3749 ) ;
#32 = CIRCLE ( 'NONE', #1684, 1.500000000000001332 ) ;
#33 =( BOUNDED_CURVE ( )  B_SPLINE_CURVE ( 3, ( #4579, #1362, #2373, #4602 ),
 .UNSPECIFIED., .F., .F. ) 
 B_SPLINE_CURVE_WITH_KNOTS ( ( 4, 4 ),
 ( 4.712388980384691450, 6.283185307179586232 ),
 .UNSPECIFIED. ) 
 CURVE ( )  GEOMETRIC_REPRESENTATION_ITEM ( )  RATIONAL_B_SPLINE_CURVE ( ( 1.000000000000000000, 0.8047378541243654926, 0.8047378541243654926, 1.000000000000000000 ) ) 
 REPRESENTATION_ITEM ( '' )  );
#34 = LINE ( 'NONE', #4245, #4679 ) ;
#35 = ORIENTED_EDGE ( 'NONE', *, *, #4492, .T. ) ;
#36 = TOROIDAL_SURFACE ( 'NONE', #2592, 1.700000000000004174, 0.2000000000000000111 ) ;
#37 = EDGE_LOOP ( 'NONE', ( #4388, #4437, #3064, #3581 ) ) ;
#38 = VECTOR ( 'NONE', #386, 1000.000000000000114 ) ;
#39 = EDGE_LOOP ( 'NONE', ( #195, #2095, #3085, #2870 ) ) ;
#40 = DIRECTION ( 'NONE',  ( -0.3826834323650840086, 0.000000000000000000, 0.9238795325112890700 ) ) ;
#41 = VERTEX_POINT ( 'NONE', #4225 ) ;
#42 = CARTESIAN_POINT ( 'NONE',  ( -40.01411247009631467, 6.000000000000000000, -12.88736344501136699 ) ) ;
#43 = ORIENTED_EDGE ( 'NONE', *, *, #1210, .T. ) ;
#44 = DIRECTION ( 'NONE',  ( 0.000000000000000000, 0.000000000000000000, -1.000000000000000000 ) ) ;
#45 = LINE ( 'NONE', #1487, #1830 ) ;
#46 = EDGE_CURVE ( 'NONE', #3111, #1784, #376, .T. ) ;
#47 = EDGE_CURVE ( 'NONE', #1574, #2665, #4662, .T. ) ;
#48 = LINE ( 'NONE', #2934, #3816 ) ;
#49 = VERTEX_POINT ( 'NONE', #2758 ) ;
#50 = CARTESIAN_POINT ( 'NONE',  ( -11.13693180368812286, 6.000000000000000000, -11.13693180368812286 ) ) ;
#51 = PLANE ( 'NONE',  #2317 ) ;
#52 = ORIENTED_EDGE ( 'NONE', *, *, #2153, .T. ) ;
#53 = CARTESIAN_POINT ( 'NONE',  ( -13.08565241728654804, 5.800000000000000711, 40.04021770854019024 ) ) ;
#54 = EDGE_CURVE ( 'NONE', #1045, #2608, #4322, .T. ) ;
#55 = DIRECTION ( 'NONE',  ( 0.6087614290087195457, 0.000000000000000000, -0.7933533402912360533 ) ) ;
#56 = ORIENTED_EDGE ( 'NONE', *, *, #1210, .F. ) ;
#57 = VECTOR ( 'NONE', #3472, 999.9999999999998863 ) ;
#58 = VERTEX_POINT ( 'NONE', #734 ) ;
#59 = CARTESIAN_POINT ( 'NONE',  ( 37.56566302240781852, 5.917157287525380838, -19.05975590138119458 ) ) ;
#60 =( BOUNDED_CURVE ( )  B_SPLINE_CURVE ( 3, ( #1842, #3675, #3714, #2287 ),
 .UNSPECIFIED., .F., .F. ) 
 B_SPLINE_CURVE_WITH_KNOTS ( ( 4, 4 ),
 ( 3.141592653589793116, 4.712388980384689674 ),
 .UNSPECIFIED. ) 
 CURVE ( )  GEOMETRIC_REPRESENTATION_ITEM ( )  RATIONAL_B_SPLINE_CURVE ( ( 1.000000000000000000, 0.8047378541243649375, 0.8047378541243649375, 1.000000000000000000 ) ) 
 REPRESENTATION_ITEM ( '' )  );
#61 = EDGE_LOOP ( 'NONE', ( #1283, #273, #509, #4661 ) ) ;
#62 = FACE_OUTER_BOUND ( 'NONE', #219, .T. ) ;
#63 = ORIENTED_EDGE ( 'NONE', *, *, #1585, .F. ) ;
#64 = CARTESIAN_POINT ( 'NONE',  ( -36.83471634597562883, 3.500000000000000000, -13.50766467768759682 ) ) ;
#65 = VECTOR ( 'NONE', #107, 1000.000000000000227 ) ;
#66 = VECTOR ( 'NONE', #3681, 1000.000000000000000 ) ;
#67 = VERTEX_POINT ( 'NONE', #2132 ) ;
#68 = CARTESIAN_POINT ( 'NONE',  ( -38.80294036547414294, 6.000000000000000000, -16.07270415933352581 ) ) ;
#69 = EDGE_CURVE ( 'NONE', #655, #225, #2752, .T. ) ;
#70 = FACE_OUTER_BOUND ( 'NONE', #2097, .T. ) ;
#71 = AXIS2_PLACEMENT_3D ( 'NONE', #1931, #1578, #459 ) ;
#72 = VECTOR ( 'NONE', #1390, 1000.000000000000227 ) ;
#73 = DIRECTION ( 'NONE',  ( 0.000000000000000000, 0.000000000000000000, 1.000000000000000000 ) ) ;
#74 = VERTEX_POINT ( 'NONE', #3605 ) ;
#75 = LINE ( 'NONE', #781, #3269 ) ;
#76 = VECTOR ( 'NONE', #1274, 1000.000000000000114 ) ;
#77 = PLANE ( 'NONE',  #3462 ) ;
#78 = ORIENTED_EDGE ( 'NONE', *, *, #1662, .F. ) ;
#79 = EDGE_CURVE ( 'NONE', #49, #1383, #4568, .T. ) ;
#80 = LINE ( 'NONE', #1519, #4154 ) ;
#81 = DIRECTION ( 'NONE',  ( -0.6087614290087249858, 0.000000000000000000, 0.7933533402912318344 ) ) ;
#82 = ORIENTED_EDGE ( 'NONE', *, *, #950, .F. ) ;
#83 = ORIENTED_EDGE ( 'NONE', *, *, #4361, .F. ) ;
#84 = EDGE_CURVE ( 'NONE', #2735, #575, #2779, .T. ) ;
#85 = CARTESIAN_POINT ( 'NONE',  ( -19.27311674009898823, 6.000000000000000000, 37.47728606933159767 ) ) ;
#86 = ORIENTED_EDGE ( 'NONE', *, *, #1124, .F. ) ;
#87 = CARTESIAN_POINT ( 'NONE',  ( -37.56566302240793931, 5.800000000000000711, 19.05975590138093168 ) ) ;
#88 = VERTEX_POINT ( 'NONE', #3580 ) ;
#89 = DIRECTION ( 'NONE',  ( -0.9238795325112877377, 0.000000000000000000, -0.3826834323650872283 ) ) ;
#90 = DIRECTION ( 'NONE',  ( -0.000000000000000000, -1.000000000000000000, -0.000000000000000000 ) ) ;
#91 = ORIENTED_EDGE ( 'NONE', *, *, #161, .T. ) ;
#92 = DIRECTION ( 'NONE',  ( 0.7071067811865389130, 0.000000000000000000, 0.7071067811865561215 ) ) ;
#93 = FACE_OUTER_BOUND ( 'NONE', #934, .T. ) ;
#94 = CYLINDRICAL_SURFACE ( 'NONE', #3202, 0.2000000000000013989 ) ;
#95 = VERTEX_POINT ( 'NONE', #1848 ) ;
#96 = DIRECTION ( 'NONE',  ( 0.000000000000000000, 0.000000000000000000, 1.000000000000000000 ) ) ;
#97 = AXIS2_PLACEMENT_3D ( 'NONE', #2382, #3835, #587 ) ;
#98 = CARTESIAN_POINT ( 'NONE',  ( -38.80294036547413583, 6.000000000000000000, 16.07270415933354357 ) ) ;
#99 = ORIENTED_EDGE ( 'NONE', *, *, #165, .F. ) ;
#100 = CARTESIAN_POINT ( 'NONE',  ( -13.50766467768799473, 5.800000000000000711, -36.83471634597547961 ) ) ;
#101 = EDGE_CURVE ( 'NONE', #655, #3775, #1820, .T. ) ;
#102 = VECTOR ( 'NONE', #320, 1000.000000000000114 ) ;
#103 = ADVANCED_FACE ( 'NONE', ( #4004 ), #3651, .F. ) ;
#104 = FACE_BOUND ( 'NONE', #3821, .T. ) ;
#105 = ORIENTED_EDGE ( 'NONE', *, *, #2607, .T. ) ;
#106 = EDGE_LOOP ( 'NONE', ( #1929, #3483, #4144, #1495 ) ) ;
#107 = DIRECTION ( 'NONE',  ( 0.3826834323650840086, -0.000000000000000000, -0.9238795325112890700 ) ) ;
#108 = CIRCLE ( 'NONE', #3890, 1.700000000000003508 ) ;
#109 = AXIS2_PLACEMENT_3D ( 'NONE', #3802, #3067, #554 ) ;
#110 = EDGE_CURVE ( 'NONE', #1077, #767, #1213, .T. ) ;
#111 = EDGE_CURVE ( 'NONE', #1831, #1956, #3961, .T. ) ;
#112 = VERTEX_POINT ( 'NONE', #1890 ) ;
#113 = DIRECTION ( 'NONE',  ( 0.000000000000000000, 0.000000000000000000, -1.000000000000000000 ) ) ;
#114 = ORIENTED_EDGE ( 'NONE', *, *, #1030, .F. ) ;
#115 = FACE_OUTER_BOUND ( 'NONE', #2133, .T. ) ;
#116 = AXIS2_PLACEMENT_3D ( 'NONE', #3091, #3371, #4535 ) ;
#117 = ORIENTED_EDGE ( 'NONE', *, *, #2647, .F. ) ;
#118 = LINE ( 'NONE', #729, #4190 ) ;
#119 = DIRECTION ( 'NONE',  ( -0.9914448613738093830, 0.000000000000000000, 0.1305261922200588176 ) ) ;
#120 = DIRECTION ( 'NONE',  ( 0.000000000000000000, 0.000000000000000000, 1.000000000000000000 ) ) ;
#121 = VERTEX_POINT ( 'NONE', #2936 ) ;
#122 = CARTESIAN_POINT ( 'NONE',  ( -13.50766467768798051, 5.917157287525380838, 36.83471634597548672 ) ) ;
#123 = CARTESIAN_POINT ( 'NONE',  ( -18.63774364097988467, 5.800000000000000711, 40.77116438497247231 ) ) ;
#124 = ORIENTED_EDGE ( 'NONE', *, *, #740, .T. ) ;
#125 = DIRECTION ( 'NONE',  ( 0.000000000000000000, 1.000000000000000000, 0.000000000000000000 ) ) ;
#126 = DIRECTION ( 'NONE',  ( 0.7933533402912360533, 0.000000000000000000, 0.6087614290087195457 ) ) ;
#127 = ORIENTED_EDGE ( 'NONE', *, *, #3874, .T. ) ;
#128 = VERTEX_POINT ( 'NONE', #3335 ) ;
#129 = CARTESIAN_POINT ( 'NONE',  ( 36.83471634597552935, 5.800000000000000711, -13.50766467768786150 ) ) ;
#130 = EDGE_CURVE ( 'NONE', #1372, #4457, #2650, .T. ) ;
#131 = ORIENTED_EDGE ( 'NONE', *, *, #3058, .T. ) ;
#132 = DIRECTION ( 'NONE',  ( -0.1305261922200481040, 0.000000000000000000, 0.9914448613738109373 ) ) ;
#133 = VERTEX_POINT ( 'NONE', #2314 ) ;
#134 = DIRECTION ( 'NONE',  ( 0.000000000000000000, 0.000000000000000000, 1.000000000000000000 ) ) ;
#135 = PLANE ( 'NONE',  #3856 ) ;
#136 = ADVANCED_FACE ( 'NONE', ( #2675 ), #850, .T. ) ;
#137 = ORIENTED_EDGE ( 'NONE', *, *, #3694, .F. ) ;
#138 = CARTESIAN_POINT ( 'NONE',  ( 38.80294036547402925, 3.299999999999999822, -16.07270415933381003 ) ) ;
#139 = FACE_OUTER_BOUND ( 'NONE', #249, .T. ) ;
#140 = AXIS2_PLACEMENT_3D ( 'NONE', #2612, #1601, #4370 ) ;
#141 = EDGE_CURVE ( 'NONE', #3770, #3564, #75, .T. ) ;
#142 = AXIS2_PLACEMENT_3D ( 'NONE', #1119, #3011, #3655 ) ;
#143 = DIRECTION ( 'NONE',  ( -0.9914448613738109373, -0.000000000000000000, 0.1305261922200479097 ) ) ;
#144 = VERTEX_POINT ( 'NONE', #1516 ) ;
#145 = CARTESIAN_POINT ( 'NONE',  ( 35.41266309640705856, 6.000000000000000000, -16.41817973326222813 ) ) ;
#146 = CARTESIAN_POINT ( 'NONE',  ( 16.07270415933367502, 3.299999999999999822, 40.50294036547408894 ) ) ;
#147 = ORIENTED_EDGE ( 'NONE', *, *, #922, .F. ) ;
#148 = PLANE ( 'NONE',  #598 ) ;
#149 = CIRCLE ( 'NONE', #2792, 0.1999999999999987899 ) ;
#150 = PRODUCT_DEFINITION_FORMATION_WITH_SPECIFIED_SOURCE ( 'ANY', '', #3988, .NOT_KNOWN. ) ;
#151 = CARTESIAN_POINT ( 'NONE',  ( 35.36847461986909735, 6.000000000000000000, 16.52486015262081054 ) ) ;
#152 = ORIENTED_EDGE ( 'NONE', *, *, #1430, .T. ) ;
#153 = ORIENTED_EDGE ( 'NONE', *, *, #4218, .T. ) ;
#154 = PLANE ( 'NONE',  #3470 ) ;
#155 = EDGE_CURVE ( 'NONE', #2846, #953, #1452, .T. ) ;
#156 = ORIENTED_EDGE ( 'NONE', *, *, #2667, .T. ) ;
#157 = CYLINDRICAL_SURFACE ( 'NONE', #1551, 0.2000000000000003164 ) ;
#158 = ORIENTED_EDGE ( 'NONE', *, *, #472, .F. ) ;
#159 = PLANE ( 'NONE',  #140 ) ;
#160 = CARTESIAN_POINT ( 'NONE',  ( 38.80294036547414294, 6.000000000000000000, 16.07270415933352581 ) ) ;
#161 = EDGE_CURVE ( 'NONE', #4511, #1024, #4102, .T. ) ;
#162 = ORIENTED_EDGE ( 'NONE', *, *, #3339, .T. ) ;
#163 = CARTESIAN_POINT ( 'NONE',  ( 37.56566302240794641, 3.500000000000000000, 19.05975590138092457 ) ) ;
#164 = DIRECTION ( 'NONE',  ( 0.6087614290087208779, 0.000000000000000000, 0.7933533402912349430 ) ) ;
#165 = EDGE_CURVE ( 'NONE', #3303, #2039, #1075, .T. ) ;
#166 = ADVANCED_FACE ( 'NONE', ( #881, #2623 ), #4073, .T. ) ;
#167 = PLANE ( 'NONE',  #1239 ) ;
#168 = DIRECTION ( 'NONE',  ( -0.9238795325112877377, 0.000000000000000000, 0.3826834323650875058 ) ) ;
#169 = ORIENTED_EDGE ( 'NONE', *, *, #2442, .T. ) ;
#170 = LINE ( 'NONE', #2748, #3130 ) ;
#171 = CARTESIAN_POINT ( 'NONE',  ( -18.82096074681176034, 6.000000000000000000, -40.91175181493665036 ) ) ;
#172 = ORIENTED_EDGE ( 'NONE', *, *, #1468, .F. ) ;
#173 = CARTESIAN_POINT ( 'NONE',  ( -42.19321763454110652, 6.000000000000000000, 15.72722858540509883 ) ) ;
#174 = AXIS2_PLACEMENT_3D ( 'NONE', #757, #2243, #2955 ) ;
#175 = FACE_BOUND ( 'NONE', #1858, .T. ) ;
#176 = VERTEX_POINT ( 'NONE', #3008 ) ;
#177 = ORIENTED_EDGE ( 'NONE', *, *, #3670, .F. ) ;
#178 = DIRECTION ( 'NONE',  ( 0.6087614290087274282, 0.000000000000000000, 0.7933533402912299470 ) ) ;
#179 = AXIS2_PLACEMENT_3D ( 'NONE', #619, #3798, #909 ) ;
#180 = CARTESIAN_POINT ( 'NONE',  ( 19.27311674009872888, 6.000000000000000000, -37.47728606933172557 ) ) ;
#181 = CYLINDRICAL_SURFACE ( 'NONE', #4287, 0.2000000000000003164 ) ;
#182 = ORIENTED_EDGE ( 'NONE', *, *, #3639, .F. ) ;
#183 = LINE ( 'NONE', #1672, #1586 ) ;
#184 = CARTESIAN_POINT ( 'NONE',  ( -35.36847461986909735, 6.000000000000000000, -16.52486015262081054 ) ) ;
#185 = VECTOR ( 'NONE', #639, 1000.000000000000000 ) ;
#186 = VERTEX_POINT ( 'NONE', #2958 ) ;
#187 = DIRECTION ( 'NONE',  ( -0.000000000000000000, -1.000000000000000000, -0.000000000000000000 ) ) ;
#188 = CARTESIAN_POINT ( 'NONE',  ( 13.50766467768772472, 3.500000000000000000, -36.83471634597557909 ) ) ;
#189 = CARTESIAN_POINT ( 'NONE',  ( -38.80294036547413583, 0.000000000000000000, 16.07270415933354357 ) ) ;
#190 = VECTOR ( 'NONE', #2148, 1000.000000000000227 ) ;
#191 = EDGE_CURVE ( 'NONE', #1970, #2178, #32, .T. ) ;
#192 = CIRCLE ( 'NONE', #2907, 0.2000000000000005107 ) ;
#193 = CARTESIAN_POINT ( 'NONE',  ( 16.07270415933366081, 3.299999999999999822, -40.50294036547409604 ) ) ;
#194 = LINE ( 'NONE', #542, #3134 ) ;
#195 = ORIENTED_EDGE ( 'NONE', *, *, #3375, .F. ) ;
#196 = DIRECTION ( 'NONE',  ( -0.000000000000000000, 1.000000000000000000, 0.000000000000000000 ) ) ;
#197 = ORIENTED_EDGE ( 'NONE', *, *, #1893, .T. ) ;
#198 = DIRECTION ( 'NONE',  ( 0.1305261922200649238, 0.000000000000000000, -0.9914448613738086058 ) ) ;
#199 = EDGE_CURVE ( 'NONE', #494, #3561, #3449, .T. ) ;
#200 = EDGE_CURVE ( 'NONE', #3985, #4011, #2226, .T. ) ;
#201 = FACE_OUTER_BOUND ( 'NONE', #3590, .T. ) ;
#202 = EDGE_LOOP ( 'NONE', ( #3690, #3628, #1892, #4414, #2685, #35 ) ) ;
#203 = ORIENTED_EDGE ( 'NONE', *, *, #1341, .F. ) ;
#204 = DIRECTION ( 'NONE',  ( 0.000000000000000000, 0.000000000000000000, 1.000000000000000000 ) ) ;
#205 = ADVANCED_FACE ( 'NONE', ( #2247 ), #935, .T. ) ;
#206 = EDGE_LOOP ( 'NONE', ( #366, #475, #1144, #4033, #520, #3072 ) ) ;
#207 = CARTESIAN_POINT ( 'NONE',  ( 13.43112799121470680, 5.800000000000000711, -36.64994043947331903 ) ) ;
#208 = ORIENTED_EDGE ( 'NONE', *, *, #3952, .T. ) ;
#209 = DIRECTION ( 'NONE',  ( 0.6087614290087217661, 0.000000000000000000, -0.7933533402912343879 ) ) ;
#210 = CARTESIAN_POINT ( 'NONE',  ( -11.13693180368823832, 0.000000000000000000, 8.636931803688005616 ) ) ;
#211 = ORIENTED_EDGE ( 'NONE', *, *, #2435, .F. ) ;
#212 = CARTESIAN_POINT ( 'NONE',  ( -19.27311674009899889, 6.000000000000000000, -37.47728606933158346 ) ) ;
#213 = LINE ( 'NONE', #2740, #4454 ) ;
#214 = DIRECTION ( 'NONE',  ( 0.000000000000000000, 0.000000000000000000, -1.000000000000000000 ) ) ;
#215 =( BOUNDED_CURVE ( )  B_SPLINE_CURVE ( 3, ( #2267, #1113, #374, #2956 ),
 .UNSPECIFIED., .F., .F. ) 
 B_SPLINE_CURVE_WITH_KNOTS ( ( 4, 4 ),
 ( 1.570796326794896558, 3.141592653589793116 ),
 .UNSPECIFIED. ) 
 CURVE ( )  GEOMETRIC_REPRESENTATION_ITEM ( )  RATIONAL_B_SPLINE_CURVE ( ( 1.000000000000000000, 0.8047378541243649375, 0.8047378541243649375, 1.000000000000000000 ) ) 
 REPRESENTATION_ITEM ( '' )  );
#216 = ADVANCED_FACE ( 'NONE', ( #3744 ), #479, .T. ) ;
#217 = AXIS2_PLACEMENT_3D ( 'NONE', #772, #3668, #416 ) ;
#218 = LINE ( 'NONE', #4121, #2905 ) ;
#219 = EDGE_LOOP ( 'NONE', ( #2508, #364, #1671, #3473 ) ) ;
#220 = DIRECTION ( 'NONE',  ( -0.000000000000000000, -1.000000000000000000, -0.000000000000000000 ) ) ;
#221 = ORIENTED_EDGE ( 'NONE', *, *, #1036, .F. ) ;
#222 = LINE ( 'NONE', #4548, #1654 ) ;
#223 = AXIS2_PLACEMENT_3D ( 'NONE', #3607, #1380, #1798 ) ;
#224 = FACE_OUTER_BOUND ( 'NONE', #2539, .T. ) ;
#225 = VERTEX_POINT ( 'NONE', #1915 ) ;
#226 = LINE ( 'NONE', #1313, #3621 ) ;
#227 = AXIS2_PLACEMENT_3D ( 'NONE', #4562, #4516, #537 ) ;
#228 = EDGE_CURVE ( 'NONE', #494, #3041, #4096, .T. ) ;
#229 = EDGE_CURVE ( 'NONE', #1149, #743, #170, .T. ) ;
#230 = ORIENTED_EDGE ( 'NONE', *, *, #3724, .T. ) ;
#231 = ORIENTED_EDGE ( 'NONE', *, *, #1614, .F. ) ;
#232 = CARTESIAN_POINT ( 'NONE',  ( 11.13693180368816016, 0.000000000000000000, -11.13693180368808378 ) ) ;
#233 = CARTESIAN_POINT ( 'NONE',  ( -13.50766467768799295, 3.500000000000000000, -36.83471634597548672 ) ) ;
#234 = ORIENTED_EDGE ( 'NONE', *, *, #4533, .T. ) ;
#235 = PLANE ( 'NONE',  #2595 ) ;
#236 = CARTESIAN_POINT ( 'NONE',  ( 16.07270415933366081, 6.000000000000000000, -37.30294036547408609 ) ) ;
#237 = CARTESIAN_POINT ( 'NONE',  ( 40.77116438497252204, 3.500000000000000000, -18.63774364097976033 ) ) ;
#238 = CARTESIAN_POINT ( 'NONE',  ( 18.63774364097960046, 3.500000000000000000, -40.77116438497260020 ) ) ;
#239 = FACE_OUTER_BOUND ( 'NONE', #39, .T. ) ;
#240 = ORIENTED_EDGE ( 'NONE', *, *, #1723, .T. ) ;
#241 = LINE ( 'NONE', #3080, #260 ) ;
#242 = CARTESIAN_POINT ( 'NONE',  ( -35.36847461986909735, 6.000000000000000000, 16.52486015262081764 ) ) ;
#243 = FACE_BOUND ( 'NONE', #1101, .T. ) ;
#244 = VERTEX_POINT ( 'NONE', #3867 ) ;
#245 = LINE ( 'NONE', #2322, #4224 ) ;
#246 = AXIS2_PLACEMENT_3D ( 'NONE', #2571, #1868, #96 ) ;
#247 = DIRECTION ( 'NONE',  ( 0.000000000000000000, 0.000000000000000000, 1.000000000000000000 ) ) ;
#248 = LINE ( 'NONE', #28, #2778 ) ;
#249 = EDGE_LOOP ( 'NONE', ( #2067, #8, #2706, #578 ) ) ;
#250 = DIRECTION ( 'NONE',  ( -0.7933533402912339438, 0.000000000000000000, -0.6087614290087222102 ) ) ;
#251 = AXIS2_PLACEMENT_3D ( 'NONE', #4375, #489, #4424 ) ;
#252 = LINE ( 'NONE', #2027, #4159 ) ;
#253 = EDGE_CURVE ( 'NONE', #2029, #868, #925, .T. ) ;
#254 = EDGE_CURVE ( 'NONE', #2597, #2228, #2064, .T. ) ;
#255 = CIRCLE ( 'NONE', #2971, 1.500000000000004885 ) ;
#256 = ORIENTED_EDGE ( 'NONE', *, *, #2993, .T. ) ;
#257 = CARTESIAN_POINT ( 'NONE',  ( -13.43112799121496259, 5.800000000000000711, 36.64994043947322666 ) ) ;
#258 = DIRECTION ( 'NONE',  ( 0.1305261922200480762, -0.000000000000000000, -0.9914448613738108262 ) ) ;
#259 = CIRCLE ( 'NONE', #4259, 1.700000000000003508 ) ;
#260 = VECTOR ( 'NONE', #545, 1000.000000000000000 ) ;
#261 = EDGE_CURVE ( 'NONE', #4608, #2344, #3435, .T. ) ;
#262 = AXIS2_PLACEMENT_3D ( 'NONE', #1514, #4094, #73 ) ;
#263 = DIRECTION ( 'NONE',  ( -0.1305261922200649238, 0.000000000000000000, -0.9914448613738086058 ) ) ;
#264 = DIRECTION ( 'NONE',  ( 0.000000000000000000, 0.000000000000000000, 1.000000000000000000 ) ) ;
#265 = ORIENTED_EDGE ( 'NONE', *, *, #3109, .F. ) ;
#266 = CARTESIAN_POINT ( 'NONE',  ( 40.77116438497252915, 5.917157287525380838, -18.63774364097976033 ) ) ;
#267 = CARTESIAN_POINT ( 'NONE',  ( 18.63774364097961822, 5.800000000000000711, 40.77116438497258599 ) ) ;
#268 = AXIS2_PLACEMENT_3D ( 'NONE', #2426, #991, #700 ) ;
#269 = VERTEX_POINT ( 'NONE', #641 ) ;
#270 = ORIENTED_EDGE ( 'NONE', *, *, #3700, .T. ) ;
#271 = FACE_OUTER_BOUND ( 'NONE', #2091, .T. ) ;
#272 = DIRECTION ( 'NONE',  ( -0.9914448613738109373, 0.000000000000000000, -0.1305261922200483538 ) ) ;
#273 = ORIENTED_EDGE ( 'NONE', *, *, #2998, .F. ) ;
#274 = CARTESIAN_POINT ( 'NONE',  ( 40.79726962341653973, 6.000000000000000000, -18.83603261325452394 ) ) ;
#275 = DIRECTION ( 'NONE',  ( 0.6087614290087220992, 0.000000000000000000, 0.7933533402912340549 ) ) ;
#276 = VERTEX_POINT ( 'NONE', #1261 ) ;
#277 = CARTESIAN_POINT ( 'NONE',  ( 15.63820595595035634, 6.000000000000000000, -42.10328188079449774 ) ) ;
#278 = EDGE_CURVE ( 'NONE', #1751, #2656, #616, .T. ) ;
#279 = CARTESIAN_POINT ( 'NONE',  ( -19.05975590138131892, 5.800000000000000711, 37.56566302240774746 ) ) ;
#280 = LINE ( 'NONE', #3883, #2893 ) ;
#281 = DIRECTION ( 'NONE',  ( 0.1305261922200588731, 0.000000000000000000, 0.9914448613738094940 ) ) ;
#282 = AXIS2_PLACEMENT_3D ( 'NONE', #1318, #3137, #2759 ) ;
#283 = DIRECTION ( 'NONE',  ( -0.000000000000000000, -1.000000000000000000, -0.000000000000000000 ) ) ;
#284 = EDGE_CURVE ( 'NONE', #3636, #41, #1682, .T. ) ;
#285 = ORIENTED_EDGE ( 'NONE', *, *, #1171, .T. ) ;
#286 = CARTESIAN_POINT ( 'NONE',  ( -19.05975590138131892, 3.500000000000000000, 37.56566302240774746 ) ) ;
#287 = CARTESIAN_POINT ( 'NONE',  ( 11.13693180368816016, 6.000000000000000000, -11.13693180368808378 ) ) ;
#288 = CARTESIAN_POINT ( 'NONE',  ( -35.36847461986909735, 6.000000000000000000, 16.52486015262081764 ) ) ;
#289 = ORIENTED_EDGE ( 'NONE', *, *, #4505, .T. ) ;
#290 = ORIENTED_EDGE ( 'NONE', *, *, #709, .F. ) ;
#291 = VECTOR ( 'NONE', #3936, 999.9999999999998863 ) ;
#292 = CARTESIAN_POINT ( 'NONE',  ( 42.19321763454099283, 6.000000000000000000, -15.72722858540539370 ) ) ;
#293 = DIRECTION ( 'NONE',  ( -0.000000000000000000, -1.000000000000000000, -0.000000000000000000 ) ) ;
#294 = ORIENTED_EDGE ( 'NONE', *, *, #1269, .F. ) ;
#295 = CARTESIAN_POINT ( 'NONE',  ( -13.32444757185612794, 6.000000000000000000, 36.69412891601130866 ) ) ;
#296 = VECTOR ( 'NONE', #1683, 1000.000000000000114 ) ;
#297 = VECTOR ( 'NONE', #1979, 1000.000000000000000 ) ;
#298 = ORIENTED_EDGE ( 'NONE', *, *, #3231, .F. ) ;
#299 = CARTESIAN_POINT ( 'NONE',  ( -16.07270415933394858, 3.299999999999999822, -38.80294036547397951 ) ) ;
#300 = DIRECTION ( 'NONE',  ( -0.1305261922200553759, 0.000000000000000000, -0.9914448613738099381 ) ) ;
#301 = LINE ( 'NONE', #3944, #4483 ) ;
#302 = CARTESIAN_POINT ( 'NONE',  ( -11.13693180368812286, 0.000000000000000000, -8.636931803688121079 ) ) ;
#303 = LINE ( 'NONE', #2476, #2825 ) ;
#304 = CARTESIAN_POINT ( 'NONE',  ( -36.83471634597562172, 5.800000000000000711, 13.50766467768760570 ) ) ;
#305 = CARTESIAN_POINT ( 'NONE',  ( 11.13693180368812286, 0.000000000000000000, 13.63693180368812286 ) ) ;
#306 = EDGE_CURVE ( 'NONE', #1782, #1043, #667, .T. ) ;
#307 = EDGE_CURVE ( 'NONE', #1479, #3775, #4477, .T. ) ;
#308 = DIRECTION ( 'NONE',  ( -0.000000000000000000, -1.000000000000000000, -0.000000000000000000 ) ) ;
#309 = ORIENTED_EDGE ( 'NONE', *, *, #3550, .F. ) ;
#310 = ORIENTED_EDGE ( 'NONE', *, *, #1588, .T. ) ;
#311 = DIRECTION ( 'NONE',  ( 0.000000000000000000, 1.000000000000000000, 0.000000000000000000 ) ) ;
#312 = CARTESIAN_POINT ( 'NONE',  ( -15.65069189893250545, 3.500000000000000000, 42.00844172803868304 ) ) ;
#313 = ORIENTED_EDGE ( 'NONE', *, *, #3663, .T. ) ;
#314 = CARTESIAN_POINT ( 'NONE',  ( -16.49471641973537217, 5.917157287525380838, -35.59743900290925467 ) ) ;
#315 = ORIENTED_EDGE ( 'NONE', *, *, #4647, .T. ) ;
#316 = DIRECTION ( 'NONE',  ( 0.000000000000000000, 1.000000000000000000, 0.000000000000000000 ) ) ;
#317 = DIRECTION ( 'NONE',  ( 0.000000000000000000, 0.000000000000000000, 1.000000000000000000 ) ) ;
#318 = FACE_OUTER_BOUND ( 'NONE', #1366, .T. ) ;
#319 = AXIS2_PLACEMENT_3D ( 'NONE', #2101, #3548, #1744 ) ;
#320 = DIRECTION ( 'NONE',  ( 0.9238795325112877377, 0.000000000000000000, 0.3826834323650872283 ) ) ;
#321 = CARTESIAN_POINT ( 'NONE',  ( 11.13693180368812286, 0.000000000000000000, 11.13693180368812286 ) ) ;
#322 = CARTESIAN_POINT ( 'NONE',  ( -16.07270415933394858, 6.000000000000000000, -40.30294036547397951 ) ) ;
#323 = VECTOR ( 'NONE', #2774, 1000.000000000000114 ) ;
#324 = CIRCLE ( 'NONE', #2141, 1.500000000000004885 ) ;
#325 = CYLINDRICAL_SURFACE ( 'NONE', #4299, 0.2000000000000032585 ) ;
#326 = CARTESIAN_POINT ( 'NONE',  ( 36.77648312578528333, 6.000000000000000000, 13.43177366759329416 ) ) ;
#327 = ORIENTED_EDGE ( 'NONE', *, *, #2355, .T. ) ;
#328 = EDGE_CURVE ( 'NONE', #4393, #3456, #3087, .T. ) ;
#329 = CARTESIAN_POINT ( 'NONE',  ( -16.07270415933393082, 6.000000000000000000, 40.30294036547397951 ) ) ;
#330 =( BOUNDED_CURVE ( )  B_SPLINE_CURVE ( 3, ( #541, #923, #2358, #3765 ),
 .UNSPECIFIED., .F., .F. ) 
 B_SPLINE_CURVE_WITH_KNOTS ( ( 4, 4 ),
 ( 3.141592653589793116, 4.712388980384689674 ),
 .UNSPECIFIED. ) 
 CURVE ( )  GEOMETRIC_REPRESENTATION_ITEM ( )  RATIONAL_B_SPLINE_CURVE ( ( 1.000000000000000000, 0.8047378541243649375, 0.8047378541243649375, 1.000000000000000000 ) ) 
 REPRESENTATION_ITEM ( '' )  );
#331 = ORIENTED_EDGE ( 'NONE', *, *, #1177, .T. ) ;
#332 = EDGE_CURVE ( 'NONE', #400, #530, #904, .T. ) ;
#333 = CARTESIAN_POINT ( 'NONE',  ( -40.91175181493683510, 6.000000000000000000, 18.82096074681133047 ) ) ;
#334 = AXIS2_PLACEMENT_3D ( 'NONE', #4510, #3707, #2995 ) ;
#335 = CARTESIAN_POINT ( 'NONE',  ( -13.43177366759369384, 6.000000000000000000, -36.77648312578514123 ) ) ;
#336 = ORIENTED_EDGE ( 'NONE', *, *, #4009, .T. ) ;
#337 = VERTEX_POINT ( 'NONE', #2794 ) ;
#338 = EDGE_CURVE ( 'NONE', #2605, #2665, #3786, .T. ) ;
#339 = CARTESIAN_POINT ( 'NONE',  ( -37.47728606933178241, 6.000000000000000000, 19.27311674009860454 ) ) ;
#340 = ORIENTED_EDGE ( 'NONE', *, *, #3376, .T. ) ;
#341 = CARTESIAN_POINT ( 'NONE',  ( 42.23740611107919563, 6.000000000000000000, 15.62054816604624641 ) ) ;
#342 = CARTESIAN_POINT ( 'NONE',  ( 40.07682464110568077, 6.000000000000000000, 12.99727546420996482 ) ) ;
#343 = DIRECTION ( 'NONE',  ( -0.000000000000000000, -1.000000000000000000, -0.000000000000000000 ) ) ;
#344 = CARTESIAN_POINT ( 'NONE',  ( 40.07682464110560261, 6.000000000000000000, -12.99727546421025970 ) ) ;
#345 = DIRECTION ( 'NONE',  ( 0.000000000000000000, 0.000000000000000000, 1.000000000000000000 ) ) ;
#346 = DIRECTION ( 'NONE',  ( -0.000000000000000000, 1.000000000000000000, -0.000000000000000000 ) ) ;
#347 = DIRECTION ( 'NONE',  ( -1.000000000000000000, 0.000000000000000000, 0.000000000000000000 ) ) ;
#348 = ADVANCED_FACE ( 'NONE', ( #3795, #3409 ), #4593, .T. ) ;
#349 = DIRECTION ( 'NONE',  ( -0.1305261922200447733, 0.000000000000000000, 0.9914448613738113814 ) ) ;
#350 = ORIENTED_EDGE ( 'NONE', *, *, #2906, .F. ) ;
#351 = FACE_BOUND ( 'NONE', #4428, .T. ) ;
#352 = EDGE_LOOP ( 'NONE', ( #182, #4150, #3704, #4163 ) ) ;
#353 = CARTESIAN_POINT ( 'NONE',  ( 13.08565241728626916, 3.500000000000000000, -40.04021770854027551 ) ) ;
#354 = EDGE_CURVE ( 'NONE', #88, #600, #2040, .T. ) ;
#355 = EDGE_CURVE ( 'NONE', #4024, #2974, #241, .T. ) ;
#356 = CARTESIAN_POINT ( 'NONE',  ( 16.07270415933367502, 0.000000000000000000, 38.80294036547408609 ) ) ;
#357 = VERTEX_POINT ( 'NONE', #3126 ) ;
#358 = VECTOR ( 'NONE', #1074, 1000.000000000000114 ) ;
#359 = ORIENTED_EDGE ( 'NONE', *, *, #3264, .T. ) ;
#360 = DIRECTION ( 'NONE',  ( 0.000000000000000000, -1.000000000000000000, 0.000000000000000000 ) ) ;
#361 = EDGE_CURVE ( 'NONE', #3637, #1378, #4215, .T. ) ;
#362 = AXIS2_PLACEMENT_3D ( 'NONE', #2069, #1777, #3536 ) ;
#363 = EDGE_CURVE ( 'NONE', #4402, #14, #1611, .T. ) ;
#364 = ORIENTED_EDGE ( 'NONE', *, *, #2099, .F. ) ;
#365 = CARTESIAN_POINT ( 'NONE',  ( 35.59743900290931862, 5.917157287525380838, -16.49471641973524072 ) ) ;
#366 = ORIENTED_EDGE ( 'NONE', *, *, #2360, .T. ) ;
#367 = CARTESIAN_POINT ( 'NONE',  ( 19.27311674009872888, 6.000000000000000000, -37.47728606933172557 ) ) ;
#368 = CARTESIAN_POINT ( 'NONE',  ( 11.13693180368812286, 0.000000000000000000, 13.63693180368812286 ) ) ;
#369 = VECTOR ( 'NONE', #2283, 1000.000000000000227 ) ;
#370 = CARTESIAN_POINT ( 'NONE',  ( 0.000000000000000000, 5.599999999999999645, 0.000000000000000000 ) ) ;
#371 = FACE_OUTER_BOUND ( 'NONE', #1335, .T. ) ;
#372 = LINE ( 'NONE', #304, #628 ) ;
#373 = DIRECTION ( 'NONE',  ( -0.6087614290087248747, 0.000000000000000000, -0.7933533402912319454 ) ) ;
#374 = CARTESIAN_POINT ( 'NONE',  ( 18.63774364097961467, 5.917157287525380838, 40.77116438497260020 ) ) ;
#375 = VERTEX_POINT ( 'NONE', #3055 ) ;
#376 = LINE ( 'NONE', #3, #18 ) ;
#377 = CARTESIAN_POINT ( 'NONE',  ( -11.13693180368823832, 0.000000000000000000, 11.13693180368800562 ) ) ;
#378 = EDGE_LOOP ( 'NONE', ( #2688, #3825 ) ) ;
#379 = DIRECTION ( 'NONE',  ( -0.6087614290087155489, 0.000000000000000000, -0.7933533402912391619 ) ) ;
#380 = DIRECTION ( 'NONE',  ( -0.9914448613738093830, 0.000000000000000000, 0.1305261922200582347 ) ) ;
#381 = ORIENTED_EDGE ( 'NONE', *, *, #417, .F. ) ;
#382 = EDGE_LOOP ( 'NONE', ( #1492, #4350, #1889, #2657 ) ) ;
#383 = CARTESIAN_POINT ( 'NONE',  ( -38.80294036547413583, 3.500000000000000000, 17.77270415933354641 ) ) ;
#384 =( BOUNDED_CURVE ( )  B_SPLINE_CURVE ( 3, ( #2973, #365, #3325, #1785 ),
 .UNSPECIFIED., .F., .F. ) 
 B_SPLINE_CURVE_WITH_KNOTS ( ( 4, 4 ),
 ( 3.141592653589793116, 4.712388980384689674 ),
 .UNSPECIFIED. ) 
 CURVE ( )  GEOMETRIC_REPRESENTATION_ITEM ( )  RATIONAL_B_SPLINE_CURVE ( ( 1.000000000000000000, 0.8047378541243649375, 0.8047378541243649375, 1.000000000000000000 ) ) 
 REPRESENTATION_ITEM ( '' )  );
#385 = ORIENTED_EDGE ( 'NONE', *, *, #361, .T. ) ;
#386 = DIRECTION ( 'NONE',  ( 0.9238795325112850731, -0.000000000000000000, -0.3826834323650937786 ) ) ;
#387 = ORIENTED_EDGE ( 'NONE', *, *, #1872, .F. ) ;
#388 = DIRECTION ( 'NONE',  ( -0.9238795325112877377, 0.000000000000000000, -0.3826834323650872283 ) ) ;
#389 = EDGE_CURVE ( 'NONE', #3322, #4408, #1466, .T. ) ;
#390 = FACE_OUTER_BOUND ( 'NONE', #2972, .T. ) ;
#391 = ADVANCED_FACE ( 'NONE', ( #1395 ), #4352, .T. ) ;
#392 = TOROIDAL_SURFACE ( 'NONE', #4251, 2.849999999999999201, 0.2999999999999999889 ) ;
#393 = ORIENTED_EDGE ( 'NONE', *, *, #3339, .F. ) ;
#394 = DIRECTION ( 'NONE',  ( -0.3826834323650841196, 0.000000000000000000, 0.9238795325112892920 ) ) ;
#395 = DIRECTION ( 'NONE',  ( 0.000000000000000000, 0.000000000000000000, 1.000000000000000000 ) ) ;
#396 = EDGE_CURVE ( 'NONE', #2979, #953, #2671, .T. ) ;
#397 = AXIS2_PLACEMENT_3D ( 'NONE', #189, #1678, #3121 ) ;
#398 = CIRCLE ( 'NONE', #1988, 0.1999999999999987899 ) ;
#399 = DIRECTION ( 'NONE',  ( 0.7933533402912319454, 0.000000000000000000, -0.6087614290087248747 ) ) ;
#400 = VERTEX_POINT ( 'NONE', #286 ) ;
#401 = CARTESIAN_POINT ( 'NONE',  ( 42.00844172803885357, 3.500000000000000000, 15.65069189893206492 ) ) ;
#402 = DIRECTION ( 'NONE',  ( -1.000000000000000000, 0.000000000000000000, 0.000000000000000000 ) ) ;
#403 = VERTEX_POINT ( 'NONE', #2477 ) ;
#404 = CARTESIAN_POINT ( 'NONE',  ( 11.13693180368816016, 5.800000000000000711, -8.436931803688082709 ) ) ;
#405 = AXIS2_PLACEMENT_3D ( 'NONE', #3243, #3559, #2502 ) ;
#406 = DIRECTION ( 'NONE',  ( 0.000000000000000000, 0.000000000000000000, 1.000000000000000000 ) ) ;
#407 = VERTEX_POINT ( 'NONE', #663 ) ;
#408 = VECTOR ( 'NONE', #1962, 1000.000000000000000 ) ;
#409 = ORIENTED_EDGE ( 'NONE', *, *, #200, .T. ) ;
#410 = DIRECTION ( 'NONE',  ( -0.000000000000000000, -1.000000000000000000, -0.000000000000000000 ) ) ;
#411 = CIRCLE ( 'NONE', #268, 48.00000000000000711 ) ;
#412 = EDGE_CURVE ( 'NONE', #3683, #3985, #877, .T. ) ;
#413 = VERTEX_POINT ( 'NONE', #3910 ) ;
#414 = DIRECTION ( 'NONE',  ( 0.000000000000000000, 0.000000000000000000, -1.000000000000000000 ) ) ;
#415 = EDGE_LOOP ( 'NONE', ( #455, #2254 ) ) ;
#416 = DIRECTION ( 'NONE',  ( -0.1305261922200649238, 0.000000000000000000, 0.9914448613738086058 ) ) ;
#417 = EDGE_CURVE ( 'NONE', #1145, #2372, #1844, .T. ) ;
#418 = EDGE_LOOP ( 'NONE', ( #3853, #2397, #1121, #4674 ) ) ;
#419 = CARTESIAN_POINT ( 'NONE',  ( 38.80294036547402925, 3.299999999999999822, -17.77270415933381287 ) ) ;
#420 = DIRECTION ( 'NONE',  ( 0.000000000000000000, 0.000000000000000000, 1.000000000000000000 ) ) ;
#421 = EDGE_CURVE ( 'NONE', #225, #1479, #2860, .T. ) ;
#422 = AXIS2_PLACEMENT_3D ( 'NONE', #3295, #782, #1517 ) ;
#423 = DIRECTION ( 'NONE',  ( 0.7933533402912349430, 0.000000000000000000, 0.6087614290087208779 ) ) ;
#424 = ORIENTED_EDGE ( 'NONE', *, *, #1893, .F. ) ;
#425 = CARTESIAN_POINT ( 'NONE',  ( -13.43177366759368141, 6.000000000000000000, 36.77648312578514833 ) ) ;
#426 = DIRECTION ( 'NONE',  ( 0.000000000000000000, 1.000000000000000000, 0.000000000000000000 ) ) ;
#427 = ORIENTED_EDGE ( 'NONE', *, *, #2561, .T. ) ;
#428 = CYLINDRICAL_SURFACE ( 'NONE', #3476, 0.1999999999999992617 ) ;
#429 = DIRECTION ( 'NONE',  ( -0.6087614290087208779, 0.000000000000000000, -0.7933533402912349430 ) ) ;
#430 = VERTEX_POINT ( 'NONE', #3930 ) ;
#431 = EDGE_LOOP ( 'NONE', ( #289, #350, #2236, #114 ) ) ;
#432 = DIRECTION ( 'NONE',  ( -0.7071067811865389130, 0.000000000000000000, -0.7071067811865562325 ) ) ;
#433 = ORIENTED_EDGE ( 'NONE', *, *, #2824, .T. ) ;
#434 = DIRECTION ( 'NONE',  ( -0.1305261922200548208, 0.000000000000000000, -0.9914448613738100491 ) ) ;
#435 = ORIENTED_EDGE ( 'NONE', *, *, #3583, .T. ) ;
#436 = LINE ( 'NONE', #2260, #2641 ) ;
#437 = AXIS2_PLACEMENT_3D ( 'NONE', #2773, #347, #1729 ) ;
#438 = ORIENTED_EDGE ( 'NONE', *, *, #3486, .T. ) ;
#439 = FACE_OUTER_BOUND ( 'NONE', #3991, .T. ) ;
#440 = FACE_OUTER_BOUND ( 'NONE', #1854, .T. ) ;
#441 = EDGE_CURVE ( 'NONE', #2711, #1617, #468, .T. ) ;
#442 = EDGE_CURVE ( 'NONE', #466, #4369, #372, .T. ) ;
#443 = AXIS2_PLACEMENT_3D ( 'NONE', #3098, #1368, #3789 ) ;
#444 = DIRECTION ( 'NONE',  ( 0.7933533402912339438, 0.000000000000000000, 0.6087614290087222102 ) ) ;
#445 = ORIENTED_EDGE ( 'NONE', *, *, #3946, .F. ) ;
#446 = CARTESIAN_POINT ( 'NONE',  ( 0.000000000000000000, 5.599999999999999645, 0.000000000000000000 ) ) ;
#447 = ORIENTED_EDGE ( 'NONE', *, *, #2716, .T. ) ;
#448 = CARTESIAN_POINT ( 'NONE',  ( 37.56566302240794641, 5.800000000000000711, 19.05975590138092457 ) ) ;
#449 = EDGE_CURVE ( 'NONE', #3056, #2615, #4656, .T. ) ;
#450 = EDGE_CURVE ( 'NONE', #4178, #4242, #3573, .T. ) ;
#451 = CARTESIAN_POINT ( 'NONE',  ( 15.52893961313046667, 5.800000000000000711, -42.16711239609704620 ) ) ;
#452 = ORIENTED_EDGE ( 'NONE', *, *, #1346, .T. ) ;
#453 = ORIENTED_EDGE ( 'NONE', *, *, #1826, .F. ) ;
#454 = CARTESIAN_POINT ( 'NONE',  ( -38.80294036547413583, 0.000000000000000000, 16.07270415933354357 ) ) ;
#455 = ORIENTED_EDGE ( 'NONE', *, *, #4539, .T. ) ;
#456 = CARTESIAN_POINT ( 'NONE',  ( -13.30937570541323112, 5.800000000000000711, -36.80861110753147614 ) ) ;
#457 = EDGE_LOOP ( 'NONE', ( #4553, #483, #1301, #1275 ) ) ;
#458 = CARTESIAN_POINT ( 'NONE',  ( 16.07270415933367502, 3.299999999999999822, 38.80294036547408609 ) ) ;
#459 = DIRECTION ( 'NONE',  ( -0.9914448613738131577, 0.000000000000000000, -0.1305261922200308122 ) ) ;
#460 = EDGE_LOOP ( 'NONE', ( #1079, #169 ) ) ;
#461 = CARTESIAN_POINT ( 'NONE',  ( -16.49471641973536151, 3.500000000000000000, 35.59743900290926177 ) ) ;
#462 = CARTESIAN_POINT ( 'NONE',  ( -15.65069189893252677, 3.500000000000000000, -42.00844172803868304 ) ) ;
#463 = AXIS2_PLACEMENT_3D ( 'NONE', #1493, #1964, #4123 ) ;
#464 = ADVANCED_FACE ( 'NONE', ( #1084 ), #3998, .F. ) ;
#465 = FACE_OUTER_BOUND ( 'NONE', #1805, .T. ) ;
#466 = VERTEX_POINT ( 'NONE', #3263 ) ;
#467 = DIRECTION ( 'NONE',  ( 0.000000000000000000, 0.000000000000000000, 1.000000000000000000 ) ) ;
#468 = CIRCLE ( 'NONE', #3122, 1.500000000000004885 ) ;
#469 = PLANE ( 'NONE',  #1414 ) ;
#470 = VERTEX_POINT ( 'NONE', #1746 ) ;
#471 = VECTOR ( 'NONE', #3237, 1000.000000000000114 ) ;
#472 = EDGE_CURVE ( 'NONE', #2846, #755, #1154, .T. ) ;
#473 = CARTESIAN_POINT ( 'NONE',  ( 38.80294036547414294, 0.000000000000000000, 16.07270415933352581 ) ) ;
#474 = EDGE_CURVE ( 'NONE', #4402, #1077, #3974, .T. ) ;
#475 = ORIENTED_EDGE ( 'NONE', *, *, #2496, .T. ) ;
#476 = VERTEX_POINT ( 'NONE', #4304 ) ;
#477 = CARTESIAN_POINT ( 'NONE',  ( 35.59743900290943941, 5.800000000000000711, 16.49471641973498848 ) ) ;
#478 = AXIS2_PLACEMENT_3D ( 'NONE', #1376, #2863, #1793 ) ;
#479 = TOROIDAL_SURFACE ( 'NONE', #2072, 47.60000000000000853, 0.4000000000000000222 ) ;
#480 = EDGE_CURVE ( 'NONE', #868, #3659, #2910, .T. ) ;
#481 = ORIENTED_EDGE ( 'NONE', *, *, #2963, .F. ) ;
#482 = DIRECTION ( 'NONE',  ( 0.000000000000000000, 1.000000000000000000, 0.000000000000000000 ) ) ;
#483 = ORIENTED_EDGE ( 'NONE', *, *, #4323, .F. ) ;
#484 = CYLINDRICAL_SURFACE ( 'NONE', #217, 0.2000000000000003164 ) ;
#485 = LINE ( 'NONE', #731, #3778 ) ;
#486 = VECTOR ( 'NONE', #13, 1000.000000000000000 ) ;
#487 = ORIENTED_EDGE ( 'NONE', *, *, #3815, .F. ) ;
#488 = LINE ( 'NONE', #875, #2834 ) ;
#489 = DIRECTION ( 'NONE',  ( 0.1305261922200550706, 0.000000000000000000, -0.9914448613738099381 ) ) ;
#490 = DIRECTION ( 'NONE',  ( -0.000000000000000000, 1.000000000000000000, 0.000000000000000000 ) ) ;
#491 = EDGE_LOOP ( 'NONE', ( #3780, #880, #504, #2503, #1427, #1566 ) ) ;
#492 = CARTESIAN_POINT ( 'NONE',  ( 36.83471634597552935, 3.500000000000000000, -13.50766467768786150 ) ) ;
#493 = DIRECTION ( 'NONE',  ( 0.000000000000000000, 0.000000000000000000, 1.000000000000000000 ) ) ;
#494 = VERTEX_POINT ( 'NONE', #2088 ) ;
#495 = CARTESIAN_POINT ( 'NONE',  ( 38.80294036547414294, 3.500000000000000000, 17.77270415933352865 ) ) ;
#496 = ADVANCED_FACE ( 'NONE', ( #705 ), #3600, .F. ) ;
#497 = FACE_OUTER_BOUND ( 'NONE', #3774, .T. ) ;
#498 = ORIENTED_EDGE ( 'NONE', *, *, #4040, .F. ) ;
#499 = VERTEX_POINT ( 'NONE', #1374 ) ;
#500 = ADVANCED_FACE ( 'NONE', ( #4326 ), #2523, .F. ) ;
#501 = AXIS2_PLACEMENT_3D ( 'NONE', #3852, #1445, #606 ) ;
#502 = ORIENTED_EDGE ( 'NONE', *, *, #54, .T. ) ;
#503 = FACE_OUTER_BOUND ( 'NONE', #2775, .T. ) ;
#504 = ORIENTED_EDGE ( 'NONE', *, *, #1585, .T. ) ;
#505 = DIRECTION ( 'NONE',  ( 0.000000000000000000, 0.000000000000000000, -1.000000000000000000 ) ) ;
#506 = CARTESIAN_POINT ( 'NONE',  ( 15.72722858540524804, 6.000000000000000000, 42.19321763454104968 ) ) ;
#507 = EDGE_CURVE ( 'NONE', #4369, #817, #60, .T. ) ;
#508 = EDGE_CURVE ( 'NONE', #3007, #1727, #1606, .T. ) ;
#509 = ORIENTED_EDGE ( 'NONE', *, *, #889, .F. ) ;
#510 =( BOUNDED_CURVE ( )  B_SPLINE_CURVE ( 3, ( #85, #2606, #1170, #1478 ),
 .UNSPECIFIED., .F., .F. ) 
 B_SPLINE_CURVE_WITH_KNOTS ( ( 4, 4 ),
 ( 4.712388980384689674, 6.283185307179586232 ),
 .UNSPECIFIED. ) 
 CURVE ( )  GEOMETRIC_REPRESENTATION_ITEM ( )  RATIONAL_B_SPLINE_CURVE ( ( 1.000000000000000000, 0.8047378541243649375, 0.8047378541243649375, 1.000000000000000000 ) ) 
 REPRESENTATION_ITEM ( '' )  );
#511 = LINE ( 'NONE', #585, #3358 ) ;
#512 = DIRECTION ( 'NONE',  ( -0.000000000000000000, -1.000000000000000000, -0.000000000000000000 ) ) ;
#513 = AXIS2_PLACEMENT_3D ( 'NONE', #3373, #4112, #3022 ) ;
#514 = CIRCLE ( 'NONE', #4151, 2.549999999999999378 ) ;
#515 = FACE_OUTER_BOUND ( 'NONE', #3613, .T. ) ;
#516 = CARTESIAN_POINT ( 'NONE',  ( 0.000000000000000000, 6.000000000000000000, 47.60000000000000853 ) ) ;
#517 = EDGE_LOOP ( 'NONE', ( #696, #4431, #1552, #3138 ) ) ;
#518 = DIRECTION ( 'NONE',  ( -0.000000000000000000, -1.000000000000000000, -0.000000000000000000 ) ) ;
#519 = CARTESIAN_POINT ( 'NONE',  ( -18.63774364097990599, 5.917157287525380838, -40.77116438497247231 ) ) ;
#520 = ORIENTED_EDGE ( 'NONE', *, *, #1089, .T. ) ;
#521 = CIRCLE ( 'NONE', #1132, 2.700000000000001066 ) ;
#522 = VECTOR ( 'NONE', #2007, 1000.000000000000114 ) ;
#523 = DIRECTION ( 'NONE',  ( 0.000000000000000000, 0.000000000000000000, 1.000000000000000000 ) ) ;
#524 = VERTEX_POINT ( 'NONE', #1561 ) ;
#525 = ORIENTED_EDGE ( 'NONE', *, *, #4673, .F. ) ;
#526 = DIRECTION ( 'NONE',  ( -0.1305261922200551816, -0.000000000000000000, 0.9914448613738100491 ) ) ;
#527 = ADVANCED_FACE ( 'NONE', ( #3331 ), #392, .T. ) ;
#528 = EDGE_LOOP ( 'NONE', ( #481, #3743, #4451, #2306 ) ) ;
#529 = CYLINDRICAL_SURFACE ( 'NONE', #3824, 1.500000000000004885 ) ;
#530 = VERTEX_POINT ( 'NONE', #3003 ) ;
#531 = CARTESIAN_POINT ( 'NONE',  ( -40.04021770854032525, 3.500000000000000000, -13.08565241728612882 ) ) ;
#532 = FACE_OUTER_BOUND ( 'NONE', #4529, .T. ) ;
#533 = ADVANCED_FACE ( 'NONE', ( #93 ), #4468, .F. ) ;
#534 = ORIENTED_EDGE ( 'NONE', *, *, #848, .F. ) ;
#535 = LINE ( 'NONE', #4116, #2982 ) ;
#536 = EDGE_CURVE ( 'NONE', #5, #2690, #3307, .T. ) ;
#537 = DIRECTION ( 'NONE',  ( 0.000000000000000000, 0.000000000000000000, -1.000000000000000000 ) ) ;
#538 = CARTESIAN_POINT ( 'NONE',  ( -42.19321763454110652, 5.800000000000000711, 15.72722858540509883 ) ) ;
#539 = VECTOR ( 'NONE', #380, 1000.000000000000227 ) ;
#540 = UNCERTAINTY_MEASURE_WITH_UNIT (LENGTH_MEASURE( 1.000000000000000082E-05 ), #3497, 'distance_accuracy_value', 'NONE');
#541 = CARTESIAN_POINT ( 'NONE',  ( 19.05975590138106313, 5.800000000000000711, 37.56566302240787536 ) ) ;
#542 = CARTESIAN_POINT ( 'NONE',  ( 13.50766467768773005, 5.800000000000000711, 36.83471634597557909 ) ) ;
#543 = ADVANCED_FACE ( 'NONE', ( #139 ), #1935, .F. ) ;
#544 = VERTEX_POINT ( 'NONE', #1888 ) ;
#545 = DIRECTION ( 'NONE',  ( 0.7933533402912340549, -0.000000000000000000, -0.6087614290087220992 ) ) ;
#546 = ORIENTED_EDGE ( 'NONE', *, *, #2683, .F. ) ;
#547 = DIRECTION ( 'NONE',  ( 0.000000000000000000, 0.000000000000000000, 1.000000000000000000 ) ) ;
#548 = DIRECTION ( 'NONE',  ( -0.000000000000000000, -1.000000000000000000, -0.000000000000000000 ) ) ;
#549 = ORIENTED_EDGE ( 'NONE', *, *, #2998, .T. ) ;
#550 = ORIENTED_EDGE ( 'NONE', *, *, #4386, .T. ) ;
#551 = CARTESIAN_POINT ( 'NONE',  ( 13.50766467768773538, 5.800000000000000711, 36.83471634597557909 ) ) ;
#552 = VECTOR ( 'NONE', #2383, 1000.000000000000000 ) ;
#553 = AXIS2_PLACEMENT_3D ( 'NONE', #3603, #1000, #2130 ) ;
#554 = DIRECTION ( 'NONE',  ( 0.9914448613738086058, 0.000000000000000000, -0.1305261922200649238 ) ) ;
#555 = FACE_OUTER_BOUND ( 'NONE', #352, .T. ) ;
#556 = ORIENTED_EDGE ( 'NONE', *, *, #2607, .F. ) ;
#557 = DIRECTION ( 'NONE',  ( -0.000000000000000000, -1.000000000000000000, -0.000000000000000000 ) ) ;
#558 = DIRECTION ( 'NONE',  ( -0.000000000000000000, 1.000000000000000000, -0.000000000000000000 ) ) ;
#559 = ADVANCED_FACE ( 'NONE', ( #70 ), #2220, .F. ) ;
#560 = VERTEX_POINT ( 'NONE', #2265 ) ;
#561 = PLANE ( 'NONE',  #2262 ) ;
#562 = CARTESIAN_POINT ( 'NONE',  ( 15.62054816604641161, 6.000000000000000000, 42.23740611107913168 ) ) ;
#563 = VECTOR ( 'NONE', #2310, 1000.000000000000227 ) ;
#564 = EDGE_CURVE ( 'NONE', #1669, #2131, #774, .T. ) ;
#565 = AXIS2_PLACEMENT_3D ( 'NONE', #2326, #1575, #2734 ) ;
#566 = CYLINDRICAL_SURFACE ( 'NONE', #4330, 0.2000000000000013989 ) ;
#567 = CARTESIAN_POINT ( 'NONE',  ( -25.00000000000000000, 5.700000000000000178, 2.549999999999999378 ) ) ;
#568 = ORIENTED_EDGE ( 'NONE', *, *, #2496, .F. ) ;
#569 = CARTESIAN_POINT ( 'NONE',  ( 12.99727546421011048, 6.000000000000000888, -40.07682464110563103 ) ) ;
#570 = ORIENTED_EDGE ( 'NONE', *, *, #2216, .T. ) ;
#571 = DIRECTION ( 'NONE',  ( -0.3826834323650906144, 0.000000000000000000, -0.9238795325112865164 ) ) ;
#572 = EDGE_CURVE ( 'NONE', #1727, #3253, #3806, .T. ) ;
#573 = ADVANCED_FACE ( 'NONE', ( #440 ), #4066, .T. ) ;
#574 = CARTESIAN_POINT ( 'NONE',  ( 16.07270415933366081, 3.299999999999999822, -38.80294036547408609 ) ) ;
#575 = VERTEX_POINT ( 'NONE', #3379 ) ;
#576 = EDGE_LOOP ( 'NONE', ( #3535, #452, #2159, #2416 ) ) ;
#577 = DIRECTION ( 'NONE',  ( 1.224646799147353947E-16, 0.000000000000000000, -1.000000000000000000 ) ) ;
#578 = ORIENTED_EDGE ( 'NONE', *, *, #718, .F. ) ;
#579 = FACE_OUTER_BOUND ( 'NONE', #1359, .T. ) ;
#580 = ORIENTED_EDGE ( 'NONE', *, *, #618, .F. ) ;
#581 = FACE_OUTER_BOUND ( 'NONE', #793, .T. ) ;
#582 = CARTESIAN_POINT ( 'NONE',  ( 16.49471641973511282, 3.500000000000000000, -35.59743900290938257 ) ) ;
#583 = AXIS2_PLACEMENT_3D ( 'NONE', #2528, #1008, #272 ) ;
#584 = VERTEX_POINT ( 'NONE', #1183 ) ;
#585 = CARTESIAN_POINT ( 'NONE',  ( -19.18150818718306994, 6.000000000000000000, -37.40699235434949088 ) ) ;
#586 = CARTESIAN_POINT ( 'NONE',  ( -38.80294036547413583, 0.000000000000000000, 14.57270415933353824 ) ) ;
#587 = DIRECTION ( 'NONE',  ( 0.000000000000000000, 0.000000000000000000, 1.000000000000000000 ) ) ;
#588 = AXIS2_PLACEMENT_3D ( 'NONE', #4027, #426, #493 ) ;
#589 = AXIS2_PLACEMENT_3D ( 'NONE', #3474, #3044, #3070 ) ;
#590 = FACE_OUTER_BOUND ( 'NONE', #4176, .T. ) ;
#591 = CARTESIAN_POINT ( 'NONE',  ( 42.00844172803885357, 5.800000000000000711, 15.65069189893206492 ) ) ;
#592 = ORIENTED_EDGE ( 'NONE', *, *, #2993, .F. ) ;
#593 = DIRECTION ( 'NONE',  ( 0.000000000000000000, 1.000000000000000000, 0.000000000000000000 ) ) ;
#594 = CARTESIAN_POINT ( 'NONE',  ( 16.07270415933366081, 3.500000000000000000, -38.80294036547408609 ) ) ;
#595 = AXIS2_PLACEMENT_3D ( 'NONE', #4530, #2731, #577 ) ;
#596 = FACE_OUTER_BOUND ( 'NONE', #1570, .T. ) ;
#597 = EDGE_CURVE ( 'NONE', #2966, #1151, #3652, .T. ) ;
#598 = AXIS2_PLACEMENT_3D ( 'NONE', #1593, #3036, #2063 ) ;
#599 = AXIS2_PLACEMENT_3D ( 'NONE', #356, #2136, #4624 ) ;
#600 = VERTEX_POINT ( 'NONE', #3290 ) ;
#601 = EDGE_CURVE ( 'NONE', #2196, #3637, #45, .T. ) ;
#602 = DIRECTION ( 'NONE',  ( 0.6087614290087248747, -0.000000000000000000, 0.7933533402912319454 ) ) ;
#603 = AXIS2_PLACEMENT_3D ( 'NONE', #1525, #1220, #4409 ) ;
#604 =( BOUNDED_CURVE ( )  B_SPLINE_CURVE ( 3, ( #3412, #2342, #1636, #2041 ),
 .UNSPECIFIED., .F., .F. ) 
 B_SPLINE_CURVE_WITH_KNOTS ( ( 4, 4 ),
 ( 3.141592653589793116, 4.712388980384689674 ),
 .UNSPECIFIED. ) 
 CURVE ( )  GEOMETRIC_REPRESENTATION_ITEM ( )  RATIONAL_B_SPLINE_CURVE ( ( 1.000000000000000000, 0.8047378541243649375, 0.8047378541243649375, 1.000000000000000000 ) ) 
 REPRESENTATION_ITEM ( '' )  );
#605 = FACE_BOUND ( 'NONE', #491, .T. ) ;
#606 = DIRECTION ( 'NONE',  ( 0.7071067811865480168, 0.000000000000000000, -0.7071067811865469066 ) ) ;
#607 = EDGE_LOOP ( 'NONE', ( #1123, #4367, #4028, #4133 ) ) ;
#608 = CARTESIAN_POINT ( 'NONE',  ( -16.49471641973536151, 3.500000000000000000, 35.59743900290926177 ) ) ;
#609 = ORIENTED_EDGE ( 'NONE', *, *, #4106, .F. ) ;
#610 = PLANE ( 'NONE',  #2371 ) ;
#611 = DIRECTION ( 'NONE',  ( 0.9238795325112877377, 0.000000000000000000, 0.3826834323650872283 ) ) ;
#612 = CARTESIAN_POINT ( 'NONE',  ( -15.52893961313076154, 5.800000000000000711, 42.16711239609693251 ) ) ;
#613 = CARTESIAN_POINT ( 'NONE',  ( -19.14813285445748647, 6.000000000000000000, -37.52905608984238484 ) ) ;
#614 = CARTESIAN_POINT ( 'NONE',  ( -37.56566302240794641, 5.800000000000000711, -19.05975590138092457 ) ) ;
#615 = VERTEX_POINT ( 'NONE', #1909 ) ;
#616 = LINE ( 'NONE', #3841, #1829 ) ;
#617 = LINE ( 'NONE', #1022, #907 ) ;
#618 = EDGE_CURVE ( 'NONE', #560, #2029, #3356, .T. ) ;
#619 = CARTESIAN_POINT ( 'NONE',  ( -35.59743900290943230, 3.500000000000000000, 16.49471641973499914 ) ) ;
#620 = VERTEX_POINT ( 'NONE', #1136 ) ;
#621 = ORIENTED_EDGE ( 'NONE', *, *, #4623, .F. ) ;
#622 = CARTESIAN_POINT ( 'NONE',  ( -40.04021770854032525, 5.800000000000000711, 13.08565241728613948 ) ) ;
#623 = AXIS2_PLACEMENT_3D ( 'NONE', #2269, #3718, #467 ) ;
#624 = EDGE_CURVE ( 'NONE', #3280, #914, #2568, .T. ) ;
#625 = DIRECTION ( 'NONE',  ( 0.000000000000000000, 0.000000000000000000, 1.000000000000000000 ) ) ;
#626 = ORIENTED_EDGE ( 'NONE', *, *, #2099, .T. ) ;
#627 = CYLINDRICAL_SURFACE ( 'NONE', #3469, 0.2000000000000003442 ) ;
#628 = VECTOR ( 'NONE', #2499, 1000.000000000000114 ) ;
#629 = CYLINDRICAL_SURFACE ( 'NONE', #1357, 0.2000000000000003164 ) ;
#630 = EDGE_CURVE ( 'NONE', #2131, #1669, #1981, .T. ) ;
#631 = CIRCLE ( 'NONE', #2288, 1.700000000000007061 ) ;
#632 = ORIENTED_EDGE ( 'NONE', *, *, #79, .T. ) ;
#633 = DIRECTION ( 'NONE',  ( -0.7071067811865527908, 0.000000000000000000, 0.7071067811865423547 ) ) ;
#634 = FACE_OUTER_BOUND ( 'NONE', #4550, .T. ) ;
#635 = CARTESIAN_POINT ( 'NONE',  ( -35.59743900290943941, 3.500000000000000000, -16.49471641973498848 ) ) ;
#636 = AXIS2_PLACEMENT_3D ( 'NONE', #2126, #1040, #2813 ) ;
#637 = VECTOR ( 'NONE', #4396, 1000.000000000000000 ) ;
#638 = DIRECTION ( 'NONE',  ( 0.000000000000000000, 0.000000000000000000, 1.000000000000000000 ) ) ;
#639 = DIRECTION ( 'NONE',  ( -0.000000000000000000, 1.000000000000000000, -0.000000000000000000 ) ) ;
#640 = ORIENTED_EDGE ( 'NONE', *, *, #2883, .F. ) ;
#641 = CARTESIAN_POINT ( 'NONE',  ( 11.13693180368816016, 5.800000000000000711, -8.636931803688083775 ) ) ;
#642 = LINE ( 'NONE', #2127, #4077 ) ;
#643 = AXIS2_PLACEMENT_3D ( 'NONE', #1104, #1857, #3616 ) ;
#644 = CARTESIAN_POINT ( 'NONE',  ( -19.05975590138132958, 5.800000000000000711, -37.56566302240774746 ) ) ;
#645 = ORIENTED_EDGE ( 'NONE', *, *, #4175, .F. ) ;
#646 = ORIENTED_EDGE ( 'NONE', *, *, #4440, .T. ) ;
#647 = DIRECTION ( 'NONE',  ( -0.6087614290087189906, 0.000000000000000000, 0.7933533402912364974 ) ) ;
#648 = ADVANCED_FACE ( 'NONE', ( #1630 ), #3075, .F. ) ;
#649 = CYLINDRICAL_SURFACE ( 'NONE', #2183, 0.2000000000000003164 ) ;
#650 = PLANE ( 'NONE',  #282 ) ;
#651 = ORIENTED_EDGE ( 'NONE', *, *, #4193, .F. ) ;
#652 = DIRECTION ( 'NONE',  ( -0.000000000000000000, 1.000000000000000000, -0.000000000000000000 ) ) ;
#653 = ADVANCED_FACE ( 'NONE', ( #1278 ), #4543, .T. ) ;
#654 = MANIFOLD_SOLID_BREP ( 'Fillet5', #1317 ) ;
#655 = VERTEX_POINT ( 'NONE', #4493 ) ;
#656 = CARTESIAN_POINT ( 'NONE',  ( -11.13693180368823832, 5.800000000000000711, 11.13693180368800562 ) ) ;
#657 = DIRECTION ( 'NONE',  ( -0.6087614290087275393, 0.000000000000000000, -0.7933533402912300581 ) ) ;
#658 = ADVANCED_FACE ( 'NONE', ( #921 ), #3790, .T. ) ;
#659 = CARTESIAN_POINT ( 'NONE',  ( 38.80294036547402925, 6.000000000000000000, -17.57270415933381358 ) ) ;
#660 = EDGE_CURVE ( 'NONE', #3102, #430, #3421, .T. ) ;
#661 = LINE ( 'NONE', #2103, #471 ) ;
#662 = CARTESIAN_POINT ( 'NONE',  ( 13.08565241728626916, 5.800000000000000711, -40.04021770854027551 ) ) ;
#663 = CARTESIAN_POINT ( 'NONE',  ( -35.36847461986909735, 6.000000000000000000, -16.52486015262081054 ) ) ;
#664 = DIRECTION ( 'NONE',  ( -0.000000000000000000, -1.000000000000000000, -0.000000000000000000 ) ) ;
#665 = DIRECTION ( 'NONE',  ( -0.000000000000000000, 1.000000000000000000, 0.000000000000000000 ) ) ;
#666 = ORIENTED_EDGE ( 'NONE', *, *, #3553, .T. ) ;
#667 =( BOUNDED_CURVE ( )  B_SPLINE_CURVE ( 3, ( #4195, #2699, #569, #4547 ),
 .UNSPECIFIED., .F., .F. ) 
 B_SPLINE_CURVE_WITH_KNOTS ( ( 4, 4 ),
 ( 3.141592653589793116, 4.712388980384696779 ),
 .UNSPECIFIED. ) 
 CURVE ( )  GEOMETRIC_REPRESENTATION_ITEM ( )  RATIONAL_B_SPLINE_CURVE ( ( 1.000000000000000000, 0.8047378541243632721, 0.8047378541243632721, 1.000000000000000000 ) ) 
 REPRESENTATION_ITEM ( '' )  );
#668 = ORIENTED_EDGE ( 'NONE', *, *, #3498, .F. ) ;
#669 = FACE_BOUND ( 'NONE', #460, .T. ) ;
#670 = AXIS2_PLACEMENT_3D ( 'NONE', #1642, #3086, #2020 ) ;
#671 = DIRECTION ( 'NONE',  ( 0.000000000000000000, 0.000000000000000000, -1.000000000000000000 ) ) ;
#672 = VERTEX_POINT ( 'NONE', #562 ) ;
#673 = DIRECTION ( 'NONE',  ( 0.000000000000000000, 1.000000000000000000, 0.000000000000000000 ) ) ;
#674 = AXIS2_PLACEMENT_3D ( 'NONE', #1252, #2171, #3760 ) ;
#675 = AXIS2_PLACEMENT_3D ( 'NONE', #1507, #1530, #134 ) ;
#676 = EDGE_CURVE ( 'NONE', #3767, #1043, #2311, .T. ) ;
#677 = EDGE_LOOP ( 'NONE', ( #3892, #1189, #4615, #609 ) ) ;
#678 = LINE ( 'NONE', #1698, #4419 ) ;
#679 = CARTESIAN_POINT ( 'NONE',  ( -11.13693180368823832, 0.000000000000000000, 11.13693180368800562 ) ) ;
#680 = DIRECTION ( 'NONE',  ( -0.000000000000000000, -1.000000000000000000, -0.000000000000000000 ) ) ;
#681 = ADVANCED_FACE ( 'NONE', ( #4564 ), #969, .T. ) ;
#682 = ADVANCED_FACE ( 'NONE', ( #1304 ), #3099, .T. ) ;
#683 = DIRECTION ( 'NONE',  ( -0.000000000000000000, 1.000000000000000000, 0.000000000000000000 ) ) ;
#684 = CARTESIAN_POINT ( 'NONE',  ( -37.56566302240793931, 3.500000000000000000, 19.05975590138093168 ) ) ;
#685 = CARTESIAN_POINT ( 'NONE',  ( 16.07270415933367502, 3.500000000000000000, 38.80294036547408609 ) ) ;
#686 = DIRECTION ( 'NONE',  ( 0.000000000000000000, 0.000000000000000000, 1.000000000000000000 ) ) ;
#687 = ADVANCED_FACE ( 'NONE', ( #945 ), #3045, .T. ) ;
#688 = LINE ( 'NONE', #1709, #1017 ) ;
#689 = ORIENTED_EDGE ( 'NONE', *, *, #4589, .F. ) ;
#690 = CARTESIAN_POINT ( 'NONE',  ( 38.80294036547414294, 3.299999999999999822, 16.07270415933352581 ) ) ;
#691 = VERTEX_POINT ( 'NONE', #4187 ) ;
#692 = DIRECTION ( 'NONE',  ( -0.000000000000000000, -1.000000000000000000, -0.000000000000000000 ) ) ;
#693 =( BOUNDED_CURVE ( )  B_SPLINE_CURVE ( 3, ( #4048, #802, #3715, #3333 ),
 .UNSPECIFIED., .F., .F. ) 
 B_SPLINE_CURVE_WITH_KNOTS ( ( 4, 4 ),
 ( 3.141592653589793116, 4.712388980384689674 ),
 .UNSPECIFIED. ) 
 CURVE ( )  GEOMETRIC_REPRESENTATION_ITEM ( )  RATIONAL_B_SPLINE_CURVE ( ( 1.000000000000000000, 0.8047378541243649375, 0.8047378541243649375, 1.000000000000000000 ) ) 
 REPRESENTATION_ITEM ( '' )  );
#694 = CYLINDRICAL_SURFACE ( 'NONE', #3626, 0.2000000000000019262 ) ;
#695 = VERTEX_POINT ( 'NONE', #2032 ) ;
#696 = ORIENTED_EDGE ( 'NONE', *, *, #2021, .T. ) ;
#697 = DIRECTION ( 'NONE',  ( 1.000000000000000000, 0.000000000000000000, 1.040834085586084099E-14 ) ) ;
#698 = AXIS2_PLACEMENT_3D ( 'NONE', #2170, #2458, #1817 ) ;
#699 = ORIENTED_EDGE ( 'NONE', *, *, #3836, .T. ) ;
#700 = DIRECTION ( 'NONE',  ( 0.000000000000000000, 0.000000000000000000, 1.000000000000000000 ) ) ;
#701 = CARTESIAN_POINT ( 'NONE',  ( 40.12859466161639688, 6.000000000000000000, -12.87229157856874728 ) ) ;
#702 = LINE ( 'NONE', #2166, #3729 ) ;
#703 = ADVANCED_FACE ( 'NONE', ( #3481, #318 ), #1035, .T. ) ;
#704 = AXIS2_PLACEMENT_3D ( 'NONE', #3571, #1725, #2858 ) ;
#705 = FACE_OUTER_BOUND ( 'NONE', #3965, .T. ) ;
#706 = TOROIDAL_SURFACE ( 'NONE', #2821, 1.700000000000004174, 0.2000000000000000111 ) ;
#707 = VECTOR ( 'NONE', #4400, 999.9999999999998863 ) ;
#708 = DIRECTION ( 'NONE',  ( 0.6087614290087246527, -0.000000000000000000, -0.7933533402912321675 ) ) ;
#709 = EDGE_CURVE ( 'NONE', #2945, #4072, #280, .T. ) ;
#710 = AXIS2_PLACEMENT_3D ( 'NONE', #461, #1908, #3262 ) ;
#711 = CARTESIAN_POINT ( 'NONE',  ( 11.13693180368816016, 0.000000000000000000, -11.13693180368808378 ) ) ;
#712 = ORIENTED_EDGE ( 'NONE', *, *, #3843, .F. ) ;
#713 = DIRECTION ( 'NONE',  ( -0.6087614290087274282, 0.000000000000000000, -0.7933533402912299470 ) ) ;
#714 = ORIENTED_EDGE ( 'NONE', *, *, #1300, .T. ) ;
#715 = LINE ( 'NONE', #3222, #821 ) ;
#716 = EDGE_CURVE ( 'NONE', #4307, #891, #2879, .T. ) ;
#717 = AXIS2_PLACEMENT_3D ( 'NONE', #4374, #2567, #799 ) ;
#718 = EDGE_CURVE ( 'NONE', #743, #1907, #3187, .T. ) ;
#719 = CARTESIAN_POINT ( 'NONE',  ( 40.04021770854023288, 3.500000000000000000, -13.08565241728641659 ) ) ;
#720 = ORIENTED_EDGE ( 'NONE', *, *, #4100, .T. ) ;
#721 = ORIENTED_EDGE ( 'NONE', *, *, #2880, .T. ) ;
#722 = CARTESIAN_POINT ( 'NONE',  ( -37.52905608984258379, 6.000000000000000000, 19.14813285445708857 ) ) ;
#723 = SHAPE_DEFINITION_REPRESENTATION ( #2506, #2419 ) ;
#724 = ORIENTED_EDGE ( 'NONE', *, *, #1668, .F. ) ;
#725 = DIRECTION ( 'NONE',  ( -0.000000000000000000, 1.000000000000000000, -0.000000000000000000 ) ) ;
#726 = EDGE_LOOP ( 'NONE', ( #839, #1943, #2875, #2529 ) ) ;
#727 = DIRECTION ( 'NONE',  ( 0.000000000000000000, 1.000000000000000000, 0.000000000000000000 ) ) ;
#728 = DIRECTION ( 'NONE',  ( 1.000000000000000000, -0.000000000000000000, 1.224646799147353207E-16 ) ) ;
#729 = CARTESIAN_POINT ( 'NONE',  ( -40.95594029147492421, 6.000000000000000000, -18.71428032745247449 ) ) ;
#730 = CARTESIAN_POINT ( 'NONE',  ( 36.83471634597552935, 5.800000000000000711, -13.50766467768786150 ) ) ;
#731 = CARTESIAN_POINT ( 'NONE',  ( -35.59743900290943941, 3.500000000000000000, -16.49471641973498848 ) ) ;
#732 = CARTESIAN_POINT ( 'NONE',  ( 40.77116438497266415, 3.500000000000000000, 18.63774364097945835 ) ) ;
#733 = EDGE_LOOP ( 'NONE', ( #4355, #2535, #3092, #1363 ) ) ;
#734 = CARTESIAN_POINT ( 'NONE',  ( -15.65069189893250545, 5.800000000000000711, 42.00844172803868304 ) ) ;
#735 = DIRECTION ( 'NONE',  ( 0.000000000000000000, 0.000000000000000000, 1.000000000000000000 ) ) ;
#736 = VERTEX_POINT ( 'NONE', #635 ) ;
#737 = CARTESIAN_POINT ( 'NONE',  ( 11.13693180368812286, 0.000000000000000000, 8.636931803688121079 ) ) ;
#738 = ADVANCED_FACE ( 'NONE', ( #1436 ), #2122, .F. ) ;
#739 = DIRECTION ( 'NONE',  ( 0.3826834323650841196, 0.000000000000000000, -0.9238795325112892920 ) ) ;
#740 = EDGE_CURVE ( 'NONE', #3751, #2754, #1836, .T. ) ;
#741 = ORIENTED_EDGE ( 'NONE', *, *, #3229, .T. ) ;
#742 = VECTOR ( 'NONE', #3016, 1000.000000000000000 ) ;
#743 = VERTEX_POINT ( 'NONE', #1059 ) ;
#744 = CARTESIAN_POINT ( 'NONE',  ( -11.13693180368823832, 0.000000000000000000, 11.13693180368800562 ) ) ;
#745 = DIRECTION ( 'NONE',  ( 1.000000000000000000, 0.000000000000000000, 0.000000000000000000 ) ) ;
#746 = TOROIDAL_SURFACE ( 'NONE', #1875, 1.700000000000004174, 0.2000000000000000111 ) ;
#747 = EDGE_CURVE ( 'NONE', #1218, #3799, #1763, .T. ) ;
#748 = EDGE_LOOP ( 'NONE', ( #4129, #285, #3604, #1002 ) ) ;
#749 = CARTESIAN_POINT ( 'NONE',  ( -42.00844172803885357, 3.500000000000000000, -15.65069189893206492 ) ) ;
#750 = ORIENTED_EDGE ( 'NONE', *, *, #3005, .T. ) ;
#751 = DIRECTION ( 'NONE',  ( -0.000000000000000000, -1.000000000000000000, -0.000000000000000000 ) ) ;
#752 = CARTESIAN_POINT ( 'NONE',  ( 0.000000000000000000, 0.000000000000000000, -48.00000000000000711 ) ) ;
#753 = VECTOR ( 'NONE', #3352, 1000.000000000000000 ) ;
#754 = VECTOR ( 'NONE', #1426, 1000.000000000000227 ) ;
#755 = VERTEX_POINT ( 'NONE', #3211 ) ;
#756 = FACE_OUTER_BOUND ( 'NONE', #1944, .T. ) ;
#757 = CARTESIAN_POINT ( 'NONE',  ( 37.56566302240794641, 3.500000000000000000, 19.05975590138092457 ) ) ;
#758 = APPLICATION_CONTEXT ( 'automotive_design' ) ;
#759 = DIRECTION ( 'NONE',  ( 0.6087614290087275393, -0.000000000000000000, 0.7933533402912300581 ) ) ;
#760 = VERTEX_POINT ( 'NONE', #2083 ) ;
#761 = CARTESIAN_POINT ( 'NONE',  ( -40.91175181493683510, 6.000000000000000000, 18.82096074681133047 ) ) ;
#762 = DIRECTION ( 'NONE',  ( 0.9238795325112850731, 0.000000000000000000, 0.3826834323650936676 ) ) ;
#763 = ORIENTED_EDGE ( 'NONE', *, *, #1265, .T. ) ;
#764 = DIRECTION ( 'NONE',  ( -0.6087614290087189906, 0.000000000000000000, 0.7933533402912364974 ) ) ;
#765 = PLANE ( 'NONE',  #1620 ) ;
#766 = ORIENTED_EDGE ( 'NONE', *, *, #660, .F. ) ;
#767 = VERTEX_POINT ( 'NONE', #2833 ) ;
#768 = ADVANCED_FACE ( 'NONE', ( #4320 ), #4405, .T. ) ;
#769 = VERTEX_POINT ( 'NONE', #4611 ) ;
#770 = DIRECTION ( 'NONE',  ( -0.1305261922200649238, 0.000000000000000000, 0.9914448613738086058 ) ) ;
#771 = VERTEX_POINT ( 'NONE', #2517 ) ;
#772 = CARTESIAN_POINT ( 'NONE',  ( -40.79726962341666763, 5.800000000000000711, 18.83603261325423972 ) ) ;
#773 = ADVANCED_FACE ( 'NONE', ( #3235 ), #3656, .T. ) ;
#774 = CIRCLE ( 'NONE', #3728, 1.700000000000007061 ) ;
#775 = ORIENTED_EDGE ( 'NONE', *, *, #3286, .F. ) ;
#776 = DIRECTION ( 'NONE',  ( 0.3826834323650840086, -0.000000000000000000, -0.9238795325112890700 ) ) ;
#777 = DIRECTION ( 'NONE',  ( -0.7933533402912340549, -0.000000000000000000, 0.6087614290087220992 ) ) ;
#778 = TOROIDAL_SURFACE ( 'NONE', #4636, 1.700000000000004174, 0.2000000000000000111 ) ;
#779 = CARTESIAN_POINT ( 'NONE',  ( -37.56566302240794641, 5.800000000000000711, -19.05975590138092457 ) ) ;
#780 = ORIENTED_EDGE ( 'NONE', *, *, #3670, .T. ) ;
#781 = CARTESIAN_POINT ( 'NONE',  ( -16.49471641973537217, 3.500000000000000000, -35.59743900290926177 ) ) ;
#782 = DIRECTION ( 'NONE',  ( -0.000000000000000000, -1.000000000000000000, -0.000000000000000000 ) ) ;
#783 = ORIENTED_EDGE ( 'NONE', *, *, #1497, .F. ) ;
#784 = CARTESIAN_POINT ( 'NONE',  ( -35.59743900290943230, 3.500000000000000000, 16.49471641973499914 ) ) ;
#785 = AXIS2_PLACEMENT_3D ( 'NONE', #1394, #1039, #3505 ) ;
#786 = CYLINDRICAL_SURFACE ( 'NONE', #3200, 0.2000000000000003442 ) ;
#787 = ORIENTED_EDGE ( 'NONE', *, *, #3952, .F. ) ;
#788 = VECTOR ( 'NONE', #4318, 1000.000000000000227 ) ;
#789 = ORIENTED_EDGE ( 'NONE', *, *, #792, .T. ) ;
#790 = DIRECTION ( 'NONE',  ( 0.1305261922200484648, -0.000000000000000000, 0.9914448613738108262 ) ) ;
#791 = VECTOR ( 'NONE', #725, 1000.000000000000000 ) ;
#792 = EDGE_CURVE ( 'NONE', #1378, #29, #301, .T. ) ;
#793 = EDGE_LOOP ( 'NONE', ( #4060, #1612, #1710, #846 ) ) ;
#794 = LINE ( 'NONE', #2538, #873 ) ;
#795 = ORIENTED_EDGE ( 'NONE', *, *, #3030, .F. ) ;
#796 = DIRECTION ( 'NONE',  ( -0.7933533402912342769, 0.000000000000000000, -0.6087614290087216551 ) ) ;
#797 = EDGE_CURVE ( 'NONE', #121, #2901, #702, .T. ) ;
#798 = ORIENTED_EDGE ( 'NONE', *, *, #3196, .F. ) ;
#799 = DIRECTION ( 'NONE',  ( 0.1305261922200480762, 0.000000000000000000, -0.9914448613738108262 ) ) ;
#800 = EDGE_CURVE ( 'NONE', #524, #841, #4254, .T. ) ;
#801 = DIRECTION ( 'NONE',  ( 0.9238795325112877377, 0.000000000000000000, -0.3826834323650875058 ) ) ;
#802 = CARTESIAN_POINT ( 'NONE',  ( 13.50766467768772472, 5.917157287525380838, -36.83471634597557198 ) ) ;
#803 = EDGE_LOOP ( 'NONE', ( #82, #3523, #2738, #4640 ) ) ;
#804 = DIRECTION ( 'NONE',  ( -0.3826834323650905589, 0.000000000000000000, -0.9238795325112864054 ) ) ;
#805 = DIRECTION ( 'NONE',  ( 0.000000000000000000, 0.000000000000000000, 1.000000000000000000 ) ) ;
#806 = ORIENTED_EDGE ( 'NONE', *, *, #4420, .F. ) ;
#807 = PLANE ( 'NONE',  #142 ) ;
#808 = TOROIDAL_SURFACE ( 'NONE', #2619, 1.700000000000004174, 0.2000000000000000111 ) ;
#809 = DIRECTION ( 'NONE',  ( 0.000000000000000000, 1.000000000000000000, 0.000000000000000000 ) ) ;
#810 = ORIENTED_EDGE ( 'NONE', *, *, #1435, .T. ) ;
#811 = VECTOR ( 'NONE', #2651, 1000.000000000000114 ) ;
#812 = ORIENTED_EDGE ( 'NONE', *, *, #4386, .F. ) ;
#813 = DIRECTION ( 'NONE',  ( 0.000000000000000000, 0.000000000000000000, 1.000000000000000000 ) ) ;
#814 = VECTOR ( 'NONE', #2510, 999.9999999999998863 ) ;
#815 = ORIENTED_EDGE ( 'NONE', *, *, #2799, .F. ) ;
#816 = CARTESIAN_POINT ( 'NONE',  ( -11.13693180368823832, 5.800000000000000711, 8.636931803688005616 ) ) ;
#817 = VERTEX_POINT ( 'NONE', #3619 ) ;
#818 = CARTESIAN_POINT ( 'NONE',  ( 5.853811699924349075E-15, 6.000000000000000000, -47.60000000000000853 ) ) ;
#819 =( BOUNDED_CURVE ( )  B_SPLINE_CURVE ( 3, ( #3482, #2011, #2384, #591 ),
 .UNSPECIFIED., .F., .F. ) 
 B_SPLINE_CURVE_WITH_KNOTS ( ( 4, 4 ),
 ( 1.570796326794897668, 3.141592653589793116 ),
 .UNSPECIFIED. ) 
 CURVE ( )  GEOMETRIC_REPRESENTATION_ITEM ( )  RATIONAL_B_SPLINE_CURVE ( ( 1.000000000000000000, 0.8047378541243652705, 0.8047378541243652705, 1.000000000000000000 ) ) 
 REPRESENTATION_ITEM ( '' )  );
#820 = CARTESIAN_POINT ( 'NONE',  ( -11.13693180368812286, 5.800000000000000711, -8.636931803688121079 ) ) ;
#821 = VECTOR ( 'NONE', #2485, 1000.000000000000227 ) ;
#822 = EDGE_CURVE ( 'NONE', #4125, #2302, #1813, .T. ) ;
#823 = TOROIDAL_SURFACE ( 'NONE', #4606, 2.700000000000000622, 0.2000000000000000111 ) ;
#824 = ORIENTED_EDGE ( 'NONE', *, *, #976, .F. ) ;
#825 = CARTESIAN_POINT ( 'NONE',  ( -18.63774364097990954, 5.800000000000000711, -40.77116438497246520 ) ) ;
#826 = DIRECTION ( 'NONE',  ( 0.7933533402912381627, -0.000000000000000000, 0.6087614290087166591 ) ) ;
#827 = EDGE_CURVE ( 'NONE', #1193, #1914, #631, .T. ) ;
#828 = VECTOR ( 'NONE', #1482, 1000.000000000000114 ) ;
#829 = ADVANCED_FACE ( 'NONE', ( #4233 ), #993, .T. ) ;
#830 = CARTESIAN_POINT ( 'NONE',  ( -42.00844172803884646, 5.800000000000000711, 15.65069189893208268 ) ) ;
#831 = ORIENTED_EDGE ( 'NONE', *, *, #3066, .F. ) ;
#832 = DIRECTION ( 'NONE',  ( 0.000000000000000000, 0.000000000000000000, 1.000000000000000000 ) ) ;
#833 = CARTESIAN_POINT ( 'NONE',  ( 38.80294036547414294, 3.299999999999999822, 17.57270415933352936 ) ) ;
#834 = ORIENTED_EDGE ( 'NONE', *, *, #442, .T. ) ;
#835 = FACE_OUTER_BOUND ( 'NONE', #1874, .T. ) ;
#836 = EDGE_CURVE ( 'NONE', #760, #2178, #398, .T. ) ;
#837 = CARTESIAN_POINT ( 'NONE',  ( -16.07270415933393082, 3.500000000000000000, 40.50294036547398235 ) ) ;
#838 = ORIENTED_EDGE ( 'NONE', *, *, #4070, .T. ) ;
#839 = ORIENTED_EDGE ( 'NONE', *, *, #4531, .T. ) ;
#840 = CARTESIAN_POINT ( 'NONE',  ( -12.88736344501178621, 6.000000000000000000, 40.01411247009617256 ) ) ;
#841 = VERTEX_POINT ( 'NONE', #752 ) ;
#842 = FACE_OUTER_BOUND ( 'NONE', #3732, .T. ) ;
#843 = ORIENTED_EDGE ( 'NONE', *, *, #2389, .F. ) ;
#844 = LINE ( 'NONE', #3351, #2324 ) ;
#845 = CARTESIAN_POINT ( 'NONE',  ( -15.63820595595065477, 6.000000000000000000, 42.10328188079437695 ) ) ;
#846 = ORIENTED_EDGE ( 'NONE', *, *, #1488, .F. ) ;
#847 = DIRECTION ( 'NONE',  ( -0.000000000000000000, -1.000000000000000000, -0.000000000000000000 ) ) ;
#848 = EDGE_CURVE ( 'NONE', #1838, #112, #2541, .T. ) ;
#849 = CARTESIAN_POINT ( 'NONE',  ( -16.07270415933394858, 3.500000000000000000, -38.80294036547397951 ) ) ;
#850 = TOROIDAL_SURFACE ( 'NONE', #246, 1.700000000000004174, 0.2000000000000000111 ) ;
#851 = DIRECTION ( 'NONE',  ( -0.9238795325112877377, 0.000000000000000000, 0.3826834323650875058 ) ) ;
#852 = ORIENTED_EDGE ( 'NONE', *, *, #2208, .T. ) ;
#853 = CARTESIAN_POINT ( 'NONE',  ( -16.49471641973535796, 5.800000000000000711, 35.59743900290926888 ) ) ;
#854 = DIRECTION ( 'NONE',  ( 0.000000000000000000, 0.000000000000000000, -1.000000000000000000 ) ) ;
#855 = ORIENTED_EDGE ( 'NONE', *, *, #4533, .F. ) ;
#856 = ADVANCED_FACE ( 'NONE', ( #390 ), #3284, .T. ) ;
#857 = CARTESIAN_POINT ( 'NONE',  ( -25.00000000000000000, 2.500000000000000000, 0.000000000000000000 ) ) ;
#858 = CIRCLE ( 'NONE', #1081, 0.1999999999999987899 ) ;
#859 = FACE_OUTER_BOUND ( 'NONE', #2550, .T. ) ;
#860 = VERTEX_POINT ( 'NONE', #3993 ) ;
#861 = ADVANCED_FACE ( 'NONE', ( #3864 ), #566, .T. ) ;
#862 = ORIENTED_EDGE ( 'NONE', *, *, #1689, .T. ) ;
#863 = ADVANCED_FACE ( 'NONE', ( #878 ), #901, .T. ) ;
#864 = CARTESIAN_POINT ( 'NONE',  ( 16.07270415933366081, 3.299999999999999822, -38.80294036547408609 ) ) ;
#865 = VECTOR ( 'NONE', #4071, 1000.000000000000000 ) ;
#866 = VECTOR ( 'NONE', #2772, 1000.000000000000114 ) ;
#867 = AXIS2_PLACEMENT_3D ( 'NONE', #3555, #1790, #3909 ) ;
#868 = VERTEX_POINT ( 'NONE', #2769 ) ;
#869 = DIRECTION ( 'NONE',  ( -0.000000000000000000, 1.000000000000000000, 0.000000000000000000 ) ) ;
#870 = ORIENTED_EDGE ( 'NONE', *, *, #254, .F. ) ;
#871 = CARTESIAN_POINT ( 'NONE',  ( -38.80294036547414294, 0.000000000000000000, -14.57270415933352048 ) ) ;
#872 = DIRECTION ( 'NONE',  ( -0.3826834323650840086, 0.000000000000000000, 0.9238795325112890700 ) ) ;
#873 = VECTOR ( 'NONE', #434, 999.9999999999998863 ) ;
#874 = ORIENTED_EDGE ( 'NONE', *, *, #676, .T. ) ;
#875 = CARTESIAN_POINT ( 'NONE',  ( 37.56566302240794641, 3.500000000000000000, 19.05975590138092457 ) ) ;
#876 =( NAMED_UNIT ( * ) PLANE_ANGLE_UNIT ( ) SI_UNIT ( $, .RADIAN. ) );
#877 =( BOUNDED_CURVE ( )  B_SPLINE_CURVE ( 3, ( #730, #1064, #2884, #2149 ),
 .UNSPECIFIED., .F., .F. ) 
 B_SPLINE_CURVE_WITH_KNOTS ( ( 4, 4 ),
 ( 3.141592653589793116, 4.712388980384683457 ),
 .UNSPECIFIED. ) 
 CURVE ( )  GEOMETRIC_REPRESENTATION_ITEM ( )  RATIONAL_B_SPLINE_CURVE ( ( 1.000000000000000000, 0.8047378541243663808, 0.8047378541243663808, 1.000000000000000000 ) ) 
 REPRESENTATION_ITEM ( '' )  );
#878 = FACE_OUTER_BOUND ( 'NONE', #1856, .T. ) ;
#879 = CARTESIAN_POINT ( 'NONE',  ( 16.49471641973511993, 3.500000000000000000, 35.59743900290937546 ) ) ;
#880 = ORIENTED_EDGE ( 'NONE', *, *, #3084, .T. ) ;
#881 = FACE_BOUND ( 'NONE', #3898, .T. ) ;
#882 = CARTESIAN_POINT ( 'NONE',  ( 16.07270415933367502, 3.500000000000000000, 37.10294036547407615 ) ) ;
#883 = ORIENTED_EDGE ( 'NONE', *, *, #3514, .T. ) ;
#884 = LINE ( 'NONE', #4171, #4376 ) ;
#885 = DIRECTION ( 'NONE',  ( -0.9238795325112877377, 0.000000000000000000, 0.3826834323650875058 ) ) ;
#886 = ORIENTED_EDGE ( 'NONE', *, *, #2495, .F. ) ;
#887 = ORIENTED_EDGE ( 'NONE', *, *, #4248, .T. ) ;
#888 = CARTESIAN_POINT ( 'NONE',  ( 16.61646870553686028, 5.800000000000000711, -35.43876833485113309 ) ) ;
#889 = EDGE_CURVE ( 'NONE', #41, #2138, #2594, .T. ) ;
#890 = ADVANCED_FACE ( 'NONE', ( #3146 ), #4632, .T. ) ;
#891 = VERTEX_POINT ( 'NONE', #3817 ) ;
#892 = DIRECTION ( 'NONE',  ( -0.000000000000000000, -1.000000000000000000, -0.000000000000000000 ) ) ;
#893 = ORIENTED_EDGE ( 'NONE', *, *, #2303, .T. ) ;
#894 = DIRECTION ( 'NONE',  ( 0.000000000000000000, 1.000000000000000000, 0.000000000000000000 ) ) ;
#895 = CARTESIAN_POINT ( 'NONE',  ( -36.69412891601144366, 6.000000000000000000, -13.32444757185574247 ) ) ;
#896 = ADVANCED_FACE ( 'NONE', ( #4496 ), #2037, .F. ) ;
#897 = EDGE_LOOP ( 'NONE', ( #1529, #910, #3858, #2872 ) ) ;
#898 = DIRECTION ( 'NONE',  ( 0.000000000000000000, 0.000000000000000000, 1.000000000000000000 ) ) ;
#899 = DIRECTION ( 'NONE',  ( 0.000000000000000000, 0.000000000000000000, 1.000000000000000000 ) ) ;
#900 = AXIS2_PLACEMENT_3D ( 'NONE', #404, #4359, #2551 ) ;
#901 = CYLINDRICAL_SURFACE ( 'NONE', #2816, 0.2000000000000003164 ) ;
#902 = DIRECTION ( 'NONE',  ( 0.000000000000000000, 1.000000000000000000, 0.000000000000000000 ) ) ;
#903 = ORIENTED_EDGE ( 'NONE', *, *, #4316, .T. ) ;
#904 = LINE ( 'NONE', #4169, #1245 ) ;
#905 = VERTEX_POINT ( 'NONE', #972 ) ;
#906 = CARTESIAN_POINT ( 'NONE',  ( -35.50259885015373840, 6.000000000000000000, 16.50720236271685337 ) ) ;
#907 = VECTOR ( 'NONE', #664, 1000.000000000000000 ) ;
#908 = AXIS2_PLACEMENT_3D ( 'NONE', #679, #4630, #2903 ) ;
#909 = DIRECTION ( 'NONE',  ( -0.3826834323650842307, 0.000000000000000000, -0.9238795325112889589 ) ) ;
#910 = ORIENTED_EDGE ( 'NONE', *, *, #2222, .F. ) ;
#911 = ORIENTED_EDGE ( 'NONE', *, *, #2647, .T. ) ;
#912 = ORIENTED_EDGE ( 'NONE', *, *, #2617, .T. ) ;
#913 = CARTESIAN_POINT ( 'NONE',  ( -13.08565241728654804, 3.500000000000000000, 40.04021770854019024 ) ) ;
#914 = VERTEX_POINT ( 'NONE', #2696 ) ;
#915 = FACE_OUTER_BOUND ( 'NONE', #4332, .T. ) ;
#916 = FACE_OUTER_BOUND ( 'NONE', #726, .T. ) ;
#917 = ADVANCED_FACE ( 'NONE', ( #1655 ), #3792, .F. ) ;
#918 = EDGE_LOOP ( 'NONE', ( #4603, #2080, #1400, #4486 ) ) ;
#919 = LINE ( 'NONE', #2354, #3287 ) ;
#920 = DIRECTION ( 'NONE',  ( -0.3826834323650872838, 0.000000000000000000, 0.9238795325112878487 ) ) ;
#921 = FACE_OUTER_BOUND ( 'NONE', #2643, .T. ) ;
#922 = EDGE_CURVE ( 'NONE', #2039, #3303, #255, .T. ) ;
#923 = CARTESIAN_POINT ( 'NONE',  ( 19.05975590138105957, 5.917157287525380838, 37.56566302240787536 ) ) ;
#924 = EDGE_LOOP ( 'NONE', ( #3819, #3970, #966, #2908 ) ) ;
#925 = LINE ( 'NONE', #954, #3880 ) ;
#926 = ORIENTED_EDGE ( 'NONE', *, *, #3870, .F. ) ;
#927 = DIRECTION ( 'NONE',  ( -0.3826834323650842307, 0.000000000000000000, -0.9238795325112889589 ) ) ;
#928 = AXIS2_PLACEMENT_3D ( 'NONE', #1980, #1256, #3049 ) ;
#929 = CARTESIAN_POINT ( 'NONE',  ( 38.80294036547402925, 3.500000000000000000, -16.07270415933381003 ) ) ;
#930 = ORIENTED_EDGE ( 'NONE', *, *, #3844, .T. ) ;
#931 = CYLINDRICAL_SURFACE ( 'NONE', #2331, 0.2000000000000013989 ) ;
#932 = CIRCLE ( 'NONE', #2898, 1.500000000000004885 ) ;
#933 = AXIS2_PLACEMENT_3D ( 'NONE', #2066, #548, #2753 ) ;
#934 = EDGE_LOOP ( 'NONE', ( #990, #447, #2895, #26 ) ) ;
#935 = TOROIDAL_SURFACE ( 'NONE', #623, 2.849999999999999201, 0.2999999999999999889 ) ;
#936 = CARTESIAN_POINT ( 'NONE',  ( -40.91175181493684221, 6.000000000000000000, -18.82096074681131270 ) ) ;
#937 = ORIENTED_EDGE ( 'NONE', *, *, #3492, .F. ) ;
#938 = PLANE ( 'NONE',  #2028 ) ;
#939 = CARTESIAN_POINT ( 'NONE',  ( 16.52486015262093844, 6.000000000000000000, 35.36847461986903340 ) ) ;
#940 = AXIS2_PLACEMENT_3D ( 'NONE', #3359, #399, #3292 ) ;
#941 = EDGE_CURVE ( 'NONE', #470, #3996, #2059, .T. ) ;
#942 = EDGE_CURVE ( 'NONE', #2142, #3313, #330, .T. ) ;
#943 = ORIENTED_EDGE ( 'NONE', *, *, #941, .F. ) ;
#944 = FACE_OUTER_BOUND ( 'NONE', #2368, .T. ) ;
#945 = FACE_OUTER_BOUND ( 'NONE', #1175, .T. ) ;
#946 = AXIS2_PLACEMENT_3D ( 'NONE', #1174, #3641, #770 ) ;
#947 =( BOUNDED_CURVE ( )  B_SPLINE_CURVE ( 3, ( #1225, #845, #3046, #4062 ),
 .UNSPECIFIED., .F., .F. ) 
 B_SPLINE_CURVE_WITH_KNOTS ( ( 4, 4 ),
 ( 1.570796326794896558, 3.141592653589793116 ),
 .UNSPECIFIED. ) 
 CURVE ( )  GEOMETRIC_REPRESENTATION_ITEM ( )  RATIONAL_B_SPLINE_CURVE ( ( 1.000000000000000000, 0.8047378541243649375, 0.8047378541243649375, 1.000000000000000000 ) ) 
 REPRESENTATION_ITEM ( '' )  );
#948 = ADVANCED_FACE ( 'NONE', ( #515 ), #167, .F. ) ;
#949 = AXIS2_PLACEMENT_3D ( 'NONE', #1973, #4156, #3445 ) ;
#950 = EDGE_CURVE ( 'NONE', #2802, #1970, #1012, .T. ) ;
#951 = CARTESIAN_POINT ( 'NONE',  ( 16.07270415933367502, 3.299999999999999822, 37.30294036547407899 ) ) ;
#952 = CARTESIAN_POINT ( 'NONE',  ( -35.59743900290943230, 3.500000000000000000, 16.49471641973499914 ) ) ;
#953 = VERTEX_POINT ( 'NONE', #951 ) ;
#954 = CARTESIAN_POINT ( 'NONE',  ( 36.83471634597562883, 3.500000000000000000, 13.50766467768759682 ) ) ;
#955 = FACE_BOUND ( 'NONE', #4227, .T. ) ;
#956 = FACE_BOUND ( 'NONE', #1582, .T. ) ;
#957 = VERTEX_POINT ( 'NONE', #4191 ) ;
#958 = ORIENTED_EDGE ( 'NONE', *, *, #630, .F. ) ;
#959 = DIRECTION ( 'NONE',  ( 0.000000000000000000, 1.000000000000000000, 0.000000000000000000 ) ) ;
#960 = CARTESIAN_POINT ( 'NONE',  ( 15.65069189893222834, 5.800000000000000711, 42.00844172803878962 ) ) ;
#961 = AXIS2_PLACEMENT_3D ( 'NONE', #3312, #2959, #3034 ) ;
#962 = CARTESIAN_POINT ( 'NONE',  ( 11.13693180368816016, 0.000000000000000000, -8.636931803688083775 ) ) ;
#963 = EDGE_LOOP ( 'NONE', ( #327, #4670, #4621, #2052 ) ) ;
#964 = DIRECTION ( 'NONE',  ( -0.000000000000000000, 1.000000000000000000, -0.000000000000000000 ) ) ;
#965 = CARTESIAN_POINT ( 'NONE',  ( -36.83471634597562883, 3.500000000000000000, -13.50766467768759682 ) ) ;
#966 = ORIENTED_EDGE ( 'NONE', *, *, #716, .T. ) ;
#967 = CARTESIAN_POINT ( 'NONE',  ( -13.50766467768798051, 3.500000000000000000, 36.83471634597548672 ) ) ;
#968 = DIRECTION ( 'NONE',  ( -0.000000000000000000, 1.000000000000000000, -0.000000000000000000 ) ) ;
#969 = CYLINDRICAL_SURFACE ( 'NONE', #4328, 0.1999999999999992617 ) ;
#970 = EDGE_CURVE ( 'NONE', #691, #544, #4142, .T. ) ;
#971 = CIRCLE ( 'NONE', #3772, 1.700000000000007061 ) ;
#972 = CARTESIAN_POINT ( 'NONE',  ( 40.91175181493684221, 6.000000000000000000, 18.82096074681131270 ) ) ;
#973 = CARTESIAN_POINT ( 'NONE',  ( 16.07270415933367502, 3.299999999999999822, 38.80294036547408609 ) ) ;
#974 = ORIENTED_EDGE ( 'NONE', *, *, #1543, .F. ) ;
#975 = CARTESIAN_POINT ( 'NONE',  ( 35.59743900290931862, 3.500000000000000000, -16.49471641973524783 ) ) ;
#976 = EDGE_CURVE ( 'NONE', #4146, #4257, #3077, .T. ) ;
#977 = AXIS2_PLACEMENT_3D ( 'NONE', #4622, #3179, #2156 ) ;
#978 = DIRECTION ( 'NONE',  ( 0.000000000000000000, 1.000000000000000000, 0.000000000000000000 ) ) ;
#979 = ORIENTED_EDGE ( 'NONE', *, *, #3553, .F. ) ;
#980 = AXIS2_PLACEMENT_3D ( 'NONE', #1087, #2524, #4089 ) ;
#981 = AXIS2_PLACEMENT_3D ( 'NONE', #4646, #4667, #671 ) ;
#982 = VERTEX_POINT ( 'NONE', #2723 ) ;
#983 = CARTESIAN_POINT ( 'NONE',  ( 13.43177366759343627, 5.999999999999997335, 36.77648312578522649 ) ) ;
#984 = ADVANCED_FACE ( 'NONE', ( #590 ), #2140, .T. ) ;
#985 = VECTOR ( 'NONE', #796, 1000.000000000000114 ) ;
#986 = FACE_OUTER_BOUND ( 'NONE', #2191, .T. ) ;
#987 = ORIENTED_EDGE ( 'NONE', *, *, #2044, .F. ) ;
#988 = CARTESIAN_POINT ( 'NONE',  ( 16.07270415933367502, 3.500000000000000000, 38.80294036547408609 ) ) ;
#989 = LINE ( 'NONE', #3159, #3398 ) ;
#990 = ORIENTED_EDGE ( 'NONE', *, *, #3058, .F. ) ;
#991 = DIRECTION ( 'NONE',  ( -0.000000000000000000, -1.000000000000000000, -0.000000000000000000 ) ) ;
#992 = CARTESIAN_POINT ( 'NONE',  ( 38.80294036547414294, 3.299999999999999822, 14.37270415933352297 ) ) ;
#993 = CYLINDRICAL_SURFACE ( 'NONE', #319, 0.2000000000000032585 ) ;
#994 = EDGE_CURVE ( 'NONE', #3195, #121, #3115, .T. ) ;
#995 = LINE ( 'NONE', #1082, #3661 ) ;
#996 = DIRECTION ( 'NONE',  ( 0.000000000000000000, 0.000000000000000000, 1.000000000000000000 ) ) ;
#997 = ORIENTED_EDGE ( 'NONE', *, *, #1860, .F. ) ;
#998 = DIRECTION ( 'NONE',  ( -0.7071067811865487940, 0.000000000000000000, 0.7071067811865463515 ) ) ;
#999 = CARTESIAN_POINT ( 'NONE',  ( -16.41817973326235247, 5.800000000000000711, -35.41266309640700172 ) ) ;
#1000 = DIRECTION ( 'NONE',  ( 0.000000000000000000, -1.000000000000000000, 0.000000000000000000 ) ) ;
#1001 = ORIENTED_EDGE ( 'NONE', *, *, #2355, .F. ) ;
#1002 = ORIENTED_EDGE ( 'NONE', *, *, #4672, .F. ) ;
#1003 = DIRECTION ( 'NONE',  ( 0.000000000000000000, 1.000000000000000000, 0.000000000000000000 ) ) ;
#1004 = VECTOR ( 'NONE', #2494, 1000.000000000000000 ) ;
#1005 = EDGE_CURVE ( 'NONE', #2929, #3041, #995, .T. ) ;
#1006 = DIRECTION ( 'NONE',  ( -0.9914448613738093830, 0.000000000000000000, -0.1305261922200583735 ) ) ;
#1007 = EDGE_CURVE ( 'NONE', #2014, #4095, #932, .T. ) ;
#1008 = DIRECTION ( 'NONE',  ( 0.1305261922200483538, 0.000000000000000000, -0.9914448613738109373 ) ) ;
#1009 = VERTEX_POINT ( 'NONE', #4255 ) ;
#1010 = CARTESIAN_POINT ( 'NONE',  ( -37.56566302240793220, 5.917157287525380838, 19.05975590138093168 ) ) ;
#1011 = AXIS2_PLACEMENT_3D ( 'NONE', #3884, #3170, #1413 ) ;
#1012 = CIRCLE ( 'NONE', #2582, 0.1999999999999987899 ) ;
#1013 = ORIENTED_EDGE ( 'NONE', *, *, #1299, .T. ) ;
#1014 = DIRECTION ( 'NONE',  ( 0.000000000000000000, -1.000000000000000000, -0.000000000000000000 ) ) ;
#1015 = DIRECTION ( 'NONE',  ( 1.000000000000000000, -0.000000000000000000, 1.224646799147353207E-16 ) ) ;
#1016 = DIRECTION ( 'NONE',  ( 0.000000000000000000, 0.000000000000000000, 1.000000000000000000 ) ) ;
#1017 = VECTOR ( 'NONE', #1, 1000.000000000000114 ) ;
#1018 = AXIS2_PLACEMENT_3D ( 'NONE', #2770, #143, #4470 ) ;
#1019 = CYLINDRICAL_SURFACE ( 'NONE', #1011, 0.2000000000000013989 ) ;
#1020 = LINE ( 'NONE', #825, #1544 ) ;
#1021 = DIRECTION ( 'NONE',  ( 0.6087614290087249858, -0.000000000000000000, -0.7933533402912318344 ) ) ;
#1022 = CARTESIAN_POINT ( 'NONE',  ( 5.878304635907296578E-15, 6.000000000000000000, 48.00000000000000711 ) ) ;
#1023 = AXIS2_PLACEMENT_3D ( 'NONE', #656, #1325, #3921 ) ;
#1024 = VERTEX_POINT ( 'NONE', #2168 ) ;
#1025 = LINE ( 'NONE', #4029, #3014 ) ;
#1026 = EDGE_CURVE ( 'NONE', #4294, #2711, #858, .T. ) ;
#1027 = CARTESIAN_POINT ( 'NONE',  ( 19.25804487365581963, 6.000000000000000000, -37.59176826085189305 ) ) ;
#1028 = VERTEX_POINT ( 'NONE', #3972 ) ;
#1029 = CARTESIAN_POINT ( 'NONE',  ( -16.49471641973537217, 5.800000000000000711, -35.59743900290926177 ) ) ;
#1030 = EDGE_CURVE ( 'NONE', #4266, #74, #1766, .T. ) ;
#1031 = ADVANCED_FACE ( 'NONE', ( #2475 ), #3577, .T. ) ;
#1032 = ORIENTED_EDGE ( 'NONE', *, *, #827, .T. ) ;
#1033 = CARTESIAN_POINT ( 'NONE',  ( 16.07270415933367502, 0.000000000000000000, 38.80294036547408609 ) ) ;
#1034 = CARTESIAN_POINT ( 'NONE',  ( 12.88736344501150732, 5.800000000000000711, -40.01411247009626493 ) ) ;
#1035 = PLANE ( 'NONE',  #2284 ) ;
#1036 = EDGE_CURVE ( 'NONE', #691, #413, #4235, .T. ) ;
#1037 = CARTESIAN_POINT ( 'NONE',  ( -40.04021770854032525, 3.500000000000000000, -13.08565241728612882 ) ) ;
#1038 = VECTOR ( 'NONE', #869, 1000.000000000000000 ) ;
#1039 = DIRECTION ( 'NONE',  ( -0.1305261922200517399, 0.000000000000000000, 0.9914448613738104932 ) ) ;
#1040 = DIRECTION ( 'NONE',  ( 0.9914448613738096050, -0.000000000000000000, 0.1305261922200584013 ) ) ;
#1041 = CARTESIAN_POINT ( 'NONE',  ( -15.52893961313076154, 6.000000000000000000, 42.16711239609693251 ) ) ;
#1042 = CARTESIAN_POINT ( 'NONE',  ( -38.80294036547414294, 3.299999999999999822, -16.07270415933352581 ) ) ;
#1043 = VERTEX_POINT ( 'NONE', #4654 ) ;
#1044 = CARTESIAN_POINT ( 'NONE',  ( 18.63774364097960046, 5.917157287525380838, -40.77116438497260020 ) ) ;
#1045 = VERTEX_POINT ( 'NONE', #2429 ) ;
#1046 = CARTESIAN_POINT ( 'NONE',  ( 16.49471641973511282, 5.800000000000000711, -35.59743900290938257 ) ) ;
#1047 = CIRCLE ( 'NONE', #1279, 0.2000000000000005107 ) ;
#1048 = VECTOR ( 'NONE', #4558, 1000.000000000000000 ) ;
#1049 = FACE_OUTER_BOUND ( 'NONE', #3617, .T. ) ;
#1050 = EDGE_LOOP ( 'NONE', ( #3360, #2840, #4168, #1401 ) ) ;
#1051 = ADVANCED_FACE ( 'NONE', ( #4633 ), #1019, .T. ) ;
#1052 = EDGE_LOOP ( 'NONE', ( #3958, #1993 ) ) ;
#1053 = CYLINDRICAL_SURFACE ( 'NONE', #2400, 2.549999999999999378 ) ;
#1054 = VECTOR ( 'NONE', #4165, 999.9999999999998863 ) ;
#1055 = ORIENTED_EDGE ( 'NONE', *, *, #536, .F. ) ;
#1056 = DIRECTION ( 'NONE',  ( 0.000000000000000000, 0.000000000000000000, 1.000000000000000000 ) ) ;
#1057 = EDGE_CURVE ( 'NONE', #1956, #1024, #3507, .T. ) ;
#1058 = CARTESIAN_POINT ( 'NONE',  ( 40.12859466161648925, 6.000000000000000000, 12.87229157856845774 ) ) ;
#1059 = CARTESIAN_POINT ( 'NONE',  ( -15.65069189893252677, 3.500000000000000000, -42.00844172803868304 ) ) ;
#1060 = EDGE_CURVE ( 'NONE', #400, #1342, #3927, .T. ) ;
#1061 = LINE ( 'NONE', #3554, #3954 ) ;
#1062 = CARTESIAN_POINT ( 'NONE',  ( -38.80294036547414294, 6.000000000000000000, -16.07270415933352581 ) ) ;
#1063 = EDGE_CURVE ( 'NONE', #1117, #1009, #1460, .T. ) ;
#1064 = CARTESIAN_POINT ( 'NONE',  ( 36.83471634597552224, 5.917157287525381726, -13.50766467768786150 ) ) ;
#1065 = FACE_OUTER_BOUND ( 'NONE', #1221, .T. ) ;
#1066 = CARTESIAN_POINT ( 'NONE',  ( 36.69412891601144366, 6.000000000000000000, 13.32444757185574247 ) ) ;
#1067 = ORIENTED_EDGE ( 'NONE', *, *, #4349, .T. ) ;
#1068 = FACE_BOUND ( 'NONE', #378, .T. ) ;
#1069 = ORIENTED_EDGE ( 'NONE', *, *, #2818, .F. ) ;
#1070 = PLANE ( 'NONE',  #977 ) ;
#1071 = LINE ( 'NONE', #1824, #3857 ) ;
#1072 = ORIENTED_EDGE ( 'NONE', *, *, #1925, .T. ) ;
#1073 = ORIENTED_EDGE ( 'NONE', *, *, #2016, .F. ) ;
#1074 = DIRECTION ( 'NONE',  ( 0.7933533402912339438, 0.000000000000000000, 0.6087614290087220992 ) ) ;
#1075 = CIRCLE ( 'NONE', #463, 1.500000000000004885 ) ;
#1076 = AXIS2_PLACEMENT_3D ( 'NONE', #3028, #2198, #801 ) ;
#1077 = VERTEX_POINT ( 'NONE', #4302 ) ;
#1078 = FACE_OUTER_BOUND ( 'NONE', #4044, .T. ) ;
#1079 = ORIENTED_EDGE ( 'NONE', *, *, #1461, .T. ) ;
#1080 = DIRECTION ( 'NONE',  ( -0.6087614290087249858, 0.000000000000000000, 0.7933533402912318344 ) ) ;
#1081 = AXIS2_PLACEMENT_3D ( 'NONE', #1348, #3622, #2521 ) ;
#1082 = CARTESIAN_POINT ( 'NONE',  ( -16.49471641973536151, 3.500000000000000000, 35.59743900290926177 ) ) ;
#1083 = CARTESIAN_POINT ( 'NONE',  ( -11.13693180368812286, 6.000000000000000000, -13.83693180368812392 ) ) ;
#1084 = FACE_OUTER_BOUND ( 'NONE', #2199, .T. ) ;
#1085 = CIRCLE ( 'NONE', #4263, 1.500000000000001332 ) ;
#1086 = AXIS2_PLACEMENT_3D ( 'NONE', #2340, #220, #2013 ) ;
#1087 = CARTESIAN_POINT ( 'NONE',  ( -11.13693180368823832, 6.000000000000000000, 11.13693180368800562 ) ) ;
#1088 = ADVANCED_FACE ( 'NONE', ( #3947 ), #3529, .F. ) ;
#1089 = EDGE_CURVE ( 'NONE', #470, #560, #1061, .T. ) ;
#1090 = AXIS2_PLACEMENT_3D ( 'NONE', #1062, #283, #4614 ) ;
#1091 = LINE ( 'NONE', #732, #2290 ) ;
#1092 = ORIENTED_EDGE ( 'NONE', *, *, #3486, .F. ) ;
#1093 = FACE_BOUND ( 'NONE', #1861, .T. ) ;
#1094 = DIRECTION ( 'NONE',  ( -1.000000000000000000, 0.000000000000000000, 0.000000000000000000 ) ) ;
#1095 = ORIENTED_EDGE ( 'NONE', *, *, #3018, .T. ) ;
#1096 = DIRECTION ( 'NONE',  ( -0.3826834323650842862, 0.000000000000000000, -0.9238795325112890700 ) ) ;
#1097 = AXIS2_PLACEMENT_3D ( 'NONE', #3426, #1276, #1934 ) ;
#1098 = EDGE_CURVE ( 'NONE', #403, #494, #4682, .T. ) ;
#1099 = CARTESIAN_POINT ( 'NONE',  ( -16.49471641973536151, 3.500000000000000000, 35.59743900290926177 ) ) ;
#1100 = ORIENTED_EDGE ( 'NONE', *, *, #4300, .T. ) ;
#1101 = EDGE_LOOP ( 'NONE', ( #1966, #3178 ) ) ;
#1102 = DIRECTION ( 'NONE',  ( -0.7933533402912319454, 0.000000000000000000, 0.6087614290087248747 ) ) ;
#1103 = ORIENTED_EDGE ( 'NONE', *, *, #1489, .F. ) ;
#1104 = CARTESIAN_POINT ( 'NONE',  ( -12.96390013148481657, 5.800000000000000711, -40.19888837659843972 ) ) ;
#1105 = ORIENTED_EDGE ( 'NONE', *, *, #2049, .F. ) ;
#1106 = DIRECTION ( 'NONE',  ( 0.9238795325112850731, 0.000000000000000000, -0.3826834323650937786 ) ) ;
#1107 = DIRECTION ( 'NONE',  ( 0.9238795325112925116, 0.000000000000000000, 0.3826834323650757930 ) ) ;
#1108 = ORIENTED_EDGE ( 'NONE', *, *, #3544, .T. ) ;
#1109 = CARTESIAN_POINT ( 'NONE',  ( 19.05975590138106313, 3.500000000000000000, 37.56566302240787536 ) ) ;
#1110 = EDGE_CURVE ( 'NONE', #1500, #3799, #661, .T. ) ;
#1111 = DIRECTION ( 'NONE',  ( 0.000000000000000000, 1.000000000000000000, 0.000000000000000000 ) ) ;
#1112 = CIRCLE ( 'NONE', #3004, 1.700000000000003508 ) ;
#1113 = CARTESIAN_POINT ( 'NONE',  ( 18.71363465107391377, 6.000000000000000000, 40.82939760516293859 ) ) ;
#1114 = ORIENTED_EDGE ( 'NONE', *, *, #332, .F. ) ;
#1115 = CARTESIAN_POINT ( 'NONE',  ( 18.63774364097960046, 5.800000000000000711, -40.77116438497260020 ) ) ;
#1116 = CARTESIAN_POINT ( 'NONE',  ( 18.63774364097960046, 3.500000000000000000, -40.77116438497260020 ) ) ;
#1117 = VERTEX_POINT ( 'NONE', #302 ) ;
#1118 = EDGE_CURVE ( 'NONE', #3456, #982, #1393, .T. ) ;
#1119 = CARTESIAN_POINT ( 'NONE',  ( 40.04021770854032525, 3.500000000000000000, 13.08565241728612882 ) ) ;
#1120 = CARTESIAN_POINT ( 'NONE',  ( 38.80294036547414294, 3.299999999999999822, 16.07270415933352581 ) ) ;
#1121 = ORIENTED_EDGE ( 'NONE', *, *, #2877, .T. ) ;
#1122 = VECTOR ( 'NONE', #1975, 1000.000000000000114 ) ;
#1123 = ORIENTED_EDGE ( 'NONE', *, *, #4361, .T. ) ;
#1124 = EDGE_CURVE ( 'NONE', #4095, #2014, #4108, .T. ) ;
#1125 = DIRECTION ( 'NONE',  ( 0.7933533402912343879, 0.000000000000000000, 0.6087614290087217661 ) ) ;
#1126 = APPLICATION_PROTOCOL_DEFINITION ( 'draft international standard', 'automotive_design', 1998, #2593 ) ;
#1127 = CIRCLE ( 'NONE', #223, 0.1999999999999987899 ) ;
#1128 = ORIENTED_EDGE ( 'NONE', *, *, #660, .T. ) ;
#1129 = CARTESIAN_POINT ( 'NONE',  ( -13.08565241728654804, 3.500000000000000000, 40.04021770854019024 ) ) ;
#1130 = VERTEX_POINT ( 'NONE', #3702 ) ;
#1131 = DIRECTION ( 'NONE',  ( 0.9914448613738099381, 0.000000000000000000, 0.1305261922200551539 ) ) ;
#1132 = AXIS2_PLACEMENT_3D ( 'NONE', #287, #3911, #2410 ) ;
#1133 = VECTOR ( 'NONE', #388, 1000.000000000000114 ) ;
#1134 = EDGE_LOOP ( 'NONE', ( #2996, #309 ) ) ;
#1135 = CARTESIAN_POINT ( 'NONE',  ( -13.08565241728654804, 3.500000000000000000, 40.04021770854019024 ) ) ;
#1136 = CARTESIAN_POINT ( 'NONE',  ( 35.59743900290943941, 3.500000000000000000, 16.49471641973498848 ) ) ;
#1137 = DIRECTION ( 'NONE',  ( 0.3826834323650842307, -0.000000000000000000, 0.9238795325112889589 ) ) ;
#1138 = ORIENTED_EDGE ( 'NONE', *, *, #3836, .F. ) ;
#1139 = CARTESIAN_POINT ( 'NONE',  ( 16.07270415933366081, 3.299999999999999822, -38.80294036547408609 ) ) ;
#1140 = DIRECTION ( 'NONE',  ( -0.3826834323650840086, -0.000000000000000000, 0.9238795325112890700 ) ) ;
#1141 = ORIENTED_EDGE ( 'NONE', *, *, #4434, .T. ) ;
#1142 = CARTESIAN_POINT ( 'NONE',  ( 38.80294036547402925, 3.299999999999999822, -17.57270415933381358 ) ) ;
#1143 = CARTESIAN_POINT ( 'NONE',  ( -25.00000000000000000, 2.500000000000000000, -2.549999999999999378 ) ) ;
#1144 = ORIENTED_EDGE ( 'NONE', *, *, #2077, .T. ) ;
#1145 = VERTEX_POINT ( 'NONE', #2920 ) ;
#1146 = DIRECTION ( 'NONE',  ( 0.000000000000000000, 0.000000000000000000, -1.000000000000000000 ) ) ;
#1147 = ADVANCED_FACE ( 'NONE', ( #1521 ), #4430, .T. ) ;
#1148 = ADVANCED_FACE ( 'NONE', ( #2965 ), #2628, .F. ) ;
#1149 = VERTEX_POINT ( 'NONE', #4031 ) ;
#1150 = DIRECTION ( 'NONE',  ( -0.1305261922200484648, 0.000000000000000000, -0.9914448613738108262 ) ) ;
#1151 = VERTEX_POINT ( 'NONE', #1569 ) ;
#1152 = CARTESIAN_POINT ( 'NONE',  ( 19.27311674009873244, 6.000000000000000000, 37.47728606933171136 ) ) ;
#1153 =( BOUNDED_CURVE ( )  B_SPLINE_CURVE ( 3, ( #551, #4222, #983, #1268 ),
 .UNSPECIFIED., .F., .F. ) 
 B_SPLINE_CURVE_WITH_KNOTS ( ( 4, 4 ),
 ( 3.141592653589793116, 4.712388980384683457 ),
 .UNSPECIFIED. ) 
 CURVE ( )  GEOMETRIC_REPRESENTATION_ITEM ( )  RATIONAL_B_SPLINE_CURVE ( ( 1.000000000000000000, 0.8047378541243663808, 0.8047378541243663808, 1.000000000000000000 ) ) 
 REPRESENTATION_ITEM ( '' )  );
#1154 = CIRCLE ( 'NONE', #3503, 1.700000000000007061 ) ;
#1155 = ORIENTED_EDGE ( 'NONE', *, *, #3522, .T. ) ;
#1156 = DIRECTION ( 'NONE',  ( 0.000000000000000000, 0.000000000000000000, -1.000000000000000000 ) ) ;
#1157 = DIRECTION ( 'NONE',  ( 0.000000000000000000, 0.000000000000000000, 1.000000000000000000 ) ) ;
#1158 = AXIS2_PLACEMENT_3D ( 'NONE', #3837, #1305, #3123 ) ;
#1159 = VECTOR ( 'NONE', #1499, 1000.000000000000000 ) ;
#1160 = DIRECTION ( 'NONE',  ( -0.000000000000000000, 1.000000000000000000, -0.000000000000000000 ) ) ;
#1161 = VERTEX_POINT ( 'NONE', #4456 ) ;
#1162 = DIRECTION ( 'NONE',  ( 0.7071067811865536790, 0.000000000000000000, -0.7071067811865414665 ) ) ;
#1163 = FACE_OUTER_BOUND ( 'NONE', #2935, .T. ) ;
#1164 = ORIENTED_EDGE ( 'NONE', *, *, #110, .T. ) ;
#1165 = DIRECTION ( 'NONE',  ( 0.6087614290087195457, 0.000000000000000000, -0.7933533402912360533 ) ) ;
#1166 = AXIS2_PLACEMENT_3D ( 'NONE', #4354, #3006, #423 ) ;
#1167 = ORIENTED_EDGE ( 'NONE', *, *, #1373, .F. ) ;
#1168 = AXIS2_PLACEMENT_3D ( 'NONE', #3451, #187, #1605 ) ;
#1169 = ORIENTED_EDGE ( 'NONE', *, *, #3400, .F. ) ;
#1170 = CARTESIAN_POINT ( 'NONE',  ( -19.05975590138131892, 5.917157287525380838, 37.56566302240775457 ) ) ;
#1171 = EDGE_CURVE ( 'NONE', #3303, #430, #2655, .T. ) ;
#1172 = AXIS2_PLACEMENT_3D ( 'NONE', #3731, #2305, #1553 ) ;
#1173 = ORIENTED_EDGE ( 'NONE', *, *, #84, .T. ) ;
#1174 = CARTESIAN_POINT ( 'NONE',  ( 36.80861110753151877, 5.800000000000000711, -13.30937570541309967 ) ) ;
#1175 = EDGE_LOOP ( 'NONE', ( #3396, #1069, #838, #724 ) ) ;
#1176 = CYLINDRICAL_SURFACE ( 'NONE', #4600, 0.2000000000000032585 ) ;
#1177 = EDGE_CURVE ( 'NONE', #269, #575, #3129, .T. ) ;
#1178 = DIRECTION ( 'NONE',  ( -0.9238795325112891810, 0.000000000000000000, -0.3826834323650840641 ) ) ;
#1179 = EDGE_CURVE ( 'NONE', #672, #1838, #1475, .T. ) ;
#1180 = ORIENTED_EDGE ( 'NONE', *, *, #54, .F. ) ;
#1181 =( BOUNDED_CURVE ( )  B_SPLINE_CURVE ( 3, ( #2882, #4045, #3712, #2543 ),
 .UNSPECIFIED., .F., .F. ) 
 B_SPLINE_CURVE_WITH_KNOTS ( ( 4, 4 ),
 ( 1.570796326794896558, 3.141592653589793116 ),
 .UNSPECIFIED. ) 
 CURVE ( )  GEOMETRIC_REPRESENTATION_ITEM ( )  RATIONAL_B_SPLINE_CURVE ( ( 1.000000000000000000, 0.8047378541243649375, 0.8047378541243649375, 1.000000000000000000 ) ) 
 REPRESENTATION_ITEM ( '' )  );
#1182 = CARTESIAN_POINT ( 'NONE',  ( -16.07270415933393082, 3.500000000000000000, 37.10294036547396956 ) ) ;
#1183 = CARTESIAN_POINT ( 'NONE',  ( -16.07270415933394858, 3.299999999999999822, -37.30294036547397951 ) ) ;
#1184 = ADVANCED_FACE ( 'NONE', ( #859 ), #2899, .T. ) ;
#1185 = CARTESIAN_POINT ( 'NONE',  ( 19.05975590138106313, 3.500000000000000000, 37.56566302240787536 ) ) ;
#1186 = ORIENTED_EDGE ( 'NONE', *, *, #601, .F. ) ;
#1187 = DIRECTION ( 'NONE',  ( 0.000000000000000000, 0.000000000000000000, 1.000000000000000000 ) ) ;
#1188 = DIRECTION ( 'NONE',  ( -0.000000000000000000, 1.000000000000000000, -0.000000000000000000 ) ) ;
#1189 = ORIENTED_EDGE ( 'NONE', *, *, #792, .F. ) ;
#1190 = FACE_OUTER_BOUND ( 'NONE', #1506, .T. ) ;
#1191 = AXIS2_PLACEMENT_3D ( 'NONE', #2890, #4334, #1693 ) ;
#1192 = DIRECTION ( 'NONE',  ( -0.9914448613738109373, 0.000000000000000000, -0.1305261922200483538 ) ) ;
#1193 = VERTEX_POINT ( 'NONE', #837 ) ;
#1194 = TOROIDAL_SURFACE ( 'NONE', #2850, 1.700000000000004174, 0.2000000000000000111 ) ;
#1195 = ORIENTED_EDGE ( 'NONE', *, *, #4563, .T. ) ;
#1196 = LINE ( 'NONE', #1924, #2789 ) ;
#1197 = EDGE_CURVE ( 'NONE', #1782, #544, #4103, .T. ) ;
#1198 = EDGE_LOOP ( 'NONE', ( #3157, #3847, #1501, #3540 ) ) ;
#1199 = DIRECTION ( 'NONE',  ( 0.000000000000000000, 0.000000000000000000, 1.000000000000000000 ) ) ;
#1200 = ORIENTED_EDGE ( 'NONE', *, *, #3544, .F. ) ;
#1201 = DIRECTION ( 'NONE',  ( -0.9238795325112862944, 0.000000000000000000, 0.3826834323650906144 ) ) ;
#1202 = DIRECTION ( 'NONE',  ( 0.000000000000000000, 1.000000000000000000, 0.000000000000000000 ) ) ;
#1203 = AXIS2_PLACEMENT_3D ( 'NONE', #3776, #1336, #178 ) ;
#1204 = ADVANCED_FACE ( 'NONE', ( #497 ), #3051, .T. ) ;
#1205 = ORIENTED_EDGE ( 'NONE', *, *, #3724, .F. ) ;
#1206 = DIRECTION ( 'NONE',  ( 0.000000000000000000, 0.000000000000000000, 1.000000000000000000 ) ) ;
#1207 = DIRECTION ( 'NONE',  ( -1.000000000000000000, 0.000000000000000000, 0.000000000000000000 ) ) ;
#1208 = AXIS2_PLACEMENT_3D ( 'NONE', #458, #1555, #2239 ) ;
#1209 = ADVANCED_FACE ( 'NONE', ( #2251 ), #786, .T. ) ;
#1210 = EDGE_CURVE ( 'NONE', #1145, #3010, #2944, .T. ) ;
#1211 = FACE_OUTER_BOUND ( 'NONE', #1198, .T. ) ;
#1212 = ORIENTED_EDGE ( 'NONE', *, *, #2266, .F. ) ;
#1213 = LINE ( 'NONE', #492, #2291 ) ;
#1214 = CARTESIAN_POINT ( 'NONE',  ( -38.80294036547413583, 3.500000000000000000, 14.37270415933353895 ) ) ;
#1215 = ORIENTED_EDGE ( 'NONE', *, *, #3116, .T. ) ;
#1216 = DIRECTION ( 'NONE',  ( 0.000000000000000000, 0.000000000000000000, 1.000000000000000000 ) ) ;
#1217 = DIRECTION ( 'NONE',  ( -0.6087614290087246527, 0.000000000000000000, 0.7933533402912321675 ) ) ;
#1218 = VERTEX_POINT ( 'NONE', #3657 ) ;
#1219 = ORIENTED_EDGE ( 'NONE', *, *, #253, .F. ) ;
#1220 = DIRECTION ( 'NONE',  ( -1.000000000000000000, 0.000000000000000000, 0.000000000000000000 ) ) ;
#1221 = EDGE_LOOP ( 'NONE', ( #3477, #810, #2421, #3980 ) ) ;
#1222 = FACE_OUTER_BOUND ( 'NONE', #2698, .T. ) ;
#1223 = ORIENTED_EDGE ( 'NONE', *, *, #2274, .T. ) ;
#1224 = DIRECTION ( 'NONE',  ( -0.3826834323650906144, 0.000000000000000000, -0.9238795325112865164 ) ) ;
#1225 = CARTESIAN_POINT ( 'NONE',  ( -15.62054816604669583, 6.000000000000000000, 42.23740611107902510 ) ) ;
#1226 = ORIENTED_EDGE ( 'NONE', *, *, #1377, .T. ) ;
#1227 = FACE_OUTER_BOUND ( 'NONE', #4317, .T. ) ;
#1228 = CARTESIAN_POINT ( 'NONE',  ( -25.00000000000000000, 5.700000000000000178, 0.000000000000000000 ) ) ;
#1229 = VECTOR ( 'NONE', #2548, 1000.000000000000000 ) ;
#1230 = DIRECTION ( 'NONE',  ( 0.000000000000000000, 0.000000000000000000, -1.000000000000000000 ) ) ;
#1231 = CARTESIAN_POINT ( 'NONE',  ( -11.13693180368823832, 0.000000000000000000, 13.63693180368800562 ) ) ;
#1232 = ORIENTED_EDGE ( 'NONE', *, *, #1057, .T. ) ;
#1233 = MECHANICAL_DESIGN_GEOMETRIC_PRESENTATION_REPRESENTATION (  '', ( #4557 ), #3575 ) ;
#1234 = CARTESIAN_POINT ( 'NONE',  ( -18.63774364097990599, 5.800000000000000711, -40.77116438497246520 ) ) ;
#1235 = VERTEX_POINT ( 'NONE', #3387 ) ;
#1236 = DIRECTION ( 'NONE',  ( 0.7933533402912362753, 0.000000000000000000, -0.6087614290087192126 ) ) ;
#1237 = ADVANCED_FACE ( 'NONE', ( #4385 ), #765, .F. ) ;
#1238 = ADVANCED_FACE ( 'NONE', ( #4406, #2603, #4053, #1895, #104, #2989, #956, #3846, #2367, #243, #175, #3131, #596 ), #3083, .F. ) ;
#1239 = AXIS2_PLACEMENT_3D ( 'NONE', #3405, #1608, #3052 ) ;
#1240 = CARTESIAN_POINT ( 'NONE',  ( 13.08565241728627981, 3.500000000000000000, 40.04021770854028262 ) ) ;
#1241 = ORIENTED_EDGE ( 'NONE', *, *, #3570, .T. ) ;
#1242 = ORIENTED_EDGE ( 'NONE', *, *, #4185, .F. ) ;
#1243 = LINE ( 'NONE', #4551, #4293 ) ;
#1244 = VECTOR ( 'NONE', #3413, 1000.000000000000227 ) ;
#1245 = VECTOR ( 'NONE', #1284, 1000.000000000000000 ) ;
#1246 = EDGE_CURVE ( 'NONE', #2178, #1970, #1085, .T. ) ;
#1247 = VECTOR ( 'NONE', #1609, 1000.000000000000227 ) ;
#1248 = VERTEX_POINT ( 'NONE', #2704 ) ;
#1249 = CARTESIAN_POINT ( 'NONE',  ( -19.25804487365607898, 5.800000000000000711, 37.59176826085175804 ) ) ;
#1250 = ORIENTED_EDGE ( 'NONE', *, *, #1030, .T. ) ;
#1251 = CARTESIAN_POINT ( 'NONE',  ( 16.07270415933366081, 0.000000000000000000, -38.80294036547408609 ) ) ;
#1252 = CARTESIAN_POINT ( 'NONE',  ( 0.000000000000000000, 0.000000000000000000, 0.000000000000000000 ) ) ;
#1253 = VECTOR ( 'NONE', #3738, 1000.000000000000000 ) ;
#1254 = VERTEX_POINT ( 'NONE', #151 ) ;
#1255 = DIRECTION ( 'NONE',  ( 0.000000000000000000, 1.000000000000000000, 0.000000000000000000 ) ) ;
#1256 = DIRECTION ( 'NONE',  ( -0.9914448613738096050, 0.000000000000000000, 0.1305261922200588731 ) ) ;
#1257 = EDGE_CURVE ( 'NONE', #769, #3313, #1594, .T. ) ;
#1258 = CARTESIAN_POINT ( 'NONE',  ( -37.59176826085196410, 5.800000000000000711, -19.25804487365568818 ) ) ;
#1259 = CARTESIAN_POINT ( 'NONE',  ( -13.50766467768798051, 3.500000000000000000, 36.83471634597548672 ) ) ;
#1260 = ORIENTED_EDGE ( 'NONE', *, *, #4217, .T. ) ;
#1261 = CARTESIAN_POINT ( 'NONE',  ( -40.77116438497266415, 3.500000000000000000, -18.63774364097945835 ) ) ;
#1262 = VERTEX_POINT ( 'NONE', #2681 ) ;
#1263 = CARTESIAN_POINT ( 'NONE',  ( -40.12859466161648214, 6.000000000000000000, 12.87229157856846484 ) ) ;
#1264 = LINE ( 'NONE', #1334, #1244 ) ;
#1265 = EDGE_CURVE ( 'NONE', #4257, #244, #2045, .T. ) ;
#1266 = ORIENTED_EDGE ( 'NONE', *, *, #4680, .F. ) ;
#1267 = VERTEX_POINT ( 'NONE', #3061 ) ;
#1268 = CARTESIAN_POINT ( 'NONE',  ( 13.32444757185588280, 6.000000000000000000, 36.69412891601139393 ) ) ;
#1269 = EDGE_CURVE ( 'NONE', #4087, #1646, #1264, .T. ) ;
#1270 = ORIENTED_EDGE ( 'NONE', *, *, #2235, .T. ) ;
#1271 = DIRECTION ( 'NONE',  ( 0.000000000000000000, 0.000000000000000000, 1.000000000000000000 ) ) ;
#1272 = ORIENTED_EDGE ( 'NONE', *, *, #827, .F. ) ;
#1273 = CARTESIAN_POINT ( 'NONE',  ( 40.77116438497252204, 5.800000000000000711, -18.63774364097976033 ) ) ;
#1274 = DIRECTION ( 'NONE',  ( 0.1305261922200480762, 0.000000000000000000, -0.9914448613738108262 ) ) ;
#1275 = ORIENTED_EDGE ( 'NONE', *, *, #1377, .F. ) ;
#1276 = DIRECTION ( 'NONE',  ( 0.9238795325112877377, 0.000000000000000000, -0.3826834323650875058 ) ) ;
#1277 = CARTESIAN_POINT ( 'NONE',  ( 11.13693180368816016, 6.000000000000000000, -13.83693180368808484 ) ) ;
#1278 = FACE_OUTER_BOUND ( 'NONE', #2193, .T. ) ;
#1279 = AXIS2_PLACEMENT_3D ( 'NONE', #4174, #2777, #1666 ) ;
#1280 = CIRCLE ( 'NONE', #980, 2.700000000000001066 ) ;
#1281 = DIRECTION ( 'NONE',  ( -0.7933533402912307242, 0.000000000000000000, 0.6087614290087264290 ) ) ;
#1282 = LINE ( 'NONE', #4545, #1621 ) ;
#1283 = ORIENTED_EDGE ( 'NONE', *, *, #2824, .F. ) ;
#1284 = DIRECTION ( 'NONE',  ( 0.1305261922200479097, 0.000000000000000000, 0.9914448613738109373 ) ) ;
#1285 = ORIENTED_EDGE ( 'NONE', *, *, #507, .T. ) ;
#1286 = CYLINDRICAL_SURFACE ( 'NONE', #4453, 0.2000000000000003164 ) ;
#1287 = AXIS2_PLACEMENT_3D ( 'NONE', #4327, #1202, #2640 ) ;
#1288 = AXIS2_PLACEMENT_3D ( 'NONE', #64, #3327, #2952 ) ;
#1289 = DIRECTION ( 'NONE',  ( 0.000000000000000000, 1.000000000000000000, 0.000000000000000000 ) ) ;
#1290 = ORIENTED_EDGE ( 'NONE', *, *, #1668, .T. ) ;
#1291 = LINE ( 'NONE', #1619, #2552 ) ;
#1292 = EDGE_CURVE ( 'NONE', #4628, #695, #2977, .T. ) ;
#1293 = ADVANCED_FACE ( 'NONE', ( #224 ), #4503, .F. ) ;
#1294 = ORIENTED_EDGE ( 'NONE', *, *, #2703, .T. ) ;
#1295 = CARTESIAN_POINT ( 'NONE',  ( -38.80294036547414294, 3.500000000000000000, -16.07270415933352581 ) ) ;
#1296 = ORIENTED_EDGE ( 'NONE', *, *, #228, .T. ) ;
#1297 = DIRECTION ( 'NONE',  ( -0.3826834323650840086, 0.000000000000000000, 0.9238795325112890700 ) ) ;
#1298 = DIRECTION ( 'NONE',  ( -0.1305261922200649238, 0.000000000000000000, -0.9914448613738086058 ) ) ;
#1299 = EDGE_CURVE ( 'NONE', #2228, #2597, #108, .T. ) ;
#1300 = EDGE_CURVE ( 'NONE', #2401, #841, #1843, .T. ) ;
#1301 = ORIENTED_EDGE ( 'NONE', *, *, #4161, .F. ) ;
#1302 = CYLINDRICAL_SURFACE ( 'NONE', #1702, 0.2000000000000032585 ) ;
#1303 = LINE ( 'NONE', #236, #297 ) ;
#1304 = FACE_OUTER_BOUND ( 'NONE', #457, .T. ) ;
#1305 = DIRECTION ( 'NONE',  ( 0.000000000000000000, 1.000000000000000000, 0.000000000000000000 ) ) ;
#1306 = CARTESIAN_POINT ( 'NONE',  ( -16.07270415933394858, 6.000000000000000000, -38.80294036547397951 ) ) ;
#1307 = ORIENTED_EDGE ( 'NONE', *, *, #2614, .F. ) ;
#1308 = CARTESIAN_POINT ( 'NONE',  ( -36.83471634597562883, 5.800000000000000711, -13.50766467768759682 ) ) ;
#1309 = VECTOR ( 'NONE', #4635, 1000.000000000000000 ) ;
#1310 = FACE_OUTER_BOUND ( 'NONE', #1917, .T. ) ;
#1311 = EDGE_LOOP ( 'NONE', ( #3141, #3632, #162, #874, #1633, #3153 ) ) ;
#1312 = EDGE_LOOP ( 'NONE', ( #4247, #1296, #1898, #1937 ) ) ;
#1313 = CARTESIAN_POINT ( 'NONE',  ( -36.83471634597562172, 3.500000000000000000, 13.50766467768760393 ) ) ;
#1314 = AXIS2_PLACEMENT_3D ( 'NONE', #1037, #281, #4613 ) ;
#1315 = CIRCLE ( 'NONE', #553, 1.500000000000004885 ) ;
#1316 = FACE_BOUND ( 'NONE', #1311, .T. ) ;
#1317 = CLOSED_SHELL ( 'NONE', ( #205, #464, #3089, #2611, #3317, #1184, #4014, #136, #2732, #890, #2215, #1520, #768, #3407, #3584, #3175, #2686, #533, #1031, #1899, #1982, #3981, #2415, #648, #4501, #4618, #3148, #4390, #1731, #2128, #496, #2490, #738, #917, #2708, #1800, #3315, #22, #1238, #216, #4353, #4360, #2181, #1841, #1437, #687, #1204, #773, #3945, #3260, #1088, #3814, #4476, #1453, #1580, #3168, #653, #4329, #1983, #863, #1051, #1353, #1960, #1326, #1771, #3777, #2450, #1237, #2160, #703, #2709, #2299, #3029, #2790, #1748, #1932, #166, #1293, #3457, #4057, #500, #1498, #1323, #3341, #2581, #4047, #103, #4297, #559, #3520, #3491, #4612, #4101, #2587, #3346, #1148, #948, #4241, #2970, #2316, #2323, #896, #2822, #4552, #348, #3176, #3610, #4412, #543, #2743, #2009, #4418, #2417, #829, #4321, #2352, #2467, #1209, #3167, #2871, #2531, #2843, #3849, #4269, #681, #2078, #3291, #1513, #2332, #1558, #4588, #856, #2849, #2919, #861, #1814, #3753, #4001, #2084, #3438, #573, #682, #9, #3526, #2155, #2557, #4162, #3369, #1147, #658, #3576, #2518, #391, #4093, #3713, #4035, #2575, #1864, #1355, #984, #3528, #2123, #527 ) ) ;
#1318 = CARTESIAN_POINT ( 'NONE',  ( 36.83471634597562883, 3.500000000000000000, 13.50766467768759682 ) ) ;
#1319 = ORIENTED_EDGE ( 'NONE', *, *, #4175, .T. ) ;
#1320 = PLANE ( 'NONE',  #4371 ) ;
#1321 = DIRECTION ( 'NONE',  ( 0.3826834323650905589, 0.000000000000000000, 0.9238795325112864054 ) ) ;
#1322 = AXIS2_PLACEMENT_3D ( 'NONE', #1486, #3997, #3306 ) ;
#1323 = ADVANCED_FACE ( 'NONE', ( #1310 ), #1968, .F. ) ;
#1324 = ORIENTED_EDGE ( 'NONE', *, *, #3791, .F. ) ;
#1325 = DIRECTION ( 'NONE',  ( 0.000000000000000000, 1.000000000000000000, 0.000000000000000000 ) ) ;
#1326 = ADVANCED_FACE ( 'NONE', ( #4478 ), #4149, .F. ) ;
#1327 = CARTESIAN_POINT ( 'NONE',  ( -38.80294036547413583, 3.299999999999999822, 16.07270415933354357 ) ) ;
#1328 = DIRECTION ( 'NONE',  ( -0.000000000000000000, -1.000000000000000000, -0.000000000000000000 ) ) ;
#1329 = CARTESIAN_POINT ( 'NONE',  ( -42.00844172803885357, 3.500000000000000000, -15.65069189893206492 ) ) ;
#1330 = EDGE_CURVE ( 'NONE', #3043, #4307, #3429, .T. ) ;
#1331 = ORIENTED_EDGE ( 'NONE', *, *, #2912, .T. ) ;
#1332 = CARTESIAN_POINT ( 'NONE',  ( 40.91175181493670721, 6.000000000000000000, -18.82096074681161468 ) ) ;
#1333 = CARTESIAN_POINT ( 'NONE',  ( -11.13693180368812286, 0.000000000000000000, -11.13693180368812286 ) ) ;
#1334 = CARTESIAN_POINT ( 'NONE',  ( 40.77116438497266415, 5.800000000000000711, 18.63774364097945835 ) ) ;
#1335 = EDGE_LOOP ( 'NONE', ( #2638, #3434, #4500, #1155, #1923, #3827 ) ) ;
#1336 = DIRECTION ( 'NONE',  ( -0.7933533402912299470, 0.000000000000000000, 0.6087614290087274282 ) ) ;
#1337 = FACE_BOUND ( 'NONE', #2604, .T. ) ;
#1338 = CARTESIAN_POINT ( 'NONE',  ( -25.00000000000000000, 6.000000000000000000, -2.849999999999999201 ) ) ;
#1339 = ORIENTED_EDGE ( 'NONE', *, *, #1700, .T. ) ;
#1340 = CARTESIAN_POINT ( 'NONE',  ( -13.50766467768798051, 3.500000000000000000, 36.83471634597548672 ) ) ;
#1341 = EDGE_CURVE ( 'NONE', #3800, #1432, #2751, .T. ) ;
#1342 = VERTEX_POINT ( 'NONE', #2318 ) ;
#1343 = CARTESIAN_POINT ( 'NONE',  ( -15.62054816604671181, 6.000000000000000000, -42.23740611107902510 ) ) ;
#1344 = DIRECTION ( 'NONE',  ( -1.000000000000000000, 0.000000000000000000, 0.000000000000000000 ) ) ;
#1345 = DIRECTION ( 'NONE',  ( -0.1305261922200554037, 0.000000000000000000, -0.9914448613738100491 ) ) ;
#1346 = EDGE_CURVE ( 'NONE', #14, #3683, #3439, .T. ) ;
#1347 = AXIS2_PLACEMENT_3D ( 'NONE', #3300, #1549, #1146 ) ;
#1348 = CARTESIAN_POINT ( 'NONE',  ( 38.80294036547414294, 3.299999999999999822, 17.77270415933352865 ) ) ;
#1349 = DIRECTION ( 'NONE',  ( 0.6087614290087274282, -0.000000000000000000, 0.7933533402912299470 ) ) ;
#1350 = ORIENTED_EDGE ( 'NONE', *, *, #110, .F. ) ;
#1351 = DIRECTION ( 'NONE',  ( -0.7933533402912381627, 0.000000000000000000, -0.6087614290087165481 ) ) ;
#1352 = LINE ( 'NONE', #1041, #3316 ) ;
#1353 = ADVANCED_FACE ( 'NONE', ( #201 ), #706, .T. ) ;
#1354 = VECTOR ( 'NONE', #4383, 1000.000000000000000 ) ;
#1355 = ADVANCED_FACE ( 'NONE', ( #2391 ), #778, .T. ) ;
#1356 = CARTESIAN_POINT ( 'NONE',  ( 35.59743900290931862, 5.800000000000000711, -16.49471641973524427 ) ) ;
#1357 = AXIS2_PLACEMENT_3D ( 'NONE', #3807, #3448, #1298 ) ;
#1358 = AXIS2_PLACEMENT_3D ( 'NONE', #992, #2337, #1651 ) ;
#1359 = EDGE_LOOP ( 'NONE', ( #2659, #1232, #3274, #3149 ) ) ;
#1360 = DIRECTION ( 'NONE',  ( 0.6087614290087245417, 0.000000000000000000, -0.7933533402912321675 ) ) ;
#1361 = AXIS2_PLACEMENT_3D ( 'NONE', #2828, #4627, #745 ) ;
#1362 = CARTESIAN_POINT ( 'NONE',  ( -12.99727546421040003, 6.000000000000000888, -40.07682464110554577 ) ) ;
#1363 = ORIENTED_EDGE ( 'NONE', *, *, #716, .F. ) ;
#1364 = CYLINDRICAL_SURFACE ( 'NONE', #4148, 0.2000000000000019262 ) ;
#1365 = LINE ( 'NONE', #3831, #3023 ) ;
#1366 = EDGE_LOOP ( 'NONE', ( #852, #4462, #2379, #2705, #1260, #3725 ) ) ;
#1367 = DIRECTION ( 'NONE',  ( 0.000000000000000000, 0.000000000000000000, 1.000000000000000000 ) ) ;
#1368 = DIRECTION ( 'NONE',  ( 0.000000000000000000, 1.000000000000000000, 0.000000000000000000 ) ) ;
#1369 = DIRECTION ( 'NONE',  ( 0.6087614290087195457, -0.000000000000000000, -0.7933533402912360533 ) ) ;
#1370 = CARTESIAN_POINT ( 'NONE',  ( 13.50766467768772472, 3.500000000000000000, -36.83471634597557909 ) ) ;
#1371 = CARTESIAN_POINT ( 'NONE',  ( -37.47728606933178952, 6.000000000000000000, -19.27311674009859743 ) ) ;
#1372 = VERTEX_POINT ( 'NONE', #288 ) ;
#1373 = EDGE_CURVE ( 'NONE', #982, #14, #4306, .T. ) ;
#1374 = CARTESIAN_POINT ( 'NONE',  ( 19.05975590138105602, 3.500000000000000000, -37.56566302240788247 ) ) ;
#1375 = FACE_OUTER_BOUND ( 'NONE', #2537, .T. ) ;
#1376 = CARTESIAN_POINT ( 'NONE',  ( 11.13693180368816016, 0.000000000000000000, -11.13693180368808378 ) ) ;
#1377 = EDGE_CURVE ( 'NONE', #58, #403, #688, .T. ) ;
#1378 = VERTEX_POINT ( 'NONE', #4619 ) ;
#1379 = EDGE_CURVE ( 'NONE', #4628, #3322, #3152, .T. ) ;
#1380 = DIRECTION ( 'NONE',  ( 1.000000000000000000, -0.000000000000000000, 1.224646799147353207E-16 ) ) ;
#1381 = AXIS2_PLACEMENT_3D ( 'NONE', #23, #346, #1728 ) ;
#1382 = CARTESIAN_POINT ( 'NONE',  ( 16.49471641973511993, 5.800000000000000711, 35.59743900290937546 ) ) ;
#1383 = VERTEX_POINT ( 'NONE', #2525 ) ;
#1384 = EDGE_CURVE ( 'NONE', #868, #3111, #2783, .T. ) ;
#1385 = DIRECTION ( 'NONE',  ( 0.000000000000000000, 0.000000000000000000, 1.000000000000000000 ) ) ;
#1386 = VECTOR ( 'NONE', #1679, 1000.000000000000000 ) ;
#1387 = VECTOR ( 'NONE', #3976, 1000.000000000000000 ) ;
#1388 = VERTEX_POINT ( 'NONE', #2460 ) ;
#1389 = FACE_OUTER_BOUND ( 'NONE', #3440, .T. ) ;
#1390 = DIRECTION ( 'NONE',  ( -0.9914448613738093830, -0.000000000000000000, 0.1305261922200588454 ) ) ;
#1391 = CARTESIAN_POINT ( 'NONE',  ( 16.07270415933366081, 3.299999999999999822, -37.10294036547408325 ) ) ;
#1392 = VECTOR ( 'NONE', #851, 1000.000000000000000 ) ;
#1393 = LINE ( 'NONE', #2275, #3127 ) ;
#1394 = CARTESIAN_POINT ( 'NONE',  ( 18.83603261325437828, 5.800000000000000711, 40.79726962341660368 ) ) ;
#1395 = FACE_OUTER_BOUND ( 'NONE', #1933, .T. ) ;
#1396 = CARTESIAN_POINT ( 'NONE',  ( 35.59743900290931862, 3.500000000000000000, -16.49471641973524783 ) ) ;
#1397 = CIRCLE ( 'NONE', #334, 0.2000000000000005107 ) ;
#1398 = EDGE_CURVE ( 'NONE', #1972, #3518, #3912, .T. ) ;
#1399 = DIRECTION ( 'NONE',  ( 0.000000000000000000, 1.000000000000000000, 0.000000000000000000 ) ) ;
#1400 = ORIENTED_EDGE ( 'NONE', *, *, #1246, .F. ) ;
#1401 = ORIENTED_EDGE ( 'NONE', *, *, #4526, .F. ) ;
#1402 = CARTESIAN_POINT ( 'NONE',  ( 35.36847461986898367, 6.000000000000000000, -16.52486015262105568 ) ) ;
#1403 = EDGE_CURVE ( 'NONE', #4408, #3322, #1315, .T. ) ;
#1404 = CARTESIAN_POINT ( 'NONE',  ( 16.07270415933366081, 0.000000000000000000, -40.30294036547409320 ) ) ;
#1405 = ORIENTED_EDGE ( 'NONE', *, *, #229, .T. ) ;
#1406 = CARTESIAN_POINT ( 'NONE',  ( -16.49471641973537217, 5.800000000000000711, -35.59743900290926177 ) ) ;
#1407 = EDGE_CURVE ( 'NONE', #1822, #2315, #4597, .T. ) ;
#1408 = EDGE_CURVE ( 'NONE', #2735, #2600, #1911, .T. ) ;
#1409 = VERTEX_POINT ( 'NONE', #2480 ) ;
#1410 = DIRECTION ( 'NONE',  ( 0.9238795325112850731, -0.000000000000000000, 0.3826834323650936676 ) ) ;
#1411 = CARTESIAN_POINT ( 'NONE',  ( -40.12859466161648214, 6.000000000000000000, 12.87229157856846484 ) ) ;
#1412 = DIRECTION ( 'NONE',  ( 0.000000000000000000, 1.000000000000000000, 0.000000000000000000 ) ) ;
#1413 = DIRECTION ( 'NONE',  ( 0.7933533402912307242, 0.000000000000000000, -0.6087614290087264290 ) ) ;
#1414 = AXIS2_PLACEMENT_3D ( 'NONE', #2599, #1565, #2201 ) ;
#1415 = FACE_OUTER_BOUND ( 'NONE', #3244, .T. ) ;
#1416 = CARTESIAN_POINT ( 'NONE',  ( 38.80294036547414294, 3.299999999999999822, 16.07270415933352581 ) ) ;
#1417 = CARTESIAN_POINT ( 'NONE',  ( -18.63774364097990599, 3.500000000000000000, -40.77116438497246520 ) ) ;
#1418 = VECTOR ( 'NONE', #3205, 999.9999999999998863 ) ;
#1419 = LINE ( 'NONE', #644, #1759 ) ;
#1420 = ORIENTED_EDGE ( 'NONE', *, *, #1667, .T. ) ;
#1421 = EDGE_LOOP ( 'NONE', ( #3642, #4426, #787, #1559 ) ) ;
#1422 = DIRECTION ( 'NONE',  ( 0.000000000000000000, 0.000000000000000000, 1.000000000000000000 ) ) ;
#1423 = CIRCLE ( 'NONE', #2033, 2.500000000000000444 ) ;
#1424 = CIRCLE ( 'NONE', #437, 0.2000000000000005107 ) ;
#1425 = VECTOR ( 'NONE', #1006, 1000.000000000000227 ) ;
#1426 = DIRECTION ( 'NONE',  ( -0.3826834323650840086, 0.000000000000000000, 0.9238795325112890700 ) ) ;
#1427 = ORIENTED_EDGE ( 'NONE', *, *, #3916, .T. ) ;
#1428 = ORIENTED_EDGE ( 'NONE', *, *, #2799, .T. ) ;
#1429 = DIRECTION ( 'NONE',  ( 0.7933533402912386068, 0.000000000000000000, 0.6087614290087162150 ) ) ;
#1430 = EDGE_CURVE ( 'NONE', #1077, #3683, #1732, .T. ) ;
#1431 = AXIS2_PLACEMENT_3D ( 'NONE', #2927, #1015, #3689 ) ;
#1432 = VERTEX_POINT ( 'NONE', #1772 ) ;
#1433 = PLANE ( 'NONE',  #3135 ) ;
#1434 = FACE_OUTER_BOUND ( 'NONE', #3866, .T. ) ;
#1435 = EDGE_CURVE ( 'NONE', #2819, #41, #1419, .T. ) ;
#1436 = FACE_OUTER_BOUND ( 'NONE', #528, .T. ) ;
#1437 = ADVANCED_FACE ( 'NONE', ( #3177 ), #2839, .F. ) ;
#1438 = DIRECTION ( 'NONE',  ( 0.000000000000000000, 0.000000000000000000, 1.000000000000000000 ) ) ;
#1439 = DIRECTION ( 'NONE',  ( 0.000000000000000000, 1.000000000000000000, 0.000000000000000000 ) ) ;
#1440 = DIRECTION ( 'NONE',  ( 0.000000000000000000, 0.000000000000000000, -1.000000000000000000 ) ) ;
#1441 = LINE ( 'NONE', #3710, #3318 ) ;
#1442 = CARTESIAN_POINT ( 'NONE',  ( -38.80294036547414294, 3.500000000000000000, -16.07270415933352581 ) ) ;
#1443 = ORIENTED_EDGE ( 'NONE', *, *, #1292, .T. ) ;
#1444 = DIRECTION ( 'NONE',  ( 0.000000000000000000, 0.000000000000000000, 1.000000000000000000 ) ) ;
#1445 = DIRECTION ( 'NONE',  ( 0.000000000000000000, -1.000000000000000000, 0.000000000000000000 ) ) ;
#1446 = ORIENTED_EDGE ( 'NONE', *, *, #3114, .T. ) ;
#1447 = LINE ( 'NONE', #2892, #2630 ) ;
#1448 = LINE ( 'NONE', #4339, #2035 ) ;
#1449 = ORIENTED_EDGE ( 'NONE', *, *, #130, .F. ) ;
#1450 = ORIENTED_EDGE ( 'NONE', *, *, #3844, .F. ) ;
#1451 = LINE ( 'NONE', #3591, #1418 ) ;
#1452 = CIRCLE ( 'NONE', #1912, 0.1999999999999987899 ) ;
#1453 = ADVANCED_FACE ( 'NONE', ( #4283 ), #2109, .F. ) ;
#1454 = VECTOR ( 'NONE', #3624, 1000.000000000000000 ) ;
#1455 = EDGE_LOOP ( 'NONE', ( #502, #2349 ) ) ;
#1456 = CARTESIAN_POINT ( 'NONE',  ( 15.65069189893222834, 5.800000000000000711, 42.00844172803878962 ) ) ;
#1457 = EDGE_LOOP ( 'NONE', ( #4534, #3758, #3096, #3197 ) ) ;
#1458 = CARTESIAN_POINT ( 'NONE',  ( 18.63774364097961467, 3.500000000000000000, 40.77116438497259310 ) ) ;
#1459 = DIRECTION ( 'NONE',  ( 0.000000000000000000, 0.000000000000000000, 1.000000000000000000 ) ) ;
#1460 = CIRCLE ( 'NONE', #704, 2.500000000000000444 ) ;
#1461 = EDGE_CURVE ( 'NONE', #144, #128, #2512, .T. ) ;
#1462 = ORIENTED_EDGE ( 'NONE', *, *, #2939, .T. ) ;
#1463 = FACE_OUTER_BOUND ( 'NONE', #2864, .T. ) ;
#1464 = DIRECTION ( 'NONE',  ( 0.000000000000000000, 0.000000000000000000, 1.000000000000000000 ) ) ;
#1465 = AXIS2_PLACEMENT_3D ( 'NONE', #3722, #809, #4080 ) ;
#1466 = CIRCLE ( 'NONE', #2889, 1.500000000000004885 ) ;
#1467 = VECTOR ( 'NONE', #1160, 1000.000000000000000 ) ;
#1468 = EDGE_CURVE ( 'NONE', #1388, #244, #3194, .T. ) ;
#1469 = PLANE ( 'NONE',  #940 ) ;
#1470 = ORIENTED_EDGE ( 'NONE', *, *, #4539, .F. ) ;
#1471 = DIRECTION ( 'NONE',  ( 0.000000000000000000, 1.000000000000000000, 0.000000000000000000 ) ) ;
#1472 = CARTESIAN_POINT ( 'NONE',  ( -25.00000000000000000, 5.700000000000000178, 2.849999999999999201 ) ) ;
#1473 = ORIENTED_EDGE ( 'NONE', *, *, #564, .F. ) ;
#1474 = DIRECTION ( 'NONE',  ( -0.6087614290087248747, 0.000000000000000000, -0.7933533402912319454 ) ) ;
#1475 = LINE ( 'NONE', #2556, #1159 ) ;
#1476 = EDGE_LOOP ( 'NONE', ( #1853, #1272, #4130, #1073 ) ) ;
#1477 = EDGE_LOOP ( 'NONE', ( #2152, #1756, #3227, #775 ) ) ;
#1478 = CARTESIAN_POINT ( 'NONE',  ( -19.05975590138131892, 5.800000000000000711, 37.56566302240774746 ) ) ;
#1479 = VERTEX_POINT ( 'NONE', #4331 ) ;
#1480 = CARTESIAN_POINT ( 'NONE',  ( -25.00000000000000000, 2.500000000000000000, 2.549999999999999378 ) ) ;
#1481 = ORIENTED_EDGE ( 'NONE', *, *, #2105, .T. ) ;
#1482 = DIRECTION ( 'NONE',  ( 0.1305261922200517122, 0.000000000000000000, -0.9914448613738103822 ) ) ;
#1483 =( BOUNDED_CURVE ( )  B_SPLINE_CURVE ( 3, ( #2658, #2992, #3276, #4389 ),
 .UNSPECIFIED., .F., .F. ) 
 B_SPLINE_CURVE_WITH_KNOTS ( ( 4, 4 ),
 ( 1.570796326794897668, 3.141592653589793116 ),
 .UNSPECIFIED. ) 
 CURVE ( )  GEOMETRIC_REPRESENTATION_ITEM ( )  RATIONAL_B_SPLINE_CURVE ( ( 1.000000000000000000, 0.8047378541243652705, 0.8047378541243652705, 1.000000000000000000 ) ) 
 REPRESENTATION_ITEM ( '' )  );
#1484 = EDGE_CURVE ( 'NONE', #1571, #470, #1091, .T. ) ;
#1485 = ORIENTED_EDGE ( 'NONE', *, *, #2105, .F. ) ;
#1486 = CARTESIAN_POINT ( 'NONE',  ( -11.13693180368812286, 6.000000000000000000, -11.13693180368812286 ) ) ;
#1487 = CARTESIAN_POINT ( 'NONE',  ( -12.96390013148481657, 6.000000000000000000, -40.19888837659843972 ) ) ;
#1488 = EDGE_CURVE ( 'NONE', #1969, #4075, #2621, .T. ) ;
#1489 = EDGE_CURVE ( 'NONE', #2754, #3751, #259, .T. ) ;
#1490 = VECTOR ( 'NONE', #1188, 1000.000000000000000 ) ;
#1491 = DIRECTION ( 'NONE',  ( 0.3826834323650840086, 0.000000000000000000, -0.9238795325112890700 ) ) ;
#1492 = ORIENTED_EDGE ( 'NONE', *, *, #1057, .F. ) ;
#1493 = CARTESIAN_POINT ( 'NONE',  ( -38.80294036547413583, 3.299999999999999822, 16.07270415933354357 ) ) ;
#1494 = FACE_OUTER_BOUND ( 'NONE', #3388, .T. ) ;
#1495 = ORIENTED_EDGE ( 'NONE', *, *, #597, .T. ) ;
#1496 = FACE_OUTER_BOUND ( 'NONE', #2054, .T. ) ;
#1497 = EDGE_CURVE ( 'NONE', #560, #1409, #4002, .T. ) ;
#1498 = ADVANCED_FACE ( 'NONE', ( #1846 ), #3627, .F. ) ;
#1499 = DIRECTION ( 'NONE',  ( -0.7933533402912339438, 0.000000000000000000, -0.6087614290087222102 ) ) ;
#1500 = VERTEX_POINT ( 'NONE', #830 ) ;
#1501 = ORIENTED_EDGE ( 'NONE', *, *, #994, .F. ) ;
#1502 = DIRECTION ( 'NONE',  ( 0.000000000000000000, 0.000000000000000000, 1.000000000000000000 ) ) ;
#1503 = VECTOR ( 'NONE', #1542, 1000.000000000000114 ) ;
#1504 = ORIENTED_EDGE ( 'NONE', *, *, #2388, .F. ) ;
#1505 = CYLINDRICAL_SURFACE ( 'NONE', #2602, 0.1999999999999992617 ) ;
#1506 = EDGE_LOOP ( 'NONE', ( #1100, #3832, #4546, #2162 ) ) ;
#1507 = CARTESIAN_POINT ( 'NONE',  ( 38.80294036547402925, 3.299999999999999822, -14.37270415933380718 ) ) ;
#1508 = AXIS2_PLACEMENT_3D ( 'NONE', #1417, #2500, #3950 ) ;
#1509 = VECTOR ( 'NONE', #258, 1000.000000000000114 ) ;
#1510 = ORIENTED_EDGE ( 'NONE', *, *, #2049, .T. ) ;
#1511 = DIRECTION ( 'NONE',  ( -0.000000000000000000, -1.000000000000000000, -0.000000000000000000 ) ) ;
#1512 = DIRECTION ( 'NONE',  ( 0.000000000000000000, 0.000000000000000000, 1.000000000000000000 ) ) ;
#1513 = ADVANCED_FACE ( 'NONE', ( #1211 ), #2648, .T. ) ;
#1514 = CARTESIAN_POINT ( 'NONE',  ( 11.13693180368812286, 5.800000000000000711, 11.13693180368812286 ) ) ;
#1515 = ORIENTED_EDGE ( 'NONE', *, *, #800, .F. ) ;
#1516 = CARTESIAN_POINT ( 'NONE',  ( -38.80294036547414294, 3.500000000000000000, -14.37270415933352297 ) ) ;
#1517 = DIRECTION ( 'NONE',  ( 0.000000000000000000, 0.000000000000000000, 1.000000000000000000 ) ) ;
#1518 = EDGE_LOOP ( 'NONE', ( #3723, #1592, #2334, #1760 ) ) ;
#1519 = CARTESIAN_POINT ( 'NONE',  ( 13.08565241728626916, 3.500000000000000000, -40.04021770854027551 ) ) ;
#1520 = ADVANCED_FACE ( 'NONE', ( #3309 ), #2297, .T. ) ;
#1521 = FACE_OUTER_BOUND ( 'NONE', #2566, .T. ) ;
#1522 = EDGE_CURVE ( 'NONE', #1989, #3654, #215, .T. ) ;
#1523 = ORIENTED_EDGE ( 'NONE', *, *, #1865, .F. ) ;
#1524 = ORIENTED_EDGE ( 'NONE', *, *, #15, .F. ) ;
#1525 = CARTESIAN_POINT ( 'NONE',  ( -16.07270415933393082, 3.299999999999999822, 40.50294036547398235 ) ) ;
#1526 = EDGE_CURVE ( 'NONE', #4125, #1881, #3431, .T. ) ;
#1527 = ORIENTED_EDGE ( 'NONE', *, *, #3815, .T. ) ;
#1528 = FACE_OUTER_BOUND ( 'NONE', #3370, .T. ) ;
#1529 = ORIENTED_EDGE ( 'NONE', *, *, #1522, .F. ) ;
#1530 = DIRECTION ( 'NONE',  ( -1.000000000000000000, 0.000000000000000000, 0.000000000000000000 ) ) ;
#1531 = CARTESIAN_POINT ( 'NONE',  ( 12.87229157856860695, 6.000000000000000000, 40.12859466161643951 ) ) ;
#1532 = AXIS2_PLACEMENT_3D ( 'NONE', #538, #3145, #3812 ) ;
#1533 = ORIENTED_EDGE ( 'NONE', *, *, #3570, .F. ) ;
#1534 = CARTESIAN_POINT ( 'NONE',  ( 16.61646870553686028, 6.000000000000000000, -35.43876833485113309 ) ) ;
#1535 = VECTOR ( 'NONE', #2428, 1000.000000000000114 ) ;
#1536 = VECTOR ( 'NONE', #3218, 1000.000000000000000 ) ;
#1537 = CARTESIAN_POINT ( 'NONE',  ( 38.80294036547402925, 3.299999999999999822, -16.07270415933381003 ) ) ;
#1538 = ORIENTED_EDGE ( 'NONE', *, *, #2422, .T. ) ;
#1539 = DIRECTION ( 'NONE',  ( 0.000000000000000000, 1.000000000000000000, 0.000000000000000000 ) ) ;
#1540 = FACE_OUTER_BOUND ( 'NONE', #1995, .T. ) ;
#1541 = ORIENTED_EDGE ( 'NONE', *, *, #1299, .F. ) ;
#1542 = DIRECTION ( 'NONE',  ( 0.9238795325112850731, -0.000000000000000000, -0.3826834323650937786 ) ) ;
#1543 = EDGE_CURVE ( 'NONE', #1571, #1646, #4398, .T. ) ;
#1544 = VECTOR ( 'NONE', #2219, 1000.000000000000114 ) ;
#1545 = DIRECTION ( 'NONE',  ( -0.000000000000000000, 1.000000000000000000, -0.000000000000000000 ) ) ;
#1546 = EDGE_LOOP ( 'NONE', ( #1963, #1827, #4109, #1563 ) ) ;
#1547 = VECTOR ( 'NONE', #2806, 1000.000000000000114 ) ;
#1548 = ORIENTED_EDGE ( 'NONE', *, *, #2422, .F. ) ;
#1549 = DIRECTION ( 'NONE',  ( 1.000000000000000000, -0.000000000000000000, 1.224646799147353207E-16 ) ) ;
#1550 = EDGE_CURVE ( 'NONE', #2600, #269, #3266, .T. ) ;
#1551 = AXIS2_PLACEMENT_3D ( 'NONE', #456, #132, #1928 ) ;
#1552 = ORIENTED_EDGE ( 'NONE', *, *, #354, .F. ) ;
#1553 = DIRECTION ( 'NONE',  ( 0.000000000000000000, 0.000000000000000000, 1.000000000000000000 ) ) ;
#1554 = ORIENTED_EDGE ( 'NONE', *, *, #4218, .F. ) ;
#1555 = DIRECTION ( 'NONE',  ( 0.000000000000000000, 1.000000000000000000, 0.000000000000000000 ) ) ;
#1556 = CARTESIAN_POINT ( 'NONE',  ( -15.65069189893253032, 5.917157287525380838, -42.00844172803869014 ) ) ;
#1557 = EDGE_CURVE ( 'NONE', #544, #3767, #693, .T. ) ;
#1558 = ADVANCED_FACE ( 'NONE', ( #465 ), #94, .T. ) ;
#1559 = ORIENTED_EDGE ( 'NONE', *, *, #4182, .F. ) ;
#1560 = CARTESIAN_POINT ( 'NONE',  ( -42.00844172803884646, 5.800000000000000711, 15.65069189893208268 ) ) ;
#1561 = CARTESIAN_POINT ( 'NONE',  ( 0.000000000000000000, 5.599999999999999645, -48.00000000000000711 ) ) ;
#1562 = DIRECTION ( 'NONE',  ( -0.6087614290087222102, 0.000000000000000000, 0.7933533402912339438 ) ) ;
#1563 = ORIENTED_EDGE ( 'NONE', *, *, #1197, .F. ) ;
#1564 = DIRECTION ( 'NONE',  ( 0.000000000000000000, 1.000000000000000000, 0.000000000000000000 ) ) ;
#1565 = DIRECTION ( 'NONE',  ( 0.6087614290087166591, 0.000000000000000000, -0.7933533402912382737 ) ) ;
#1566 = ORIENTED_EDGE ( 'NONE', *, *, #4185, .T. ) ;
#1567 = CARTESIAN_POINT ( 'NONE',  ( 35.43876833485118283, 6.000000000000000000, 16.61646870553673239 ) ) ;
#1568 = AXIS2_PLACEMENT_3D ( 'NONE', #1472, #1094, #3828 ) ;
#1569 = CARTESIAN_POINT ( 'NONE',  ( 16.07270415933366081, 0.000000000000000000, -37.30294036547408609 ) ) ;
#1570 = EDGE_LOOP ( 'NONE', ( #3305, #2304 ) ) ;
#1571 = VERTEX_POINT ( 'NONE', #1913 ) ;
#1572 =( BOUNDED_CURVE ( )  B_SPLINE_CURVE ( 3, ( #3747, #3771, #906, #242 ),
 .UNSPECIFIED., .F., .F. ) 
 B_SPLINE_CURVE_WITH_KNOTS ( ( 4, 4 ),
 ( 3.141592653589793116, 4.712388980384689674 ),
 .UNSPECIFIED. ) 
 CURVE ( )  GEOMETRIC_REPRESENTATION_ITEM ( )  RATIONAL_B_SPLINE_CURVE ( ( 1.000000000000000000, 0.8047378541243649375, 0.8047378541243649375, 1.000000000000000000 ) ) 
 REPRESENTATION_ITEM ( '' )  );
#1573 = DIRECTION ( 'NONE',  ( 0.000000000000000000, -1.000000000000000000, 0.000000000000000000 ) ) ;
#1574 = VERTEX_POINT ( 'NONE', #779 ) ;
#1575 = DIRECTION ( 'NONE',  ( -0.000000000000000000, -1.000000000000000000, -0.000000000000000000 ) ) ;
#1576 = ORIENTED_EDGE ( 'NONE', *, *, #1060, .F. ) ;
#1577 = CARTESIAN_POINT ( 'NONE',  ( -38.80294036547413583, 3.299999999999999822, 17.57270415933354712 ) ) ;
#1578 = DIRECTION ( 'NONE',  ( 0.1305261922200447455, 0.000000000000000000, -0.9914448613738112703 ) ) ;
#1579 = VECTOR ( 'NONE', #1165, 1000.000000000000114 ) ;
#1580 = ADVANCED_FACE ( 'NONE', ( #4425 ), #1469, .F. ) ;
#1581 = AXIS2_PLACEMENT_3D ( 'NONE', #160, #90, #3024 ) ;
#1582 = EDGE_LOOP ( 'NONE', ( #689, #1307 ) ) ;
#1583 = VECTOR ( 'NONE', #2507, 1000.000000000000000 ) ;
#1584 = DIRECTION ( 'NONE',  ( 0.3826834323650906144, -0.000000000000000000, 0.9238795325112865164 ) ) ;
#1585 = EDGE_CURVE ( 'NONE', #817, #1372, #48, .T. ) ;
#1586 = VECTOR ( 'NONE', #2423, 1000.000000000000000 ) ;
#1587 = DIRECTION ( 'NONE',  ( 0.9238795325112877377, -0.000000000000000000, -0.3826834323650875058 ) ) ;
#1588 = EDGE_CURVE ( 'NONE', #499, #2974, #2569, .T. ) ;
#1589 = VERTEX_POINT ( 'NONE', #3676 ) ;
#1590 = CARTESIAN_POINT ( 'NONE',  ( -13.32444757185612794, 6.000000000000000000, 36.69412891601130866 ) ) ;
#1591 = CARTESIAN_POINT ( 'NONE',  ( 16.07270415933366081, 3.500000000000000000, -40.50294036547409604 ) ) ;
#1592 = ORIENTED_EDGE ( 'NONE', *, *, #3076, .T. ) ;
#1593 = CARTESIAN_POINT ( 'NONE',  ( 40.77116438497266415, 3.500000000000000000, 18.63774364097945835 ) ) ;
#1594 = LINE ( 'NONE', #4575, #323 ) ;
#1595 = ORIENTED_EDGE ( 'NONE', *, *, #3109, .T. ) ;
#1596 = EDGE_LOOP ( 'NONE', ( #433, #3296, #2994, #843 ) ) ;
#1597 = DIRECTION ( 'NONE',  ( -0.9914448613738103822, 0.000000000000000000, -0.1305261922200515456 ) ) ;
#1598 = ORIENTED_EDGE ( 'NONE', *, *, #155, .F. ) ;
#1599 = DIRECTION ( 'NONE',  ( -0.3826834323650831760, 0.000000000000000000, 0.9238795325112894030 ) ) ;
#1600 = ORIENTED_EDGE ( 'NONE', *, *, #3258, .T. ) ;
#1601 = DIRECTION ( 'NONE',  ( 0.9238795325112865164, 0.000000000000000000, -0.3826834323650906144 ) ) ;
#1602 = FACE_OUTER_BOUND ( 'NONE', #3730, .T. ) ;
#1603 = EDGE_CURVE ( 'NONE', #4082, #3654, #218, .T. ) ;
#1604 = ORIENTED_EDGE ( 'NONE', *, *, #4248, .F. ) ;
#1605 = DIRECTION ( 'NONE',  ( 0.000000000000000000, 0.000000000000000000, -1.000000000000000000 ) ) ;
#1606 = CIRCLE ( 'NONE', #3345, 0.3999999999999975797 ) ;
#1607 = EDGE_CURVE ( 'NONE', #860, #466, #3742, .T. ) ;
#1608 = DIRECTION ( 'NONE',  ( -0.1305261922200515456, 0.000000000000000000, 0.9914448613738103822 ) ) ;
#1609 = DIRECTION ( 'NONE',  ( -0.9914448613738093830, 0.000000000000000000, 0.1305261922200588454 ) ) ;
#1610 = EDGE_LOOP ( 'NONE', ( #1319, #2984, #1921, #1200 ) ) ;
#1611 = LINE ( 'NONE', #975, #2366 ) ;
#1612 = ORIENTED_EDGE ( 'NONE', *, *, #3286, .T. ) ;
#1613 = DIRECTION ( 'NONE',  ( 0.000000000000000000, 1.000000000000000000, 0.000000000000000000 ) ) ;
#1614 = EDGE_CURVE ( 'NONE', #1409, #868, #3406, .T. ) ;
#1615 = AXIS2_PLACEMENT_3D ( 'NONE', #3037, #978, #523 ) ;
#1616 = CARTESIAN_POINT ( 'NONE',  ( 13.50766467768773538, 3.500000000000000000, 36.83471634597557909 ) ) ;
#1617 = VERTEX_POINT ( 'NONE', #3433 ) ;
#1618 = EDGE_LOOP ( 'NONE', ( #3809, #870, #1600, #4668 ) ) ;
#1619 = CARTESIAN_POINT ( 'NONE',  ( 15.65069189893221413, 5.800000000000000711, -42.00844172803879673 ) ) ;
#1620 = AXIS2_PLACEMENT_3D ( 'NONE', #1873, #3320, #81 ) ;
#1621 = VECTOR ( 'NONE', #2724, 1000.000000000000227 ) ;
#1622 = FACE_OUTER_BOUND ( 'NONE', #2158, .T. ) ;
#1623 = DIRECTION ( 'NONE',  ( -0.9238795325112878487, 0.000000000000000000, -0.3826834323650872838 ) ) ;
#1624 = ORIENTED_EDGE ( 'NONE', *, *, #2856, .F. ) ;
#1625 = DIRECTION ( 'NONE',  ( 0.000000000000000000, 0.000000000000000000, 1.000000000000000000 ) ) ;
#1626 = CARTESIAN_POINT ( 'NONE',  ( 16.49471641973511993, 5.917157287525380838, 35.59743900290936836 ) ) ;
#1627 = EDGE_LOOP ( 'NONE', ( #4432, #498, #1001, #1167 ) ) ;
#1628 = LINE ( 'NONE', #3097, #1922 ) ;
#1629 = CARTESIAN_POINT ( 'NONE',  ( -16.50720236271721575, 6.000000000000000000, 35.50259885015356787 ) ) ;
#1630 = FACE_OUTER_BOUND ( 'NONE', #418, .T. ) ;
#1631 = CARTESIAN_POINT ( 'NONE',  ( 13.50766467768772472, 3.500000000000000000, -36.83471634597557909 ) ) ;
#1632 = CARTESIAN_POINT ( 'NONE',  ( 36.83471634597562883, 5.800000000000000711, 13.50766467768759682 ) ) ;
#1633 = ORIENTED_EDGE ( 'NONE', *, *, #1639, .T. ) ;
#1634 = DIRECTION ( 'NONE',  ( 0.000000000000000000, -1.000000000000000000, 0.000000000000000000 ) ) ;
#1635 = ORIENTED_EDGE ( 'NONE', *, *, #2360, .F. ) ;
#1636 = CARTESIAN_POINT ( 'NONE',  ( 16.50720236271697061, 6.000000000000000000, -35.50259885015368155 ) ) ;
#1637 =( BOUNDED_CURVE ( )  B_SPLINE_CURVE ( 3, ( #333, #2418, #1736, #3250 ),
 .UNSPECIFIED., .F., .F. ) 
 B_SPLINE_CURVE_WITH_KNOTS ( ( 4, 4 ),
 ( 1.570796326794896558, 3.141592653589793116 ),
 .UNSPECIFIED. ) 
 CURVE ( )  GEOMETRIC_REPRESENTATION_ITEM ( )  RATIONAL_B_SPLINE_CURVE ( ( 1.000000000000000000, 0.8047378541243649375, 0.8047378541243649375, 1.000000000000000000 ) ) 
 REPRESENTATION_ITEM ( '' )  );
#1638 = ORIENTED_EDGE ( 'NONE', *, *, #2667, .F. ) ;
#1639 = EDGE_CURVE ( 'NONE', #1043, #1028, #3101, .T. ) ;
#1640 = ORIENTED_EDGE ( 'NONE', *, *, #1110, .F. ) ;
#1641 = EDGE_CURVE ( 'NONE', #4075, #4146, #1656, .T. ) ;
#1642 = CARTESIAN_POINT ( 'NONE',  ( 38.80294036547402925, 0.000000000000000000, -16.07270415933381003 ) ) ;
#1643 = TOROIDAL_SURFACE ( 'NONE', #2167, 1.700000000000004174, 0.2000000000000000111 ) ;
#1644 = ORIENTED_EDGE ( 'NONE', *, *, #1292, .F. ) ;
#1645 = CARTESIAN_POINT ( 'NONE',  ( -40.04021770854032525, 3.500000000000000000, 13.08565241728613948 ) ) ;
#1646 = VERTEX_POINT ( 'NONE', #4143 ) ;
#1647 = DIRECTION ( 'NONE',  ( 1.000000000000000000, 0.000000000000000000, 4.625929269271470334E-15 ) ) ;
#1648 = CARTESIAN_POINT ( 'NONE',  ( 35.59743900290931862, 3.500000000000000000, -16.49471641973524783 ) ) ;
#1649 = ORIENTED_EDGE ( 'NONE', *, *, #572, .F. ) ;
#1650 = CYLINDRICAL_SURFACE ( 'NONE', #1168, 1.500000000000001332 ) ;
#1651 = DIRECTION ( 'NONE',  ( 0.000000000000000000, 0.000000000000000000, -1.000000000000000000 ) ) ;
#1652 = FILL_AREA_STYLE ('',( #2722 ) ) ;
#1653 = CIRCLE ( 'NONE', #3850, 2.700000000000001066 ) ;
#1654 = VECTOR ( 'NONE', #4099, 1000.000000000000227 ) ;
#1655 = FACE_OUTER_BOUND ( 'NONE', #4358, .T. ) ;
#1656 = LINE ( 'NONE', #879, #1392 ) ;
#1657 = ORIENTED_EDGE ( 'NONE', *, *, #1780, .T. ) ;
#1658 = EDGE_LOOP ( 'NONE', ( #2293, #2025, #3464, #2946 ) ) ;
#1659 = CARTESIAN_POINT ( 'NONE',  ( -40.04021770854032525, 5.800000000000000711, -13.08565241728612882 ) ) ;
#1660 = AXIS2_PLACEMENT_3D ( 'NONE', #1648, #2076, #1321 ) ;
#1661 = AXIS2_PLACEMENT_3D ( 'NONE', #4277, #2878, #1106 ) ;
#1662 = EDGE_CURVE ( 'NONE', #112, #769, #3839, .T. ) ;
#1663 = DIRECTION ( 'NONE',  ( -0.3826834323650875058, 0.000000000000000000, -0.9238795325112877377 ) ) ;
#1664 =( BOUNDED_CURVE ( )  B_SPLINE_CURVE ( 3, ( #3524, #277, #1718, #3567 ),
 .UNSPECIFIED., .F., .F. ) 
 B_SPLINE_CURVE_WITH_KNOTS ( ( 4, 4 ),
 ( 1.570796326794897668, 3.141592653589793116 ),
 .UNSPECIFIED. ) 
 CURVE ( )  GEOMETRIC_REPRESENTATION_ITEM ( )  RATIONAL_B_SPLINE_CURVE ( ( 1.000000000000000000, 0.8047378541243652705, 0.8047378541243652705, 1.000000000000000000 ) ) 
 REPRESENTATION_ITEM ( '' )  );
#1665 = ORIENTED_EDGE ( 'NONE', *, *, #1674, .T. ) ;
#1666 = DIRECTION ( 'NONE',  ( 0.000000000000000000, 0.000000000000000000, 1.000000000000000000 ) ) ;
#1667 = EDGE_CURVE ( 'NONE', #2887, #1388, #194, .T. ) ;
#1668 = EDGE_CURVE ( 'NONE', #575, #269, #3060, .T. ) ;
#1669 = VERTEX_POINT ( 'NONE', #3078 ) ;
#1670 = CARTESIAN_POINT ( 'NONE',  ( -11.13693180368823832, 5.800000000000000711, 13.63693180368800562 ) ) ;
#1671 = ORIENTED_EDGE ( 'NONE', *, *, #3608, .F. ) ;
#1672 = CARTESIAN_POINT ( 'NONE',  ( 19.05975590138106313, 3.500000000000000000, 37.56566302240787536 ) ) ;
#1673 = DIRECTION ( 'NONE',  ( 0.7071067811865480168, 0.000000000000000000, -0.7071067811865469066 ) ) ;
#1674 = EDGE_CURVE ( 'NONE', #3762, #3343, #1282, .T. ) ;
#1675 = ORIENTED_EDGE ( 'NONE', *, *, #3755, .F. ) ;
#1676 = DIRECTION ( 'NONE',  ( -0.000000000000000000, 1.000000000000000000, 0.000000000000000000 ) ) ;
#1677 = LINE ( 'NONE', #2766, #2866 ) ;
#1678 = DIRECTION ( 'NONE',  ( 0.000000000000000000, -1.000000000000000000, 0.000000000000000000 ) ) ;
#1679 = DIRECTION ( 'NONE',  ( -0.000000000000000000, 1.000000000000000000, -0.000000000000000000 ) ) ;
#1680 = DIRECTION ( 'NONE',  ( 0.000000000000000000, 0.000000000000000000, -1.000000000000000000 ) ) ;
#1681 = ORIENTED_EDGE ( 'NONE', *, *, #4349, .F. ) ;
#1682 = LINE ( 'NONE', #2362, #3736 ) ;
#1683 = DIRECTION ( 'NONE',  ( 0.9914448613738093830, 0.000000000000000000, -0.1305261922200588176 ) ) ;
#1684 = AXIS2_PLACEMENT_3D ( 'NONE', #1139, #4025, #832 ) ;
#1685 = VECTOR ( 'NONE', #3453, 999.9999999999998863 ) ;
#1686 = DIRECTION ( 'NONE',  ( 0.000000000000000000, 0.000000000000000000, 1.000000000000000000 ) ) ;
#1687 = EDGE_LOOP ( 'NONE', ( #1825, #105, #4157, #2439 ) ) ;
#1688 = DIRECTION ( 'NONE',  ( -0.9914448613738093830, 0.000000000000000000, -0.1305261922200583735 ) ) ;
#1689 = EDGE_CURVE ( 'NONE', #337, #1500, #2292, .T. ) ;
#1690 = VECTOR ( 'NONE', #1815, 1000.000000000000227 ) ;
#1691 = AXIS2_PLACEMENT_3D ( 'NONE', #1442, #308, #1749 ) ;
#1692 = DIRECTION ( 'NONE',  ( -0.000000000000000000, 1.000000000000000000, -0.000000000000000000 ) ) ;
#1693 = DIRECTION ( 'NONE',  ( 0.000000000000000000, 0.000000000000000000, 1.000000000000000000 ) ) ;
#1694 = ORIENTED_EDGE ( 'NONE', *, *, #4068, .T. ) ;
#1695 = DIRECTION ( 'NONE',  ( -0.7933533402912319454, 0.000000000000000000, 0.6087614290087247637 ) ) ;
#1696 = CARTESIAN_POINT ( 'NONE',  ( -35.59743900290943230, 5.917157287525380838, -16.49471641973498848 ) ) ;
#1697 = ORIENTED_EDGE ( 'NONE', *, *, #155, .T. ) ;
#1698 = CARTESIAN_POINT ( 'NONE',  ( 35.59743900290943941, 3.500000000000000000, 16.49471641973498848 ) ) ;
#1699 = CARTESIAN_POINT ( 'NONE',  ( -16.49471641973536151, 5.800000000000000711, 35.59743900290926177 ) ) ;
#1700 = EDGE_CURVE ( 'NONE', #1907, #3636, #4167, .T. ) ;
#1701 =( LENGTH_UNIT ( ) NAMED_UNIT ( * ) SI_UNIT ( .MILLI., .METRE. ) );
#1702 = AXIS2_PLACEMENT_3D ( 'NONE', #4442, #1584, #3833 ) ;
#1703 = EDGE_CURVE ( 'NONE', #4365, #2302, #3740, .T. ) ;
#1704 = CARTESIAN_POINT ( 'NONE',  ( -19.05975590138132958, 5.800000000000000711, -37.56566302240774036 ) ) ;
#1705 = DIRECTION ( 'NONE',  ( -0.000000000000000000, -1.000000000000000000, -0.000000000000000000 ) ) ;
#1706 = VERTEX_POINT ( 'NONE', #567 ) ;
#1707 = DIRECTION ( 'NONE',  ( -0.000000000000000000, 1.000000000000000000, -0.000000000000000000 ) ) ;
#1708 = DIRECTION ( 'NONE',  ( 0.9238795325112850731, -0.000000000000000000, 0.3826834323650936676 ) ) ;
#1709 = CARTESIAN_POINT ( 'NONE',  ( -13.08565241728654982, 5.800000000000000711, 40.04021770854019024 ) ) ;
#1710 = ORIENTED_EDGE ( 'NONE', *, *, #3761, .F. ) ;
#1711 = ORIENTED_EDGE ( 'NONE', *, *, #4680, .T. ) ;
#1712 = DIRECTION ( 'NONE',  ( 0.000000000000000000, 0.000000000000000000, 1.000000000000000000 ) ) ;
#1713 = ORIENTED_EDGE ( 'NONE', *, *, #2501, .F. ) ;
#1714 = FACE_OUTER_BOUND ( 'NONE', #2451, .T. ) ;
#1715 = LINE ( 'NONE', #2804, #4005 ) ;
#1716 = CIRCLE ( 'NONE', #1788, 2.500000000000000444 ) ;
#1717 = ORIENTED_EDGE ( 'NONE', *, *, #4291, .T. ) ;
#1718 = CARTESIAN_POINT ( 'NONE',  ( 15.65069189893221413, 5.917157287525381726, -42.00844172803879673 ) ) ;
#1719 = LINE ( 'NONE', #279, #2555 ) ;
#1720 = DIRECTION ( 'NONE',  ( 0.000000000000000000, 0.000000000000000000, -1.000000000000000000 ) ) ;
#1721 =( BOUNDED_CURVE ( )  B_SPLINE_CURVE ( 3, ( #1659, #3842, #3105, #3461 ),
 .UNSPECIFIED., .F., .F. ) 
 B_SPLINE_CURVE_WITH_KNOTS ( ( 4, 4 ),
 ( 3.141592653589793116, 4.712388980384689674 ),
 .UNSPECIFIED. ) 
 CURVE ( )  GEOMETRIC_REPRESENTATION_ITEM ( )  RATIONAL_B_SPLINE_CURVE ( ( 1.000000000000000000, 0.8047378541243649375, 0.8047378541243649375, 1.000000000000000000 ) ) 
 REPRESENTATION_ITEM ( '' )  );
#1722 = EDGE_CURVE ( 'NONE', #3518, #494, #2038, .T. ) ;
#1723 = EDGE_CURVE ( 'NONE', #2319, #3996, #819, .T. ) ;
#1724 = VECTOR ( 'NONE', #4556, 1000.000000000000000 ) ;
#1725 = DIRECTION ( 'NONE',  ( 0.000000000000000000, 1.000000000000000000, 0.000000000000000000 ) ) ;
#1726 = CARTESIAN_POINT ( 'NONE',  ( -11.13693180368812286, 6.000000000000000000, -8.436931803688121789 ) ) ;
#1727 = VERTEX_POINT ( 'NONE', #516 ) ;
#1728 = DIRECTION ( 'NONE',  ( 0.000000000000000000, 0.000000000000000000, 1.000000000000000000 ) ) ;
#1729 = DIRECTION ( 'NONE',  ( 0.000000000000000000, 0.000000000000000000, 1.000000000000000000 ) ) ;
#1730 = AXIS2_PLACEMENT_3D ( 'NONE', #3562, #311, #1712 ) ;
#1731 = ADVANCED_FACE ( 'NONE', ( #239 ), #2359, .F. ) ;
#1732 = LINE ( 'NONE', #3891, #1387 ) ;
#1733 = VECTOR ( 'NONE', #2308, 1000.000000000000114 ) ;
#1734 = VECTOR ( 'NONE', #3234, 1000.000000000000114 ) ;
#1735 = ORIENTED_EDGE ( 'NONE', *, *, #3663, .F. ) ;
#1736 = CARTESIAN_POINT ( 'NONE',  ( -40.77116438497266415, 5.917157287525380838, 18.63774364097947611 ) ) ;
#1737 = LINE ( 'NONE', #1027, #2635 ) ;
#1738 = VERTEX_POINT ( 'NONE', #1329 ) ;
#1739 = CARTESIAN_POINT ( 'NONE',  ( 35.59743900290943941, 3.500000000000000000, 16.49471641973498848 ) ) ;
#1740 =( NAMED_UNIT ( * ) PLANE_ANGLE_UNIT ( ) SI_UNIT ( $, .RADIAN. ) );
#1741 = ORIENTED_EDGE ( 'NONE', *, *, #4243, .F. ) ;
#1742 = DIRECTION ( 'NONE',  ( 0.000000000000000000, 0.000000000000000000, 1.000000000000000000 ) ) ;
#1743 = DIRECTION ( 'NONE',  ( -0.9914448613738086058, 0.000000000000000000, 0.1305261922200649238 ) ) ;
#1744 = DIRECTION ( 'NONE',  ( -0.3826834323650906144, 0.000000000000000000, -0.9238795325112862944 ) ) ;
#1745 = CARTESIAN_POINT ( 'NONE',  ( 40.12859466161639688, 6.000000000000000000, -12.87229157856874728 ) ) ;
#1746 = CARTESIAN_POINT ( 'NONE',  ( 42.00844172803885357, 3.500000000000000000, 15.65069189893206492 ) ) ;
#1747 = DIRECTION ( 'NONE',  ( 0.000000000000000000, 1.000000000000000000, 0.000000000000000000 ) ) ;
#1748 = ADVANCED_FACE ( 'NONE', ( #3766 ), #2697, .F. ) ;
#1749 = DIRECTION ( 'NONE',  ( 0.000000000000000000, 0.000000000000000000, 1.000000000000000000 ) ) ;
#1750 = ORIENTED_EDGE ( 'NONE', *, *, #508, .T. ) ;
#1751 = VERTEX_POINT ( 'NONE', #1231 ) ;
#1752 = LINE ( 'NONE', #2868, #291 ) ;
#1753 = EDGE_CURVE ( 'NONE', #4307, #3043, #2519, .T. ) ;
#1754 = AXIS2_PLACEMENT_3D ( 'NONE', #4140, #4517, #214 ) ;
#1755 = LINE ( 'NONE', #2869, #1583 ) ;
#1756 = ORIENTED_EDGE ( 'NONE', *, *, #1257, .F. ) ;
#1757 = CARTESIAN_POINT ( 'NONE',  ( -16.50720236271722996, 6.000000000000000000, -35.50259885015356076 ) ) ;
#1758 = VECTOR ( 'NONE', #2144, 1000.000000000000000 ) ;
#1759 = VECTOR ( 'NONE', #349, 999.9999999999998863 ) ;
#1760 = ORIENTED_EDGE ( 'NONE', *, *, #1773, .F. ) ;
#1761 = CARTESIAN_POINT ( 'NONE',  ( -38.80294036547414294, 3.299999999999999822, -14.37270415933352297 ) ) ;
#1762 = CARTESIAN_POINT ( 'NONE',  ( 40.04021770854032525, 5.917157287525380838, 13.08565241728612527 ) ) ;
#1763 = LINE ( 'NONE', #3165, #1758 ) ;
#1764 = AXIS2_PLACEMENT_3D ( 'NONE', #1985, #4520, #3031 ) ;
#1765 = CIRCLE ( 'NONE', #4574, 1.500000000000005551 ) ;
#1766 = LINE ( 'NONE', #2810, #1690 ) ;
#1767 = CARTESIAN_POINT ( 'NONE',  ( -40.04021770854032525, 5.800000000000000711, -13.08565241728612882 ) ) ;
#1768 = DIRECTION ( 'NONE',  ( -0.000000000000000000, -1.000000000000000000, -0.000000000000000000 ) ) ;
#1769 = CARTESIAN_POINT ( 'NONE',  ( -38.80294036547414294, 0.000000000000000000, -17.57270415933352936 ) ) ;
#1770 = CIRCLE ( 'NONE', #1172, 2.549999999999999378 ) ;
#1771 = ADVANCED_FACE ( 'NONE', ( #1415 ), #4280, .F. ) ;
#1772 = CARTESIAN_POINT ( 'NONE',  ( 11.13693180368812286, 6.000000000000000000, 13.83693180368812392 ) ) ;
#1773 = EDGE_CURVE ( 'NONE', #1970, #2966, #303, .T. ) ;
#1774 = ORIENTED_EDGE ( 'NONE', *, *, #747, .F. ) ;
#1775 = CARTESIAN_POINT ( 'NONE',  ( 15.63820595595037055, 6.000000000000000000, 42.10328188079448353 ) ) ;
#1776 = ORIENTED_EDGE ( 'NONE', *, *, #2330, .T. ) ;
#1777 = DIRECTION ( 'NONE',  ( -0.000000000000000000, -1.000000000000000000, -0.000000000000000000 ) ) ;
#1778 = EDGE_CURVE ( 'NONE', #905, #957, #2836, .T. ) ;
#1779 = CARTESIAN_POINT ( 'NONE',  ( -13.32444757185614037, 6.000000000000000000, -36.69412891601130156 ) ) ;
#1780 = EDGE_CURVE ( 'NONE', #1117, #4511, #2407, .T. ) ;
#1781 = ORIENTED_EDGE ( 'NONE', *, *, #1497, .T. ) ;
#1782 = VERTEX_POINT ( 'NONE', #662 ) ;
#1783 = FACE_OUTER_BOUND ( 'NONE', #1050, .T. ) ;
#1784 = VERTEX_POINT ( 'NONE', #2060 ) ;
#1785 = CARTESIAN_POINT ( 'NONE',  ( 35.36847461986898367, 6.000000000000000000, -16.52486015262105568 ) ) ;
#1786 = DIRECTION ( 'NONE',  ( 0.000000000000000000, 0.000000000000000000, -1.000000000000000000 ) ) ;
#1787 = CARTESIAN_POINT ( 'NONE',  ( 0.000000000000000000, 6.000000000000000000, -48.00000000000000711 ) ) ;
#1788 = AXIS2_PLACEMENT_3D ( 'NONE', #377, #3539, #3247 ) ;
#1789 = DIRECTION ( 'NONE',  ( -0.1305261922200484648, 0.000000000000000000, -0.9914448613738108262 ) ) ;
#1790 = DIRECTION ( 'NONE',  ( 0.7933533402912321675, 0.000000000000000000, 0.6087614290087246527 ) ) ;
#1791 = CARTESIAN_POINT ( 'NONE',  ( 38.80294036547402925, 6.000000000000000000, -16.07270415933381003 ) ) ;
#1792 = CARTESIAN_POINT ( 'NONE',  ( 11.13693180368812286, 5.800000000000000711, 11.13693180368812286 ) ) ;
#1793 = DIRECTION ( 'NONE',  ( 0.000000000000000000, 0.000000000000000000, 1.000000000000000000 ) ) ;
#1794 = ORIENTED_EDGE ( 'NONE', *, *, #1603, .T. ) ;
#1795 = CARTESIAN_POINT ( 'NONE',  ( 35.59743900290931862, 5.800000000000000711, -16.49471641973524783 ) ) ;
#1796 = CARTESIAN_POINT ( 'NONE',  ( 36.64994043947336877, 6.000000000000000000, 13.43112799121457890 ) ) ;
#1797 = ORIENTED_EDGE ( 'NONE', *, *, #3900, .F. ) ;
#1798 = DIRECTION ( 'NONE',  ( 0.000000000000000000, 0.000000000000000000, -1.000000000000000000 ) ) ;
#1799 = AXIS2_PLACEMENT_3D ( 'NONE', #3873, #3914, #2463 ) ;
#1800 = ADVANCED_FACE ( 'NONE', ( #2104 ), #2859, .F. ) ;
#1801 = VECTOR ( 'NONE', #1236, 1000.000000000000114 ) ;
#1802 = CIRCLE ( 'NONE', #2483, 0.1999999999999987899 ) ;
#1803 = FACE_OUTER_BOUND ( 'NONE', #2241, .T. ) ;
#1804 = ORIENTED_EDGE ( 'NONE', *, *, #1098, .T. ) ;
#1805 = EDGE_LOOP ( 'NONE', ( #4648, #640, #2727, #3069 ) ) ;
#1806 = LINE ( 'NONE', #4343, #4067 ) ;
#1807 = AXIS2_PLACEMENT_3D ( 'NONE', #2897, #360, #3918 ) ;
#1808 = EDGE_CURVE ( 'NONE', #4498, #1574, #2932, .T. ) ;
#1809 = ORIENTED_EDGE ( 'NONE', *, *, #1089, .F. ) ;
#1810 = CARTESIAN_POINT ( 'NONE',  ( 36.83471634597562883, 3.500000000000000000, 13.50766467768759682 ) ) ;
#1811 = VERTEX_POINT ( 'NONE', #4634 ) ;
#1812 = CARTESIAN_POINT ( 'NONE',  ( 19.14813285445721647, 6.000000000000000000, -37.52905608984252694 ) ) ;
#1813 = LINE ( 'NONE', #659, #2441 ) ;
#1814 = ADVANCED_FACE ( 'NONE', ( #3599 ), #2457, .T. ) ;
#1815 = DIRECTION ( 'NONE',  ( -0.9238795325112850731, 0.000000000000000000, -0.3826834323650936676 ) ) ;
#1816 = CARTESIAN_POINT ( 'NONE',  ( 0.000000000000000000, 6.000000000000000000, 0.000000000000000000 ) ) ;
#1817 = DIRECTION ( 'NONE',  ( 0.000000000000000000, 0.000000000000000000, 1.000000000000000000 ) ) ;
#1818 = DIRECTION ( 'NONE',  ( -0.000000000000000000, 1.000000000000000000, -0.000000000000000000 ) ) ;
#1819 = ORIENTED_EDGE ( 'NONE', *, *, #4666, .T. ) ;
#1820 = LINE ( 'NONE', #329, #1229 ) ;
#1821 = CARTESIAN_POINT ( 'NONE',  ( 38.80294036547414294, 3.299999999999999822, 16.07270415933352581 ) ) ;
#1822 = VERTEX_POINT ( 'NONE', #684 ) ;
#1823 = CARTESIAN_POINT ( 'NONE',  ( -15.65069189893252677, 5.800000000000000711, -42.00844172803868304 ) ) ;
#1824 = CARTESIAN_POINT ( 'NONE',  ( 42.16711239609709594, 6.000000000000000000, 15.52893961313031923 ) ) ;
#1825 = ORIENTED_EDGE ( 'NONE', *, *, #747, .T. ) ;
#1826 = EDGE_CURVE ( 'NONE', #953, #2979, #3515, .T. ) ;
#1827 = ORIENTED_EDGE ( 'NONE', *, *, #676, .F. ) ;
#1828 = CARTESIAN_POINT ( 'NONE',  ( 37.52905608984245589, 6.000000000000000000, -19.14813285445735147 ) ) ;
#1829 = VECTOR ( 'NONE', #196, 1000.000000000000000 ) ;
#1830 = VECTOR ( 'NONE', #826, 1000.000000000000000 ) ;
#1831 = VERTEX_POINT ( 'NONE', #1726 ) ;
#1832 = CARTESIAN_POINT ( 'NONE',  ( 40.04021770854032525, 5.800000000000000711, 13.08565241728612882 ) ) ;
#1833 = ORIENTED_EDGE ( 'NONE', *, *, #1641, .T. ) ;
#1834 = CARTESIAN_POINT ( 'NONE',  ( 19.05975590138105602, 5.800000000000000711, -37.56566302240788247 ) ) ;
#1835 = DIRECTION ( 'NONE',  ( -0.3826834323650841196, 0.000000000000000000, 0.9238795325112892920 ) ) ;
#1836 = CIRCLE ( 'NONE', #4030, 1.700000000000003508 ) ;
#1837 = EDGE_CURVE ( 'NONE', #476, #4082, #2125, .T. ) ;
#1838 = VERTEX_POINT ( 'NONE', #3214 ) ;
#1839 =( BOUNDED_CURVE ( )  B_SPLINE_CURVE ( 3, ( #2139, #1010, #722, #339 ),
 .UNSPECIFIED., .F., .F. ) 
 B_SPLINE_CURVE_WITH_KNOTS ( ( 4, 4 ),
 ( 3.141592653589793116, 4.712388980384689674 ),
 .UNSPECIFIED. ) 
 CURVE ( )  GEOMETRIC_REPRESENTATION_ITEM ( )  RATIONAL_B_SPLINE_CURVE ( ( 1.000000000000000000, 0.8047378541243649375, 0.8047378541243649375, 1.000000000000000000 ) ) 
 REPRESENTATION_ITEM ( '' )  );
#1840 = PLANE ( 'NONE',  #717 ) ;
#1841 = ADVANCED_FACE ( 'NONE', ( #2498 ), #3948, .F. ) ;
#1842 = CARTESIAN_POINT ( 'NONE',  ( -36.83471634597562172, 5.800000000000000711, 13.50766467768760393 ) ) ;
#1843 = CIRCLE ( 'NONE', #1615, 48.00000000000000711 ) ;
#1844 = CIRCLE ( 'NONE', #698, 2.549999999999999378 ) ;
#1845 = VECTOR ( 'NONE', #3818, 1000.000000000000114 ) ;
#1846 = FACE_OUTER_BOUND ( 'NONE', #3664, .T. ) ;
#1847 = EDGE_LOOP ( 'NONE', ( #1819, #78, #712, #2577 ) ) ;
#1848 = CARTESIAN_POINT ( 'NONE',  ( 42.00844172803873278, 3.500000000000000000, -15.65069189893237400 ) ) ;
#1849 = DIRECTION ( 'NONE',  ( 0.000000000000000000, 0.000000000000000000, 1.000000000000000000 ) ) ;
#1850 = ORIENTED_EDGE ( 'NONE', *, *, #4465, .F. ) ;
#1851 = PLANE ( 'NONE',  #2715 ) ;
#1852 = AXIS2_PLACEMENT_3D ( 'NONE', #2852, #4585, #1367 ) ;
#1853 = ORIENTED_EDGE ( 'NONE', *, *, #3114, .F. ) ;
#1854 = EDGE_LOOP ( 'NONE', ( #2682, #534, #1141, #172 ) ) ;
#1855 = LINE ( 'NONE', #2948, #3695 ) ;
#1856 = EDGE_LOOP ( 'NONE', ( #3938, #1999, #3696, #3275 ) ) ;
#1857 = DIRECTION ( 'NONE',  ( 0.7933533402912382737, -0.000000000000000000, 0.6087614290087167701 ) ) ;
#1858 = EDGE_LOOP ( 'NONE', ( #2300, #4663 ) ) ;
#1859 = CARTESIAN_POINT ( 'NONE',  ( -15.65069189893250545, 3.500000000000000000, 42.00844172803868304 ) ) ;
#1860 = EDGE_CURVE ( 'NONE', #2771, #3762, #4591, .T. ) ;
#1861 = EDGE_LOOP ( 'NONE', ( #4342, #4039 ) ) ;
#1862 = CARTESIAN_POINT ( 'NONE',  ( -40.04021770854032525, 3.500000000000000000, 13.08565241728613948 ) ) ;
#1863 = CARTESIAN_POINT ( 'NONE',  ( -11.13693180368812286, 0.000000000000000000, -11.13693180368812286 ) ) ;
#1864 = ADVANCED_FACE ( 'NONE', ( #4655 ), #36, .T. ) ;
#1865 = EDGE_CURVE ( 'NONE', #957, #4087, #3907, .T. ) ;
#1866 = DIRECTION ( 'NONE',  ( -0.000000000000000000, -1.000000000000000000, -0.000000000000000000 ) ) ;
#1867 = EDGE_LOOP ( 'NONE', ( #721, #2902, #911, #592 ) ) ;
#1868 = DIRECTION ( 'NONE',  ( 0.000000000000000000, 1.000000000000000000, 0.000000000000000000 ) ) ;
#1869 = DIRECTION ( 'NONE',  ( -0.000000000000000000, 1.000000000000000000, -0.000000000000000000 ) ) ;
#1870 = ORIENTED_EDGE ( 'NONE', *, *, #1118, .F. ) ;
#1871 = CARTESIAN_POINT ( 'NONE',  ( -12.99727546421039293, 6.000000000000000000, 40.07682464110554577 ) ) ;
#1872 = EDGE_CURVE ( 'NONE', #3253, #1727, #4341, .T. ) ;
#1873 = CARTESIAN_POINT ( 'NONE',  ( -40.04021770854032525, 3.500000000000000000, 13.08565241728613948 ) ) ;
#1874 = EDGE_LOOP ( 'NONE', ( #3288, #958, #3401, #1548 ) ) ;
#1875 = AXIS2_PLACEMENT_3D ( 'NONE', #3582, #1003, #1422 ) ;
#1876 = ORIENTED_EDGE ( 'NONE', *, *, #3264, .F. ) ;
#1877 = LINE ( 'NONE', #3705, #65 ) ;
#1878 = CIRCLE ( 'NONE', #2333, 2.549999999999999378 ) ;
#1879 = ORIENTED_EDGE ( 'NONE', *, *, #3583, .F. ) ;
#1880 = LINE ( 'NONE', #1832, #788 ) ;
#1881 = VERTEX_POINT ( 'NONE', #4256 ) ;
#1882 = DIRECTION ( 'NONE',  ( -0.000000000000000000, -1.000000000000000000, -0.000000000000000000 ) ) ;
#1883 = CARTESIAN_POINT ( 'NONE',  ( 12.99727546421012292, 5.999999999999998224, 40.07682464110565235 ) ) ;
#1884 = AXIS2_PLACEMENT_3D ( 'NONE', #3210, #751, #3904 ) ;
#1885 = ORIENTED_EDGE ( 'NONE', *, *, #474, .T. ) ;
#1886 = CARTESIAN_POINT ( 'NONE',  ( 18.82096074681146902, 6.000000000000000000, 40.91175181493677115 ) ) ;
#1887 = EDGE_CURVE ( 'NONE', #4170, #2819, #1020, .T. ) ;
#1888 = CARTESIAN_POINT ( 'NONE',  ( 13.50766467768772472, 5.800000000000000711, -36.83471634597557909 ) ) ;
#1889 = ORIENTED_EDGE ( 'NONE', *, *, #2189, .T. ) ;
#1890 = CARTESIAN_POINT ( 'NONE',  ( 13.32444757185588280, 6.000000000000000000, 36.69412891601139393 ) ) ;
#1891 = CARTESIAN_POINT ( 'NONE',  ( 18.71428032745262016, 6.000000000000000000, -40.95594029147486026 ) ) ;
#1892 = ORIENTED_EDGE ( 'NONE', *, *, #1662, .T. ) ;
#1893 = EDGE_CURVE ( 'NONE', #4072, #2605, #118, .T. ) ;
#1894 = CARTESIAN_POINT ( 'NONE',  ( 40.04021770854023288, 3.500000000000000000, -13.08565241728641659 ) ) ;
#1895 = FACE_BOUND ( 'NONE', #4580, .T. ) ;
#1896 = ORIENTED_EDGE ( 'NONE', *, *, #354, .T. ) ;
#1897 = EDGE_CURVE ( 'NONE', #2228, #4125, #2680, .T. ) ;
#1898 = ORIENTED_EDGE ( 'NONE', *, *, #1005, .F. ) ;
#1899 = ADVANCED_FACE ( 'NONE', ( #1463 ), #3289, .T. ) ;
#1900 = CARTESIAN_POINT ( 'NONE',  ( -19.25804487365607898, 6.000000000000000000, 37.59176826085175804 ) ) ;
#1901 = ORIENTED_EDGE ( 'NONE', *, *, #2303, .F. ) ;
#1902 = CARTESIAN_POINT ( 'NONE',  ( -42.00844172803884646, 3.500000000000000000, 15.65069189893208268 ) ) ;
#1903 = EDGE_LOOP ( 'NONE', ( #2785, #4221, #2921, #3310 ) ) ;
#1904 = DIRECTION ( 'NONE',  ( -0.000000000000000000, 1.000000000000000000, 0.000000000000000000 ) ) ;
#1905 = CARTESIAN_POINT ( 'NONE',  ( -15.63820595595067076, 6.000000000000000000, -42.10328188079437695 ) ) ;
#1906 = AXIS2_PLACEMENT_3D ( 'NONE', #4046, #3692, #3739 ) ;
#1907 = VERTEX_POINT ( 'NONE', #2264 ) ;
#1908 = DIRECTION ( 'NONE',  ( -0.6087614290087165481, 0.000000000000000000, -0.7933533402912383847 ) ) ;
#1909 = CARTESIAN_POINT ( 'NONE',  ( -18.82096074681176034, 6.000000000000000000, -40.91175181493665036 ) ) ;
#1910 = VECTOR ( 'NONE', #2456, 1000.000000000000000 ) ;
#1911 = CIRCLE ( 'NONE', #2071, 2.500000000000000444 ) ;
#1912 = AXIS2_PLACEMENT_3D ( 'NONE', #3768, #3361, #4472 ) ;
#1913 = CARTESIAN_POINT ( 'NONE',  ( 40.77116438497266415, 3.500000000000000000, 18.63774364097945835 ) ) ;
#1914 = VERTEX_POINT ( 'NONE', #1182 ) ;
#1915 = CARTESIAN_POINT ( 'NONE',  ( -16.07270415933393082, 3.299999999999999822, 37.30294036547397951 ) ) ;
#1916 = CARTESIAN_POINT ( 'NONE',  ( -18.63774364097988467, 3.500000000000000000, 40.77116438497247231 ) ) ;
#1917 = EDGE_LOOP ( 'NONE', ( #52, #4183, #4289, #824 ) ) ;
#1918 = LINE ( 'NONE', #1567, #3549 ) ;
#1919 = AXIS2_PLACEMENT_3D ( 'NONE', #21, #2930, #92 ) ;
#1920 = CARTESIAN_POINT ( 'NONE',  ( -37.40699235434969694, 5.800000000000000711, 19.18150818718267914 ) ) ;
#1921 = ORIENTED_EDGE ( 'NONE', *, *, #970, .F. ) ;
#1922 = VECTOR ( 'NONE', #3048, 1000.000000000000000 ) ;
#1923 = ORIENTED_EDGE ( 'NONE', *, *, #3365, .T. ) ;
#1924 = CARTESIAN_POINT ( 'NONE',  ( 40.77116438497252204, 5.800000000000000711, -18.63774364097976033 ) ) ;
#1925 = EDGE_CURVE ( 'NONE', #4620, #4003, #3673, .T. ) ;
#1926 = EDGE_CURVE ( 'NONE', #2345, #2901, #1181, .T. ) ;
#1927 = ORIENTED_EDGE ( 'NONE', *, *, #4377, .F. ) ;
#1928 = DIRECTION ( 'NONE',  ( 0.9914448613738086058, 0.000000000000000000, 0.1305261922200649238 ) ) ;
#1929 = ORIENTED_EDGE ( 'NONE', *, *, #3076, .F. ) ;
#1930 = CARTESIAN_POINT ( 'NONE',  ( 40.77116438497252204, 3.500000000000000000, -18.63774364097976033 ) ) ;
#1931 = CARTESIAN_POINT ( 'NONE',  ( -18.83603261325466960, 5.800000000000000711, -40.79726962341646868 ) ) ;
#1932 = ADVANCED_FACE ( 'NONE', ( #439 ), #2909, .F. ) ;
#1933 = EDGE_LOOP ( 'NONE', ( #1285, #3415, #4391, #1624 ) ) ;
#1934 = DIRECTION ( 'NONE',  ( -0.3826834323650757930, 0.000000000000000000, -0.9238795325112925116 ) ) ;
#1935 = PLANE ( 'NONE',  #3193 ) ;
#1936 = CARTESIAN_POINT ( 'NONE',  ( 38.80294036547402925, 0.000000000000000000, -16.07270415933381003 ) ) ;
#1937 = ORIENTED_EDGE ( 'NONE', *, *, #2208, .F. ) ;
#1938 = CARTESIAN_POINT ( 'NONE',  ( -13.50766467768798051, 5.800000000000000711, 36.83471634597548672 ) ) ;
#1939 = LINE ( 'NONE', #3697, #1490 ) ;
#1940 = EDGE_LOOP ( 'NONE', ( #3104, #256, #265, #1266 ) ) ;
#1941 = DIRECTION ( 'NONE',  ( -0.000000000000000000, -1.000000000000000000, -0.000000000000000000 ) ) ;
#1942 = DIRECTION ( 'NONE',  ( 0.7933533402912320565, 0.000000000000000000, -0.6087614290087247637 ) ) ;
#1943 = ORIENTED_EDGE ( 'NONE', *, *, #355, .T. ) ;
#1944 = EDGE_LOOP ( 'NONE', ( #234, #3717, #3703, #987 ) ) ;
#1945 = PLANE ( 'NONE',  #1203 ) ;
#1946 = EDGE_CURVE ( 'NONE', #1956, #1831, #3357, .T. ) ;
#1947 = TOROIDAL_SURFACE ( 'NONE', #1208, 1.700000000000004174, 0.2000000000000000111 ) ;
#1948 = ORIENTED_EDGE ( 'NONE', *, *, #253, .T. ) ;
#1949 = DIRECTION ( 'NONE',  ( 0.6087614290087248747, 0.000000000000000000, 0.7933533402912319454 ) ) ;
#1950 = ORIENTED_EDGE ( 'NONE', *, *, #3375, .T. ) ;
#1951 = CARTESIAN_POINT ( 'NONE',  ( 35.41266309640705856, 5.800000000000000711, -16.41817973326222813 ) ) ;
#1952 = CYLINDRICAL_SURFACE ( 'NONE', #1581, 1.500000000000004885 ) ;
#1953 = EDGE_CURVE ( 'NONE', #2319, #905, #3330, .T. ) ;
#1954 = AXIS2_PLACEMENT_3D ( 'NONE', #864, #4433, #813 ) ;
#1955 = AXIS2_PLACEMENT_3D ( 'NONE', #2015, #1990, #4452 ) ;
#1956 = VERTEX_POINT ( 'NONE', #1083 ) ;
#1957 = VECTOR ( 'NONE', #3861, 1000.000000000000000 ) ;
#1958 = DIRECTION ( 'NONE',  ( 0.000000000000000000, -0.000000000000000000, 1.000000000000000000 ) ) ;
#1959 = CARTESIAN_POINT ( 'NONE',  ( -16.07270415933394858, 3.500000000000000000, -38.80294036547397951 ) ) ;
#1960 = ADVANCED_FACE ( 'NONE', ( #3355, #371 ), #2169, .T. ) ;
#1961 = CARTESIAN_POINT ( 'NONE',  ( -19.05975590138132958, 5.917157287525380838, -37.56566302240774036 ) ) ;
#1962 = DIRECTION ( 'NONE',  ( -0.000000000000000000, 1.000000000000000000, 0.000000000000000000 ) ) ;
#1963 = ORIENTED_EDGE ( 'NONE', *, *, #306, .T. ) ;
#1964 = DIRECTION ( 'NONE',  ( 0.000000000000000000, 1.000000000000000000, 0.000000000000000000 ) ) ;
#1965 = FACE_OUTER_BOUND ( 'NONE', #2327, .T. ) ;
#1966 = ORIENTED_EDGE ( 'NONE', *, *, #1753, .T. ) ;
#1967 = CARTESIAN_POINT ( 'NONE',  ( 13.08565241728627981, 3.500000000000000000, 40.04021770854028262 ) ) ;
#1968 = PLANE ( 'NONE',  #3735 ) ;
#1969 = VERTEX_POINT ( 'NONE', #1109 ) ;
#1970 = VERTEX_POINT ( 'NONE', #2980 ) ;
#1971 = CARTESIAN_POINT ( 'NONE',  ( 13.32444757185587214, 6.000000000000000000, -36.69412891601140103 ) ) ;
#1972 = VERTEX_POINT ( 'NONE', #1135 ) ;
#1973 = CARTESIAN_POINT ( 'NONE',  ( -40.19888837659857472, 5.800000000000000711, 12.96390013148439557 ) ) ;
#1974 = VERTEX_POINT ( 'NONE', #2616 ) ;
#1975 = DIRECTION ( 'NONE',  ( -0.7933533402912382737, 0.000000000000000000, 0.6087614290087164370 ) ) ;
#1976 = FACE_OUTER_BOUND ( 'NONE', #576, .T. ) ;
#1977 = VERTEX_POINT ( 'NONE', #2522 ) ;
#1978 = DIRECTION ( 'NONE',  ( -0.000000000000000000, 1.000000000000000000, -0.000000000000000000 ) ) ;
#1979 = DIRECTION ( 'NONE',  ( -0.000000000000000000, -1.000000000000000000, -0.000000000000000000 ) ) ;
#1980 = CARTESIAN_POINT ( 'NONE',  ( -40.01411247009631467, 5.800000000000000711, -12.88736344501136699 ) ) ;
#1981 = CIRCLE ( 'NONE', #2580, 1.700000000000007061 ) ;
#1982 = ADVANCED_FACE ( 'NONE', ( #756 ), #2197, .F. ) ;
#1983 = ADVANCED_FACE ( 'NONE', ( #2590 ), #3623, .T. ) ;
#1984 = CARTESIAN_POINT ( 'NONE',  ( -16.07270415933393082, 6.000000000000000000, 38.80294036547397951 ) ) ;
#1985 = CARTESIAN_POINT ( 'NONE',  ( 11.13693180368816016, 5.800000000000000711, -11.13693180368808378 ) ) ;
#1986 = ORIENTED_EDGE ( 'NONE', *, *, #480, .T. ) ;
#1987 = CARTESIAN_POINT ( 'NONE',  ( 0.000000000000000000, 3.500000000000000000, 0.000000000000000000 ) ) ;
#1988 = AXIS2_PLACEMENT_3D ( 'NONE', #1391, #2195, #1459 ) ;
#1989 = VERTEX_POINT ( 'NONE', #1886 ) ;
#1990 = DIRECTION ( 'NONE',  ( 0.000000000000000000, 1.000000000000000000, 0.000000000000000000 ) ) ;
#1991 = AXIS2_PLACEMENT_3D ( 'NONE', #1920, #1217, #3366 ) ;
#1992 = CARTESIAN_POINT ( 'NONE',  ( 11.13693180368812286, 0.000000000000000000, 11.13693180368812286 ) ) ;
#1993 = ORIENTED_EDGE ( 'NONE', *, *, #3467, .F. ) ;
#1994 =( BOUNDED_CURVE ( )  B_SPLINE_CURVE ( 3, ( #3660, #59, #1828, #2278 ),
 .UNSPECIFIED., .F., .F. ) 
 B_SPLINE_CURVE_WITH_KNOTS ( ( 4, 4 ),
 ( 3.141592653589793116, 4.712388980384689674 ),
 .UNSPECIFIED. ) 
 CURVE ( )  GEOMETRIC_REPRESENTATION_ITEM ( )  RATIONAL_B_SPLINE_CURVE ( ( 1.000000000000000000, 0.8047378541243649375, 0.8047378541243649375, 1.000000000000000000 ) ) 
 REPRESENTATION_ITEM ( '' )  );
#1995 = EDGE_LOOP ( 'NONE', ( #3019, #3650, #1876, #2137 ) ) ;
#1996 = CARTESIAN_POINT ( 'NONE',  ( -25.00000000000000000, 5.700000000000000178, 0.000000000000000000 ) ) ;
#1997 = AXIS2_PLACEMENT_3D ( 'NONE', #321, #3865, #264 ) ;
#1998 = AXIS2_PLACEMENT_3D ( 'NONE', #2006, #1255, #1958 ) ;
#1999 = ORIENTED_EDGE ( 'NONE', *, *, #47, .F. ) ;
#2000 = CARTESIAN_POINT ( 'NONE',  ( 35.59743900290943941, 3.500000000000000000, 16.49471641973498848 ) ) ;
#2001 = ORIENTED_EDGE ( 'NONE', *, *, #4526, .T. ) ;
#2002 = FACE_OUTER_BOUND ( 'NONE', #1903, .T. ) ;
#2003 = DIRECTION ( 'NONE',  ( -0.7933533402912381627, 0.000000000000000000, -0.6087614290087166591 ) ) ;
#2004 = CIRCLE ( 'NONE', #4645, 1.700000000000003508 ) ;
#2005 = ORIENTED_EDGE ( 'NONE', *, *, #3875, .F. ) ;
#2006 = CARTESIAN_POINT ( 'NONE',  ( -25.00000000000000000, 2.500000000000000000, 0.000000000000000000 ) ) ;
#2007 = DIRECTION ( 'NONE',  ( 0.3826834323650840086, 0.000000000000000000, -0.9238795325112890700 ) ) ;
#2008 = DIRECTION ( 'NONE',  ( 0.6087614290087189906, 0.000000000000000000, -0.7933533402912364974 ) ) ;
#2009 = ADVANCED_FACE ( 'NONE', ( #4065 ), #1840, .F. ) ;
#2010 = DIRECTION ( 'NONE',  ( 1.000000000000000000, -0.000000000000000000, 1.224646799147353207E-16 ) ) ;
#2011 = CARTESIAN_POINT ( 'NONE',  ( 42.10328188079455458, 6.000000000000000000, 15.63820595595020713 ) ) ;
#2012 = ORIENTED_EDGE ( 'NONE', *, *, #1063, .F. ) ;
#2013 = DIRECTION ( 'NONE',  ( 0.000000000000000000, 0.000000000000000000, 1.000000000000000000 ) ) ;
#2014 = VERTEX_POINT ( 'NONE', #4021 ) ;
#2015 = CARTESIAN_POINT ( 'NONE',  ( 11.13693180368812286, 5.800000000000000711, 11.13693180368812286 ) ) ;
#2016 = EDGE_CURVE ( 'NONE', #225, #655, #2146, .T. ) ;
#2017 = EDGE_CURVE ( 'NONE', #41, #3564, #2694, .T. ) ;
#2018 = DIRECTION ( 'NONE',  ( 0.000000000000000000, 1.000000000000000000, 0.000000000000000000 ) ) ;
#2019 = ORIENTED_EDGE ( 'NONE', *, *, #1722, .F. ) ;
#2020 = DIRECTION ( 'NONE',  ( 0.7071067811865433539, 0.000000000000000000, 0.7071067811865515695 ) ) ;
#2021 = EDGE_CURVE ( 'NONE', #2805, #1383, #3402, .T. ) ;
#2022 = CIRCLE ( 'NONE', #588, 2.500000000000000444 ) ;
#2023 = ORIENTED_EDGE ( 'NONE', *, *, #199, .T. ) ;
#2024 = CARTESIAN_POINT ( 'NONE',  ( -18.63774364097988467, 5.917157287525380838, 40.77116438497247231 ) ) ;
#2025 = ORIENTED_EDGE ( 'NONE', *, *, #797, .T. ) ;
#2026 = CARTESIAN_POINT ( 'NONE',  ( 16.07270415933367502, 6.000000000000000000, 37.30294036547407899 ) ) ;
#2027 = CARTESIAN_POINT ( 'NONE',  ( 19.05975590138105957, 5.800000000000000711, 37.56566302240786825 ) ) ;
#2028 = AXIS2_PLACEMENT_3D ( 'NONE', #3519, #209, #4205 ) ;
#2029 = VERTEX_POINT ( 'NONE', #3378 ) ;
#2030 = DIRECTION ( 'NONE',  ( 0.000000000000000000, 1.000000000000000000, 0.000000000000000000 ) ) ;
#2031 = FACE_OUTER_BOUND ( 'NONE', #4363, .T. ) ;
#2032 = CARTESIAN_POINT ( 'NONE',  ( -38.80294036547414294, 3.299999999999999822, -17.57270415933352936 ) ) ;
#2033 = AXIS2_PLACEMENT_3D ( 'NONE', #2820, #4310, #3959 ) ;
#2034 = CIRCLE ( 'NONE', #1955, 2.500000000000000444 ) ;
#2035 = VECTOR ( 'NONE', #3962, 1000.000000000000114 ) ;
#2036 = EDGE_CURVE ( 'NONE', #4178, #1500, #4261, .T. ) ;
#2037 = PLANE ( 'NONE',  #2210 ) ;
#2038 = LINE ( 'NONE', #1259, #3669 ) ;
#2039 = VERTEX_POINT ( 'NONE', #4467 ) ;
#2040 = LINE ( 'NONE', #2432, #2978 ) ;
#2041 = CARTESIAN_POINT ( 'NONE',  ( 16.52486015262092778, 6.000000000000000000, -35.36847461986904051 ) ) ;
#2042 = AXIS2_PLACEMENT_3D ( 'NONE', #4513, #3475, #3113 ) ;
#2043 = VECTOR ( 'NONE', #3344, 1000.000000000000000 ) ;
#2044 = EDGE_CURVE ( 'NONE', #695, #4408, #535, .T. ) ;
#2045 = LINE ( 'NONE', #1240, #4188 ) ;
#2046 = ORIENTED_EDGE ( 'NONE', *, *, #2767, .F. ) ;
#2047 = CARTESIAN_POINT ( 'NONE',  ( -16.07270415933393082, 0.000000000000000000, 40.30294036547397951 ) ) ;
#2048 = EDGE_CURVE ( 'NONE', #3489, #4087, #488, .T. ) ;
#2049 = EDGE_CURVE ( 'NONE', #1881, #4125, #2301, .T. ) ;
#2050 = FACE_BOUND ( 'NONE', #2505, .T. ) ;
#2051 = CARTESIAN_POINT ( 'NONE',  ( -16.07270415933394858, 0.000000000000000000, -40.30294036547397951 ) ) ;
#2052 = ORIENTED_EDGE ( 'NONE', *, *, #1346, .F. ) ;
#2053 = CARTESIAN_POINT ( 'NONE',  ( 13.08565241728626560, 5.800000000000000711, -40.04021770854027551 ) ) ;
#2054 = EDGE_LOOP ( 'NONE', ( #750, #1485, #3436, #795 ) ) ;
#2055 = DIRECTION ( 'NONE',  ( -0.9914448613738093830, 0.000000000000000000, -0.1305261922200583735 ) ) ;
#2056 = FACE_OUTER_BOUND ( 'NONE', #2446, .T. ) ;
#2057 = SURFACE_SIDE_STYLE ('',( #3428 ) ) ;
#2058 =( BOUNDED_CURVE ( )  B_SPLINE_CURVE ( 3, ( #4538, #1626, #4180, #939 ),
 .UNSPECIFIED., .F., .F. ) 
 B_SPLINE_CURVE_WITH_KNOTS ( ( 4, 4 ),
 ( 3.141592653589793116, 4.712388980384689674 ),
 .UNSPECIFIED. ) 
 CURVE ( )  GEOMETRIC_REPRESENTATION_ITEM ( )  RATIONAL_B_SPLINE_CURVE ( ( 1.000000000000000000, 0.8047378541243649375, 0.8047378541243649375, 1.000000000000000000 ) ) 
 REPRESENTATION_ITEM ( '' )  );
#2059 = LINE ( 'NONE', #4120, #3424 ) ;
#2060 = CARTESIAN_POINT ( 'NONE',  ( 40.12859466161648925, 6.000000000000000000, 12.87229157856845774 ) ) ;
#2061 = ORIENTED_EDGE ( 'NONE', *, *, #4465, .T. ) ;
#2062 = DIRECTION ( 'NONE',  ( -1.000000000000000000, 0.000000000000000000, -9.251858538542940668E-15 ) ) ;
#2063 = DIRECTION ( 'NONE',  ( 0.3826834323650840086, 0.000000000000000000, -0.9238795325112890700 ) ) ;
#2064 = CIRCLE ( 'NONE', #1086, 1.700000000000003508 ) ;
#2065 = PRESENTATION_LAYER_ASSIGNMENT (  '', '', ( #4557 ) ) ;
#2066 = CARTESIAN_POINT ( 'NONE',  ( 11.13693180368812286, 6.000000000000000000, 11.13693180368812286 ) ) ;
#2067 = ORIENTED_EDGE ( 'NONE', *, *, #3863, .T. ) ;
#2068 = ORIENTED_EDGE ( 'NONE', *, *, #3986, .T. ) ;
#2069 = CARTESIAN_POINT ( 'NONE',  ( 0.000000000000000000, 5.599999999999999645, 0.000000000000000000 ) ) ;
#2070 = VECTOR ( 'NONE', #343, 1000.000000000000000 ) ;
#2071 = AXIS2_PLACEMENT_3D ( 'NONE', #711, #3511, #4660 ) ;
#2072 = AXIS2_PLACEMENT_3D ( 'NONE', #446, #1564, #4449 ) ;
#2073 = FACE_OUTER_BOUND ( 'NONE', #3342, .T. ) ;
#2074 = ORIENTED_EDGE ( 'NONE', *, *, #1837, .T. ) ;
#2075 = DIRECTION ( 'NONE',  ( -0.000000000000000000, 1.000000000000000000, -0.000000000000000000 ) ) ;
#2076 = DIRECTION ( 'NONE',  ( -0.9238795325112865164, 0.000000000000000000, 0.3826834323650906144 ) ) ;
#2077 = EDGE_CURVE ( 'NONE', #3489, #1571, #4515, .T. ) ;
#2078 = ADVANCED_FACE ( 'NONE', ( #1227 ), #1302, .T. ) ;
#2079 = VECTOR ( 'NONE', #3147, 1000.000000000000000 ) ;
#2080 = ORIENTED_EDGE ( 'NONE', *, *, #950, .T. ) ;
#2081 = LINE ( 'NONE', #3119, #4197 ) ;
#2082 = DIRECTION ( 'NONE',  ( 0.000000000000000000, 0.000000000000000000, 1.000000000000000000 ) ) ;
#2083 = CARTESIAN_POINT ( 'NONE',  ( 16.07270415933366081, 3.500000000000000000, -37.10294036547408325 ) ) ;
#2084 = ADVANCED_FACE ( 'NONE', ( #2666 ), #3763, .T. ) ;
#2085 = DIRECTION ( 'NONE',  ( 0.000000000000000000, 0.000000000000000000, -1.000000000000000000 ) ) ;
#2086 = CARTESIAN_POINT ( 'NONE',  ( 37.56566302240793931, 5.917157287525380838, 19.05975590138092457 ) ) ;
#2087 = ORIENTED_EDGE ( 'NONE', *, *, #2947, .F. ) ;
#2088 = CARTESIAN_POINT ( 'NONE',  ( -13.50766467768798051, 5.800000000000000711, 36.83471634597548672 ) ) ;
#2089 = DIRECTION ( 'NONE',  ( 0.000000000000000000, 1.000000000000000000, -0.000000000000000000 ) ) ;
#2090 = CARTESIAN_POINT ( 'NONE',  ( 36.83471634597562883, 5.917157287525380838, 13.50766467768759505 ) ) ;
#2091 = EDGE_LOOP ( 'NONE', ( #4479, #2061, #2534, #438, #4230, #3646 ) ) ;
#2092 = CARTESIAN_POINT ( 'NONE',  ( -25.00000000000000000, 2.500000000000000000, 2.549999999999999378 ) ) ;
#2093 = DIRECTION ( 'NONE',  ( 0.7933533402912339438, -0.000000000000000000, 0.6087614290087222102 ) ) ;
#2094 = DIRECTION ( 'NONE',  ( 0.3826834323650840086, -0.000000000000000000, -0.9238795325112890700 ) ) ;
#2095 = ORIENTED_EDGE ( 'NONE', *, *, #2266, .T. ) ;
#2096 = CARTESIAN_POINT ( 'NONE',  ( -16.52486015262118713, 6.000000000000000000, -35.36847461986892682 ) ) ;
#2097 = EDGE_LOOP ( 'NONE', ( #3162, #4435, #974, #3267 ) ) ;
#2098 = LINE ( 'NONE', #3546, #4042 ) ;
#2099 = EDGE_CURVE ( 'NONE', #29, #2138, #511, .T. ) ;
#2100 = CARTESIAN_POINT ( 'NONE',  ( -16.07270415933393082, 3.299999999999999822, 37.10294036547396956 ) ) ;
#2101 = CARTESIAN_POINT ( 'NONE',  ( -15.72722858540554647, 5.800000000000000711, -42.19321763454094310 ) ) ;
#2102 = AXIS2_PLACEMENT_3D ( 'NONE', #2847, #4671, #1429 ) ;
#2103 = CARTESIAN_POINT ( 'NONE',  ( -40.77116438497265705, 5.800000000000000711, 18.63774364097947611 ) ) ;
#2104 = FACE_OUTER_BOUND ( 'NONE', #4098, .T. ) ;
#2105 = EDGE_CURVE ( 'NONE', #3737, #1248, #4091, .T. ) ;
#2106 = CARTESIAN_POINT ( 'NONE',  ( 16.07270415933367502, 3.299999999999999822, 38.80294036547408609 ) ) ;
#2107 = CARTESIAN_POINT ( 'NONE',  ( -16.07270415933394858, 6.000000000000000000, -38.80294036547397951 ) ) ;
#2108 = VECTOR ( 'NONE', #1096, 999.9999999999998863 ) ;
#2109 = PLANE ( 'NONE',  #405 ) ;
#2110 = CIRCLE ( 'NONE', #674, 48.00000000000000711 ) ;
#2111 = CIRCLE ( 'NONE', #227, 0.2000000000000005107 ) ;
#2112 = ORIENTED_EDGE ( 'NONE', *, *, #970, .T. ) ;
#2113 = CARTESIAN_POINT ( 'NONE',  ( 36.69412891601135129, 6.000000000000000000, -13.32444757185600892 ) ) ;
#2114 = CIRCLE ( 'NONE', #2042, 2.500000000000000444 ) ;
#2115 = FACE_OUTER_BOUND ( 'NONE', #3321, .T. ) ;
#2116 = ORIENTED_EDGE ( 'NONE', *, *, #1778, .T. ) ;
#2117 = DIRECTION ( 'NONE',  ( 0.3826834323650842862, -0.000000000000000000, 0.9238795325112890700 ) ) ;
#2118 =( BOUNDED_CURVE ( )  B_SPLINE_CURVE ( 3, ( #53, #2626, #1871, #2272 ),
 .UNSPECIFIED., .F., .F. ) 
 B_SPLINE_CURVE_WITH_KNOTS ( ( 4, 4 ),
 ( 3.141592653589793116, 4.712388980384682569 ),
 .UNSPECIFIED. ) 
 CURVE ( )  GEOMETRIC_REPRESENTATION_ITEM ( )  RATIONAL_B_SPLINE_CURVE ( ( 1.000000000000000000, 0.8047378541243667138, 0.8047378541243667138, 1.000000000000000000 ) ) 
 REPRESENTATION_ITEM ( '' )  );
#2119 = ORIENTED_EDGE ( 'NONE', *, *, #4644, .T. ) ;
#2120 = CARTESIAN_POINT ( 'NONE',  ( 38.80294036547402925, 3.500000000000000000, -17.77270415933381287 ) ) ;
#2121 = CARTESIAN_POINT ( 'NONE',  ( -42.00844172803884646, 5.800000000000000711, 15.65069189893208268 ) ) ;
#2122 = CYLINDRICAL_SURFACE ( 'NONE', #3888, 1.500000000000001332 ) ;
#2123 = ADVANCED_FACE ( 'NONE', ( #944 ), #3002, .T. ) ;
#2124 = CARTESIAN_POINT ( 'NONE',  ( 38.80294036547414294, 0.000000000000000000, 16.07270415933352581 ) ) ;
#2125 = LINE ( 'NONE', #3572, #2079 ) ;
#2126 = CARTESIAN_POINT ( 'NONE',  ( -36.80861110753160403, 5.800000000000000711, 13.30937570541284209 ) ) ;
#2127 = CARTESIAN_POINT ( 'NONE',  ( 37.56566302240781141, 3.500000000000000000, -19.05975590138119102 ) ) ;
#2128 = ADVANCED_FACE ( 'NONE', ( #2644 ), #1650, .F. ) ;
#2129 = EDGE_CURVE ( 'NONE', #736, #186, #1628, .T. ) ;
#2130 = DIRECTION ( 'NONE',  ( 0.000000000000000000, 0.000000000000000000, -1.000000000000000000 ) ) ;
#2131 = VERTEX_POINT ( 'NONE', #4139 ) ;
#2132 = CARTESIAN_POINT ( 'NONE',  ( 11.13693180368816016, 6.000000000000000000, -8.436931803688082709 ) ) ;
#2133 = EDGE_LOOP ( 'NONE', ( #812, #336, #3039, #3787 ) ) ;
#2134 = FACE_OUTER_BOUND ( 'NONE', #1618, .T. ) ;
#2135 = AXIS2_PLACEMENT_3D ( 'NONE', #612, #3404, #164 ) ;
#2136 = DIRECTION ( 'NONE',  ( 0.000000000000000000, -1.000000000000000000, -0.000000000000000000 ) ) ;
#2137 = ORIENTED_EDGE ( 'NONE', *, *, #2874, .F. ) ;
#2138 = VERTEX_POINT ( 'NONE', #212 ) ;
#2139 = CARTESIAN_POINT ( 'NONE',  ( -37.56566302240793931, 5.800000000000000711, 19.05975590138093168 ) ) ;
#2140 = TOROIDAL_SURFACE ( 'NONE', #2669, 1.700000000000004174, 0.2000000000000000111 ) ;
#2141 = AXIS2_PLACEMENT_3D ( 'NONE', #690, #1471, #1444 ) ;
#2142 = VERTEX_POINT ( 'NONE', #4164 ) ;
#2143 = LINE ( 'NONE', #967, #1547 ) ;
#2144 = DIRECTION ( 'NONE',  ( -0.000000000000000000, 1.000000000000000000, 0.000000000000000000 ) ) ;
#2145 = AXIS2_PLACEMENT_3D ( 'NONE', #419, #4423, #2954 ) ;
#2146 = CIRCLE ( 'NONE', #3741, 1.500000000000001332 ) ;
#2147 = CARTESIAN_POINT ( 'NONE',  ( -13.50766467768798051, 5.800000000000000711, 36.83471634597548672 ) ) ;
#2148 = DIRECTION ( 'NONE',  ( -0.9914448613738093830, -0.000000000000000000, 0.1305261922200582347 ) ) ;
#2149 = CARTESIAN_POINT ( 'NONE',  ( 36.69412891601135129, 6.000000000000000000, -13.32444757185600892 ) ) ;
#2150 = FACE_OUTER_BOUND ( 'NONE', #2649, .T. ) ;
#2151 = DIRECTION ( 'NONE',  ( 0.000000000000000000, 1.000000000000000000, 0.000000000000000000 ) ) ;
#2152 = ORIENTED_EDGE ( 'NONE', *, *, #942, .T. ) ;
#2153 = EDGE_CURVE ( 'NONE', #4146, #1388, #919, .T. ) ;
#2154 = ORIENTED_EDGE ( 'NONE', *, *, #1778, .F. ) ;
#2155 = ADVANCED_FACE ( 'NONE', ( #2739 ), #2380, .T. ) ;
#2156 = DIRECTION ( 'NONE',  ( 0.000000000000000000, -0.000000000000000000, 1.000000000000000000 ) ) ;
#2157 = DIRECTION ( 'NONE',  ( 0.9238795325112878487, -0.000000000000000000, 0.3826834323650872838 ) ) ;
#2158 = EDGE_LOOP ( 'NONE', ( #2812, #1205, #3299, #3804 ) ) ;
#2159 = ORIENTED_EDGE ( 'NONE', *, *, #1430, .F. ) ;
#2160 = ADVANCED_FACE ( 'NONE', ( #1389 ), #235, .F. ) ;
#2161 = CARTESIAN_POINT ( 'NONE',  ( -19.05975590138132958, 3.500000000000000000, -37.56566302240774036 ) ) ;
#2162 = ORIENTED_EDGE ( 'NONE', *, *, #3986, .F. ) ;
#2163 = CARTESIAN_POINT ( 'NONE',  ( 15.65069189893221058, 3.500000000000000000, -42.00844172803879673 ) ) ;
#2164 = ORIENTED_EDGE ( 'NONE', *, *, #2877, .F. ) ;
#2165 = LINE ( 'NONE', #1458, #828 ) ;
#2166 = CARTESIAN_POINT ( 'NONE',  ( 42.00844172803873278, 5.800000000000000711, -15.65069189893237045 ) ) ;
#2167 = AXIS2_PLACEMENT_3D ( 'NONE', #2177, #2396, #735 ) ;
#2168 = CARTESIAN_POINT ( 'NONE',  ( -11.13693180368812286, 5.800000000000000711, -13.63693180368812286 ) ) ;
#2169 = PLANE ( 'NONE',  #1919 ) ;
#2170 = CARTESIAN_POINT ( 'NONE',  ( -25.00000000000000000, 2.500000000000000000, 0.000000000000000000 ) ) ;
#2171 = DIRECTION ( 'NONE',  ( 0.000000000000000000, 1.000000000000000000, 0.000000000000000000 ) ) ;
#2172 = EDGE_CURVE ( 'NONE', #357, #1262, #1765, .T. ) ;
#2173 = AXIS2_PLACEMENT_3D ( 'NONE', #3899, #652, #4626 ) ;
#2174 = DIRECTION ( 'NONE',  ( 0.000000000000000000, 0.000000000000000000, 1.000000000000000000 ) ) ;
#2175 = ORIENTED_EDGE ( 'NONE', *, *, #306, .F. ) ;
#2176 = CARTESIAN_POINT ( 'NONE',  ( 0.000000000000000000, 6.000000000000000000, 0.000000000000000000 ) ) ;
#2177 = CARTESIAN_POINT ( 'NONE',  ( -16.07270415933393082, 3.299999999999999822, 38.80294036547397951 ) ) ;
#2178 = VERTEX_POINT ( 'NONE', #2786 ) ;
#2179 = DIRECTION ( 'NONE',  ( 0.7933533402912383847, 0.000000000000000000, -0.6087614290087165481 ) ) ;
#2180 = CIRCLE ( 'NONE', #595, 0.3999999999999975797 ) ;
#2181 = ADVANCED_FACE ( 'NONE', ( #3501 ), #2452, .F. ) ;
#2182 = VECTOR ( 'NONE', #2762, 1000.000000000000000 ) ;
#2183 = AXIS2_PLACEMENT_3D ( 'NONE', #3609, #4271, #2800 ) ;
#2184 = CARTESIAN_POINT ( 'NONE',  ( 18.71428032745261660, 5.800000000000000711, -40.95594029147486026 ) ) ;
#2185 = ORIENTED_EDGE ( 'NONE', *, *, #229, .F. ) ;
#2186 = ORIENTED_EDGE ( 'NONE', *, *, #4673, .T. ) ;
#2187 = LINE ( 'NONE', #3182, #358 ) ;
#2188 = TOROIDAL_SURFACE ( 'NONE', #1954, 1.700000000000004174, 0.2000000000000000111 ) ;
#2189 = EDGE_CURVE ( 'NONE', #1831, #4511, #4119, .T. ) ;
#2190 = EDGE_CURVE ( 'NONE', #1907, #2819, #4209, .T. ) ;
#2191 = EDGE_LOOP ( 'NONE', ( #3350, #1446, #3337, #2526 ) ) ;
#2192 = DIRECTION ( 'NONE',  ( -0.6087614290087248747, 0.000000000000000000, -0.7933533402912320565 ) ) ;
#2193 = EDGE_LOOP ( 'NONE', ( #2917, #4407, #3545, #3941 ) ) ;
#2194 = CARTESIAN_POINT ( 'NONE',  ( -38.80294036547413583, 3.299999999999999822, 17.77270415933354641 ) ) ;
#2195 = DIRECTION ( 'NONE',  ( -1.000000000000000000, 0.000000000000000000, 0.000000000000000000 ) ) ;
#2196 = VERTEX_POINT ( 'NONE', #1343 ) ;
#2197 = CYLINDRICAL_SURFACE ( 'NONE', #3592, 1.500000000000004885 ) ;
#2198 = DIRECTION ( 'NONE',  ( 0.3826834323650875058, 0.000000000000000000, 0.9238795325112877377 ) ) ;
#2199 = EDGE_LOOP ( 'NONE', ( #381, #43, #127, #2938 ) ) ;
#2200 = CARTESIAN_POINT ( 'NONE',  ( -16.07270415933393082, 3.299999999999999822, 38.80294036547397951 ) ) ;
#2201 = DIRECTION ( 'NONE',  ( -0.7933533402912381627, 0.000000000000000000, -0.6087614290087165481 ) ) ;
#2202 = ORIENTED_EDGE ( 'NONE', *, *, #2244, .T. ) ;
#2203 = DIRECTION ( 'NONE',  ( 0.000000000000000000, 0.000000000000000000, 1.000000000000000000 ) ) ;
#2204 = DIRECTION ( 'NONE',  ( 0.000000000000000000, 1.000000000000000000, 0.000000000000000000 ) ) ;
#2205 = ORIENTED_EDGE ( 'NONE', *, *, #412, .T. ) ;
#2206 = ORIENTED_EDGE ( 'NONE', *, *, #1036, .T. ) ;
#2207 = LINE ( 'NONE', #840, #4069 ) ;
#2208 = EDGE_CURVE ( 'NONE', #3518, #2929, #2143, .T. ) ;
#2209 = VECTOR ( 'NONE', #777, 1000.000000000000000 ) ;
#2210 = AXIS2_PLACEMENT_3D ( 'NONE', #238, #4569, #4544 ) ;
#2211 = ORIENTED_EDGE ( 'NONE', *, *, #624, .T. ) ;
#2212 = CARTESIAN_POINT ( 'NONE',  ( 5.878304635907296578E-15, 0.000000000000000000, 48.00000000000000711 ) ) ;
#2213 = ORIENTED_EDGE ( 'NONE', *, *, #976, .T. ) ;
#2214 = CARTESIAN_POINT ( 'NONE',  ( -40.77116438497265705, 3.500000000000000000, 18.63774364097947611 ) ) ;
#2215 = ADVANCED_FACE ( 'NONE', ( #3163 ), #3516, .T. ) ;
#2216 = EDGE_CURVE ( 'NONE', #620, #3659, #678, .T. ) ;
#2217 = AXIS2_PLACEMENT_3D ( 'NONE', #3823, #2728, #4127 ) ;
#2218 = ORIENTED_EDGE ( 'NONE', *, *, #3808, .F. ) ;
#2219 = DIRECTION ( 'NONE',  ( -0.9238795325112850731, 0.000000000000000000, 0.3826834323650937786 ) ) ;
#2220 = PLANE ( 'NONE',  #174 ) ;
#2221 = VECTOR ( 'NONE', #1587, 1000.000000000000000 ) ;
#2222 = EDGE_CURVE ( 'NONE', #3313, #1989, #2081, .T. ) ;
#2223 = AXIS2_PLACEMENT_3D ( 'NONE', #2673, #902, #2338 ) ;
#2224 = DIRECTION ( 'NONE',  ( -0.000000000000000000, 1.000000000000000000, -0.000000000000000000 ) ) ;
#2225 = ORIENTED_EDGE ( 'NONE', *, *, #1398, .F. ) ;
#2226 = LINE ( 'NONE', #145, #2663 ) ;
#2227 = CARTESIAN_POINT ( 'NONE',  ( -18.63774364097990599, 5.800000000000000711, -40.77116438497246520 ) ) ;
#2228 = VERTEX_POINT ( 'NONE', #2120 ) ;
#2229 = CARTESIAN_POINT ( 'NONE',  ( 37.56566302240781141, 3.500000000000000000, -19.05975590138119102 ) ) ;
#2230 = VECTOR ( 'NONE', #3810, 1000.000000000000000 ) ;
#2231 = CARTESIAN_POINT ( 'NONE',  ( 11.13693180368812286, 5.800000000000000711, 11.13693180368812286 ) ) ;
#2232 = EDGE_LOOP ( 'NONE', ( #1538, #1950, #2570, #2285 ) ) ;
#2233 = ORIENTED_EDGE ( 'NONE', *, *, #1953, .F. ) ;
#2234 = CARTESIAN_POINT ( 'NONE',  ( -40.04021770854032525, 5.800000000000000711, -13.08565241728612882 ) ) ;
#2235 = EDGE_CURVE ( 'NONE', #524, #3007, #411, .T. ) ;
#2236 = ORIENTED_EDGE ( 'NONE', *, *, #2646, .F. ) ;
#2237 = DIRECTION ( 'NONE',  ( -0.9914448613738100491, 0.000000000000000000, 0.1305261922200554037 ) ) ;
#2238 = ORIENTED_EDGE ( 'NONE', *, *, #101, .F. ) ;
#2239 = DIRECTION ( 'NONE',  ( 0.000000000000000000, 0.000000000000000000, 1.000000000000000000 ) ) ;
#2240 = EDGE_CURVE ( 'NONE', #1028, #600, #1664, .T. ) ;
#2241 = EDGE_LOOP ( 'NONE', ( #1527, #294, #1523, #2154 ) ) ;
#2242 = CARTESIAN_POINT ( 'NONE',  ( -16.07270415933393082, 3.299999999999999822, 38.80294036547397951 ) ) ;
#2243 = DIRECTION ( 'NONE',  ( 0.1305261922200582625, 0.000000000000000000, 0.9914448613738096050 ) ) ;
#2244 = EDGE_CURVE ( 'NONE', #413, #499, #2098, .T. ) ;
#2245 = DIRECTION ( 'NONE',  ( -0.7933533402912342769, 0.000000000000000000, -0.6087614290087217661 ) ) ;
#2246 = ORIENTED_EDGE ( 'NONE', *, *, #46, .T. ) ;
#2247 = FACE_OUTER_BOUND ( 'NONE', #3110, .T. ) ;
#2248 = DIRECTION ( 'NONE',  ( 0.3826834323650937231, 0.000000000000000000, -0.9238795325112851842 ) ) ;
#2249 = EDGE_LOOP ( 'NONE', ( #2363, #1055, #2926, #2263 ) ) ;
#2250 = CARTESIAN_POINT ( 'NONE',  ( 16.49471641973511993, 3.500000000000000000, 35.59743900290937546 ) ) ;
#2251 = FACE_OUTER_BOUND ( 'NONE', #2277, .T. ) ;
#2252 = ORIENTED_EDGE ( 'NONE', *, *, #3558, .F. ) ;
#2253 = VECTOR ( 'NONE', #2842, 1000.000000000000000 ) ;
#2254 = ORIENTED_EDGE ( 'NONE', *, *, #3755, .T. ) ;
#2255 = CARTESIAN_POINT ( 'NONE',  ( 19.18150818718280703, 5.800000000000000711, 37.40699235434962588 ) ) ;
#2256 = AXIS2_PLACEMENT_3D ( 'NONE', #1333, #4305, #3533 ) ;
#2257 = ORIENTED_EDGE ( 'NONE', *, *, #3716, .F. ) ;
#2258 = CARTESIAN_POINT ( 'NONE',  ( 37.56566302240794641, 5.800000000000000711, 19.05975590138092457 ) ) ;
#2259 = ORIENTED_EDGE ( 'NONE', *, *, #3667, .F. ) ;
#2260 = CARTESIAN_POINT ( 'NONE',  ( 38.80294036547414294, 6.000000000000000000, 14.57270415933352048 ) ) ;
#2261 = LINE ( 'NONE', #2664, #1733 ) ;
#2262 = AXIS2_PLACEMENT_3D ( 'NONE', #188, #920, #611 ) ;
#2263 = ORIENTED_EDGE ( 'NONE', *, *, #355, .F. ) ;
#2264 = CARTESIAN_POINT ( 'NONE',  ( -18.63774364097990599, 3.500000000000000000, -40.77116438497246520 ) ) ;
#2265 = CARTESIAN_POINT ( 'NONE',  ( 40.04021770854032525, 3.500000000000000000, 13.08565241728612882 ) ) ;
#2266 = EDGE_CURVE ( 'NONE', #584, #3056, #3206, .T. ) ;
#2267 = CARTESIAN_POINT ( 'NONE',  ( 18.82096074681146902, 6.000000000000000000, 40.91175181493677115 ) ) ;
#2268 = ORIENTED_EDGE ( 'NONE', *, *, #3726, .F. ) ;
#2269 = CARTESIAN_POINT ( 'NONE',  ( -25.00000000000000000, 5.700000000000000178, 0.000000000000000000 ) ) ;
#2270 = CARTESIAN_POINT ( 'NONE',  ( -13.50766467768798051, 3.500000000000000000, 36.83471634597548672 ) ) ;
#2271 = ORIENTED_EDGE ( 'NONE', *, *, #2646, .T. ) ;
#2272 = CARTESIAN_POINT ( 'NONE',  ( -12.87229157856887873, 6.000000000000000000, 40.12859466161634714 ) ) ;
#2273 = EDGE_CURVE ( 'NONE', #2754, #2039, #3063, .T. ) ;
#2274 = EDGE_CURVE ( 'NONE', #144, #4628, #192, .T. ) ;
#2275 = CARTESIAN_POINT ( 'NONE',  ( 37.56566302240781141, 5.800000000000000711, -19.05975590138119813 ) ) ;
#2276 = ORIENTED_EDGE ( 'NONE', *, *, #442, .F. ) ;
#2277 = EDGE_LOOP ( 'NONE', ( #3132, #4422, #2175, #4448 ) ) ;
#2278 = CARTESIAN_POINT ( 'NONE',  ( 37.47728606933165452, 6.000000000000000000, -19.27311674009886389 ) ) ;
#2279 = EDGE_LOOP ( 'NONE', ( #2321, #3579, #2729, #3442 ) ) ;
#2280 = DIRECTION ( 'NONE',  ( -0.000000000000000000, -1.000000000000000000, -0.000000000000000000 ) ) ;
#2281 = ORIENTED_EDGE ( 'NONE', *, *, #3901, .T. ) ;
#2282 = FACE_BOUND ( 'NONE', #3588, .T. ) ;
#2283 = DIRECTION ( 'NONE',  ( 0.3826834323650840086, -0.000000000000000000, -0.9238795325112890700 ) ) ;
#2284 = AXIS2_PLACEMENT_3D ( 'NONE', #4278, #3527, #3924 ) ;
#2285 = ORIENTED_EDGE ( 'NONE', *, *, #449, .F. ) ;
#2286 = CARTESIAN_POINT ( 'NONE',  ( 18.63774364097960046, 3.500000000000000000, -40.77116438497260020 ) ) ;
#2287 = CARTESIAN_POINT ( 'NONE',  ( -36.69412891601143656, 6.000000000000000000, 13.32444757185575135 ) ) ;
#2288 = AXIS2_PLACEMENT_3D ( 'NONE', #2788, #4631, #1016 ) ;
#2289 = EDGE_CURVE ( 'NONE', #1589, #4369, #2492, .T. ) ;
#2290 = VECTOR ( 'NONE', #1491, 1000.000000000000114 ) ;
#2291 = VECTOR ( 'NONE', #2985, 1000.000000000000114 ) ;
#2292 = LINE ( 'NONE', #4570, #4413 ) ;
#2293 = ORIENTED_EDGE ( 'NONE', *, *, #2969, .T. ) ;
#2294 = DIRECTION ( 'NONE',  ( -0.9238795325112850731, 0.000000000000000000, -0.3826834323650936676 ) ) ;
#2295 = LINE ( 'NONE', #4357, #2702 ) ;
#2296 = ORIENTED_EDGE ( 'NONE', *, *, #3929, .F. ) ;
#2297 = TOROIDAL_SURFACE ( 'NONE', #262, 2.700000000000000622, 0.2000000000000000111 ) ;
#2298 = CARTESIAN_POINT ( 'NONE',  ( 13.50766467768772472, 5.800000000000000711, -36.83471634597557909 ) ) ;
#2299 = ADVANCED_FACE ( 'NONE', ( #4561 ), #610, .F. ) ;
#2300 = ORIENTED_EDGE ( 'NONE', *, *, #2678, .T. ) ;
#2301 = CIRCLE ( 'NONE', #2455, 1.500000000000004885 ) ;
#2302 = VERTEX_POINT ( 'NONE', #2609 ) ;
#2303 = EDGE_CURVE ( 'NONE', #1738, #2771, #4017, .T. ) ;
#2304 = ORIENTED_EDGE ( 'NONE', *, *, #1300, .F. ) ;
#2305 = DIRECTION ( 'NONE',  ( 0.000000000000000000, 1.000000000000000000, 0.000000000000000000 ) ) ;
#2306 = ORIENTED_EDGE ( 'NONE', *, *, #2172, .T. ) ;
#2307 = PLANE ( 'NONE',  #2545 ) ;
#2308 = DIRECTION ( 'NONE',  ( 0.7933533402912386068, 0.000000000000000000, 0.6087614290087161040 ) ) ;
#2309 = ORIENTED_EDGE ( 'NONE', *, *, #1177, .F. ) ;
#2310 = DIRECTION ( 'NONE',  ( 0.9914448613738093830, 0.000000000000000000, -0.1305261922200582347 ) ) ;
#2311 = LINE ( 'NONE', #3764, #4482 ) ;
#2312 = DIRECTION ( 'NONE',  ( -0.000000000000000000, -1.000000000000000000, 0.000000000000000000 ) ) ;
#2313 = ORIENTED_EDGE ( 'NONE', *, *, #4292, .T. ) ;
#2314 = CARTESIAN_POINT ( 'NONE',  ( -40.04021770854032525, 3.500000000000000000, -13.08565241728612882 ) ) ;
#2315 = VERTEX_POINT ( 'NONE', #87 ) ;
#2316 = ADVANCED_FACE ( 'NONE', ( #3302 ), #4059, .F. ) ;
#2317 = AXIS2_PLACEMENT_3D ( 'NONE', #2270, #2248, #2549 ) ;
#2318 = CARTESIAN_POINT ( 'NONE',  ( -19.05975590138131892, 5.800000000000000711, 37.56566302240774746 ) ) ;
#2319 = VERTEX_POINT ( 'NONE', #341 ) ;
#2320 =( BOUNDED_CURVE ( )  B_SPLINE_CURVE ( 3, ( #1406, #314, #1757, #2096 ),
 .UNSPECIFIED., .F., .F. ) 
 B_SPLINE_CURVE_WITH_KNOTS ( ( 4, 4 ),
 ( 3.141592653589793116, 4.712388980384689674 ),
 .UNSPECIFIED. ) 
 CURVE ( )  GEOMETRIC_REPRESENTATION_ITEM ( )  RATIONAL_B_SPLINE_CURVE ( ( 1.000000000000000000, 0.8047378541243649375, 0.8047378541243649375, 1.000000000000000000 ) ) 
 REPRESENTATION_ITEM ( '' )  );
#2321 = ORIENTED_EDGE ( 'NONE', *, *, #2016, .T. ) ;
#2322 = CARTESIAN_POINT ( 'NONE',  ( 36.80861110753151877, 6.000000000000000000, -13.30937570541309967 ) ) ;
#2323 = ADVANCED_FACE ( 'NONE', ( #1078 ), #1433, .F. ) ;
#2324 = VECTOR ( 'NONE', #89, 1000.000000000000114 ) ;
#2325 = ORIENTED_EDGE ( 'NONE', *, *, #3196, .T. ) ;
#2326 = CARTESIAN_POINT ( 'NONE',  ( -16.07270415933393082, 3.500000000000000000, 38.80294036547397951 ) ) ;
#2327 = EDGE_LOOP ( 'NONE', ( #632, #1504, #3560, #4379 ) ) ;
#2328 = DIRECTION ( 'NONE',  ( -0.7071067811865439090, 0.000000000000000000, -0.7071067811865512365 ) ) ;
#2329 = LINE ( 'NONE', #3328, #369 ) ;
#2330 = EDGE_CURVE ( 'NONE', #3996, #1409, #1880, .T. ) ;
#2331 = AXIS2_PLACEMENT_3D ( 'NONE', #888, #3040, #4481 ) ;
#2332 = ADVANCED_FACE ( 'NONE', ( #1528 ), #2515, .T. ) ;
#2333 = AXIS2_PLACEMENT_3D ( 'NONE', #857, #1613, #547 ) ;
#2334 = ORIENTED_EDGE ( 'NONE', *, *, #3467, .T. ) ;
#2335 = VECTOR ( 'NONE', #3563, 1000.000000000000114 ) ;
#2336 = CARTESIAN_POINT ( 'NONE',  ( -42.23740611107918852, 6.000000000000000000, 15.62054816604626595 ) ) ;
#2337 = DIRECTION ( 'NONE',  ( 1.000000000000000000, -0.000000000000000000, 1.224646799147353207E-16 ) ) ;
#2338 = DIRECTION ( 'NONE',  ( 0.000000000000000000, 0.000000000000000000, -1.000000000000000000 ) ) ;
#2339 = EDGE_LOOP ( 'NONE', ( #203, #4152, #3062, #3035 ) ) ;
#2340 = CARTESIAN_POINT ( 'NONE',  ( 38.80294036547402925, 3.500000000000000000, -16.07270415933381003 ) ) ;
#2341 = ORIENTED_EDGE ( 'NONE', *, *, #1007, .F. ) ;
#2342 = CARTESIAN_POINT ( 'NONE',  ( 16.49471641973510927, 5.917157287525380838, -35.59743900290937546 ) ) ;
#2343 = DIRECTION ( 'NONE',  ( 0.000000000000000000, 0.000000000000000000, -1.000000000000000000 ) ) ;
#2344 = VERTEX_POINT ( 'NONE', #816 ) ;
#2345 = VERTEX_POINT ( 'NONE', #2925 ) ;
#2346 = DIRECTION ( 'NONE',  ( 0.000000000000000000, 0.000000000000000000, 1.000000000000000000 ) ) ;
#2347 = ORIENTED_EDGE ( 'NONE', *, *, #228, .F. ) ;
#2348 = DIRECTION ( 'NONE',  ( 0.6087614290087248747, -0.000000000000000000, 0.7933533402912319454 ) ) ;
#2349 = ORIENTED_EDGE ( 'NONE', *, *, #3423, .T. ) ;
#2350 = LINE ( 'NONE', #274, #3161 ) ;
#2351 = CARTESIAN_POINT ( 'NONE',  ( 38.80294036547402925, 6.000000000000000000, -16.07270415933381003 ) ) ;
#2352 = ADVANCED_FACE ( 'NONE', ( #2563 ), #3281, .T. ) ;
#2353 = ORIENTED_EDGE ( 'NONE', *, *, #3059, .F. ) ;
#2354 = CARTESIAN_POINT ( 'NONE',  ( 13.50766467768773538, 3.500000000000000000, 36.83471634597557909 ) ) ;
#2355 = EDGE_CURVE ( 'NONE', #14, #4011, #384, .T. ) ;
#2356 = DIRECTION ( 'NONE',  ( -0.7933533402912382737, 0.000000000000000000, 0.6087614290087164370 ) ) ;
#2357 = VECTOR ( 'NONE', #3173, 999.9999999999998863 ) ;
#2358 = CARTESIAN_POINT ( 'NONE',  ( 19.14813285445722002, 6.000000000000000000, 37.52905608984251273 ) ) ;
#2359 = CYLINDRICAL_SURFACE ( 'NONE', #4494, 1.500000000000001332 ) ;
#2360 = EDGE_CURVE ( 'NONE', #2029, #620, #2876, .T. ) ;
#2361 = EDGE_LOOP ( 'NONE', ( #3640, #4012 ) ) ;
#2362 = CARTESIAN_POINT ( 'NONE',  ( -19.05975590138132958, 3.500000000000000000, -37.56566302240774036 ) ) ;
#2363 = ORIENTED_EDGE ( 'NONE', *, *, #4243, .T. ) ;
#2364 = FACE_OUTER_BOUND ( 'NONE', #3680, .T. ) ;
#2365 = VECTOR ( 'NONE', #4362, 1000.000000000000000 ) ;
#2366 = VECTOR ( 'NONE', #2409, 1000.000000000000000 ) ;
#2367 = FACE_BOUND ( 'NONE', #2830, .T. ) ;
#2368 = EDGE_LOOP ( 'NONE', ( #153, #2922 ) ) ;
#2369 = CARTESIAN_POINT ( 'NONE',  ( 11.13693180368812286, 6.000000000000000000, 11.13693180368812286 ) ) ;
#2370 = VECTOR ( 'NONE', #4497, 1000.000000000000114 ) ;
#2371 = AXIS2_PLACEMENT_3D ( 'NONE', #1129, #3594, #1150 ) ;
#2372 = VERTEX_POINT ( 'NONE', #1480 ) ;
#2373 = CARTESIAN_POINT ( 'NONE',  ( -13.08565241728655693, 5.917157287525381726, -40.04021770854019024 ) ) ;
#2374 = ORIENTED_EDGE ( 'NONE', *, *, #84, .F. ) ;
#2375 = LINE ( 'NONE', #3878, #2784 ) ;
#2376 = LINE ( 'NONE', #2424, #2182 ) ;
#2377 = VECTOR ( 'NONE', #1949, 1000.000000000000114 ) ;
#2378 = EDGE_CURVE ( 'NONE', #95, #2901, #3969, .T. ) ;
#2379 = ORIENTED_EDGE ( 'NONE', *, *, #332, .T. ) ;
#2380 = CYLINDRICAL_SURFACE ( 'NONE', #4643, 0.2000000000000032585 ) ;
#2381 = DIRECTION ( 'NONE',  ( 0.000000000000000000, 1.000000000000000000, 0.000000000000000000 ) ) ;
#2382 = CARTESIAN_POINT ( 'NONE',  ( 11.13693180368816016, 5.800000000000000711, -11.13693180368808378 ) ) ;
#2383 = DIRECTION ( 'NONE',  ( -0.1305261922200550706, 0.000000000000000000, 0.9914448613738100491 ) ) ;
#2384 = CARTESIAN_POINT ( 'NONE',  ( 42.00844172803886778, 5.917157287525381726, 15.65069189893206136 ) ) ;
#2385 = VERTEX_POINT ( 'NONE', #1456 ) ;
#2386 = CARTESIAN_POINT ( 'NONE',  ( 40.82939760516286754, 6.000000000000000000, -18.71363465107405943 ) ) ;
#2387 = DIRECTION ( 'NONE',  ( 0.9914448613738108262, -0.000000000000000000, 0.1305261922200483260 ) ) ;
#2388 = EDGE_CURVE ( 'NONE', #2974, #1383, #794, .T. ) ;
#2389 = EDGE_CURVE ( 'NONE', #615, #2196, #3687, .T. ) ;
#2390 =( BOUNDED_CURVE ( )  B_SPLINE_CURVE ( 3, ( #1308, #4524, #2750, #3822 ),
 .UNSPECIFIED., .F., .F. ) 
 B_SPLINE_CURVE_WITH_KNOTS ( ( 4, 4 ),
 ( 3.141592653589793116, 4.712388980384689674 ),
 .UNSPECIFIED. ) 
 CURVE ( )  GEOMETRIC_REPRESENTATION_ITEM ( )  RATIONAL_B_SPLINE_CURVE ( ( 1.000000000000000000, 0.8047378541243649375, 0.8047378541243649375, 1.000000000000000000 ) ) 
 REPRESENTATION_ITEM ( '' )  );
#2391 = FACE_OUTER_BOUND ( 'NONE', #1476, .T. ) ;
#2392 = ORIENTED_EDGE ( 'NONE', *, *, #79, .F. ) ;
#2393 = CARTESIAN_POINT ( 'NONE',  ( -35.43876833485118283, 6.000000000000000000, -16.61646870553673239 ) ) ;
#2394 = AXIS2_PLACEMENT_3D ( 'NONE', #207, #1623, #1599 ) ;
#2395 = CARTESIAN_POINT ( 'NONE',  ( -16.52486015262118713, 6.000000000000000000, -35.36847461986892682 ) ) ;
#2396 = DIRECTION ( 'NONE',  ( 0.000000000000000000, 1.000000000000000000, 0.000000000000000000 ) ) ;
#2397 = ORIENTED_EDGE ( 'NONE', *, *, #2963, .T. ) ;
#2398 = CYLINDRICAL_SURFACE ( 'NONE', #3025, 2.500000000000000444 ) ;
#2399 = DIRECTION ( 'NONE',  ( -0.000000000000000000, -1.000000000000000000, -0.000000000000000000 ) ) ;
#2400 = AXIS2_PLACEMENT_3D ( 'NONE', #4604, #4273, #1385 ) ;
#2401 = VERTEX_POINT ( 'NONE', #2212 ) ;
#2402 = DIRECTION ( 'NONE',  ( 0.7933533402912340549, 0.000000000000000000, -0.6087614290087219882 ) ) ;
#2403 = CARTESIAN_POINT ( 'NONE',  ( 36.69412891601144366, 6.000000000000000000, 13.32444757185574247 ) ) ;
#2404 = VECTOR ( 'NONE', #1360, 1000.000000000000000 ) ;
#2405 = AXIS2_PLACEMENT_3D ( 'NONE', #2194, #3547, #317 ) ;
#2406 = DIRECTION ( 'NONE',  ( 0.9914448613738096050, 0.000000000000000000, -0.1305261922200582902 ) ) ;
#2407 = LINE ( 'NONE', #4303, #185 ) ;
#2408 = ORIENTED_EDGE ( 'NONE', *, *, #4469, .T. ) ;
#2409 = DIRECTION ( 'NONE',  ( -0.000000000000000000, 1.000000000000000000, -0.000000000000000000 ) ) ;
#2410 = DIRECTION ( 'NONE',  ( 0.000000000000000000, 0.000000000000000000, 1.000000000000000000 ) ) ;
#2411 = AXIS2_PLACEMENT_3D ( 'NONE', #2351, #2399, #4250 ) ;
#2412 = CIRCLE ( 'NONE', #4231, 1.500000000000003109 ) ;
#2413 = DIRECTION ( 'NONE',  ( -0.9914448613738100491, 0.000000000000000000, -0.1305261922200550706 ) ) ;
#2414 = ORIENTED_EDGE ( 'NONE', *, *, #564, .T. ) ;
#2415 = ADVANCED_FACE ( 'NONE', ( #4415 ), #3233, .F. ) ;
#2416 = ORIENTED_EDGE ( 'NONE', *, *, #474, .F. ) ;
#2417 = ADVANCED_FACE ( 'NONE', ( #62 ), #1505, .T. ) ;
#2418 = CARTESIAN_POINT ( 'NONE',  ( -40.82939760516299543, 6.000000000000000000, 18.71363465107377877 ) ) ;
#2419 = ADVANCED_BREP_SHAPE_REPRESENTATION ( 'Mounter Upper Plate', ( #654, #1361 ), #3557 ) ;
#2420 = LINE ( 'NONE', #2445, #57 ) ;
#2421 = ORIENTED_EDGE ( 'NONE', *, *, #284, .F. ) ;
#2422 = EDGE_CURVE ( 'NONE', #3056, #584, #3441, .T. ) ;
#2423 = DIRECTION ( 'NONE',  ( 0.000000000000000000, 1.000000000000000000, -0.000000000000000000 ) ) ;
#2424 = CARTESIAN_POINT ( 'NONE',  ( -18.63774364097988467, 3.500000000000000000, 40.77116438497247231 ) ) ;
#2425 = ORIENTED_EDGE ( 'NONE', *, *, #1124, .T. ) ;
#2426 = CARTESIAN_POINT ( 'NONE',  ( 0.000000000000000000, 5.599999999999999645, 0.000000000000000000 ) ) ;
#2427 = CARTESIAN_POINT ( 'NONE',  ( -16.52486015262117647, 6.000000000000000000, 35.36847461986893393 ) ) ;
#2428 = DIRECTION ( 'NONE',  ( -0.9238795325112850731, 0.000000000000000000, 0.3826834323650938341 ) ) ;
#2429 = CARTESIAN_POINT ( 'NONE',  ( -25.00000000000000000, 6.000000000000000000, 2.849999999999999201 ) ) ;
#2430 = CARTESIAN_POINT ( 'NONE',  ( 0.000000000000000000, 6.000000000000000000, 0.000000000000000000 ) ) ;
#2431 = EDGE_LOOP ( 'NONE', ( #3686, #2408, #621, #1850 ) ) ;
#2432 = CARTESIAN_POINT ( 'NONE',  ( 15.65069189893221058, 3.500000000000000000, -42.00844172803879673 ) ) ;
#2433 = CARTESIAN_POINT ( 'NONE',  ( 15.65069189893222834, 3.500000000000000000, 42.00844172803878962 ) ) ;
#2434 = AXIS2_PLACEMENT_3D ( 'NONE', #1987, #593, #998 ) ;
#2435 = EDGE_CURVE ( 'NONE', #1974, #2344, #1397, .T. ) ;
#2436 = VECTOR ( 'NONE', #119, 1000.000000000000114 ) ;
#2437 = CARTESIAN_POINT ( 'NONE',  ( -37.56566302240793931, 3.500000000000000000, 19.05975590138093168 ) ) ;
#2438 = ORIENTED_EDGE ( 'NONE', *, *, #261, .F. ) ;
#2439 = ORIENTED_EDGE ( 'NONE', *, *, #3365, .F. ) ;
#2440 = LINE ( 'NONE', #3893, #2710 ) ;
#2441 = VECTOR ( 'NONE', #17, 1000.000000000000000 ) ;
#2442 = EDGE_CURVE ( 'NONE', #128, #144, #2004, .T. ) ;
#2443 = VECTOR ( 'NONE', #3773, 1000.000000000000114 ) ;
#2444 = AXIS2_PLACEMENT_3D ( 'NONE', #2527, #3978, #247 ) ;
#2445 = CARTESIAN_POINT ( 'NONE',  ( -37.56566302240793931, 5.800000000000000711, 19.05975590138093168 ) ) ;
#2446 = EDGE_LOOP ( 'NONE', ( #2112, #20, #3902, #221 ) ) ;
#2447 = CYLINDRICAL_SURFACE ( 'NONE', #2173, 2.500000000000000444 ) ;
#2448 = DIRECTION ( 'NONE',  ( 0.1305261922200517122, -0.000000000000000000, -0.9914448613738103822 ) ) ;
#2449 =( BOUNDED_CURVE ( )  B_SPLINE_CURVE ( 3, ( #4508, #3133, #4577, #4131 ),
 .UNSPECIFIED., .F., .F. ) 
 B_SPLINE_CURVE_WITH_KNOTS ( ( 4, 4 ),
 ( 1.570796326794896558, 3.141592653589793116 ),
 .UNSPECIFIED. ) 
 CURVE ( )  GEOMETRIC_REPRESENTATION_ITEM ( )  RATIONAL_B_SPLINE_CURVE ( ( 1.000000000000000000, 0.8047378541243649375, 0.8047378541243649375, 1.000000000000000000 ) ) 
 REPRESENTATION_ITEM ( '' )  );
#2450 = ADVANCED_FACE ( 'NONE', ( #503 ), #3803, .F. ) ;
#2451 = EDGE_LOOP ( 'NONE', ( #570, #2991, #2776, #568 ) ) ;
#2452 = CYLINDRICAL_SURFACE ( 'NONE', #4495, 2.500000000000000444 ) ;
#2453 = CARTESIAN_POINT ( 'NONE',  ( 40.04021770854032525, 5.800000000000000711, 13.08565241728612882 ) ) ;
#2454 = CARTESIAN_POINT ( 'NONE',  ( -38.80294036547413583, 3.500000000000000000, 16.07270415933354357 ) ) ;
#2455 = AXIS2_PLACEMENT_3D ( 'NONE', #138, #3479, #1206 ) ;
#2456 = DIRECTION ( 'NONE',  ( -0.000000000000000000, 1.000000000000000000, 0.000000000000000000 ) ) ;
#2457 = CYLINDRICAL_SURFACE ( 'NONE', #785, 0.2000000000000003164 ) ;
#2458 = DIRECTION ( 'NONE',  ( 0.000000000000000000, 1.000000000000000000, 0.000000000000000000 ) ) ;
#2459 = DIRECTION ( 'NONE',  ( 0.3826834323650841196, 0.000000000000000000, -0.9238795325112892920 ) ) ;
#2460 = CARTESIAN_POINT ( 'NONE',  ( 13.50766467768773538, 5.800000000000000711, 36.83471634597557909 ) ) ;
#2461 = EDGE_LOOP ( 'NONE', ( #3877, #2164 ) ) ;
#2462 = EDGE_LOOP ( 'NONE', ( #3471, #1804, #2019, #2225 ) ) ;
#2463 = DIRECTION ( 'NONE',  ( 0.3826834323650757930, 0.000000000000000000, 0.9238795325112925116 ) ) ;
#2464 = LINE ( 'NONE', #7, #1425 ) ;
#2465 = ORIENTED_EDGE ( 'NONE', *, *, #718, .T. ) ;
#2466 = LINE ( 'NONE', #3158, #814 ) ;
#2467 = ADVANCED_FACE ( 'NONE', ( #4436 ), #157, .T. ) ;
#2468 = ORIENTED_EDGE ( 'NONE', *, *, #278, .T. ) ;
#2469 = CARTESIAN_POINT ( 'NONE',  ( -36.83471634597562172, 3.500000000000000000, 13.50766467768760393 ) ) ;
#2470 = CARTESIAN_POINT ( 'NONE',  ( -42.16711239609709594, 5.800000000000000711, -15.52893961313031923 ) ) ;
#2471 = EDGE_CURVE ( 'NONE', #1914, #1193, #2763, .T. ) ;
#2472 = CARTESIAN_POINT ( 'NONE',  ( -15.65069189893252677, 3.500000000000000000, -42.00844172803868304 ) ) ;
#2473 = EDGE_CURVE ( 'NONE', #3659, #4087, #4177, .T. ) ;
#2474 = TOROIDAL_SURFACE ( 'NONE', #3088, 1.700000000000004174, 0.2000000000000000111 ) ;
#2475 = FACE_OUTER_BOUND ( 'NONE', #4138, .T. ) ;
#2476 = CARTESIAN_POINT ( 'NONE',  ( 16.07270415933366081, 6.000000000000000000, -40.30294036547409320 ) ) ;
#2477 = CARTESIAN_POINT ( 'NONE',  ( -13.08565241728654804, 5.800000000000000711, 40.04021770854019024 ) ) ;
#2478 = FACE_OUTER_BOUND ( 'NONE', #2232, .T. ) ;
#2479 = AXIS2_PLACEMENT_3D ( 'NONE', #3889, #2459, #3174 ) ;
#2480 = CARTESIAN_POINT ( 'NONE',  ( 40.04021770854032525, 5.800000000000000711, 13.08565241728612882 ) ) ;
#2481 = VERTEX_POINT ( 'NONE', #2637 ) ;
#2482 = CARTESIAN_POINT ( 'NONE',  ( 11.13693180368816016, 0.000000000000000000, -13.63693180368808378 ) ) ;
#2483 = AXIS2_PLACEMENT_3D ( 'NONE', #2100, #2853, #1786 ) ;
#2484 = ORIENTED_EDGE ( 'NONE', *, *, #19, .T. ) ;
#2485 = DIRECTION ( 'NONE',  ( 0.6087614290087274282, 0.000000000000000000, 0.7933533402912299470 ) ) ;
#2486 = CARTESIAN_POINT ( 'NONE',  ( 36.64994043947336877, 5.800000000000000711, 13.43112799121457890 ) ) ;
#2487 = EDGE_LOOP ( 'NONE', ( #2023, #1681, #3512, #2347 ) ) ;
#2488 = EDGE_LOOP ( 'NONE', ( #1072, #2325, #3425, #2 ) ) ;
#2489 = CARTESIAN_POINT ( 'NONE',  ( -18.71428032745290437, 5.800000000000000711, 40.95594029147473236 ) ) ;
#2490 = ADVANCED_FACE ( 'NONE', ( #555 ), #529, .F. ) ;
#2491 = EDGE_LOOP ( 'NONE', ( #1694, #1331, #1901, #1092 ) ) ;
#2492 = LINE ( 'NONE', #4295, #2520 ) ;
#2493 = FACE_OUTER_BOUND ( 'NONE', #1546, .T. ) ;
#2494 = DIRECTION ( 'NONE',  ( -0.000000000000000000, 1.000000000000000000, -0.000000000000000000 ) ) ;
#2495 = EDGE_CURVE ( 'NONE', #1706, #3010, #1770, .T. ) ;
#2496 = EDGE_CURVE ( 'NONE', #620, #3489, #3757, .T. ) ;
#2497 = DIRECTION ( 'NONE',  ( -0.6087614290087274282, 0.000000000000000000, -0.7933533402912299470 ) ) ;
#2498 = FACE_OUTER_BOUND ( 'NONE', #924, .T. ) ;
#2499 = DIRECTION ( 'NONE',  ( -0.3826834323650842307, 0.000000000000000000, -0.9238795325112889589 ) ) ;
#2500 = DIRECTION ( 'NONE',  ( -0.9914448613738113814, 0.000000000000000000, -0.1305261922200447733 ) ) ;
#2501 = EDGE_CURVE ( 'NONE', #2344, #2656, #4199, .T. ) ;
#2502 = DIRECTION ( 'NONE',  ( -0.9914448613738093830, 0.000000000000000000, 0.1305261922200582347 ) ) ;
#2503 = ORIENTED_EDGE ( 'NONE', *, *, #130, .T. ) ;
#2504 = DIRECTION ( 'NONE',  ( 0.000000000000000000, 1.000000000000000000, 0.000000000000000000 ) ) ;
#2505 = EDGE_LOOP ( 'NONE', ( #1717, #2281, #1294, #3203, #4090, #197 ) ) ;
#2506 = PRODUCT_DEFINITION_SHAPE ( 'NONE', 'NONE',  #3748 ) ;
#2507 = DIRECTION ( 'NONE',  ( -0.000000000000000000, -1.000000000000000000, -0.000000000000000000 ) ) ;
#2508 = ORIENTED_EDGE ( 'NONE', *, *, #889, .T. ) ;
#2509 = EDGE_LOOP ( 'NONE', ( #340, #930, #409, #4382, #4560, #4122 ) ) ;
#2510 = DIRECTION ( 'NONE',  ( 0.3826834323650842862, 0.000000000000000000, 0.9238795325112890700 ) ) ;
#2511 = AXIS2_PLACEMENT_3D ( 'NONE', #370, #4590, #638 ) ;
#2512 = CIRCLE ( 'NONE', #1691, 1.700000000000003508 ) ;
#2513 = VECTOR ( 'NONE', #2294, 1000.000000000000227 ) ;
#2514 = ORIENTED_EDGE ( 'NONE', *, *, #4128, .F. ) ;
#2515 = CYLINDRICAL_SURFACE ( 'NONE', #946, 0.2000000000000003164 ) ;
#2516 = ORIENTED_EDGE ( 'NONE', *, *, #254, .T. ) ;
#2517 = CARTESIAN_POINT ( 'NONE',  ( -12.87229157856887873, 6.000000000000000000, 40.12859466161634714 ) ) ;
#2518 = ADVANCED_FACE ( 'NONE', ( #842 ), #4461, .T. ) ;
#2519 = CIRCLE ( 'NONE', #2223, 2.500000000000000444 ) ;
#2520 = VECTOR ( 'NONE', #1676, 1000.000000000000000 ) ;
#2521 = DIRECTION ( 'NONE',  ( 0.000000000000000000, 0.000000000000000000, 1.000000000000000000 ) ) ;
#2522 = CARTESIAN_POINT ( 'NONE',  ( -18.63774364097988467, 5.800000000000000711, 40.77116438497247231 ) ) ;
#2523 = PLANE ( 'NONE',  #1076 ) ;
#2524 = DIRECTION ( 'NONE',  ( -0.000000000000000000, -1.000000000000000000, -0.000000000000000000 ) ) ;
#2525 = CARTESIAN_POINT ( 'NONE',  ( 18.63774364097960046, 5.800000000000000711, -40.77116438497260020 ) ) ;
#2526 = ORIENTED_EDGE ( 'NONE', *, *, #3693, .F. ) ;
#2527 = CARTESIAN_POINT ( 'NONE',  ( -25.00000000000000000, 6.000000000000000000, 0.000000000000000000 ) ) ;
#2528 = CARTESIAN_POINT ( 'NONE',  ( 40.77116438497252204, 3.500000000000000000, -18.63774364097976033 ) ) ;
#2529 = ORIENTED_EDGE ( 'NONE', *, *, #2244, .F. ) ;
#2530 = CARTESIAN_POINT ( 'NONE',  ( -16.61646870553710187, 5.800000000000000711, 35.43876833485101940 ) ) ;
#2531 = ADVANCED_FACE ( 'NONE', ( #1222 ), #3395, .T. ) ;
#2532 = EDGE_CURVE ( 'NONE', #1972, #403, #2660, .T. ) ;
#2533 = LINE ( 'NONE', #3224, #4607 ) ;
#2534 = ORIENTED_EDGE ( 'NONE', *, *, #2848, .T. ) ;
#2535 = ORIENTED_EDGE ( 'NONE', *, *, #4132, .T. ) ;
#2536 = DIRECTION ( 'NONE',  ( 0.6087614290087248747, 0.000000000000000000, 0.7933533402912319454 ) ) ;
#2537 = EDGE_LOOP ( 'NONE', ( #270, #3368, #3367, #424 ) ) ;
#2538 = CARTESIAN_POINT ( 'NONE',  ( 18.63774364097960046, 5.800000000000000711, -40.77116438497260020 ) ) ;
#2539 = EDGE_LOOP ( 'NONE', ( #3125, #1420, #3417, #3886 ) ) ;
#2540 = CARTESIAN_POINT ( 'NONE',  ( 16.49471641973510927, 5.800000000000000711, -35.59743900290938257 ) ) ;
#2541 = LINE ( 'NONE', #3644, #3050 ) ;
#2542 = EDGE_LOOP ( 'NONE', ( #646, #3054, #117, #1186 ) ) ;
#2543 = CARTESIAN_POINT ( 'NONE',  ( 42.00844172803873278, 5.800000000000000711, -15.65069189893237400 ) ) ;
#2544 = DIRECTION ( 'NONE',  ( 0.000000000000000000, 1.000000000000000000, 0.000000000000000000 ) ) ;
#2545 = AXIS2_PLACEMENT_3D ( 'NONE', #3759, #4438, #505 ) ;
#2546 = CARTESIAN_POINT ( 'NONE',  ( 11.13693180368816016, 0.000000000000000000, -8.636931803688083775 ) ) ;
#2547 = ORIENTED_EDGE ( 'NONE', *, *, #3403, .F. ) ;
#2548 = DIRECTION ( 'NONE',  ( -0.000000000000000000, -1.000000000000000000, -0.000000000000000000 ) ) ;
#2549 = DIRECTION ( 'NONE',  ( -0.9238795325112850731, 0.000000000000000000, -0.3826834323650936676 ) ) ;
#2550 = EDGE_LOOP ( 'NONE', ( #2693, #1095, #4049, #3354 ) ) ;
#2551 = DIRECTION ( 'NONE',  ( 0.000000000000000000, 0.000000000000000000, 1.000000000000000000 ) ) ;
#2552 = VECTOR ( 'NONE', #3065, 1000.000000000000114 ) ;
#2553 = EDGE_CURVE ( 'NONE', #4620, #337, #3042, .T. ) ;
#2554 = AXIS2_PLACEMENT_3D ( 'NONE', #4147, #2679, #3057 ) ;
#2555 = VECTOR ( 'NONE', #2356, 1000.000000000000114 ) ;
#2556 = CARTESIAN_POINT ( 'NONE',  ( 12.96390013148453590, 6.000000000000000000, 40.19888837659853209 ) ) ;
#2557 = ADVANCED_FACE ( 'NONE', ( #3418 ), #181, .T. ) ;
#2558 = ORIENTED_EDGE ( 'NONE', *, *, #3667, .T. ) ;
#2559 = ORIENTED_EDGE ( 'NONE', *, *, #3460, .F. ) ;
#2560 = CARTESIAN_POINT ( 'NONE',  ( 35.59743900290943941, 5.800000000000000711, 16.49471641973498848 ) ) ;
#2561 = EDGE_CURVE ( 'NONE', #2802, #760, #2845, .T. ) ;
#2562 = ORIENTED_EDGE ( 'NONE', *, *, #2642, .T. ) ;
#2563 = FACE_OUTER_BOUND ( 'NONE', #2542, .T. ) ;
#2564 = ORIENTED_EDGE ( 'NONE', *, *, #2289, .T. ) ;
#2565 = FACE_OUTER_BOUND ( 'NONE', #2700, .T. ) ;
#2566 = EDGE_LOOP ( 'NONE', ( #435, #1449, #1604, #3756 ) ) ;
#2567 = DIRECTION ( 'NONE',  ( 0.9914448613738109373, 0.000000000000000000, 0.1305261922200481040 ) ) ;
#2568 = LINE ( 'NONE', #237, #1685 ) ;
#2569 = LINE ( 'NONE', #4023, #3285 ) ;
#2570 = ORIENTED_EDGE ( 'NONE', *, *, #2614, .T. ) ;
#2571 = CARTESIAN_POINT ( 'NONE',  ( 16.07270415933366081, 3.299999999999999822, -38.80294036547408609 ) ) ;
#2572 = LINE ( 'NONE', #1891, #811 ) ;
#2573 = ORIENTED_EDGE ( 'NONE', *, *, #3922, .T. ) ;
#2574 = LINE ( 'NONE', #100, #1503 ) ;
#2575 = ADVANCED_FACE ( 'NONE', ( #4203 ), #808, .T. ) ;
#2576 = CARTESIAN_POINT ( 'NONE',  ( 40.04021770854023288, 3.500000000000000000, -13.08565241728641659 ) ) ;
#2577 = ORIENTED_EDGE ( 'NONE', *, *, #1667, .F. ) ;
#2578 = ORIENTED_EDGE ( 'NONE', *, *, #2036, .T. ) ;
#2579 = DIRECTION ( 'NONE',  ( 0.6087614290087155489, 0.000000000000000000, -0.7933533402912391619 ) ) ;
#2580 = AXIS2_PLACEMENT_3D ( 'NONE', #1959, #512, #899 ) ;
#2581 = ADVANCED_FACE ( 'NONE', ( #2073 ), #650, .F. ) ;
#2582 = AXIS2_PLACEMENT_3D ( 'NONE', #193, #2010, #3100 ) ;
#2583 = ORIENTED_EDGE ( 'NONE', *, *, #3198, .F. ) ;
#2584 = CARTESIAN_POINT ( 'NONE',  ( -16.07270415933393082, 6.000000000000000000, 38.80294036547397951 ) ) ;
#2585 = EDGE_LOOP ( 'NONE', ( #3384, #3677 ) ) ;
#2586 = FACE_OUTER_BOUND ( 'NONE', #963, .T. ) ;
#2587 = ADVANCED_FACE ( 'NONE', ( #3494 ), #3156, .F. ) ;
#2588 = VECTOR ( 'NONE', #3932, 1000.000000000000000 ) ;
#2589 = ORIENTED_EDGE ( 'NONE', *, *, #4207, .T. ) ;
#2590 = FACE_OUTER_BOUND ( 'NONE', #3488, .T. ) ;
#2591 = DIRECTION ( 'NONE',  ( -0.9238795325112850731, 0.000000000000000000, 0.3826834323650937786 ) ) ;
#2592 = AXIS2_PLACEMENT_3D ( 'NONE', #4683, #1439, #996 ) ;
#2593 = APPLICATION_CONTEXT ( 'automotive_design' ) ;
#2594 =( BOUNDED_CURVE ( )  B_SPLINE_CURVE ( 3, ( #1704, #1961, #613, #4166 ),
 .UNSPECIFIED., .F., .F. ) 
 B_SPLINE_CURVE_WITH_KNOTS ( ( 4, 4 ),
 ( 3.141592653589793116, 4.712388980384689674 ),
 .UNSPECIFIED. ) 
 CURVE ( )  GEOMETRIC_REPRESENTATION_ITEM ( )  RATIONAL_B_SPLINE_CURVE ( ( 1.000000000000000000, 0.8047378541243649375, 0.8047378541243649375, 1.000000000000000000 ) ) 
 REPRESENTATION_ITEM ( '' )  );
#2595 = AXIS2_PLACEMENT_3D ( 'NONE', #2469, #4609, #2055 ) ;
#2596 = CARTESIAN_POINT ( 'NONE',  ( 40.77116438497266415, 3.500000000000000000, 18.63774364097945835 ) ) ;
#2597 = VERTEX_POINT ( 'NONE', #3897 ) ;
#2598 = DIRECTION ( 'NONE',  ( 0.000000000000000000, 1.000000000000000000, 0.000000000000000000 ) ) ;
#2599 = CARTESIAN_POINT ( 'NONE',  ( -13.08565241728655870, 3.500000000000000000, -40.04021770854019735 ) ) ;
#2600 = VERTEX_POINT ( 'NONE', #962 ) ;
#2601 = CARTESIAN_POINT ( 'NONE',  ( -16.07270415933394858, 3.299999999999999822, -38.80294036547397951 ) ) ;
#2602 = AXIS2_PLACEMENT_3D ( 'NONE', #4675, #2950, #4392 ) ;
#2603 = FACE_BOUND ( 'NONE', #1134, .T. ) ;
#2604 = EDGE_LOOP ( 'NONE', ( #2116, #720, #156, #2246, #4173, #3363 ) ) ;
#2605 = VERTEX_POINT ( 'NONE', #936 ) ;
#2606 = CARTESIAN_POINT ( 'NONE',  ( -19.14813285445747582, 6.000000000000000000, 37.52905608984239905 ) ) ;
#2607 = EDGE_CURVE ( 'NONE', #3799, #2315, #2420, .T. ) ;
#2608 = VERTEX_POINT ( 'NONE', #1338 ) ;
#2609 = CARTESIAN_POINT ( 'NONE',  ( 38.80294036547402925, 0.000000000000000000, -17.57270415933381358 ) ) ;
#2610 = ORIENTED_EDGE ( 'NONE', *, *, #2274, .F. ) ;
#2611 = ADVANCED_FACE ( 'NONE', ( #986 ), #1643, .T. ) ;
#2612 = CARTESIAN_POINT ( 'NONE',  ( 42.00844172803873278, 3.500000000000000000, -15.65069189893237400 ) ) ;
#2613 = CARTESIAN_POINT ( 'NONE',  ( -37.47728606933178952, 6.000000000000000000, -19.27311674009859743 ) ) ;
#2614 = EDGE_CURVE ( 'NONE', #1811, #2615, #3226, .T. ) ;
#2615 = VERTEX_POINT ( 'NONE', #2051 ) ;
#2616 = CARTESIAN_POINT ( 'NONE',  ( -11.13693180368823832, 6.000000000000000000, 8.436931803688004550 ) ) ;
#2617 = EDGE_CURVE ( 'NONE', #499, #2805, #248, .T. ) ;
#2618 = DIRECTION ( 'NONE',  ( -0.000000000000000000, -1.000000000000000000, 0.000000000000000000 ) ) ;
#2619 = AXIS2_PLACEMENT_3D ( 'NONE', #1821, #4, #3979 ) ;
#2620 = CIRCLE ( 'NONE', #422, 2.700000000000001066 ) ;
#2621 = LINE ( 'NONE', #1185, #3662 ) ;
#2622 = ORIENTED_EDGE ( 'NONE', *, *, #3465, .F. ) ;
#2623 = FACE_OUTER_BOUND ( 'NONE', #2652, .T. ) ;
#2624 = CARTESIAN_POINT ( 'NONE',  ( -13.50766467768799295, 3.500000000000000000, -36.83471634597548672 ) ) ;
#2625 = ORIENTED_EDGE ( 'NONE', *, *, #261, .T. ) ;
#2626 = CARTESIAN_POINT ( 'NONE',  ( -13.08565241728654804, 5.917157287525379949, 40.04021770854019024 ) ) ;
#2627 = VECTOR ( 'NONE', #964, 1000.000000000000000 ) ;
#2628 = PLANE ( 'NONE',  #4566 ) ;
#2629 = EDGE_LOOP ( 'NONE', ( #2206, #2202, #912, #3184, #2760, #1108 ) ) ;
#2630 = VECTOR ( 'NONE', #647, 1000.000000000000000 ) ;
#2631 = AXIS2_PLACEMENT_3D ( 'NONE', #3410, #2676, #4124 ) ;
#2632 = EDGE_LOOP ( 'NONE', ( #3411, #4018, #4514, #2924 ) ) ;
#2633 = CARTESIAN_POINT ( 'NONE',  ( 18.63774364097961467, 5.800000000000000711, 40.77116438497259310 ) ) ;
#2634 = AXIS2_PLACEMENT_3D ( 'NONE', #2107, #3192, #3574 ) ;
#2635 = VECTOR ( 'NONE', #3201, 999.9999999999998863 ) ;
#2636 = ORIENTED_EDGE ( 'NONE', *, *, #3785, .T. ) ;
#2637 = CARTESIAN_POINT ( 'NONE',  ( 38.80294036547414294, 3.500000000000000000, 14.37270415933352297 ) ) ;
#2638 = ORIENTED_EDGE ( 'NONE', *, *, #4128, .T. ) ;
#2639 = CYLINDRICAL_SURFACE ( 'NONE', #513, 48.00000000000000711 ) ;
#2640 = DIRECTION ( 'NONE',  ( 0.000000000000000000, 0.000000000000000000, 1.000000000000000000 ) ) ;
#2641 = VECTOR ( 'NONE', #2662, 1000.000000000000000 ) ;
#2642 = EDGE_CURVE ( 'NONE', #4294, #2481, #1112, .T. ) ;
#2643 = EDGE_LOOP ( 'NONE', ( #2573, #1640, #3746, #1242 ) ) ;
#2644 = FACE_OUTER_BOUND ( 'NONE', #106, .T. ) ;
#2645 = DIRECTION ( 'NONE',  ( -0.3826834323650938341, 0.000000000000000000, -0.9238795325112851842 ) ) ;
#2646 = EDGE_CURVE ( 'NONE', #74, #1977, #3602, .T. ) ;
#2647 = EDGE_CURVE ( 'NONE', #3637, #2747, #33, .T. ) ;
#2648 = CYLINDRICAL_SURFACE ( 'NONE', #1166, 0.2000000000000003442 ) ;
#2649 = EDGE_LOOP ( 'NONE', ( #4576, #2012, #1657, #91 ) ) ;
#2650 = LINE ( 'NONE', #3382, #707 ) ;
#2651 = DIRECTION ( 'NONE',  ( 0.9238795325112877377, -0.000000000000000000, 0.3826834323650872283 ) ) ;
#2652 = EDGE_LOOP ( 'NONE', ( #1833, #2213, #1241, #2074, #4506, #4490 ) ) ;
#2653 = LINE ( 'NONE', #3797, #296 ) ;
#2654 = EDGE_CURVE ( 'NONE', #2481, #4294, #3537, .T. ) ;
#2655 = LINE ( 'NONE', #3297, #2365 ) ;
#2656 = VERTEX_POINT ( 'NONE', #1670 ) ;
#2657 = ORIENTED_EDGE ( 'NONE', *, *, #2768, .F. ) ;
#2658 = CARTESIAN_POINT ( 'NONE',  ( -42.23740611107919563, 6.000000000000000000, -15.62054816604624641 ) ) ;
#2659 = ORIENTED_EDGE ( 'NONE', *, *, #1946, .F. ) ;
#2660 = LINE ( 'NONE', #913, #1038 ) ;
#2661 = ORIENTED_EDGE ( 'NONE', *, *, #1557, .T. ) ;
#2662 = DIRECTION ( 'NONE',  ( -0.000000000000000000, -1.000000000000000000, -0.000000000000000000 ) ) ;
#2663 = VECTOR ( 'NONE', #804, 1000.000000000000114 ) ;
#2664 = CARTESIAN_POINT ( 'NONE',  ( -19.05975590138132958, 3.500000000000000000, -37.56566302240774036 ) ) ;
#2665 = VERTEX_POINT ( 'NONE', #2801 ) ;
#2666 = FACE_OUTER_BOUND ( 'NONE', #1847, .T. ) ;
#2667 = EDGE_CURVE ( 'NONE', #1254, #3111, #4246, .T. ) ;
#2668 = DIRECTION ( 'NONE',  ( -0.000000000000000000, 1.000000000000000000, -0.000000000000000000 ) ) ;
#2669 = AXIS2_PLACEMENT_3D ( 'NONE', #3188, #3908, #2835 ) ;
#2670 = AXIS2_PLACEMENT_3D ( 'NONE', #2231, #3682, #3340 ) ;
#2671 = CIRCLE ( 'NONE', #3279, 1.500000000000001332 ) ;
#2672 = DIRECTION ( 'NONE',  ( -0.6087614290087248747, 0.000000000000000000, -0.7933533402912319454 ) ) ;
#2673 = CARTESIAN_POINT ( 'NONE',  ( 11.13693180368812286, 0.000000000000000000, 11.13693180368812286 ) ) ;
#2674 = ORIENTED_EDGE ( 'NONE', *, *, #4217, .F. ) ;
#2675 = FACE_OUTER_BOUND ( 'NONE', #918, .T. ) ;
#2676 = DIRECTION ( 'NONE',  ( 0.1305261922200548486, -0.000000000000000000, 0.9914448613738100491 ) ) ;
#2677 = ORIENTED_EDGE ( 'NONE', *, *, #3785, .F. ) ;
#2678 = EDGE_CURVE ( 'NONE', #1751, #4608, #1716, .T. ) ;
#2679 = DIRECTION ( 'NONE',  ( 0.000000000000000000, 1.000000000000000000, 0.000000000000000000 ) ) ;
#2680 = CIRCLE ( 'NONE', #2145, 0.1999999999999987899 ) ;
#2681 = CARTESIAN_POINT ( 'NONE',  ( 16.07270415933367502, 0.000000000000000000, 40.30294036547408609 ) ) ;
#2682 = ORIENTED_EDGE ( 'NONE', *, *, #3843, .T. ) ;
#2683 = EDGE_CURVE ( 'NONE', #1045, #1706, #3612, .T. ) ;
#2684 = AXIS2_PLACEMENT_3D ( 'NONE', #3860, #3185, #2831 ) ;
#2685 = ORIENTED_EDGE ( 'NONE', *, *, #2222, .T. ) ;
#2686 = ADVANCED_FACE ( 'NONE', ( #579 ), #4364, .T. ) ;
#2687 = FACE_OUTER_BOUND ( 'NONE', #2249, .T. ) ;
#2688 = ORIENTED_EDGE ( 'NONE', *, *, #3870, .T. ) ;
#2689 = DIRECTION ( 'NONE',  ( -0.1305261922200479097, 0.000000000000000000, -0.9914448613738109373 ) ) ;
#2690 = VERTEX_POINT ( 'NONE', #4554 ) ;
#2691 = CARTESIAN_POINT ( 'NONE',  ( 37.56566302240794641, 3.500000000000000000, 19.05975590138092457 ) ) ;
#2692 = FACE_OUTER_BOUND ( 'NONE', #2491, .T. ) ;
#2693 = ORIENTED_EDGE ( 'NONE', *, *, #2654, .F. ) ;
#2694 = LINE ( 'NONE', #3027, #1253 ) ;
#2695 =( NAMED_UNIT ( * ) SI_UNIT ( $, .STERADIAN. ) SOLID_ANGLE_UNIT ( ) );
#2696 = CARTESIAN_POINT ( 'NONE',  ( 37.56566302240781141, 3.500000000000000000, -19.05975590138119102 ) ) ;
#2697 = PLANE ( 'NONE',  #1018 ) ;
#2698 = EDGE_LOOP ( 'NONE', ( #2661, #393, #1741, #3013 ) ) ;
#2699 = CARTESIAN_POINT ( 'NONE',  ( 13.08565241728626916, 5.917157287525381726, -40.04021770854028262 ) ) ;
#2700 = EDGE_LOOP ( 'NONE', ( #1195, #3939, #3566, #2353 ) ) ;
#2701 = FACE_OUTER_BOUND ( 'NONE', #2629, .T. ) ;
#2702 = VECTOR ( 'NONE', #1140, 1000.000000000000227 ) ;
#2703 = EDGE_CURVE ( 'NONE', #407, #4466, #2295, .T. ) ;
#2704 = CARTESIAN_POINT ( 'NONE',  ( -16.52486015262117647, 6.000000000000000000, 35.36847461986893393 ) ) ;
#2705 = ORIENTED_EDGE ( 'NONE', *, *, #2874, .T. ) ;
#2706 = ORIENTED_EDGE ( 'NONE', *, *, #2190, .F. ) ;
#2707 = DIRECTION ( 'NONE',  ( -0.000000000000000000, 1.000000000000000000, -0.000000000000000000 ) ) ;
#2708 = ADVANCED_FACE ( 'NONE', ( #1163 ), #2937, .F. ) ;
#2709 = ADVANCED_FACE ( 'NONE', ( #3745 ), #51, .F. ) ;
#2710 = VECTOR ( 'NONE', #3513, 1000.000000000000000 ) ;
#2711 = VERTEX_POINT ( 'NONE', #833 ) ;
#2712 = DIRECTION ( 'NONE',  ( 0.000000000000000000, 0.000000000000000000, 1.000000000000000000 ) ) ;
#2713 = EDGE_LOOP ( 'NONE', ( #1927, #3688, #2309, #3446 ) ) ;
#2714 = CARTESIAN_POINT ( 'NONE',  ( 15.65069189893221058, 3.500000000000000000, -42.00844172803879673 ) ) ;
#2715 = AXIS2_PLACEMENT_3D ( 'NONE', #2229, #3338, #764 ) ;
#2716 = EDGE_CURVE ( 'NONE', #1009, #1024, #1939, .T. ) ;
#2717 = VECTOR ( 'NONE', #3931, 1000.000000000000000 ) ;
#2718 = ORIENTED_EDGE ( 'NONE', *, *, #4565, .F. ) ;
#2719 = CIRCLE ( 'NONE', #675, 0.2000000000000005107 ) ;
#2720 = DIRECTION ( 'NONE',  ( 0.7933533402912382737, -0.000000000000000000, -0.6087614290087164370 ) ) ;
#2721 = CARTESIAN_POINT ( 'NONE',  ( -18.83603261325466960, 6.000000000000000000, -40.79726962341646868 ) ) ;
#2722 = FILL_AREA_STYLE_COLOUR ( '', #2815 ) ;
#2723 = CARTESIAN_POINT ( 'NONE',  ( 37.56566302240781141, 5.800000000000000711, -19.05975590138119102 ) ) ;
#2724 = DIRECTION ( 'NONE',  ( 0.9914448613738093830, -0.000000000000000000, -0.1305261922200588454 ) ) ;
#2725 = ORIENTED_EDGE ( 'NONE', *, *, #1384, .T. ) ;
#2726 = DIRECTION ( 'NONE',  ( -0.000000000000000000, 1.000000000000000000, -0.000000000000000000 ) ) ;
#2727 = ORIENTED_EDGE ( 'NONE', *, *, #3116, .F. ) ;
#2728 = DIRECTION ( 'NONE',  ( 0.000000000000000000, 1.000000000000000000, 0.000000000000000000 ) ) ;
#2729 = ORIENTED_EDGE ( 'NONE', *, *, #3550, .T. ) ;
#2730 = ORIENTED_EDGE ( 'NONE', *, *, #1607, .T. ) ;
#2731 = DIRECTION ( 'NONE',  ( 1.000000000000000000, -0.000000000000000000, 1.224646799147353207E-16 ) ) ;
#2732 = ADVANCED_FACE ( 'NONE', ( #4401 ), #1194, .T. ) ;
#2733 = ORIENTED_EDGE ( 'NONE', *, *, #740, .F. ) ;
#2734 = DIRECTION ( 'NONE',  ( 0.000000000000000000, 0.000000000000000000, 1.000000000000000000 ) ) ;
#2735 = VERTEX_POINT ( 'NONE', #4074 ) ;
#2736 = FACE_OUTER_BOUND ( 'NONE', #3001, .T. ) ;
#2737 = DIRECTION ( 'NONE',  ( 0.7933533402912340549, 0.000000000000000000, -0.6087614290087220992 ) ) ;
#2738 = ORIENTED_EDGE ( 'NONE', *, *, #836, .T. ) ;
#2739 = FACE_OUTER_BOUND ( 'NONE', #2487, .T. ) ;
#2740 = CARTESIAN_POINT ( 'NONE',  ( -36.80861110753160403, 6.000000000000000000, 13.30937570541284209 ) ) ;
#2741 = EDGE_CURVE ( 'NONE', #1161, #176, #3719, .T. ) ;
#2742 = CARTESIAN_POINT ( 'NONE',  ( 37.40699235434956194, 5.800000000000000711, -19.18150818718293138 ) ) ;
#2743 = ADVANCED_FACE ( 'NONE', ( #1494 ), #469, .F. ) ;
#2744 = AXIS2_PLACEMENT_3D ( 'NONE', #1791, #3239, #1440 ) ;
#2745 = DIRECTION ( 'NONE',  ( 0.000000000000000000, 0.000000000000000000, 1.000000000000000000 ) ) ;
#2746 = DIRECTION ( 'NONE',  ( 0.000000000000000000, 1.000000000000000000, -0.000000000000000000 ) ) ;
#2747 = VERTEX_POINT ( 'NONE', #3009 ) ;
#2748 = CARTESIAN_POINT ( 'NONE',  ( -13.08565241728655870, 3.500000000000000000, -40.04021770854019735 ) ) ;
#2749 = AXIS2_PLACEMENT_3D ( 'NONE', #2881, #728, #2085 ) ;
#2750 = CARTESIAN_POINT ( 'NONE',  ( -36.77648312578528333, 6.000000000000000000, -13.43177366759329416 ) ) ;
#2751 = CIRCLE ( 'NONE', #933, 2.700000000000001066 ) ;
#2752 = CIRCLE ( 'NONE', #3117, 1.500000000000001332 ) ;
#2753 = DIRECTION ( 'NONE',  ( 0.000000000000000000, 0.000000000000000000, 1.000000000000000000 ) ) ;
#2754 = VERTEX_POINT ( 'NONE', #1214 ) ;
#2755 = LINE ( 'NONE', #2393, #3166 ) ;
#2756 = AXIS2_PLACEMENT_3D ( 'NONE', #1816, #3973, #44 ) ;
#2757 = AXIS2_PLACEMENT_3D ( 'NONE', #4368, #2237, #3255 ) ;
#2758 = CARTESIAN_POINT ( 'NONE',  ( 18.82096074681145481, 6.000000000000000000, -40.91175181493677826 ) ) ;
#2759 = DIRECTION ( 'NONE',  ( -0.3826834323650840086, 0.000000000000000000, 0.9238795325112890700 ) ) ;
#2760 = ORIENTED_EDGE ( 'NONE', *, *, #3460, .T. ) ;
#2761 = LINE ( 'NONE', #2714, #3994 ) ;
#2762 = DIRECTION ( 'NONE',  ( -0.000000000000000000, 1.000000000000000000, 0.000000000000000000 ) ) ;
#2763 = CIRCLE ( 'NONE', #565, 1.700000000000007061 ) ;
#2764 = ORIENTED_EDGE ( 'NONE', *, *, #4015, .F. ) ;
#2765 = DIRECTION ( 'NONE',  ( -0.000000000000000000, 1.000000000000000000, -0.000000000000000000 ) ) ;
#2766 = CARTESIAN_POINT ( 'NONE',  ( -13.08565241728655870, 3.500000000000000000, -40.04021770854019735 ) ) ;
#2767 = EDGE_CURVE ( 'NONE', #1028, #49, #2572, .T. ) ;
#2768 = EDGE_CURVE ( 'NONE', #1024, #4511, #2022, .T. ) ;
#2769 = CARTESIAN_POINT ( 'NONE',  ( 36.83471634597562883, 5.800000000000000711, 13.50766467768759682 ) ) ;
#2770 = CARTESIAN_POINT ( 'NONE',  ( -19.05975590138131892, 3.500000000000000000, 37.56566302240774746 ) ) ;
#2771 = VERTEX_POINT ( 'NONE', #3383 ) ;
#2772 = DIRECTION ( 'NONE',  ( -0.1305261922200480762, -0.000000000000000000, 0.9914448613738108262 ) ) ;
#2773 = CARTESIAN_POINT ( 'NONE',  ( 11.13693180368812286, 5.800000000000000711, 13.83693180368812392 ) ) ;
#2774 = DIRECTION ( 'NONE',  ( 0.7933533402912342769, -0.000000000000000000, 0.6087614290087216551 ) ) ;
#2775 = EDGE_LOOP ( 'NONE', ( #862, #2841, #1774, #2826 ) ) ;
#2776 = ORIENTED_EDGE ( 'NONE', *, *, #2048, .F. ) ;
#2777 = DIRECTION ( 'NONE',  ( -1.000000000000000000, 0.000000000000000000, 0.000000000000000000 ) ) ;
#2778 = VECTOR ( 'NONE', #3876, 1000.000000000000000 ) ;
#2779 = LINE ( 'NONE', #2482, #4411 ) ;
#2780 = ORIENTED_EDGE ( 'NONE', *, *, #4469, .F. ) ;
#2781 = LINE ( 'NONE', #2026, #3236 ) ;
#2782 = CARTESIAN_POINT ( 'NONE',  ( -38.80294036547414294, 3.299999999999999822, -14.57270415933352048 ) ) ;
#2783 =( BOUNDED_CURVE ( )  B_SPLINE_CURVE ( 3, ( #4240, #2090, #326, #1066 ),
 .UNSPECIFIED., .F., .F. ) 
 B_SPLINE_CURVE_WITH_KNOTS ( ( 4, 4 ),
 ( 3.141592653589793116, 4.712388980384689674 ),
 .UNSPECIFIED. ) 
 CURVE ( )  GEOMETRIC_REPRESENTATION_ITEM ( )  RATIONAL_B_SPLINE_CURVE ( ( 1.000000000000000000, 0.8047378541243649375, 0.8047378541243649375, 1.000000000000000000 ) ) 
 REPRESENTATION_ITEM ( '' )  );
#2784 = VECTOR ( 'NONE', #3420, 1000.000000000000000 ) ;
#2785 = ORIENTED_EDGE ( 'NONE', *, *, #15, .T. ) ;
#2786 = CARTESIAN_POINT ( 'NONE',  ( 16.07270415933366081, 3.299999999999999822, -37.30294036547408609 ) ) ;
#2787 = CARTESIAN_POINT ( 'NONE',  ( 5.878304635907296578E-15, 5.599999999999999645, 48.00000000000000711 ) ) ;
#2788 = CARTESIAN_POINT ( 'NONE',  ( -16.07270415933393082, 3.500000000000000000, 38.80294036547397951 ) ) ;
#2789 = VECTOR ( 'NONE', #4083, 1000.000000000000114 ) ;
#2790 = ADVANCED_FACE ( 'NONE', ( #1540 ), #77, .F. ) ;
#2791 = CIRCLE ( 'NONE', #4678, 2.500000000000000444 ) ;
#2792 = AXIS2_PLACEMENT_3D ( 'NONE', #3502, #1344, #2082 ) ;
#2793 = ORIENTED_EDGE ( 'NONE', *, *, #2388, .T. ) ;
#2794 = CARTESIAN_POINT ( 'NONE',  ( -42.00844172803884646, 3.500000000000000000, 15.65069189893208268 ) ) ;
#2795 = CYLINDRICAL_SURFACE ( 'NONE', #2479, 0.2000000000000019262 ) ;
#2796 = EDGE_CURVE ( 'NONE', #755, #2979, #3230, .T. ) ;
#2797 = DIRECTION ( 'NONE',  ( 0.000000000000000000, 0.000000000000000000, 1.000000000000000000 ) ) ;
#2798 = ORIENTED_EDGE ( 'NONE', *, *, #3900, .T. ) ;
#2799 = EDGE_CURVE ( 'NONE', #1342, #1977, #2986, .T. ) ;
#2800 = DIRECTION ( 'NONE',  ( 0.1305261922200649238, 0.000000000000000000, 0.9914448613738086058 ) ) ;
#2801 = CARTESIAN_POINT ( 'NONE',  ( -40.77116438497266415, 5.800000000000000711, -18.63774364097945835 ) ) ;
#2802 = VERTEX_POINT ( 'NONE', #1591 ) ;
#2803 = DIRECTION ( 'NONE',  ( 0.9238795325112925116, 0.000000000000000000, -0.3826834323650757930 ) ) ;
#2804 = CARTESIAN_POINT ( 'NONE',  ( -37.56566302240794641, 3.500000000000000000, -19.05975590138092457 ) ) ;
#2805 = VERTEX_POINT ( 'NONE', #1116 ) ;
#2806 = DIRECTION ( 'NONE',  ( -0.9238795325112850731, 0.000000000000000000, -0.3826834323650936676 ) ) ;
#2807 = LINE ( 'NONE', #4253, #522 ) ;
#2808 = DIRECTION ( 'NONE',  ( -0.6087614290087274282, 0.000000000000000000, -0.7933533402912299470 ) ) ;
#2809 =( BOUNDED_CURVE ( )  B_SPLINE_CURVE ( 3, ( #477, #3323, #4459, #2968 ),
 .UNSPECIFIED., .F., .F. ) 
 B_SPLINE_CURVE_WITH_KNOTS ( ( 4, 4 ),
 ( 3.141592653589793116, 4.712388980384689674 ),
 .UNSPECIFIED. ) 
 CURVE ( )  GEOMETRIC_REPRESENTATION_ITEM ( )  RATIONAL_B_SPLINE_CURVE ( ( 1.000000000000000000, 0.8047378541243649375, 0.8047378541243649375, 1.000000000000000000 ) ) 
 REPRESENTATION_ITEM ( '' )  );
#2810 = CARTESIAN_POINT ( 'NONE',  ( -18.71428032745290437, 6.000000000000000000, 40.95594029147473236 ) ) ;
#2811 = DIRECTION ( 'NONE',  ( 0.000000000000000000, 0.000000000000000000, 1.000000000000000000 ) ) ;
#2812 = ORIENTED_EDGE ( 'NONE', *, *, #4161, .T. ) ;
#2813 = DIRECTION ( 'NONE',  ( 0.1305261922200649238, 0.000000000000000000, -0.9914448613738086058 ) ) ;
#2814 = FACE_OUTER_BOUND ( 'NONE', #382, .T. ) ;
#2815 = COLOUR_RGB ( '',0.7921568627450980005, 0.8196078431372548767, 0.9333333333333333481 ) ;
#2816 = AXIS2_PLACEMENT_3D ( 'NONE', #1258, #2406, #263 ) ;
#2817 = CARTESIAN_POINT ( 'NONE',  ( -16.07270415933393082, 3.299999999999999822, 38.80294036547397951 ) ) ;
#2818 = EDGE_CURVE ( 'NONE', #67, #3079, #2620, .T. ) ;
#2819 = VERTEX_POINT ( 'NONE', #2227 ) ;
#2820 = CARTESIAN_POINT ( 'NONE',  ( 11.13693180368816016, 0.000000000000000000, -11.13693180368808378 ) ) ;
#2821 = AXIS2_PLACEMENT_3D ( 'NONE', #1042, #1399, #2797 ) ;
#2822 = ADVANCED_FACE ( 'NONE', ( #3362 ), #3679, .F. ) ;
#2823 = DIRECTION ( 'NONE',  ( 0.9238795325112850731, 0.000000000000000000, 0.3826834323650936676 ) ) ;
#2824 = EDGE_CURVE ( 'NONE', #615, #2819, #3634, .T. ) ;
#2825 = VECTOR ( 'NONE', #1705, 1000.000000000000000 ) ;
#2826 = ORIENTED_EDGE ( 'NONE', *, *, #3522, .F. ) ;
#2827 = FACE_OUTER_BOUND ( 'NONE', #3261, .T. ) ;
#2828 = CARTESIAN_POINT ( 'NONE',  ( 0.000000000000000000, 0.000000000000000000, 0.000000000000000000 ) ) ;
#2829 = VECTOR ( 'NONE', #2765, 1000.000000000000000 ) ;
#2830 = EDGE_LOOP ( 'NONE', ( #2990, #4313 ) ) ;
#2831 = DIRECTION ( 'NONE',  ( 0.000000000000000000, 0.000000000000000000, -1.000000000000000000 ) ) ;
#2832 = LINE ( 'NONE', #4319, #1133 ) ;
#2833 = CARTESIAN_POINT ( 'NONE',  ( 40.04021770854023288, 3.500000000000000000, -13.08565241728641659 ) ) ;
#2834 = VECTOR ( 'NONE', #1978, 1000.000000000000000 ) ;
#2835 = DIRECTION ( 'NONE',  ( 0.000000000000000000, 0.000000000000000000, 1.000000000000000000 ) ) ;
#2836 = LINE ( 'NONE', #4236, #190 ) ;
#2837 = DIRECTION ( 'NONE',  ( 0.000000000000000000, -1.000000000000000000, 0.000000000000000000 ) ) ;
#2838 = DIRECTION ( 'NONE',  ( -0.7933533402912363863, -0.000000000000000000, 0.6087614290087192126 ) ) ;
#2839 = CYLINDRICAL_SURFACE ( 'NONE', #478, 2.500000000000000444 ) ;
#2840 = ORIENTED_EDGE ( 'NONE', *, *, #2017, .T. ) ;
#2841 = ORIENTED_EDGE ( 'NONE', *, *, #1110, .T. ) ;
#2842 = DIRECTION ( 'NONE',  ( -0.000000000000000000, 1.000000000000000000, -0.000000000000000000 ) ) ;
#2843 = ADVANCED_FACE ( 'NONE', ( #1965 ), #3769, .T. ) ;
#2844 = LINE ( 'NONE', #719, #1957 ) ;
#2845 = CIRCLE ( 'NONE', #3155, 1.700000000000007061 ) ;
#2846 = VERTEX_POINT ( 'NONE', #882 ) ;
#2847 = CARTESIAN_POINT ( 'NONE',  ( -19.05975590138132958, 3.500000000000000000, -37.56566302240774036 ) ) ;
#2848 = EDGE_CURVE ( 'NONE', #1130, #276, #3635, .T. ) ;
#2849 = ADVANCED_FACE ( 'NONE', ( #1049 ), #2894, .T. ) ;
#2850 = AXIS2_PLACEMENT_3D ( 'NONE', #4381, #4097, #4006 ) ;
#2851 = ORIENTED_EDGE ( 'NONE', *, *, #2856, .T. ) ;
#2852 = CARTESIAN_POINT ( 'NONE',  ( -11.13693180368812286, 5.800000000000000711, -8.436931803688121789 ) ) ;
#2853 = DIRECTION ( 'NONE',  ( 1.000000000000000000, -0.000000000000000000, 1.224646799147353207E-16 ) ) ;
#2854 = DIRECTION ( 'NONE',  ( 0.000000000000000000, 0.000000000000000000, 1.000000000000000000 ) ) ;
#2855 = AXIS2_PLACEMENT_3D ( 'NONE', #744, #673, #697 ) ;
#2856 = EDGE_CURVE ( 'NONE', #4369, #4003, #2464, .T. ) ;
#2857 = TOROIDAL_SURFACE ( 'NONE', #1730, 1.700000000000004174, 0.2000000000000000111 ) ;
#2858 = DIRECTION ( 'NONE',  ( 0.000000000000000000, 0.000000000000000000, 1.000000000000000000 ) ) ;
#2859 = CYLINDRICAL_SURFACE ( 'NONE', #1090, 1.500000000000004885 ) ;
#2860 = LINE ( 'NONE', #3191, #1454 ) ;
#2861 = DIRECTION ( 'NONE',  ( -0.9238795325112851842, 0.000000000000000000, 0.3826834323650938341 ) ) ;
#2862 = VECTOR ( 'NONE', #1708, 1000.000000000000227 ) ;
#2863 = DIRECTION ( 'NONE',  ( -0.000000000000000000, 1.000000000000000000, -0.000000000000000000 ) ) ;
#2864 = EDGE_LOOP ( 'NONE', ( #1270, #550, #714, #1515 ) ) ;
#2865 = DIRECTION ( 'NONE',  ( 0.7933533402912299470, 0.000000000000000000, -0.6087614290087274282 ) ) ;
#2866 = VECTOR ( 'NONE', #968, 1000.000000000000000 ) ;
#2867 = ORIENTED_EDGE ( 'NONE', *, *, #1384, .F. ) ;
#2868 = CARTESIAN_POINT ( 'NONE',  ( -40.79726962341666763, 6.000000000000000000, 18.83603261325423972 ) ) ;
#2869 = CARTESIAN_POINT ( 'NONE',  ( 16.07270415933367502, 6.000000000000000000, 40.30294036547408609 ) ) ;
#2870 = ORIENTED_EDGE ( 'NONE', *, *, #4589, .T. ) ;
#2871 = ADVANCED_FACE ( 'NONE', ( #2115 ), #694, .T. ) ;
#2872 = ORIENTED_EDGE ( 'NONE', *, *, #4596, .F. ) ;
#2873 = LINE ( 'NONE', #4314, #742 ) ;
#2874 = EDGE_CURVE ( 'NONE', #530, #2957, #1448, .T. ) ;
#2875 = ORIENTED_EDGE ( 'NONE', *, *, #1588, .F. ) ;
#2876 = LINE ( 'NONE', #1810, #3967 ) ;
#2877 = EDGE_CURVE ( 'NONE', #1262, #357, #4078, .T. ) ;
#2878 = DIRECTION ( 'NONE',  ( 0.3826834323650938341, 0.000000000000000000, 0.9238795325112851842 ) ) ;
#2879 = LINE ( 'NONE', #368, #1004 ) ;
#2880 = EDGE_CURVE ( 'NONE', #176, #1378, #4084, .T. ) ;
#2881 = CARTESIAN_POINT ( 'NONE',  ( -11.13693180368812286, 5.800000000000000711, -13.83693180368812392 ) ) ;
#2882 = CARTESIAN_POINT ( 'NONE',  ( 42.23740611107907483, 6.000000000000000000, -15.62054816604655905 ) ) ;
#2883 = EDGE_CURVE ( 'NONE', #1784, #2319, #1071, .T. ) ;
#2884 = CARTESIAN_POINT ( 'NONE',  ( 36.77648312578518386, 5.999999999999997335, -13.43177366759356239 ) ) ;
#2885 = DIRECTION ( 'NONE',  ( -0.000000000000000000, 1.000000000000000000, -0.000000000000000000 ) ) ;
#2886 = CARTESIAN_POINT ( 'NONE',  ( 13.08565241728627981, 5.800000000000000711, 40.04021770854028262 ) ) ;
#2887 = VERTEX_POINT ( 'NONE', #1382 ) ;
#2888 = DIRECTION ( 'NONE',  ( 0.000000000000000000, 1.000000000000000000, 0.000000000000000000 ) ) ;
#2889 = AXIS2_PLACEMENT_3D ( 'NONE', #4499, #2837, #4281 ) ;
#2890 = CARTESIAN_POINT ( 'NONE',  ( 38.80294036547414294, 3.500000000000000000, 16.07270415933352581 ) ) ;
#2891 = EDGE_LOOP ( 'NONE', ( #1032, #4484 ) ) ;
#2892 = CARTESIAN_POINT ( 'NONE',  ( 37.56566302240781141, 3.500000000000000000, -19.05975590138119102 ) ) ;
#2893 = VECTOR ( 'NONE', #2808, 1000.000000000000227 ) ;
#2894 = CYLINDRICAL_SURFACE ( 'NONE', #4301, 0.2000000000000025924 ) ;
#2895 = ORIENTED_EDGE ( 'NONE', *, *, #2768, .T. ) ;
#2896 = EDGE_LOOP ( 'NONE', ( #208, #4340, #4309, #4265 ) ) ;
#2897 = CARTESIAN_POINT ( 'NONE',  ( -16.07270415933393082, 0.000000000000000000, 38.80294036547397951 ) ) ;
#2898 = AXIS2_PLACEMENT_3D ( 'NONE', #2124, #3598, #1438 ) ;
#2899 = TOROIDAL_SURFACE ( 'NONE', #31, 1.700000000000004174, 0.2000000000000000111 ) ;
#2900 = AXIS2_PLACEMENT_3D ( 'NONE', #4522, #1634, #2062 ) ;
#2901 = VERTEX_POINT ( 'NONE', #3273 ) ;
#2902 = ORIENTED_EDGE ( 'NONE', *, *, #361, .F. ) ;
#2903 = DIRECTION ( 'NONE',  ( 0.000000000000000000, 0.000000000000000000, 1.000000000000000000 ) ) ;
#2904 = DIRECTION ( 'NONE',  ( 0.1305261922200550706, -0.000000000000000000, -0.9914448613738100491 ) ) ;
#2905 = VECTOR ( 'NONE', #2746, 1000.000000000000000 ) ;
#2906 = EDGE_CURVE ( 'NONE', #1977, #58, #2533, .T. ) ;
#2907 = AXIS2_PLACEMENT_3D ( 'NONE', #1761, #3209, #4651 ) ;
#2908 = ORIENTED_EDGE ( 'NONE', *, *, #4507, .T. ) ;
#2909 = PLANE ( 'NONE',  #710 ) ;
#2910 = LINE ( 'NONE', #4616, #4026 ) ;
#2911 = EDGE_CURVE ( 'NONE', #3079, #575, #3242, .T. ) ;
#2912 = EDGE_CURVE ( 'NONE', #2665, #2771, #4311, .T. ) ;
#2913 = CARTESIAN_POINT ( 'NONE',  ( 40.04021770854032525, 3.500000000000000000, 13.08565241728612882 ) ) ;
#2914 = ORIENTED_EDGE ( 'NONE', *, *, #2654, .T. ) ;
#2915 = CARTESIAN_POINT ( 'NONE',  ( -40.77116438497266415, 5.800000000000000711, -18.63774364097945835 ) ) ;
#2916 = CARTESIAN_POINT ( 'NONE',  ( -18.82096074681173903, 6.000000000000000000, 40.91175181493665036 ) ) ;
#2917 = ORIENTED_EDGE ( 'NONE', *, *, #4274, .T. ) ;
#2918 = LINE ( 'NONE', #3721, #1354 ) ;
#2919 = ADVANCED_FACE ( 'NONE', ( #1803 ), #649, .T. ) ;
#2920 = CARTESIAN_POINT ( 'NONE',  ( -25.00000000000000000, 2.500000000000000000, -2.549999999999999378 ) ) ;
#2921 = ORIENTED_EDGE ( 'NONE', *, *, #4434, .F. ) ;
#2922 = ORIENTED_EDGE ( 'NONE', *, *, #417, .T. ) ;
#2923 = LINE ( 'NONE', #1900, #2043 ) ;
#2924 = ORIENTED_EDGE ( 'NONE', *, *, #19, .F. ) ;
#2925 = CARTESIAN_POINT ( 'NONE',  ( 42.23740611107907483, 6.000000000000000000, -15.62054816604655905 ) ) ;
#2926 = ORIENTED_EDGE ( 'NONE', *, *, #3217, .T. ) ;
#2927 = CARTESIAN_POINT ( 'NONE',  ( -25.00000000000000000, 5.700000000000000178, -2.849999999999999201 ) ) ;
#2928 = AXIS2_PLACEMENT_3D ( 'NONE', #98, #4450, #854 ) ;
#2929 = VERTEX_POINT ( 'NONE', #1099 ) ;
#2930 = DIRECTION ( 'NONE',  ( -0.000000000000000000, 1.000000000000000000, 0.000000000000000000 ) ) ;
#2931 = CARTESIAN_POINT ( 'NONE',  ( 40.04021770854032525, 3.500000000000000000, 13.08565241728612882 ) ) ;
#2932 =( BOUNDED_CURVE ( )  B_SPLINE_CURVE ( 3, ( #1371, #3928, #3189, #614 ),
 .UNSPECIFIED., .F., .F. ) 
 B_SPLINE_CURVE_WITH_KNOTS ( ( 4, 4 ),
 ( 4.712388980384689674, 6.283185307179586232 ),
 .UNSPECIFIED. ) 
 CURVE ( )  GEOMETRIC_REPRESENTATION_ITEM ( )  RATIONAL_B_SPLINE_CURVE ( ( 1.000000000000000000, 0.8047378541243649375, 0.8047378541243649375, 1.000000000000000000 ) ) 
 REPRESENTATION_ITEM ( '' )  );
#2933 = CIRCLE ( 'NONE', #1807, 1.500000000000004885 ) ;
#2934 = CARTESIAN_POINT ( 'NONE',  ( -35.41266309640717225, 6.000000000000000000, 16.41817973326198299 ) ) ;
#2935 = EDGE_LOOP ( 'NONE', ( #3881, #3711, #4474, #1128 ) ) ;
#2936 = CARTESIAN_POINT ( 'NONE',  ( 40.04021770854023288, 5.800000000000000711, -13.08565241728641659 ) ) ;
#2937 = CYLINDRICAL_SURFACE ( 'NONE', #2928, 1.500000000000004885 ) ;
#2938 = ORIENTED_EDGE ( 'NONE', *, *, #3906, .F. ) ;
#2939 = EDGE_CURVE ( 'NONE', #244, #2385, #34, .T. ) ;
#2940 = DIRECTION ( 'NONE',  ( 0.6087614290087189906, -0.000000000000000000, -0.7933533402912364974 ) ) ;
#2941 = CIRCLE ( 'NONE', #670, 1.500000000000003331 ) ;
#2942 = VECTOR ( 'NONE', #708, 999.9999999999998863 ) ;
#2943 = AXIS2_PLACEMENT_3D ( 'NONE', #2470, #657, #3257 ) ;
#2944 = LINE ( 'NONE', #1143, #3353 ) ;
#2945 = VERTEX_POINT ( 'NONE', #3538 ) ;
#2946 = ORIENTED_EDGE ( 'NONE', *, *, #4041, .F. ) ;
#2947 = EDGE_CURVE ( 'NONE', #4393, #2345, #3251, .T. ) ;
#2948 = CARTESIAN_POINT ( 'NONE',  ( 16.49471641973511993, 3.500000000000000000, 35.59743900290937546 ) ) ;
#2949 = ORIENTED_EDGE ( 'NONE', *, *, #46, .F. ) ;
#2950 = DIRECTION ( 'NONE',  ( -0.7933533402912386068, 0.000000000000000000, -0.6087614290087162150 ) ) ;
#2951 = ORIENTED_EDGE ( 'NONE', *, *, #1379, .F. ) ;
#2952 = DIRECTION ( 'NONE',  ( 0.3826834323650840086, 0.000000000000000000, -0.9238795325112890700 ) ) ;
#2953 = ORIENTED_EDGE ( 'NONE', *, *, #4404, .F. ) ;
#2954 = DIRECTION ( 'NONE',  ( 0.000000000000000000, 0.000000000000000000, -1.000000000000000000 ) ) ;
#2955 = DIRECTION ( 'NONE',  ( 0.9914448613738093830, 0.000000000000000000, -0.1305261922200582347 ) ) ;
#2956 = CARTESIAN_POINT ( 'NONE',  ( 18.63774364097961467, 5.800000000000000711, 40.77116438497259310 ) ) ;
#2957 = VERTEX_POINT ( 'NONE', #312 ) ;
#2958 = CARTESIAN_POINT ( 'NONE',  ( -35.59743900290943941, 5.800000000000000711, -16.49471641973498848 ) ) ;
#2959 = DIRECTION ( 'NONE',  ( 0.9914448613738100491, 0.000000000000000000, -0.1305261922200548208 ) ) ;
#2960 = ORIENTED_EDGE ( 'NONE', *, *, #1522, .T. ) ;
#2961 = FACE_OUTER_BOUND ( 'NONE', #3917, .T. ) ;
#2962 =( BOUNDED_CURVE ( )  B_SPLINE_CURVE ( 3, ( #4578, #1775, #27, #960 ),
 .UNSPECIFIED., .F., .F. ) 
 B_SPLINE_CURVE_WITH_KNOTS ( ( 4, 4 ),
 ( 1.570796326794896558, 3.141592653589793116 ),
 .UNSPECIFIED. ) 
 CURVE ( )  GEOMETRIC_REPRESENTATION_ITEM ( )  RATIONAL_B_SPLINE_CURVE ( ( 1.000000000000000000, 0.8047378541243649375, 0.8047378541243649375, 1.000000000000000000 ) ) 
 REPRESENTATION_ITEM ( '' )  );
#2963 = EDGE_CURVE ( 'NONE', #2979, #1262, #1755, .T. ) ;
#2964 = EDGE_CURVE ( 'NONE', #49, #5, #1737, .T. ) ;
#2965 = FACE_OUTER_BOUND ( 'NONE', #1658, .T. ) ;
#2966 = VERTEX_POINT ( 'NONE', #1404 ) ;
#2967 = ORIENTED_EDGE ( 'NONE', *, *, #3423, .F. ) ;
#2968 = CARTESIAN_POINT ( 'NONE',  ( 35.36847461986909735, 6.000000000000000000, 16.52486015262081054 ) ) ;
#2969 = EDGE_CURVE ( 'NONE', #767, #121, #2844, .T. ) ;
#2970 = ADVANCED_FACE ( 'NONE', ( #2056 ), #561, .F. ) ;
#2971 = AXIS2_PLACEMENT_3D ( 'NONE', #3454, #4211, #2745 ) ;
#2972 = EDGE_LOOP ( 'NONE', ( #240, #3232, #487, #2233 ) ) ;
#2973 = CARTESIAN_POINT ( 'NONE',  ( 35.59743900290931862, 5.800000000000000711, -16.49471641973524783 ) ) ;
#2974 = VERTEX_POINT ( 'NONE', #3452 ) ;
#2975 = FACE_OUTER_BOUND ( 'NONE', #206, .T. ) ;
#2976 = CARTESIAN_POINT ( 'NONE',  ( -15.65069189893252677, 5.800000000000000711, -42.00844172803868304 ) ) ;
#2977 = CIRCLE ( 'NONE', #3960, 1.500000000000004885 ) ;
#2978 = VECTOR ( 'NONE', #2726, 1000.000000000000000 ) ;
#2979 = VERTEX_POINT ( 'NONE', #3427 ) ;
#2980 = CARTESIAN_POINT ( 'NONE',  ( 16.07270415933366081, 3.299999999999999822, -40.30294036547409320 ) ) ;
#2981 = AXIS2_PLACEMENT_3D ( 'NONE', #1537, #3649, #2174 ) ;
#2982 = VECTOR ( 'NONE', #847, 1000.000000000000000 ) ;
#2983 = CARTESIAN_POINT ( 'NONE',  ( 42.16711239609709594, 5.800000000000000711, 15.52893961313031923 ) ) ;
#2984 = ORIENTED_EDGE ( 'NONE', *, *, #1197, .T. ) ;
#2985 = DIRECTION ( 'NONE',  ( 0.9914448613738103822, 0.000000000000000000, 0.1305261922200515456 ) ) ;
#2986 = LINE ( 'NONE', #123, #4665 ) ;
#2987 = ORIENTED_EDGE ( 'NONE', *, *, #941, .T. ) ;
#2988 = LINE ( 'NONE', #1894, #1579 ) ;
#2989 = FACE_BOUND ( 'NONE', #1052, .T. ) ;
#2990 = ORIENTED_EDGE ( 'NONE', *, *, #3929, .T. ) ;
#2991 = ORIENTED_EDGE ( 'NONE', *, *, #2473, .T. ) ;
#2992 = CARTESIAN_POINT ( 'NONE',  ( -42.10328188079455458, 6.000000000000000000, -15.63820595595020713 ) ) ;
#2993 = EDGE_CURVE ( 'NONE', #176, #2747, #3144, .T. ) ;
#2994 = ORIENTED_EDGE ( 'NONE', *, *, #4440, .F. ) ;
#2995 = DIRECTION ( 'NONE',  ( 0.000000000000000000, 0.000000000000000000, -1.000000000000000000 ) ) ;
#2996 = ORIENTED_EDGE ( 'NONE', *, *, #307, .F. ) ;
#2997 = FACE_OUTER_BOUND ( 'NONE', #4115, .T. ) ;
#2998 = EDGE_CURVE ( 'NONE', #2138, #615, #3480, .T. ) ;
#2999 = LINE ( 'NONE', #506, #3017 ) ;
#3000 = EDGE_CURVE ( 'NONE', #2131, #584, #149, .T. ) ;
#3001 = EDGE_LOOP ( 'NONE', ( #1885, #1164, #3381, #3500, #2211, #2068 ) ) ;
#3002 = PLANE ( 'NONE',  #1998 ) ;
#3003 = CARTESIAN_POINT ( 'NONE',  ( -18.63774364097988467, 3.500000000000000000, 40.77116438497247231 ) ) ;
#3004 = AXIS2_PLACEMENT_3D ( 'NONE', #3630, #293, #625 ) ;
#3005 = EDGE_CURVE ( 'NONE', #3041, #1248, #3265, .T. ) ;
#3006 = DIRECTION ( 'NONE',  ( -0.6087614290087195457, 0.000000000000000000, 0.7933533402912360533 ) ) ;
#3007 = VERTEX_POINT ( 'NONE', #2787 ) ;
#3008 = CARTESIAN_POINT ( 'NONE',  ( -13.50766467768799295, 5.800000000000000711, -36.83471634597548672 ) ) ;
#3009 = CARTESIAN_POINT ( 'NONE',  ( -13.08565241728655870, 5.800000000000000711, -40.04021770854019735 ) ) ;
#3010 = VERTEX_POINT ( 'NONE', #4186 ) ;
#3011 = DIRECTION ( 'NONE',  ( -0.1305261922200588731, 0.000000000000000000, -0.9914448613738094940 ) ) ;
#3012 = DIRECTION ( 'NONE',  ( 0.000000000000000000, -1.000000000000000000, 0.000000000000000000 ) ) ;
#3013 = ORIENTED_EDGE ( 'NONE', *, *, #3190, .F. ) ;
#3014 = VECTOR ( 'NONE', #2940, 1000.000000000000000 ) ;
#3015 = ORIENTED_EDGE ( 'NONE', *, *, #1403, .T. ) ;
#3016 = DIRECTION ( 'NONE',  ( -0.000000000000000000, -1.000000000000000000, -0.000000000000000000 ) ) ;
#3017 = VECTOR ( 'NONE', #3784, 1000.000000000000000 ) ;
#3018 = EDGE_CURVE ( 'NONE', #2481, #1617, #3393, .T. ) ;
#3019 = ORIENTED_EDGE ( 'NONE', *, *, #4565, .T. ) ;
#3020 = DIRECTION ( 'NONE',  ( -0.000000000000000000, -1.000000000000000000, -0.000000000000000000 ) ) ;
#3021 = ORIENTED_EDGE ( 'NONE', *, *, #2216, .F. ) ;
#3022 = DIRECTION ( 'NONE',  ( 0.000000000000000000, 0.000000000000000000, -1.000000000000000000 ) ) ;
#3023 = VECTOR ( 'NONE', #3071, 1000.000000000000000 ) ;
#3024 = DIRECTION ( 'NONE',  ( 0.000000000000000000, 0.000000000000000000, -1.000000000000000000 ) ) ;
#3025 = AXIS2_PLACEMENT_3D ( 'NONE', #232, #2075, #3093 ) ;
#3026 = ORIENTED_EDGE ( 'NONE', *, *, #2021, .F. ) ;
#3027 = CARTESIAN_POINT ( 'NONE',  ( -16.49471641973537572, 5.800000000000000711, -35.59743900290925467 ) ) ;
#3028 = CARTESIAN_POINT ( 'NONE',  ( 15.65069189893222834, 3.500000000000000000, 42.00844172803878962 ) ) ;
#3029 = ADVANCED_FACE ( 'NONE', ( #634 ), #3074, .F. ) ;
#3030 = EDGE_CURVE ( 'NONE', #3041, #1342, #1719, .T. ) ;
#3031 = DIRECTION ( 'NONE',  ( 0.000000000000000000, 0.000000000000000000, 1.000000000000000000 ) ) ;
#3032 = ORIENTED_EDGE ( 'NONE', *, *, #2273, .F. ) ;
#3033 = DIRECTION ( 'NONE',  ( -0.000000000000000000, 1.000000000000000000, -0.000000000000000000 ) ) ;
#3034 = DIRECTION ( 'NONE',  ( -0.1305261922200548208, 0.000000000000000000, -0.9914448613738100491 ) ) ;
#3035 = ORIENTED_EDGE ( 'NONE', *, *, #4384, .F. ) ;
#3036 = DIRECTION ( 'NONE',  ( 0.9238795325112891810, 0.000000000000000000, 0.3826834323650840641 ) ) ;
#3037 = CARTESIAN_POINT ( 'NONE',  ( 0.000000000000000000, 0.000000000000000000, 0.000000000000000000 ) ) ;
#3038 = ORIENTED_EDGE ( 'NONE', *, *, #2703, .F. ) ;
#3039 = ORIENTED_EDGE ( 'NONE', *, *, #800, .T. ) ;
#3040 = DIRECTION ( 'NONE',  ( -0.7933533402912340549, 0.000000000000000000, 0.6087614290087220992 ) ) ;
#3041 = VERTEX_POINT ( 'NONE', #3164 ) ;
#3042 = LINE ( 'NONE', #1645, #4659 ) ;
#3043 = VERTEX_POINT ( 'NONE', #4610 ) ;
#3044 = DIRECTION ( 'NONE',  ( -0.000000000000000000, -1.000000000000000000, -0.000000000000000000 ) ) ;
#3045 = TOROIDAL_SURFACE ( 'NONE', #97, 2.700000000000000622, 0.2000000000000000111 ) ;
#3046 = CARTESIAN_POINT ( 'NONE',  ( -15.65069189893251256, 5.917157287525380838, 42.00844172803869014 ) ) ;
#3047 = ORIENTED_EDGE ( 'NONE', *, *, #1703, .F. ) ;
#3048 = DIRECTION ( 'NONE',  ( -0.000000000000000000, 1.000000000000000000, -0.000000000000000000 ) ) ;
#3049 = DIRECTION ( 'NONE',  ( 0.1305261922200649238, 0.000000000000000000, 0.9914448613738086058 ) ) ;
#3050 = VECTOR ( 'NONE', #2904, 999.9999999999998863 ) ;
#3051 = TOROIDAL_SURFACE ( 'NONE', #2670, 2.700000000000000622, 0.2000000000000000111 ) ;
#3052 = DIRECTION ( 'NONE',  ( 0.9914448613738103822, 0.000000000000000000, 0.1305261922200515456 ) ) ;
#3053 = CARTESIAN_POINT ( 'NONE',  ( -18.63774364097990599, 3.500000000000000000, -40.77116438497246520 ) ) ;
#3054 = ORIENTED_EDGE ( 'NONE', *, *, #4644, .F. ) ;
#3055 = CARTESIAN_POINT ( 'NONE',  ( -36.83471634597562883, 3.500000000000000000, -13.50766467768759682 ) ) ;
#3056 = VERTEX_POINT ( 'NONE', #3120 ) ;
#3057 = DIRECTION ( 'NONE',  ( -1.000000000000000000, 0.000000000000000000, -3.491481338843133355E-15 ) ) ;
#3058 = EDGE_CURVE ( 'NONE', #1009, #1117, #4000, .T. ) ;
#3059 = EDGE_CURVE ( 'NONE', #375, #736, #2807, .T. ) ;
#3060 = CIRCLE ( 'NONE', #1764, 2.500000000000000444 ) ;
#3061 = CARTESIAN_POINT ( 'NONE',  ( -11.13693180368823832, 6.000000000000000000, 13.83693180368800668 ) ) ;
#3062 = ORIENTED_EDGE ( 'NONE', *, *, #4507, .F. ) ;
#3063 = CIRCLE ( 'NONE', #2684, 0.2000000000000005107 ) ;
#3064 = ORIENTED_EDGE ( 'NONE', *, *, #4068, .F. ) ;
#3065 = DIRECTION ( 'NONE',  ( -0.9238795325112877377, 0.000000000000000000, -0.3826834323650872283 ) ) ;
#3066 = EDGE_CURVE ( 'NONE', #3800, #1235, #2111, .T. ) ;
#3067 = DIRECTION ( 'NONE',  ( 0.1305261922200484648, -0.000000000000000000, 0.9914448613738108262 ) ) ;
#3068 = DIRECTION ( 'NONE',  ( -0.9914448613738086058, 0.000000000000000000, 0.1305261922200649238 ) ) ;
#3069 = ORIENTED_EDGE ( 'NONE', *, *, #2330, .F. ) ;
#3070 = DIRECTION ( 'NONE',  ( 0.000000000000000000, 0.000000000000000000, 1.000000000000000000 ) ) ;
#3071 = DIRECTION ( 'NONE',  ( -0.000000000000000000, -1.000000000000000000, -0.000000000000000000 ) ) ;
#3072 = ORIENTED_EDGE ( 'NONE', *, *, #618, .T. ) ;
#3073 = CARTESIAN_POINT ( 'NONE',  ( -16.61646870553709832, 6.000000000000000000, 35.43876833485101940 ) ) ;
#3074 = PLANE ( 'NONE',  #3779 ) ;
#3075 = CYLINDRICAL_SURFACE ( 'NONE', #1754, 1.500000000000001332 ) ;
#3076 = EDGE_CURVE ( 'NONE', #2178, #1151, #1303, .T. ) ;
#3077 = LINE ( 'NONE', #4519, #552 ) ;
#3078 = CARTESIAN_POINT ( 'NONE',  ( -16.07270415933394858, 3.500000000000000000, -40.50294036547398235 ) ) ;
#3079 = VERTEX_POINT ( 'NONE', #1277 ) ;
#3080 = CARTESIAN_POINT ( 'NONE',  ( 19.05975590138105602, 5.800000000000000711, -37.56566302240788247 ) ) ;
#3081 = EDGE_LOOP ( 'NONE', ( #1797, #3172, #1750, #387 ) ) ;
#3082 = CARTESIAN_POINT ( 'NONE',  ( 40.79726962341653973, 5.800000000000000711, -18.83603261325452394 ) ) ;
#3083 = PLANE ( 'NONE',  #2217 ) ;
#3084 = EDGE_CURVE ( 'NONE', #4242, #817, #213, .T. ) ;
#3085 = ORIENTED_EDGE ( 'NONE', *, *, #449, .T. ) ;
#3086 = DIRECTION ( 'NONE',  ( -0.000000000000000000, -1.000000000000000000, 0.000000000000000000 ) ) ;
#3087 =( BOUNDED_CURVE ( )  B_SPLINE_CURVE ( 3, ( #1332, #2386, #266, #3484 ),
 .UNSPECIFIED., .F., .F. ) 
 B_SPLINE_CURVE_WITH_KNOTS ( ( 4, 4 ),
 ( 1.570796326794896558, 3.141592653589793116 ),
 .UNSPECIFIED. ) 
 CURVE ( )  GEOMETRIC_REPRESENTATION_ITEM ( )  RATIONAL_B_SPLINE_CURVE ( ( 1.000000000000000000, 0.8047378541243649375, 0.8047378541243649375, 1.000000000000000000 ) ) 
 REPRESENTATION_ITEM ( '' )  );
#3088 = AXIS2_PLACEMENT_3D ( 'NONE', #2601, #125, #2203 ) ;
#3089 = ADVANCED_FACE ( 'NONE', ( #2031 ), #3478, .T. ) ;
#3090 = CYLINDRICAL_SURFACE ( 'NONE', #109, 0.2000000000000003164 ) ;
#3091 = CARTESIAN_POINT ( 'NONE',  ( -16.07270415933394858, 3.299999999999999822, -38.80294036547397951 ) ) ;
#3092 = ORIENTED_EDGE ( 'NONE', *, *, #4193, .T. ) ;
#3093 = DIRECTION ( 'NONE',  ( 0.000000000000000000, 0.000000000000000000, 1.000000000000000000 ) ) ;
#3094 = DIRECTION ( 'NONE',  ( 0.000000000000000000, -1.000000000000000000, 0.000000000000000000 ) ) ;
#3095 = AXIS2_PLACEMENT_3D ( 'NONE', #582, #275, #2737 ) ;
#3096 = ORIENTED_EDGE ( 'NONE', *, *, #1703, .T. ) ;
#3097 = CARTESIAN_POINT ( 'NONE',  ( -35.59743900290943941, 3.500000000000000000, -16.49471641973498848 ) ) ;
#3098 = CARTESIAN_POINT ( 'NONE',  ( -11.13693180368812286, 0.000000000000000000, -11.13693180368812286 ) ) ;
#3099 = CYLINDRICAL_SURFACE ( 'NONE', #2135, 0.2000000000000003442 ) ;
#3100 = DIRECTION ( 'NONE',  ( 0.000000000000000000, 0.000000000000000000, -1.000000000000000000 ) ) ;
#3101 = LINE ( 'NONE', #3124, #1845 ) ;
#3102 = VERTEX_POINT ( 'NONE', #586 ) ;
#3103 = CARTESIAN_POINT ( 'NONE',  ( -40.77116438497266415, 5.917157287525380838, -18.63774364097945835 ) ) ;
#3104 = ORIENTED_EDGE ( 'NONE', *, *, #2741, .T. ) ;
#3105 = CARTESIAN_POINT ( 'NONE',  ( -40.07682464110568077, 6.000000000000000000, -12.99727546420996482 ) ) ;
#3106 = CARTESIAN_POINT ( 'NONE',  ( 16.49471641973511993, 3.500000000000000000, 35.59743900290937546 ) ) ;
#3107 = ORIENTED_EDGE ( 'NONE', *, *, #3229, .F. ) ;
#3108 = CARTESIAN_POINT ( 'NONE',  ( -40.77116438497265705, 3.500000000000000000, 18.63774364097947611 ) ) ;
#3109 = EDGE_CURVE ( 'NONE', #1149, #2747, #1677, .T. ) ;
#3110 = EDGE_LOOP ( 'NONE', ( #2967, #741, #886, #546 ) ) ;
#3111 = VERTEX_POINT ( 'NONE', #2403 ) ;
#3112 = LINE ( 'NONE', #4537, #4669 ) ;
#3113 = DIRECTION ( 'NONE',  ( 0.000000000000000000, 0.000000000000000000, 1.000000000000000000 ) ) ;
#3114 = EDGE_CURVE ( 'NONE', #1914, #225, #1802, .T. ) ;
#3115 =( BOUNDED_CURVE ( )  B_SPLINE_CURVE ( 3, ( #1745, #344, #3213, #4324 ),
 .UNSPECIFIED., .F., .F. ) 
 B_SPLINE_CURVE_WITH_KNOTS ( ( 4, 4 ),
 ( 4.712388980384696779, 6.283185307179586232 ),
 .UNSPECIFIED. ) 
 CURVE ( )  GEOMETRIC_REPRESENTATION_ITEM ( )  RATIONAL_B_SPLINE_CURVE ( ( 1.000000000000000000, 0.8047378541243667138, 0.8047378541243667138, 1.000000000000000000 ) ) 
 REPRESENTATION_ITEM ( '' )  );
#3116 = EDGE_CURVE ( 'NONE', #1409, #1784, #4595, .T. ) ;
#3117 = AXIS2_PLACEMENT_3D ( 'NONE', #2200, #2504, #4202 ) ;
#3118 = ORIENTED_EDGE ( 'NONE', *, *, #2741, .F. ) ;
#3119 = CARTESIAN_POINT ( 'NONE',  ( 18.83603261325437828, 6.000000000000000000, 40.79726962341660368 ) ) ;
#3120 = CARTESIAN_POINT ( 'NONE',  ( -16.07270415933394858, 3.299999999999999822, -40.30294036547397951 ) ) ;
#3121 = DIRECTION ( 'NONE',  ( -0.7071067811865389130, 0.000000000000000000, -0.7071067811865562325 ) ) ;
#3122 = AXIS2_PLACEMENT_3D ( 'NONE', #1416, #2544, #3532 ) ;
#3123 = DIRECTION ( 'NONE',  ( 0.000000000000000000, 0.000000000000000000, 1.000000000000000000 ) ) ;
#3124 = CARTESIAN_POINT ( 'NONE',  ( 15.52893961313046667, 6.000000000000000000, -42.16711239609704620 ) ) ;
#3125 = ORIENTED_EDGE ( 'NONE', *, *, #3761, .T. ) ;
#3126 = CARTESIAN_POINT ( 'NONE',  ( 16.07270415933367502, 0.000000000000000000, 37.30294036547407899 ) ) ;
#3127 = VECTOR ( 'NONE', #1192, 999.9999999999998863 ) ;
#3128 = LINE ( 'NONE', #4216, #2862 ) ;
#3129 = CIRCLE ( 'NONE', #1465, 2.500000000000000444 ) ;
#3130 = VECTOR ( 'NONE', #1351, 1000.000000000000227 ) ;
#3131 = FACE_BOUND ( 'NONE', #3796, .T. ) ;
#3132 = ORIENTED_EDGE ( 'NONE', *, *, #2240, .F. ) ;
#3133 = CARTESIAN_POINT ( 'NONE',  ( 40.82939760516299543, 6.000000000000000000, 18.71363465107376101 ) ) ;
#3134 = VECTOR ( 'NONE', #168, 1000.000000000000000 ) ;
#3135 = AXIS2_PLACEMENT_3D ( 'NONE', #2163, #2192, #4038 ) ;
#3136 = FACE_BOUND ( 'NONE', #4237, .T. ) ;
#3137 = DIRECTION ( 'NONE',  ( -0.9238795325112891810, 0.000000000000000000, -0.3826834323650840641 ) ) ;
#3138 = ORIENTED_EDGE ( 'NONE', *, *, #3143, .F. ) ;
#3139 = LINE ( 'NONE', #2053, #3859 ) ;
#3140 = LINE ( 'NONE', #233, #76 ) ;
#3141 = ORIENTED_EDGE ( 'NONE', *, *, #2964, .T. ) ;
#3142 = DIRECTION ( 'NONE',  ( -0.000000000000000000, 1.000000000000000000, -0.000000000000000000 ) ) ;
#3143 = EDGE_CURVE ( 'NONE', #2805, #88, #2832, .T. ) ;
#3144 = LINE ( 'NONE', #3882, #1509 ) ;
#3145 = DIRECTION ( 'NONE',  ( -0.3826834323650842862, 0.000000000000000000, -0.9238795325112890700 ) ) ;
#3146 = FACE_OUTER_BOUND ( 'NONE', #3708, .T. ) ;
#3147 = DIRECTION ( 'NONE',  ( 0.9238795325112877377, 0.000000000000000000, -0.3826834323650875058 ) ) ;
#3148 = ADVANCED_FACE ( 'NONE', ( #4676 ), #3992, .F. ) ;
#3149 = ORIENTED_EDGE ( 'NONE', *, *, #2189, .F. ) ;
#3150 = CARTESIAN_POINT ( 'NONE',  ( -40.77116438497266415, 5.800000000000000711, -18.63774364097945835 ) ) ;
#3151 = FACE_OUTER_BOUND ( 'NONE', #677, .T. ) ;
#3152 = LINE ( 'NONE', #3955, #3585 ) ;
#3153 = ORIENTED_EDGE ( 'NONE', *, *, #2767, .T. ) ;
#3154 = CYLINDRICAL_SURFACE ( 'NONE', #4601, 1.500000000000004885 ) ;
#3155 = AXIS2_PLACEMENT_3D ( 'NONE', #4134, #892, #1271 ) ;
#3156 = PLANE ( 'NONE',  #583 ) ;
#3157 = ORIENTED_EDGE ( 'NONE', *, *, #1926, .T. ) ;
#3158 = CARTESIAN_POINT ( 'NONE',  ( -42.00844172803884646, 3.500000000000000000, 15.65069189893208268 ) ) ;
#3159 = CARTESIAN_POINT ( 'NONE',  ( -15.65069189893252677, 5.800000000000000711, -42.00844172803868304 ) ) ;
#3160 = EDGE_CURVE ( 'NONE', #3751, #3303, #3701, .T. ) ;
#3161 = VECTOR ( 'NONE', #3805, 999.9999999999998863 ) ;
#3162 = ORIENTED_EDGE ( 'NONE', *, *, #2048, .T. ) ;
#3163 = FACE_OUTER_BOUND ( 'NONE', #4208, .T. ) ;
#3164 = CARTESIAN_POINT ( 'NONE',  ( -16.49471641973536151, 5.800000000000000711, 35.59743900290926177 ) ) ;
#3165 = CARTESIAN_POINT ( 'NONE',  ( -40.77116438497265705, 3.500000000000000000, 18.63774364097947611 ) ) ;
#3166 = VECTOR ( 'NONE', #602, 1000.000000000000000 ) ;
#3167 = ADVANCED_FACE ( 'NONE', ( #2493 ), #3568, .T. ) ;
#3168 = ADVANCED_FACE ( 'NONE', ( #4652 ), #3618, .T. ) ;
#3169 = AXIS2_PLACEMENT_3D ( 'NONE', #1327, #2381, #3834 ) ;
#3170 = DIRECTION ( 'NONE',  ( 0.6087614290087248747, -0.000000000000000000, 0.7933533402912319454 ) ) ;
#3171 = DIRECTION ( 'NONE',  ( 0.000000000000000000, 1.000000000000000000, 0.000000000000000000 ) ) ;
#3172 = ORIENTED_EDGE ( 'NONE', *, *, #4009, .F. ) ;
#3173 = DIRECTION ( 'NONE',  ( 0.3826834323650906144, 0.000000000000000000, 0.9238795325112865164 ) ) ;
#3174 = DIRECTION ( 'NONE',  ( -0.9238795325112925116, 0.000000000000000000, -0.3826834323650757930 ) ) ;
#3175 = ADVANCED_FACE ( 'NONE', ( #3923 ), #3283, .F. ) ;
#3176 = ADVANCED_FACE ( 'NONE', ( #1434 ), #4347, .F. ) ;
#3177 = FACE_OUTER_BOUND ( 'NONE', #4571, .T. ) ;
#3178 = ORIENTED_EDGE ( 'NONE', *, *, #1330, .T. ) ;
#3179 = DIRECTION ( 'NONE',  ( 0.000000000000000000, 1.000000000000000000, 0.000000000000000000 ) ) ;
#3180 = CARTESIAN_POINT ( 'NONE',  ( -42.00844172803885357, 5.800000000000000711, -15.65069189893206492 ) ) ;
#3181 = ORIENTED_EDGE ( 'NONE', *, *, #2389, .T. ) ;
#3182 = CARTESIAN_POINT ( 'NONE',  ( 13.08565241728627981, 3.500000000000000000, 40.04021770854028262 ) ) ;
#3183 =( NAMED_UNIT ( * ) SI_UNIT ( $, .STERADIAN. ) SOLID_ANGLE_UNIT ( ) );
#3184 = ORIENTED_EDGE ( 'NONE', *, *, #3143, .T. ) ;
#3185 = DIRECTION ( 'NONE',  ( 1.000000000000000000, -0.000000000000000000, 1.224646799147353207E-16 ) ) ;
#3186 = CARTESIAN_POINT ( 'NONE',  ( -40.07682464110568077, 6.000000000000000000, 12.99727546420997903 ) ) ;
#3187 = LINE ( 'NONE', #2472, #1535 ) ;
#3188 = CARTESIAN_POINT ( 'NONE',  ( -38.80294036547413583, 3.299999999999999822, 16.07270415933354357 ) ) ;
#3189 = CARTESIAN_POINT ( 'NONE',  ( -37.56566302240793931, 5.917157287525380838, -19.05975590138092457 ) ) ;
#3190 = EDGE_CURVE ( 'NONE', #544, #4024, #4296, .T. ) ;
#3191 = CARTESIAN_POINT ( 'NONE',  ( -16.07270415933393082, 6.000000000000000000, 37.30294036547397951 ) ) ;
#3192 = DIRECTION ( 'NONE',  ( -0.000000000000000000, -1.000000000000000000, -0.000000000000000000 ) ) ;
#3193 = AXIS2_PLACEMENT_3D ( 'NONE', #462, #2645, #2591 ) ;
#3194 = LINE ( 'NONE', #2886, #4337 ) ;
#3195 = VERTEX_POINT ( 'NONE', #701 ) ;
#3196 = EDGE_CURVE ( 'NONE', #4003, #1500, #3643, .T. ) ;
#3197 = ORIENTED_EDGE ( 'NONE', *, *, #822, .F. ) ;
#3198 = EDGE_CURVE ( 'NONE', #4242, #4003, #3754, .T. ) ;
#3199 = FACE_OUTER_BOUND ( 'NONE', #3450, .T. ) ;
#3200 = AXIS2_PLACEMENT_3D ( 'NONE', #451, #1942, #429 ) ;
#3201 = DIRECTION ( 'NONE',  ( 0.1305261922200548208, -0.000000000000000000, 0.9914448613738100491 ) ) ;
#3202 = AXIS2_PLACEMENT_3D ( 'NONE', #2983, #759, #25 ) ;
#3203 = ORIENTED_EDGE ( 'NONE', *, *, #3204, .T. ) ;
#3204 = EDGE_CURVE ( 'NONE', #4466, #2945, #3595, .T. ) ;
#3205 = DIRECTION ( 'NONE',  ( 0.1305261922200554037, 0.000000000000000000, 0.9914448613738100491 ) ) ;
#3206 = CIRCLE ( 'NONE', #4270, 1.500000000000001332 ) ;
#3207 =( BOUNDED_CURVE ( )  B_SPLINE_CURVE ( 3, ( #1531, #1883, #4113, #3975 ),
 .UNSPECIFIED., .F., .F. ) 
 B_SPLINE_CURVE_WITH_KNOTS ( ( 4, 4 ),
 ( 4.712388980384701220, 6.283185307179586232 ),
 .UNSPECIFIED. ) 
 CURVE ( )  GEOMETRIC_REPRESENTATION_ITEM ( )  RATIONAL_B_SPLINE_CURVE ( ( 1.000000000000000000, 0.8047378541243677130, 0.8047378541243677130, 1.000000000000000000 ) ) 
 REPRESENTATION_ITEM ( '' )  );
#3208 = ORIENTED_EDGE ( 'NONE', *, *, #2495, .T. ) ;
#3209 = DIRECTION ( 'NONE',  ( -1.000000000000000000, 0.000000000000000000, 0.000000000000000000 ) ) ;
#3210 = CARTESIAN_POINT ( 'NONE',  ( 16.07270415933366081, 6.000000000000000000, -38.80294036547408609 ) ) ;
#3211 = CARTESIAN_POINT ( 'NONE',  ( 16.07270415933367502, 3.500000000000000000, 40.50294036547408894 ) ) ;
#3212 = VECTOR ( 'NONE', #2348, 1000.000000000000000 ) ;
#3213 = CARTESIAN_POINT ( 'NONE',  ( 40.04021770854022577, 5.917157287525380838, -13.08565241728641659 ) ) ;
#3214 = CARTESIAN_POINT ( 'NONE',  ( 12.87229157856860695, 6.000000000000000000, 40.12859466161643951 ) ) ;
#3215 = CARTESIAN_POINT ( 'NONE',  ( 35.59743900290931862, 3.500000000000000000, -16.49471641973524783 ) ) ;
#3216 = PLANE ( 'NONE',  #1508 ) ;
#3217 = EDGE_CURVE ( 'NONE', #5, #2974, #4234, .T. ) ;
#3218 = DIRECTION ( 'NONE',  ( -0.1305261922200484648, 0.000000000000000000, -0.9914448613738108262 ) ) ;
#3219 = ORIENTED_EDGE ( 'NONE', *, *, #1925, .F. ) ;
#3220 = DIRECTION ( 'NONE',  ( 0.9914448613738093830, -0.000000000000000000, -0.1305261922200588454 ) ) ;
#3221 = ORIENTED_EDGE ( 'NONE', *, *, #69, .T. ) ;
#3222 = CARTESIAN_POINT ( 'NONE',  ( -42.00844172803885357, 3.500000000000000000, -15.65069189893206492 ) ) ;
#3223 = EDGE_CURVE ( 'NONE', #4082, #1969, #2165, .T. ) ;
#3224 = CARTESIAN_POINT ( 'NONE',  ( -15.65069189893250901, 5.800000000000000711, 42.00844172803868304 ) ) ;
#3225 = EDGE_LOOP ( 'NONE', ( #1473, #3293, #1212, #4480 ) ) ;
#3226 = CIRCLE ( 'NONE', #501, 1.500000000000005995 ) ;
#3227 = ORIENTED_EDGE ( 'NONE', *, *, #4666, .F. ) ;
#3228 = PRODUCT_CONTEXT ( 'NONE', #2593, 'mechanical' ) ;
#3229 = EDGE_CURVE ( 'NONE', #2608, #3010, #4532, .T. ) ;
#3230 = CIRCLE ( 'NONE', #4063, 0.1999999999999987899 ) ;
#3231 = EDGE_CURVE ( 'NONE', #1881, #4365, #4019, .T. ) ;
#3232 = ORIENTED_EDGE ( 'NONE', *, *, #3645, .F. ) ;
#3233 = CYLINDRICAL_SURFACE ( 'NONE', #4043, 1.500000000000001332 ) ;
#3234 = DIRECTION ( 'NONE',  ( 0.9238795325112877377, -0.000000000000000000, 0.3826834323650872283 ) ) ;
#3235 = FACE_OUTER_BOUND ( 'NONE', #4441, .T. ) ;
#3236 = VECTOR ( 'NONE', #4512, 1000.000000000000000 ) ;
#3237 = DIRECTION ( 'NONE',  ( 0.3826834323650842307, 0.000000000000000000, 0.9238795325112889589 ) ) ;
#3238 = DIRECTION ( 'NONE',  ( 0.000000000000000000, 1.000000000000000000, 0.000000000000000000 ) ) ;
#3239 = DIRECTION ( 'NONE',  ( -0.000000000000000000, -1.000000000000000000, -0.000000000000000000 ) ) ;
#3240 = DIRECTION ( 'NONE',  ( 0.000000000000000000, 0.000000000000000000, 1.000000000000000000 ) ) ;
#3241 = CIRCLE ( 'NONE', #1287, 1.500000000000004885 ) ;
#3242 = CIRCLE ( 'NONE', #981, 0.2000000000000005107 ) ;
#3243 = CARTESIAN_POINT ( 'NONE',  ( -37.56566302240794641, 3.500000000000000000, -19.05975590138092457 ) ) ;
#3244 = EDGE_LOOP ( 'NONE', ( #4275, #903, #4416, #2764 ) ) ;
#3245 = FACE_BOUND ( 'NONE', #2585, .T. ) ;
#3246 = AXIS2_PLACEMENT_3D ( 'NONE', #4229, #3094, #1673 ) ;
#3247 = DIRECTION ( 'NONE',  ( 1.000000000000000000, 0.000000000000000000, 1.040834085586084099E-14 ) ) ;
#3248 = VECTOR ( 'NONE', #1131, 1000.000000000000114 ) ;
#3249 = ORIENTED_EDGE ( 'NONE', *, *, #1489, .T. ) ;
#3250 = CARTESIAN_POINT ( 'NONE',  ( -40.77116438497265705, 5.800000000000000711, 18.63774364097947611 ) ) ;
#3251 = LINE ( 'NONE', #292, #2335 ) ;
#3252 = ORIENTED_EDGE ( 'NONE', *, *, #4563, .F. ) ;
#3253 = VERTEX_POINT ( 'NONE', #818 ) ;
#3254 = ORIENTED_EDGE ( 'NONE', *, *, #1543, .T. ) ;
#3255 = DIRECTION ( 'NONE',  ( 0.1305261922200554037, 0.000000000000000000, 0.9914448613738100491 ) ) ;
#3256 = ORIENTED_EDGE ( 'NONE', *, *, #4274, .F. ) ;
#3257 = DIRECTION ( 'NONE',  ( -0.7933533402912307242, 0.000000000000000000, 0.6087614290087264290 ) ) ;
#3258 = EDGE_CURVE ( 'NONE', #2597, #1881, #2719, .T. ) ;
#3259 = DIRECTION ( 'NONE',  ( -0.9238795325112850731, -0.000000000000000000, 0.3826834323650937786 ) ) ;
#3260 = ADVANCED_FACE ( 'NONE', ( #2565 ), #4088, .F. ) ;
#3261 = EDGE_LOOP ( 'NONE', ( #56, #1554, #4085, #3208 ) ) ;
#3262 = DIRECTION ( 'NONE',  ( -0.7933533402912382737, 0.000000000000000000, 0.6087614290087164370 ) ) ;
#3263 = CARTESIAN_POINT ( 'NONE',  ( -35.59743900290943230, 5.800000000000000711, 16.49471641973499914 ) ) ;
#3264 = EDGE_CURVE ( 'NONE', #2957, #58, #4061, .T. ) ;
#3265 =( BOUNDED_CURVE ( )  B_SPLINE_CURVE ( 3, ( #1699, #4586, #1629, #2427 ),
 .UNSPECIFIED., .F., .F. ) 
 B_SPLINE_CURVE_WITH_KNOTS ( ( 4, 4 ),
 ( 3.141592653589793116, 4.712388980384689674 ),
 .UNSPECIFIED. ) 
 CURVE ( )  GEOMETRIC_REPRESENTATION_ITEM ( )  RATIONAL_B_SPLINE_CURVE ( ( 1.000000000000000000, 0.8047378541243649375, 0.8047378541243649375, 1.000000000000000000 ) ) 
 REPRESENTATION_ITEM ( '' )  );
#3266 = LINE ( 'NONE', #2546, #1467 ) ;
#3267 = ORIENTED_EDGE ( 'NONE', *, *, #2077, .F. ) ;
#3268 = FACE_BOUND ( 'NONE', #2509, .T. ) ;
#3269 = VECTOR ( 'NONE', #3033, 1000.000000000000000 ) ;
#3270 = EDGE_LOOP ( 'NONE', ( #3254, #3326, #943, #3956 ) ) ;
#3271 = DIRECTION ( 'NONE',  ( -0.000000000000000000, 1.000000000000000000, -0.000000000000000000 ) ) ;
#3272 = AXIS2_PLACEMENT_3D ( 'NONE', #1863, #2668, #1512 ) ;
#3273 = CARTESIAN_POINT ( 'NONE',  ( 42.00844172803873278, 5.800000000000000711, -15.65069189893237400 ) ) ;
#3274 = ORIENTED_EDGE ( 'NONE', *, *, #161, .F. ) ;
#3275 = ORIENTED_EDGE ( 'NONE', *, *, #4291, .F. ) ;
#3276 = CARTESIAN_POINT ( 'NONE',  ( -42.00844172803886778, 5.917157287525381726, -15.65069189893206136 ) ) ;
#3277 = AXIS2_PLACEMENT_3D ( 'NONE', #4298, #727, #3905 ) ;
#3278 = AXIS2_PLACEMENT_3D ( 'NONE', #3106, #1663, #885 ) ;
#3279 = AXIS2_PLACEMENT_3D ( 'NONE', #2106, #1111, #4258 ) ;
#3280 = VERTEX_POINT ( 'NONE', #1930 ) ;
#3281 = CYLINDRICAL_SURFACE ( 'NONE', #643, 0.1999999999999992617 ) ;
#3282 = ORIENTED_EDGE ( 'NONE', *, *, #1926, .F. ) ;
#3283 = CYLINDRICAL_SURFACE ( 'NONE', #908, 2.500000000000000444 ) ;
#3284 = CYLINDRICAL_SURFACE ( 'NONE', #4181, 0.2000000000000019262 ) ;
#3285 = VECTOR ( 'NONE', #2224, 1000.000000000000000 ) ;
#3286 = EDGE_CURVE ( 'NONE', #2142, #2887, #4394, .T. ) ;
#3287 = VECTOR ( 'NONE', #4541, 1000.000000000000000 ) ;
#3288 = ORIENTED_EDGE ( 'NONE', *, *, #3953, .F. ) ;
#3289 = CYLINDRICAL_SURFACE ( 'NONE', #2756, 48.00000000000000711 ) ;
#3290 = CARTESIAN_POINT ( 'NONE',  ( 15.65069189893221058, 5.800000000000000711, -42.00844172803879673 ) ) ;
#3291 = ADVANCED_FACE ( 'NONE', ( #2586 ), #1176, .T. ) ;
#3292 = DIRECTION ( 'NONE',  ( -0.6087614290087248747, 0.000000000000000000, -0.7933533402912319454 ) ) ;
#3293 = ORIENTED_EDGE ( 'NONE', *, *, #3953, .T. ) ;
#3294 = FACE_BOUND ( 'NONE', #202, .T. ) ;
#3295 = CARTESIAN_POINT ( 'NONE',  ( 11.13693180368816016, 6.000000000000000000, -11.13693180368808378 ) ) ;
#3296 = ORIENTED_EDGE ( 'NONE', *, *, #1887, .F. ) ;
#3297 = CARTESIAN_POINT ( 'NONE',  ( -38.80294036547413583, 6.000000000000000000, 17.57270415933354712 ) ) ;
#3298 = ORIENTED_EDGE ( 'NONE', *, *, #3160, .T. ) ;
#3299 = ORIENTED_EDGE ( 'NONE', *, *, #199, .F. ) ;
#3300 = CARTESIAN_POINT ( 'NONE',  ( -38.80294036547414294, 3.299999999999999822, -17.77270415933352865 ) ) ;
#3301 = ORIENTED_EDGE ( 'NONE', *, *, #1550, .T. ) ;
#3302 = FACE_OUTER_BOUND ( 'NONE', #1610, .T. ) ;
#3303 = VERTEX_POINT ( 'NONE', #1577 ) ;
#3304 = CARTESIAN_POINT ( 'NONE',  ( 38.80294036547402925, 6.000000000000000000, -14.57270415933380470 ) ) ;
#3305 = ORIENTED_EDGE ( 'NONE', *, *, #4443, .F. ) ;
#3306 = DIRECTION ( 'NONE',  ( 0.000000000000000000, 0.000000000000000000, 1.000000000000000000 ) ) ;
#3307 = LINE ( 'NONE', #1534, #2209 ) ;
#3308 = AXIS2_PLACEMENT_3D ( 'NONE', #4013, #410, #1502 ) ;
#3309 = FACE_OUTER_BOUND ( 'NONE', #2339, .T. ) ;
#3310 = ORIENTED_EDGE ( 'NONE', *, *, #1179, .F. ) ;
#3311 = DIRECTION ( 'NONE',  ( 0.000000000000000000, 0.000000000000000000, 1.000000000000000000 ) ) ;
#3312 = CARTESIAN_POINT ( 'NONE',  ( 19.05975590138105602, 3.500000000000000000, -37.56566302240788247 ) ) ;
#3313 = VERTEX_POINT ( 'NONE', #1152 ) ;
#3314 = FACE_OUTER_BOUND ( 'NONE', #4252, .T. ) ;
#3315 = ADVANCED_FACE ( 'NONE', ( #115 ), #2639, .T. ) ;
#3316 = VECTOR ( 'NONE', #2838, 1000.000000000000114 ) ;
#3317 = ADVANCED_FACE ( 'NONE', ( #3709 ), #1947, .T. ) ;
#3318 = VECTOR ( 'NONE', #2885, 1000.000000000000000 ) ;
#3319 = AXIS2_PLACEMENT_3D ( 'NONE', #1034, #300, #1743 ) ;
#3320 = DIRECTION ( 'NONE',  ( -0.7933533402912318344, 0.000000000000000000, -0.6087614290087249858 ) ) ;
#3321 = EDGE_LOOP ( 'NONE', ( #4523, #1324, #2392, #2046 ) ) ;
#3322 = VERTEX_POINT ( 'NONE', #871 ) ;
#3323 = CARTESIAN_POINT ( 'NONE',  ( 35.59743900290943230, 5.917157287525380838, 16.49471641973498848 ) ) ;
#3324 = EDGE_LOOP ( 'NONE', ( #310, #2793, #3026, #3334 ) ) ;
#3325 = CARTESIAN_POINT ( 'NONE',  ( 35.50259885015362471, 6.000000000000000000, -16.50720236271709851 ) ) ;
#3326 = ORIENTED_EDGE ( 'NONE', *, *, #3645, .T. ) ;
#3327 = DIRECTION ( 'NONE',  ( 0.9238795325112891810, 0.000000000000000000, 0.3826834323650840641 ) ) ;
#3328 = CARTESIAN_POINT ( 'NONE',  ( -35.59743900290943941, 5.800000000000000711, -16.49471641973498492 ) ) ;
#3329 = ORIENTED_EDGE ( 'NONE', *, *, #1005, .T. ) ;
#3330 = LINE ( 'NONE', #4325, #3964 ) ;
#3331 = FACE_OUTER_BOUND ( 'NONE', #3977, .T. ) ;
#3332 = EDGE_CURVE ( 'NONE', #1617, #2014, #436, .T. ) ;
#3333 = CARTESIAN_POINT ( 'NONE',  ( 13.32444757185587214, 6.000000000000000000, -36.69412891601140103 ) ) ;
#3334 = ORIENTED_EDGE ( 'NONE', *, *, #2617, .F. ) ;
#3335 = CARTESIAN_POINT ( 'NONE',  ( -38.80294036547414294, 3.500000000000000000, -17.77270415933352865 ) ) ;
#3336 = DIRECTION ( 'NONE',  ( -0.3826834323650937231, -0.000000000000000000, 0.9238795325112851842 ) ) ;
#3337 = ORIENTED_EDGE ( 'NONE', *, *, #69, .F. ) ;
#3338 = DIRECTION ( 'NONE',  ( -0.7933533402912364974, 0.000000000000000000, -0.6087614290087189906 ) ) ;
#3339 = EDGE_CURVE ( 'NONE', #2690, #3767, #844, .T. ) ;
#3340 = DIRECTION ( 'NONE',  ( 0.000000000000000000, 0.000000000000000000, 1.000000000000000000 ) ) ;
#3341 = ADVANCED_FACE ( 'NONE', ( #2282, #2975 ), #2307, .T. ) ;
#3342 = EDGE_LOOP ( 'NONE', ( #1948, #1986, #3021, #1635 ) ) ;
#3343 = VERTEX_POINT ( 'NONE', #3397 ) ;
#3344 = DIRECTION ( 'NONE',  ( -0.1305261922200479097, 0.000000000000000000, -0.9914448613738109373 ) ) ;
#3345 = AXIS2_PLACEMENT_3D ( 'NONE', #4092, #1207, #420 ) ;
#3346 = ADVANCED_FACE ( 'NONE', ( #3733 ), #159, .F. ) ;
#3347 = AXIS2_PLACEMENT_3D ( 'NONE', #4653, #1412, #2854 ) ;
#3348 = EDGE_LOOP ( 'NONE', ( #3750, #4135 ) ) ;
#3349 = DIRECTION ( 'NONE',  ( -0.9238795325112890700, -0.000000000000000000, 0.3826834323650842862 ) ) ;
#3350 = ORIENTED_EDGE ( 'NONE', *, *, #2471, .F. ) ;
#3351 = CARTESIAN_POINT ( 'NONE',  ( 13.43112799121470680, 6.000000000000000000, -36.64994043947331903 ) ) ;
#3352 = DIRECTION ( 'NONE',  ( -0.6087614290087248747, 0.000000000000000000, -0.7933533402912319454 ) ) ;
#3353 = VECTOR ( 'NONE', #1545, 1000.000000000000000 ) ;
#3354 = ORIENTED_EDGE ( 'NONE', *, *, #1026, .F. ) ;
#3355 = FACE_BOUND ( 'NONE', #4641, .T. ) ;
#3356 = LINE ( 'NONE', #2931, #2436 ) ;
#3357 = CIRCLE ( 'NONE', #1322, 2.700000000000001066 ) ;
#3358 = VECTOR ( 'NONE', #4491, 1000.000000000000000 ) ;
#3359 = CARTESIAN_POINT ( 'NONE',  ( -35.59743900290943941, 3.500000000000000000, -16.49471641973498848 ) ) ;
#3360 = ORIENTED_EDGE ( 'NONE', *, *, #284, .T. ) ;
#3361 = DIRECTION ( 'NONE',  ( 1.000000000000000000, -0.000000000000000000, 1.224646799147353207E-16 ) ) ;
#3362 = FACE_OUTER_BOUND ( 'NONE', #3324, .T. ) ;
#3363 = ORIENTED_EDGE ( 'NONE', *, *, #1953, .T. ) ;
#3364 = CARTESIAN_POINT ( 'NONE',  ( -42.23740611107919563, 6.000000000000000000, -15.62054816604624641 ) ) ;
#3365 = EDGE_CURVE ( 'NONE', #1218, #1822, #4417, .T. ) ;
#3366 = DIRECTION ( 'NONE',  ( 0.7933533402912307242, 0.000000000000000000, 0.6087614290087264290 ) ) ;
#3367 = ORIENTED_EDGE ( 'NONE', *, *, #338, .F. ) ;
#3368 = ORIENTED_EDGE ( 'NONE', *, *, #2912, .F. ) ;
#3369 = ADVANCED_FACE ( 'NONE', ( #2997 ), #484, .T. ) ;
#3370 = EDGE_LOOP ( 'NONE', ( #2205, #1450, #4335, #979 ) ) ;
#3371 = DIRECTION ( 'NONE',  ( 0.000000000000000000, 1.000000000000000000, 0.000000000000000000 ) ) ;
#3372 = ORIENTED_EDGE ( 'NONE', *, *, #2273, .T. ) ;
#3373 = CARTESIAN_POINT ( 'NONE',  ( 0.000000000000000000, 6.000000000000000000, 0.000000000000000000 ) ) ;
#3374 = CARTESIAN_POINT ( 'NONE',  ( -37.56566302240794641, 5.800000000000000711, -19.05975590138092457 ) ) ;
#3375 = EDGE_CURVE ( 'NONE', #584, #1811, #2375, .T. ) ;
#3376 = EDGE_CURVE ( 'NONE', #2345, #3195, #3830, .T. ) ;
#3377 = ORIENTED_EDGE ( 'NONE', *, *, #2532, .F. ) ;
#3378 = CARTESIAN_POINT ( 'NONE',  ( 36.83471634597562883, 3.500000000000000000, 13.50766467768759682 ) ) ;
#3379 = CARTESIAN_POINT ( 'NONE',  ( 11.13693180368816016, 5.800000000000000711, -13.63693180368808378 ) ) ;
#3380 = DIRECTION ( 'NONE',  ( 0.7071067811865433539, 0.000000000000000000, 0.7071067811865515695 ) ) ;
#3381 = ORIENTED_EDGE ( 'NONE', *, *, #4041, .T. ) ;
#3382 = CARTESIAN_POINT ( 'NONE',  ( -37.40699235434969694, 6.000000000000000000, 19.18150818718267914 ) ) ;
#3383 = CARTESIAN_POINT ( 'NONE',  ( -42.00844172803885357, 5.800000000000000711, -15.65069189893206492 ) ) ;
#3384 = ORIENTED_EDGE ( 'NONE', *, *, #111, .T. ) ;
#3385 = FACE_OUTER_BOUND ( 'NONE', #3270, .T. ) ;
#3386 = CIRCLE ( 'NONE', #1347, 0.1999999999999987899 ) ;
#3387 = CARTESIAN_POINT ( 'NONE',  ( 11.13693180368812286, 5.800000000000000711, 8.636931803688121079 ) ) ;
#3388 = EDGE_LOOP ( 'NONE', ( #1595, #2119, #4105, #2185 ) ) ;
#3389 = AXIS2_PLACEMENT_3D ( 'NONE', #4403, #4052, #4008 ) ;
#3390 = ORIENTED_EDGE ( 'NONE', *, *, #4596, .T. ) ;
#3391 = CARTESIAN_POINT ( 'NONE',  ( -16.49471641973537217, 3.500000000000000000, -35.59743900290926177 ) ) ;
#3392 = CIRCLE ( 'NONE', #3246, 1.500000000000005995 ) ;
#3393 = CIRCLE ( 'NONE', #1358, 0.2000000000000005107 ) ;
#3394 = VERTEX_POINT ( 'NONE', #4228 ) ;
#3395 = CYLINDRICAL_SURFACE ( 'NONE', #2394, 0.2000000000000025924 ) ;
#3396 = ORIENTED_EDGE ( 'NONE', *, *, #2911, .F. ) ;
#3397 = CARTESIAN_POINT ( 'NONE',  ( -36.83471634597562883, 5.800000000000000711, -13.50766467768759682 ) ) ;
#3398 = VECTOR ( 'NONE', #2003, 1000.000000000000000 ) ;
#3399 = LINE ( 'NONE', #3374, #753 ) ;
#3400 = EDGE_CURVE ( 'NONE', #1969, #2142, #183, .T. ) ;
#3401 = ORIENTED_EDGE ( 'NONE', *, *, #3000, .T. ) ;
#3402 = LINE ( 'NONE', #2286, #2230 ) ;
#3403 = EDGE_CURVE ( 'NONE', #755, #2846, #971, .T. ) ;
#3404 = DIRECTION ( 'NONE',  ( -0.7933533402912362753, 0.000000000000000000, 0.6087614290087191016 ) ) ;
#3405 = CARTESIAN_POINT ( 'NONE',  ( 36.83471634597552935, 3.500000000000000000, -13.50766467768786150 ) ) ;
#3406 = LINE ( 'NONE', #1632, #1247 ) ;
#3407 = ADVANCED_FACE ( 'NONE', ( #915 ), #2398, .F. ) ;
#3408 = EDGE_LOOP ( 'NONE', ( #4054, #2414 ) ) ;
#3409 = FACE_OUTER_BOUND ( 'NONE', #4598, .T. ) ;
#3410 = CARTESIAN_POINT ( 'NONE',  ( 19.25804487365581963, 5.800000000000000711, -37.59176826085189305 ) ) ;
#3411 = ORIENTED_EDGE ( 'NONE', *, *, #3018, .F. ) ;
#3412 = CARTESIAN_POINT ( 'NONE',  ( 16.49471641973511282, 5.800000000000000711, -35.59743900290938257 ) ) ;
#3413 = DIRECTION ( 'NONE',  ( 0.9914448613738093830, -0.000000000000000000, -0.1305261922200582347 ) ) ;
#3414 = ORIENTED_EDGE ( 'NONE', *, *, #3639, .T. ) ;
#3415 = ORIENTED_EDGE ( 'NONE', *, *, #3084, .F. ) ;
#3416 = CARTESIAN_POINT ( 'NONE',  ( 11.13693180368812286, 6.000000000000000000, 8.436931803688121789 ) ) ;
#3417 = ORIENTED_EDGE ( 'NONE', *, *, #2153, .F. ) ;
#3418 = FACE_OUTER_BOUND ( 'NONE', #4200, .T. ) ;
#3419 = EDGE_LOOP ( 'NONE', ( #158, #1697, #3611, #4346 ) ) ;
#3420 = DIRECTION ( 'NONE',  ( -0.000000000000000000, -1.000000000000000000, -0.000000000000000000 ) ) ;
#3421 = CIRCLE ( 'NONE', #397, 1.500000000000003109 ) ;
#3422 = CARTESIAN_POINT ( 'NONE',  ( -35.50259885015373840, 6.000000000000000000, -16.50720236271684627 ) ) ;
#3423 = EDGE_CURVE ( 'NONE', #2608, #1045, #3631, .T. ) ;
#3424 = VECTOR ( 'NONE', #3432, 1000.000000000000000 ) ;
#3425 = ORIENTED_EDGE ( 'NONE', *, *, #1689, .F. ) ;
#3426 = CARTESIAN_POINT ( 'NONE',  ( 16.41817973326210378, 5.800000000000000711, 35.41266309640711540 ) ) ;
#3427 = CARTESIAN_POINT ( 'NONE',  ( 16.07270415933367502, 3.299999999999999822, 40.30294036547408609 ) ) ;
#3428 = SURFACE_STYLE_FILL_AREA ( #1652 ) ;
#3429 = CIRCLE ( 'NONE', #3813, 2.500000000000000444 ) ;
#3430 = EDGE_CURVE ( 'NONE', #953, #357, #2781, .T. ) ;
#3431 = CIRCLE ( 'NONE', #2981, 1.500000000000004885 ) ;
#3432 = DIRECTION ( 'NONE',  ( -0.000000000000000000, 1.000000000000000000, -0.000000000000000000 ) ) ;
#3433 = CARTESIAN_POINT ( 'NONE',  ( 38.80294036547414294, 3.299999999999999822, 14.57270415933352048 ) ) ;
#3434 = ORIENTED_EDGE ( 'NONE', *, *, #3808, .T. ) ;
#3435 = LINE ( 'NONE', #4145, #4114 ) ;
#3436 = ORIENTED_EDGE ( 'NONE', *, *, #3674, .T. ) ;
#3437 = CARTESIAN_POINT ( 'NONE',  ( -15.62054816604669583, 6.000000000000000000, 42.23740611107902510 ) ) ;
#3438 = ADVANCED_FACE ( 'NONE', ( #2002 ), #627, .T. ) ;
#3439 = LINE ( 'NONE', #4198, #2443 ) ;
#3440 = EDGE_LOOP ( 'NONE', ( #2564, #2851, #3219, #2218 ) ) ;
#3441 = CIRCLE ( 'NONE', #116, 1.500000000000001332 ) ;
#3442 = ORIENTED_EDGE ( 'NONE', *, *, #421, .F. ) ;
#3443 = LINE ( 'NONE', #3391, #3919 ) ;
#3444 = ORIENTED_EDGE ( 'NONE', *, *, #3332, .F. ) ;
#3445 = DIRECTION ( 'NONE',  ( -0.7933533402912349430, 0.000000000000000000, -0.6087614290087208779 ) ) ;
#3446 = ORIENTED_EDGE ( 'NONE', *, *, #4070, .F. ) ;
#3447 = CARTESIAN_POINT ( 'NONE',  ( 12.96390013148453590, 5.800000000000000711, 40.19888837659853209 ) ) ;
#3448 = DIRECTION ( 'NONE',  ( 0.9914448613738096050, 0.000000000000000000, -0.1305261922200588731 ) ) ;
#3449 =( BOUNDED_CURVE ( )  B_SPLINE_CURVE ( 3, ( #1938, #122, #425, #1590 ),
 .UNSPECIFIED., .F., .F. ) 
 B_SPLINE_CURVE_WITH_KNOTS ( ( 4, 4 ),
 ( 3.141592653589793116, 4.712388980384689674 ),
 .UNSPECIFIED. ) 
 CURVE ( )  GEOMETRIC_REPRESENTATION_ITEM ( )  RATIONAL_B_SPLINE_CURVE ( ( 1.000000000000000000, 0.8047378541243649375, 0.8047378541243649375, 1.000000000000000000 ) ) 
 REPRESENTATION_ITEM ( '' )  );
#3450 = EDGE_LOOP ( 'NONE', ( #2960, #2953, #1524, #3935 ) ) ;
#3451 = CARTESIAN_POINT ( 'NONE',  ( 16.07270415933366081, 6.000000000000000000, -38.80294036547408609 ) ) ;
#3452 = CARTESIAN_POINT ( 'NONE',  ( 19.05975590138105602, 5.800000000000000711, -37.56566302240788247 ) ) ;
#3453 = DIRECTION ( 'NONE',  ( -0.9914448613738109373, 0.000000000000000000, -0.1305261922200483538 ) ) ;
#3454 = CARTESIAN_POINT ( 'NONE',  ( -38.80294036547413583, 3.299999999999999822, 16.07270415933354357 ) ) ;
#3455 = DIRECTION ( 'NONE',  ( -0.000000000000000000, -1.000000000000000000, -0.000000000000000000 ) ) ;
#3456 = VERTEX_POINT ( 'NONE', #1273 ) ;
#3457 = ADVANCED_FACE ( 'NONE', ( #581 ), #938, .F. ) ;
#3458 = DIRECTION ( 'NONE',  ( -0.000000000000000000, 1.000000000000000000, 0.000000000000000000 ) ) ;
#3459 = ORIENTED_EDGE ( 'NONE', *, *, #3492, .T. ) ;
#3460 = EDGE_CURVE ( 'NONE', #88, #3933, #2761, .T. ) ;
#3461 = CARTESIAN_POINT ( 'NONE',  ( -40.12859466161648925, 6.000000000000000000, -12.87229157856845774 ) ) ;
#3462 = AXIS2_PLACEMENT_3D ( 'NONE', #1916, #3336, #762 ) ;
#3463 = DIRECTION ( 'NONE',  ( 0.000000000000000000, 1.000000000000000000, 0.000000000000000000 ) ) ;
#3464 = ORIENTED_EDGE ( 'NONE', *, *, #2378, .F. ) ;
#3465 = EDGE_CURVE ( 'NONE', #3394, #4393, #2350, .T. ) ;
#3466 = ORIENTED_EDGE ( 'NONE', *, *, #4323, .T. ) ;
#3467 = EDGE_CURVE ( 'NONE', #1151, #2966, #4445, .T. ) ;
#3468 = CARTESIAN_POINT ( 'NONE',  ( -40.77116438497265705, 5.800000000000000711, 18.63774364097947611 ) ) ;
#3469 = AXIS2_PLACEMENT_3D ( 'NONE', #3447, #250, #4581 ) ;
#3470 = AXIS2_PLACEMENT_3D ( 'NONE', #3108, #526, #3752 ) ;
#3471 = ORIENTED_EDGE ( 'NONE', *, *, #2532, .T. ) ;
#3472 = DIRECTION ( 'NONE',  ( 0.9914448613738100491, 0.000000000000000000, 0.1305261922200551816 ) ) ;
#3473 = ORIENTED_EDGE ( 'NONE', *, *, #2017, .F. ) ;
#3474 = CARTESIAN_POINT ( 'NONE',  ( -25.00000000000000000, 6.000000000000000000, 0.000000000000000000 ) ) ;
#3475 = DIRECTION ( 'NONE',  ( 0.000000000000000000, 1.000000000000000000, 0.000000000000000000 ) ) ;
#3476 = AXIS2_PLACEMENT_3D ( 'NONE', #2530, #2179, #379 ) ;
#3477 = ORIENTED_EDGE ( 'NONE', *, *, #2190, .T. ) ;
#3478 = TOROIDAL_SURFACE ( 'NONE', #3169, 1.700000000000004174, 0.2000000000000000111 ) ;
#3479 = DIRECTION ( 'NONE',  ( 0.000000000000000000, 1.000000000000000000, 0.000000000000000000 ) ) ;
#3480 = LINE ( 'NONE', #2721, #1054 ) ;
#3481 = FACE_BOUND ( 'NONE', #2891, .T. ) ;
#3482 = CARTESIAN_POINT ( 'NONE',  ( 42.23740611107919563, 6.000000000000000000, 15.62054816604624641 ) ) ;
#3483 = ORIENTED_EDGE ( 'NONE', *, *, #1246, .T. ) ;
#3484 = CARTESIAN_POINT ( 'NONE',  ( 40.77116438497252204, 5.800000000000000711, -18.63774364097976033 ) ) ;
#3485 = LINE ( 'NONE', #173, #3925 ) ;
#3486 = EDGE_CURVE ( 'NONE', #276, #1738, #3112, .T. ) ;
#3487 = DIRECTION ( 'NONE',  ( 0.000000000000000000, 1.000000000000000000, -0.000000000000000000 ) ) ;
#3488 = EDGE_LOOP ( 'NONE', ( #2589, #3038, #4204, #806 ) ) ;
#3489 = VERTEX_POINT ( 'NONE', #2691 ) ;
#3490 = DIRECTION ( 'NONE',  ( 0.9238795325112850731, 0.000000000000000000, -0.3826834323650938341 ) ) ;
#3491 = ADVANCED_FACE ( 'NONE', ( #4136, #2736 ), #1320, .T. ) ;
#3492 = EDGE_CURVE ( 'NONE', #133, #3762, #3783, .T. ) ;
#3493 = FACE_BOUND ( 'NONE', #415, .T. ) ;
#3494 = FACE_OUTER_BOUND ( 'NONE', #2896, .T. ) ;
#3495 = ORIENTED_EDGE ( 'NONE', *, *, #601, .T. ) ;
#3496 = CARTESIAN_POINT ( 'NONE',  ( 40.19888837659848235, 6.000000000000000000, -12.96390013148467268 ) ) ;
#3497 =( LENGTH_UNIT ( ) NAMED_UNIT ( * ) SI_UNIT ( .MILLI., .METRE. ) );
#3498 = EDGE_CURVE ( 'NONE', #2929, #400, #3854, .T. ) ;
#3499 = AXIS2_PLACEMENT_3D ( 'NONE', #2176, #2888, #4333 ) ;
#3500 = ORIENTED_EDGE ( 'NONE', *, *, #4182, .T. ) ;
#3501 = FACE_OUTER_BOUND ( 'NONE', #10, .T. ) ;
#3502 = CARTESIAN_POINT ( 'NONE',  ( -16.07270415933394858, 3.299999999999999822, -37.10294036547396956 ) ) ;
#3503 = AXIS2_PLACEMENT_3D ( 'NONE', #685, #1768, #1464 ) ;
#3504 = CARTESIAN_POINT ( 'NONE',  ( 35.43876833485118993, 5.800000000000000711, 16.61646870553673594 ) ) ;
#3505 = DIRECTION ( 'NONE',  ( 0.9914448613738086058, 0.000000000000000000, 0.1305261922200649238 ) ) ;
#3506 = ORIENTED_EDGE ( 'NONE', *, *, #1808, .T. ) ;
#3507 = CIRCLE ( 'NONE', #2749, 0.2000000000000005107 ) ;
#3508 = LINE ( 'NONE', #2433, #3551 ) ;
#3509 = AXIS2_PLACEMENT_3D ( 'NONE', #4447, #1562, #444 ) ;
#3510 = AXIS2_PLACEMENT_3D ( 'NONE', #4380, #2598, #1162 ) ;
#3511 = DIRECTION ( 'NONE',  ( 0.000000000000000000, 1.000000000000000000, 0.000000000000000000 ) ) ;
#3512 = ORIENTED_EDGE ( 'NONE', *, *, #3005, .F. ) ;
#3513 = DIRECTION ( 'NONE',  ( -0.000000000000000000, 1.000000000000000000, -0.000000000000000000 ) ) ;
#3514 = EDGE_CURVE ( 'NONE', #600, #1782, #3139, .T. ) ;
#3515 = CIRCLE ( 'NONE', #4118, 1.500000000000001332 ) ;
#3516 = TOROIDAL_SURFACE ( 'NONE', #1023, 2.700000000000000622, 0.2000000000000000111 ) ;
#3517 = CARTESIAN_POINT ( 'NONE',  ( -18.63774364097988467, 5.800000000000000711, 40.77116438497247231 ) ) ;
#3518 = VERTEX_POINT ( 'NONE', #1340 ) ;
#3519 = CARTESIAN_POINT ( 'NONE',  ( 19.05975590138106313, 3.500000000000000000, 37.56566302240787536 ) ) ;
#3520 = ADVANCED_FACE ( 'NONE', ( #1714 ), #3541, .F. ) ;
#3521 = PLANE ( 'NONE',  #3095 ) ;
#3522 = EDGE_CURVE ( 'NONE', #337, #1218, #2466, .T. ) ;
#3523 = ORIENTED_EDGE ( 'NONE', *, *, #4292, .F. ) ;
#3524 = CARTESIAN_POINT ( 'NONE',  ( 15.62054816604639917, 6.000000000000000000, -42.23740611107913878 ) ) ;
#3525 = DIRECTION ( 'NONE',  ( 0.7933533402912362753, 0.000000000000000000, -0.6087614290087192126 ) ) ;
#3526 = ADVANCED_FACE ( 'NONE', ( #3614 ), #3565, .T. ) ;
#3527 = DIRECTION ( 'NONE',  ( -0.000000000000000000, 1.000000000000000000, 0.000000000000000000 ) ) ;
#3528 = ADVANCED_FACE ( 'NONE', ( #2827 ), #1053, .F. ) ;
#3529 = PLANE ( 'NONE',  #1314 ) ;
#3530 = CARTESIAN_POINT ( 'NONE',  ( 37.56566302240794641, 5.800000000000000711, 19.05975590138092457 ) ) ;
#3531 = ORIENTED_EDGE ( 'NONE', *, *, #3403, .T. ) ;
#3532 = DIRECTION ( 'NONE',  ( 0.000000000000000000, 0.000000000000000000, 1.000000000000000000 ) ) ;
#3533 = DIRECTION ( 'NONE',  ( 0.000000000000000000, 0.000000000000000000, 1.000000000000000000 ) ) ;
#3534 = CARTESIAN_POINT ( 'NONE',  ( -13.08565241728654804, 3.500000000000000000, 40.04021770854019024 ) ) ;
#3535 = ORIENTED_EDGE ( 'NONE', *, *, #363, .T. ) ;
#3536 = DIRECTION ( 'NONE',  ( 0.000000000000000000, 0.000000000000000000, 1.000000000000000000 ) ) ;
#3537 = CIRCLE ( 'NONE', #1191, 1.700000000000003508 ) ;
#3538 = CARTESIAN_POINT ( 'NONE',  ( -40.12859466161648925, 6.000000000000000000, -12.87229157856845774 ) ) ;
#3539 = DIRECTION ( 'NONE',  ( 0.000000000000000000, 1.000000000000000000, 0.000000000000000000 ) ) ;
#3540 = ORIENTED_EDGE ( 'NONE', *, *, #3376, .F. ) ;
#3541 = PLANE ( 'NONE',  #4223 ) ;
#3542 = APPLICATION_PROTOCOL_DEFINITION ( 'draft international standard', 'automotive_design', 1998, #758 ) ;
#3543 = AXIS2_PLACEMENT_3D ( 'NONE', #2489, #3940, #4290 ) ;
#3544 = EDGE_CURVE ( 'NONE', #3933, #691, #1451, .T. ) ;
#3545 = ORIENTED_EDGE ( 'NONE', *, *, #4207, .F. ) ;
#3546 = CARTESIAN_POINT ( 'NONE',  ( 16.49471641973511282, 3.500000000000000000, -35.59743900290938257 ) ) ;
#3547 = DIRECTION ( 'NONE',  ( -1.000000000000000000, 0.000000000000000000, 0.000000000000000000 ) ) ;
#3548 = DIRECTION ( 'NONE',  ( 0.9238795325112851842, 0.000000000000000000, -0.3826834323650938341 ) ) ;
#3549 = VECTOR ( 'NONE', #1474, 1000.000000000000000 ) ;
#3550 = EDGE_CURVE ( 'NONE', #3775, #1479, #2933, .T. ) ;
#3551 = VECTOR ( 'NONE', #2089, 1000.000000000000000 ) ;
#3552 = VECTOR ( 'NONE', #1080, 1000.000000000000114 ) ;
#3553 = EDGE_CURVE ( 'NONE', #3683, #121, #1806, .T. ) ;
#3554 = CARTESIAN_POINT ( 'NONE',  ( 42.00844172803885357, 3.500000000000000000, 15.65069189893206492 ) ) ;
#3555 = CARTESIAN_POINT ( 'NONE',  ( -37.56566302240793931, 3.500000000000000000, 19.05975590138093168 ) ) ;
#3556 = CARTESIAN_POINT ( 'NONE',  ( 38.80294036547402925, 0.000000000000000000, -14.57270415933380470 ) ) ;
#3557 =( GEOMETRIC_REPRESENTATION_CONTEXT ( 3 ) GLOBAL_UNCERTAINTY_ASSIGNED_CONTEXT ( ( #540 ) ) GLOBAL_UNIT_ASSIGNED_CONTEXT ( ( #3497, #1740, #3183 ) ) REPRESENTATION_CONTEXT ( 'NONE', 'WORKASPACE' ) );
#3558 = EDGE_CURVE ( 'NONE', #4608, #1751, #4455, .T. ) ;
#3559 = DIRECTION ( 'NONE',  ( -0.1305261922200582625, 0.000000000000000000, -0.9914448613738096050 ) ) ;
#3560 = ORIENTED_EDGE ( 'NONE', *, *, #3217, .F. ) ;
#3561 = VERTEX_POINT ( 'NONE', #295 ) ;
#3562 = CARTESIAN_POINT ( 'NONE',  ( 38.80294036547402925, 3.299999999999999822, -16.07270415933381003 ) ) ;
#3563 = DIRECTION ( 'NONE',  ( 0.3826834323650905589, -0.000000000000000000, 0.9238795325112864054 ) ) ;
#3564 = VERTEX_POINT ( 'NONE', #1029 ) ;
#3565 = CYLINDRICAL_SURFACE ( 'NONE', #3543, 0.2000000000000032585 ) ;
#3566 = ORIENTED_EDGE ( 'NONE', *, *, #2129, .F. ) ;
#3567 = CARTESIAN_POINT ( 'NONE',  ( 15.65069189893221058, 5.800000000000000711, -42.00844172803879673 ) ) ;
#3568 = CYLINDRICAL_SURFACE ( 'NONE', #3319, 0.2000000000000003164 ) ;
#3569 = DIRECTION ( 'NONE',  ( 0.000000000000000000, 0.000000000000000000, 1.000000000000000000 ) ) ;
#3570 = EDGE_CURVE ( 'NONE', #4257, #476, #2187, .T. ) ;
#3571 = CARTESIAN_POINT ( 'NONE',  ( -11.13693180368812286, 0.000000000000000000, -11.13693180368812286 ) ) ;
#3572 = CARTESIAN_POINT ( 'NONE',  ( 15.65069189893222834, 3.500000000000000000, 42.00844172803878962 ) ) ;
#3573 = LINE ( 'NONE', #4684, #3951 ) ;
#3574 = DIRECTION ( 'NONE',  ( 0.000000000000000000, 0.000000000000000000, -1.000000000000000000 ) ) ;
#3575 =( GEOMETRIC_REPRESENTATION_CONTEXT ( 3 ) GLOBAL_UNCERTAINTY_ASSIGNED_CONTEXT ( ( #4518 ) ) GLOBAL_UNIT_ASSIGNED_CONTEXT ( ( #1701, #876, #2695 ) ) REPRESENTATION_CONTEXT ( 'NONE', 'WORKASPACE' ) );
#3576 = ADVANCED_FACE ( 'NONE', ( #3966 ), #1364, .T. ) ;
#3577 = TOROIDAL_SURFACE ( 'NONE', #2511, 47.60000000000000853, 0.4000000000000000222 ) ;
#3578 = DIRECTION ( 'NONE',  ( 0.000000000000000000, 0.000000000000000000, 1.000000000000000000 ) ) ;
#3579 = ORIENTED_EDGE ( 'NONE', *, *, #101, .T. ) ;
#3580 = CARTESIAN_POINT ( 'NONE',  ( 15.65069189893221058, 3.500000000000000000, -42.00844172803879673 ) ) ;
#3581 = ORIENTED_EDGE ( 'NONE', *, *, #2848, .F. ) ;
#3582 = CARTESIAN_POINT ( 'NONE',  ( 38.80294036547402925, 3.299999999999999822, -16.07270415933381003 ) ) ;
#3583 = EDGE_CURVE ( 'NONE', #2315, #4457, #1839, .T. ) ;
#3584 = ADVANCED_FACE ( 'NONE', ( #4249 ), #2447, .F. ) ;
#3585 = VECTOR ( 'NONE', #4264, 1000.000000000000000 ) ;
#3586 = AXIS2_PLACEMENT_3D ( 'NONE', #50, #518, #3311 ) ;
#3587 = CARTESIAN_POINT ( 'NONE',  ( -13.50766467768799295, 5.917157287525380838, -36.83471634597547961 ) ) ;
#3588 = EDGE_LOOP ( 'NONE', ( #2562, #2914 ) ) ;
#3589 = AXIS2_PLACEMENT_3D ( 'NONE', #2430, #3171, #2811 ) ;
#3590 = EDGE_LOOP ( 'NONE', ( #2259, #4007, #1223, #855 ) ) ;
#3591 = CARTESIAN_POINT ( 'NONE',  ( 13.08565241728626916, 3.500000000000000000, -40.04021770854027551 ) ) ;
#3592 = AXIS2_PLACEMENT_3D ( 'NONE', #68, #1511, #1156 ) ;
#3593 = EDGE_LOOP ( 'NONE', ( #1598, #2547, #4458, #453 ) ) ;
#3594 = DIRECTION ( 'NONE',  ( 0.9914448613738108262, 0.000000000000000000, -0.1305261922200484648 ) ) ;
#3595 = LINE ( 'NONE', #42, #72 ) ;
#3596 = CARTESIAN_POINT ( 'NONE',  ( 16.07270415933367502, 6.000000000000000000, 38.80294036547408609 ) ) ;
#3597 = AXIS2_PLACEMENT_3D ( 'NONE', #1902, #3349, #4110 ) ;
#3598 = DIRECTION ( 'NONE',  ( 0.000000000000000000, -1.000000000000000000, 0.000000000000000000 ) ) ;
#3599 = FACE_OUTER_BOUND ( 'NONE', #897, .T. ) ;
#3600 = CYLINDRICAL_SURFACE ( 'NONE', #2744, 1.500000000000004885 ) ;
#3601 = DIRECTION ( 'NONE',  ( -0.000000000000000000, 1.000000000000000000, -0.000000000000000000 ) ) ;
#3602 =( BOUNDED_CURVE ( )  B_SPLINE_CURVE ( 3, ( #2916, #4226, #2024, #3517 ),
 .UNSPECIFIED., .F., .F. ) 
 B_SPLINE_CURVE_WITH_KNOTS ( ( 4, 4 ),
 ( 1.570796326794896558, 3.141592653589793116 ),
 .UNSPECIFIED. ) 
 CURVE ( )  GEOMETRIC_REPRESENTATION_ITEM ( )  RATIONAL_B_SPLINE_CURVE ( ( 1.000000000000000000, 0.8047378541243649375, 0.8047378541243649375, 1.000000000000000000 ) ) 
 REPRESENTATION_ITEM ( '' )  );
#3603 = CARTESIAN_POINT ( 'NONE',  ( -38.80294036547414294, 0.000000000000000000, -16.07270415933352581 ) ) ;
#3604 = ORIENTED_EDGE ( 'NONE', *, *, #3694, .T. ) ;
#3605 = CARTESIAN_POINT ( 'NONE',  ( -18.82096074681173903, 6.000000000000000000, 40.91175181493665036 ) ) ;
#3606 = EDGE_LOOP ( 'NONE', ( #2730, #834, #3963, #2514 ) ) ;
#3607 = CARTESIAN_POINT ( 'NONE',  ( -16.07270415933394858, 3.299999999999999822, -40.50294036547398235 ) ) ;
#3608 = EDGE_CURVE ( 'NONE', #3564, #29, #2320, .T. ) ;
#3609 = CARTESIAN_POINT ( 'NONE',  ( 37.59176826085196410, 5.800000000000000711, 19.25804487365568818 ) ) ;
#3610 = ADVANCED_FACE ( 'NONE', ( #1783 ), #4649, .F. ) ;
#3611 = ORIENTED_EDGE ( 'NONE', *, *, #396, .F. ) ;
#3612 = CIRCLE ( 'NONE', #1568, 0.2999999999999999334 ) ;
#3613 = EDGE_LOOP ( 'NONE', ( #152, #666, #4555, #1350 ) ) ;
#3614 = FACE_OUTER_BOUND ( 'NONE', #431, .T. ) ;
#3615 = ORIENTED_EDGE ( 'NONE', *, *, #508, .F. ) ;
#3616 = DIRECTION ( 'NONE',  ( 0.6087614290087155489, 0.000000000000000000, -0.7933533402912391619 ) ) ;
#3617 = EDGE_LOOP ( 'NONE', ( #2725, #1638, #1735, #3871 ) ) ;
#3618 = CYLINDRICAL_SURFACE ( 'NONE', #2943, 0.2000000000000013989 ) ;
#3619 = CARTESIAN_POINT ( 'NONE',  ( -36.69412891601143656, 6.000000000000000000, 13.32444757185575135 ) ) ;
#3620 = AXIS2_PLACEMENT_3D ( 'NONE', #1251, #4487, #1647 ) ;
#3621 = VECTOR ( 'NONE', #1688, 1000.000000000000227 ) ;
#3622 = DIRECTION ( 'NONE',  ( -1.000000000000000000, 0.000000000000000000, 0.000000000000000000 ) ) ;
#3623 = CYLINDRICAL_SURFACE ( 'NONE', #3671, 0.2000000000000025924 ) ;
#3624 = DIRECTION ( 'NONE',  ( -0.000000000000000000, -1.000000000000000000, -0.000000000000000000 ) ) ;
#3625 = CIRCLE ( 'NONE', #3999, 1.700000000000007061 ) ;
#3626 = AXIS2_PLACEMENT_3D ( 'NONE', #2184, #2157, #4288 ) ;
#3627 = PLANE ( 'NONE',  #3509 ) ;
#3628 = ORIENTED_EDGE ( 'NONE', *, *, #848, .T. ) ;
#3629 = CARTESIAN_POINT ( 'NONE',  ( 18.82096074681145481, 6.000000000000000000, -40.91175181493677826 ) ) ;
#3630 = CARTESIAN_POINT ( 'NONE',  ( 38.80294036547414294, 3.500000000000000000, 16.07270415933352581 ) ) ;
#3631 = CIRCLE ( 'NONE', #589, 2.849999999999999201 ) ;
#3632 = ORIENTED_EDGE ( 'NONE', *, *, #536, .T. ) ;
#3633 = LINE ( 'NONE', #737, #66 ) ;
#3634 =( BOUNDED_CURVE ( )  B_SPLINE_CURVE ( 3, ( #171, #4473, #519, #1234 ),
 .UNSPECIFIED., .F., .F. ) 
 B_SPLINE_CURVE_WITH_KNOTS ( ( 4, 4 ),
 ( 1.570796326794896558, 3.141592653589793116 ),
 .UNSPECIFIED. ) 
 CURVE ( )  GEOMETRIC_REPRESENTATION_ITEM ( )  RATIONAL_B_SPLINE_CURVE ( ( 1.000000000000000000, 0.8047378541243649375, 0.8047378541243649375, 1.000000000000000000 ) ) 
 REPRESENTATION_ITEM ( '' )  );
#3635 = LINE ( 'NONE', #3983, #539 ) ;
#3636 = VERTEX_POINT ( 'NONE', #2161 ) ;
#3637 = VERTEX_POINT ( 'NONE', #11 ) ;
#3638 = CARTESIAN_POINT ( 'NONE',  ( -35.41266309640717225, 5.800000000000000711, 16.41817973326198299 ) ) ;
#3639 = EDGE_CURVE ( 'NONE', #2711, #4095, #2873, .T. ) ;
#3640 = ORIENTED_EDGE ( 'NONE', *, *, #1403, .F. ) ;
#3641 = DIRECTION ( 'NONE',  ( -0.9914448613738104932, 0.000000000000000000, -0.1305261922200515734 ) ) ;
#3642 = ORIENTED_EDGE ( 'NONE', *, *, #2378, .T. ) ;
#3643 = LINE ( 'NONE', #2121, #3552 ) ;
#3644 = CARTESIAN_POINT ( 'NONE',  ( 13.30937570541297355, 6.000000000000000000, 36.80861110753156851 ) ) ;
#3645 = EDGE_CURVE ( 'NONE', #1646, #3996, #1877, .T. ) ;
#3646 = ORIENTED_EDGE ( 'NONE', *, *, #4262, .T. ) ;
#3647 = CARTESIAN_POINT ( 'NONE',  ( -36.64994043947336877, 5.800000000000000711, -13.43112799121457890 ) ) ;
#3648 = CARTESIAN_POINT ( 'NONE',  ( 16.07270415933366081, 0.000000000000000000, -38.80294036547408609 ) ) ;
#3649 = DIRECTION ( 'NONE',  ( 0.000000000000000000, 1.000000000000000000, 0.000000000000000000 ) ) ;
#3650 = ORIENTED_EDGE ( 'NONE', *, *, #2906, .T. ) ;
#3651 = PLANE ( 'NONE',  #4338 ) ;
#3652 = CIRCLE ( 'NONE', #4107, 1.500000000000004885 ) ;
#3653 = CARTESIAN_POINT ( 'NONE',  ( -11.13693180368812286, 5.800000000000000711, -11.13693180368812286 ) ) ;
#3654 = VERTEX_POINT ( 'NONE', #2633 ) ;
#3655 = DIRECTION ( 'NONE',  ( -0.9914448613738093830, 0.000000000000000000, 0.1305261922200588454 ) ) ;
#3656 = TOROIDAL_SURFACE ( 'NONE', #3277, 2.700000000000000622, 0.2000000000000000111 ) ;
#3657 = CARTESIAN_POINT ( 'NONE',  ( -40.77116438497265705, 3.500000000000000000, 18.63774364097947611 ) ) ;
#3658 = ORIENTED_EDGE ( 'NONE', *, *, #822, .T. ) ;
#3659 = VERTEX_POINT ( 'NONE', #2560 ) ;
#3660 = CARTESIAN_POINT ( 'NONE',  ( 37.56566302240781141, 5.800000000000000711, -19.05975590138119102 ) ) ;
#3661 = VECTOR ( 'NONE', #683, 1000.000000000000000 ) ;
#3662 = VECTOR ( 'NONE', #2245, 1000.000000000000000 ) ;
#3663 = EDGE_CURVE ( 'NONE', #3659, #1254, #2809, .T. ) ;
#3664 = EDGE_LOOP ( 'NONE', ( #763, #1462, #83, #1533 ) ) ;
#3665 = DIRECTION ( 'NONE',  ( -0.000000000000000000, -1.000000000000000000, -0.000000000000000000 ) ) ;
#3666 = ORIENTED_EDGE ( 'NONE', *, *, #421, .T. ) ;
#3667 = EDGE_CURVE ( 'NONE', #128, #695, #3386, .T. ) ;
#3668 = DIRECTION ( 'NONE',  ( -0.9914448613738099381, 0.000000000000000000, -0.1305261922200551816 ) ) ;
#3669 = VECTOR ( 'NONE', #4192, 1000.000000000000000 ) ;
#3670 = EDGE_CURVE ( 'NONE', #74, #3737, #2923, .T. ) ;
#3671 = AXIS2_PLACEMENT_3D ( 'NONE', #3647, #394, #3691 ) ;
#3672 = ORIENTED_EDGE ( 'NONE', *, *, #1550, .F. ) ;
#3673 = LINE ( 'NONE', #1862, #637 ) ;
#3674 = EDGE_CURVE ( 'NONE', #3737, #1342, #510, .T. ) ;
#3675 = CARTESIAN_POINT ( 'NONE',  ( -36.83471634597562172, 5.917157287525380838, 13.50766467768760393 ) ) ;
#3676 = CARTESIAN_POINT ( 'NONE',  ( -36.83471634597562172, 3.500000000000000000, 13.50766467768760393 ) ) ;
#3677 = ORIENTED_EDGE ( 'NONE', *, *, #1946, .T. ) ;
#3678 = CARTESIAN_POINT ( 'NONE',  ( -11.13693180368812286, 5.800000000000000711, -11.13693180368812286 ) ) ;
#3679 = PLANE ( 'NONE',  #961 ) ;
#3680 = EDGE_LOOP ( 'NONE', ( #4504, #2622, #2268, #1870 ) ) ;
#3681 = DIRECTION ( 'NONE',  ( -0.000000000000000000, 1.000000000000000000, -0.000000000000000000 ) ) ;
#3682 = DIRECTION ( 'NONE',  ( 0.000000000000000000, 1.000000000000000000, 0.000000000000000000 ) ) ;
#3683 = VERTEX_POINT ( 'NONE', #129 ) ;
#3684 = ORIENTED_EDGE ( 'NONE', *, *, #2044, .T. ) ;
#3685 = FACE_OUTER_BOUND ( 'NONE', #1477, .T. ) ;
#3686 = ORIENTED_EDGE ( 'NONE', *, *, #2129, .T. ) ;
#3687 = LINE ( 'NONE', #3990, #38 ) ;
#3688 = ORIENTED_EDGE ( 'NONE', *, *, #2911, .T. ) ;
#3689 = DIRECTION ( 'NONE',  ( 0.000000000000000000, 0.000000000000000000, -1.000000000000000000 ) ) ;
#3690 = ORIENTED_EDGE ( 'NONE', *, *, #1179, .T. ) ;
#3691 = DIRECTION ( 'NONE',  ( 0.9238795325112894030, 0.000000000000000000, 0.3826834323650831760 ) ) ;
#3692 = DIRECTION ( 'NONE',  ( 0.000000000000000000, 1.000000000000000000, 0.000000000000000000 ) ) ;
#3693 = EDGE_CURVE ( 'NONE', #1193, #655, #4681, .T. ) ;
#3694 = EDGE_CURVE ( 'NONE', #430, #3102, #2412, .T. ) ;
#3695 = VECTOR ( 'NONE', #4034, 1000.000000000000000 ) ;
#3696 = ORIENTED_EDGE ( 'NONE', *, *, #1808, .F. ) ;
#3697 = CARTESIAN_POINT ( 'NONE',  ( -11.13693180368812286, 0.000000000000000000, -13.63693180368812286 ) ) ;
#3698 = ORIENTED_EDGE ( 'NONE', *, *, #3901, .F. ) ;
#3699 = PLANE ( 'NONE',  #3389 ) ;
#3700 = EDGE_CURVE ( 'NONE', #4072, #2771, #1483, .T. ) ;
#3701 = CIRCLE ( 'NONE', #2405, 0.1999999999999987899 ) ;
#3702 = CARTESIAN_POINT ( 'NONE',  ( -37.56566302240794641, 3.500000000000000000, -19.05975590138092457 ) ) ;
#3703 = ORIENTED_EDGE ( 'NONE', *, *, #389, .T. ) ;
#3704 = ORIENTED_EDGE ( 'NONE', *, *, #3332, .T. ) ;
#3705 = CARTESIAN_POINT ( 'NONE',  ( 42.00844172803885357, 5.800000000000000711, 15.65069189893206492 ) ) ;
#3706 = EDGE_LOOP ( 'NONE', ( #4528, #290, #3256, #997 ) ) ;
#3707 = DIRECTION ( 'NONE',  ( 1.000000000000000000, -0.000000000000000000, 1.224646799147353207E-16 ) ) ;
#3708 = EDGE_LOOP ( 'NONE', ( #4155, #2558, #1644, #2610 ) ) ;
#3709 = FACE_OUTER_BOUND ( 'NONE', #3419, .T. ) ;
#3710 = CARTESIAN_POINT ( 'NONE',  ( 16.49471641973511282, 3.500000000000000000, -35.59743900290938257 ) ) ;
#3711 = ORIENTED_EDGE ( 'NONE', *, *, #165, .T. ) ;
#3712 = CARTESIAN_POINT ( 'NONE',  ( 42.00844172803872567, 5.917157287525380838, -15.65069189893237223 ) ) ;
#3713 = ADVANCED_FACE ( 'NONE', ( #4056 ), #2188, .T. ) ;
#3714 = CARTESIAN_POINT ( 'NONE',  ( -36.77648312578527623, 6.000000000000000000, 13.43177366759330305 ) ) ;
#3715 = CARTESIAN_POINT ( 'NONE',  ( 13.43177366759342384, 6.000000000000000000, -36.77648312578523360 ) ) ;
#3716 = EDGE_CURVE ( 'NONE', #2901, #3456, #1196, .T. ) ;
#3717 = ORIENTED_EDGE ( 'NONE', *, *, #1379, .T. ) ;
#3718 = DIRECTION ( 'NONE',  ( 0.000000000000000000, 1.000000000000000000, 0.000000000000000000 ) ) ;
#3719 = LINE ( 'NONE', #2624, #3845 ) ;
#3720 = ORIENTED_EDGE ( 'NONE', *, *, #3874, .F. ) ;
#3721 = CARTESIAN_POINT ( 'NONE',  ( -40.77116438497266415, 3.500000000000000000, -18.63774364097945835 ) ) ;
#3722 = CARTESIAN_POINT ( 'NONE',  ( 11.13693180368816016, 5.800000000000000711, -11.13693180368808378 ) ) ;
#3723 = ORIENTED_EDGE ( 'NONE', *, *, #191, .T. ) ;
#3724 = EDGE_CURVE ( 'NONE', #3561, #771, #2207, .T. ) ;
#3725 = ORIENTED_EDGE ( 'NONE', *, *, #1398, .T. ) ;
#3726 = EDGE_CURVE ( 'NONE', #982, #3394, #1994, .T. ) ;
#3727 = CARTESIAN_POINT ( 'NONE',  ( -19.27311674009898823, 6.000000000000000000, 37.47728606933159767 ) ) ;
#3728 = AXIS2_PLACEMENT_3D ( 'NONE', #849, #4397, #1157 ) ;
#3729 = VECTOR ( 'NONE', #1369, 1000.000000000000000 ) ;
#3730 = EDGE_LOOP ( 'NONE', ( #2484, #3414, #2425, #3444 ) ) ;
#3731 = CARTESIAN_POINT ( 'NONE',  ( -25.00000000000000000, 5.700000000000000178, 0.000000000000000000 ) ) ;
#3732 = EDGE_LOOP ( 'NONE', ( #2578, #798, #2583, #3968 ) ) ;
#3733 = FACE_OUTER_BOUND ( 'NONE', #1421, .T. ) ;
#3734 = CARTESIAN_POINT ( 'NONE',  ( -37.47728606933178241, 6.000000000000000000, 19.27311674009860454 ) ) ;
#3735 = AXIS2_PLACEMENT_3D ( 'NONE', #1616, #2413, #3869 ) ;
#3736 = VECTOR ( 'NONE', #1707, 1000.000000000000000 ) ;
#3737 = VERTEX_POINT ( 'NONE', #3727 ) ;
#3738 = DIRECTION ( 'NONE',  ( 0.7933533402912386068, -0.000000000000000000, 0.6087614290087162150 ) ) ;
#3739 = DIRECTION ( 'NONE',  ( 0.000000000000000000, 0.000000000000000000, 1.000000000000000000 ) ) ;
#3740 = CIRCLE ( 'NONE', #4268, 1.500000000000003331 ) ;
#3741 = AXIS2_PLACEMENT_3D ( 'NONE', #2242, #2030, #898 ) ;
#3742 = LINE ( 'NONE', #952, #408 ) ;
#3743 = ORIENTED_EDGE ( 'NONE', *, *, #396, .T. ) ;
#3744 = FACE_OUTER_BOUND ( 'NONE', #3081, .T. ) ;
#3745 = FACE_OUTER_BOUND ( 'NONE', #1312, .T. ) ;
#3746 = ORIENTED_EDGE ( 'NONE', *, *, #2036, .F. ) ;
#3747 = CARTESIAN_POINT ( 'NONE',  ( -35.59743900290943230, 5.800000000000000711, 16.49471641973499914 ) ) ;
#3748 = PRODUCT_DEFINITION ( 'UNKNOWN', '', #150, #4141 ) ;
#3749 = DIRECTION ( 'NONE',  ( 0.000000000000000000, 0.000000000000000000, 1.000000000000000000 ) ) ;
#3750 = ORIENTED_EDGE ( 'NONE', *, *, #572, .T. ) ;
#3751 = VERTEX_POINT ( 'NONE', #383 ) ;
#3752 = DIRECTION ( 'NONE',  ( 0.9914448613738100491, 0.000000000000000000, 0.1305261922200551816 ) ) ;
#3753 = ADVANCED_FACE ( 'NONE', ( #3685 ), #4366, .T. ) ;
#3754 =( BOUNDED_CURVE ( )  B_SPLINE_CURVE ( 3, ( #1411, #3186, #3943, #3971 ),
 .UNSPECIFIED., .F., .F. ) 
 B_SPLINE_CURVE_WITH_KNOTS ( ( 4, 4 ),
 ( 4.712388980384689674, 6.283185307179586232 ),
 .UNSPECIFIED. ) 
 CURVE ( )  GEOMETRIC_REPRESENTATION_ITEM ( )  RATIONAL_B_SPLINE_CURVE ( ( 1.000000000000000000, 0.8047378541243649375, 0.8047378541243649375, 1.000000000000000000 ) ) 
 REPRESENTATION_ITEM ( '' )  );
#3755 = EDGE_CURVE ( 'NONE', #1974, #1267, #3995, .T. ) ;
#3756 = ORIENTED_EDGE ( 'NONE', *, *, #4316, .F. ) ;
#3757 = LINE ( 'NONE', #2000, #2377 ) ;
#3758 = ORIENTED_EDGE ( 'NONE', *, *, #3231, .T. ) ;
#3759 = CARTESIAN_POINT ( 'NONE',  ( 0.000000000000000000, 3.500000000000000000, 0.000000000000000000 ) ) ;
#3760 = DIRECTION ( 'NONE',  ( 0.000000000000000000, 0.000000000000000000, 1.000000000000000000 ) ) ;
#3761 = EDGE_CURVE ( 'NONE', #4075, #2887, #1855, .T. ) ;
#3762 = VERTEX_POINT ( 'NONE', #2234 ) ;
#3763 = CYLINDRICAL_SURFACE ( 'NONE', #1097, 0.2000000000000019262 ) ;
#3764 = CARTESIAN_POINT ( 'NONE',  ( 12.88736344501150732, 6.000000000000000000, -40.01411247009626493 ) ) ;
#3765 = CARTESIAN_POINT ( 'NONE',  ( 19.27311674009873244, 6.000000000000000000, 37.47728606933171136 ) ) ;
#3766 = FACE_OUTER_BOUND ( 'NONE', #4284, .T. ) ;
#3767 = VERTEX_POINT ( 'NONE', #1971 ) ;
#3768 = CARTESIAN_POINT ( 'NONE',  ( 16.07270415933367502, 3.299999999999999822, 37.10294036547407615 ) ) ;
#3769 = CYLINDRICAL_SURFACE ( 'NONE', #2631, 0.2000000000000003164 ) ;
#3770 = VERTEX_POINT ( 'NONE', #4201 ) ;
#3771 = CARTESIAN_POINT ( 'NONE',  ( -35.59743900290943230, 5.917157287525380838, 16.49471641973499558 ) ) ;
#3772 = AXIS2_PLACEMENT_3D ( 'NONE', #988, #557, #1625 ) ;
#3773 = DIRECTION ( 'NONE',  ( 0.3826834323650905589, -0.000000000000000000, 0.9238795325112864054 ) ) ;
#3774 = EDGE_LOOP ( 'NONE', ( #831, #926, #4037, #651 ) ) ;
#3775 = VERTEX_POINT ( 'NONE', #2047 ) ;
#3776 = CARTESIAN_POINT ( 'NONE',  ( -42.00844172803885357, 3.500000000000000000, -15.65069189893206492 ) ) ;
#3777 = ADVANCED_FACE ( 'NONE', ( #3801 ), #154, .F. ) ;
#3778 = VECTOR ( 'NONE', #373, 1000.000000000000114 ) ;
#3779 = AXIS2_PLACEMENT_3D ( 'NONE', #4542, #3811, #3525 ) ;
#3780 = ORIENTED_EDGE ( 'NONE', *, *, #450, .T. ) ;
#3781 = CARTESIAN_POINT ( 'NONE',  ( 38.80294036547414294, 6.000000000000000000, 16.07270415933352581 ) ) ;
#3782 = ORIENTED_EDGE ( 'NONE', *, *, #3674, .F. ) ;
#3783 = LINE ( 'NONE', #531, #2627 ) ;
#3784 = DIRECTION ( 'NONE',  ( -0.9238795325112877377, -0.000000000000000000, 0.3826834323650875058 ) ) ;
#3785 = EDGE_CURVE ( 'NONE', #3770, #1161, #3443, .T. ) ;
#3786 =( BOUNDED_CURVE ( )  B_SPLINE_CURVE ( 3, ( #4238, #3820, #3103, #3150 ),
 .UNSPECIFIED., .F., .F. ) 
 B_SPLINE_CURVE_WITH_KNOTS ( ( 4, 4 ),
 ( 1.570796326794896558, 3.141592653589793116 ),
 .UNSPECIFIED. ) 
 CURVE ( )  GEOMETRIC_REPRESENTATION_ITEM ( )  RATIONAL_B_SPLINE_CURVE ( ( 1.000000000000000000, 0.8047378541243649375, 0.8047378541243649375, 1.000000000000000000 ) ) 
 REPRESENTATION_ITEM ( '' )  );
#3787 = ORIENTED_EDGE ( 'NONE', *, *, #4443, .T. ) ;
#3788 = CARTESIAN_POINT ( 'NONE',  ( -42.10328188079455458, 6.000000000000003553, 15.63820595595022667 ) ) ;
#3789 = DIRECTION ( 'NONE',  ( 0.000000000000000000, 0.000000000000000000, 1.000000000000000000 ) ) ;
#3790 = CYLINDRICAL_SURFACE ( 'NONE', #1532, 0.2000000000000019262 ) ;
#3791 = EDGE_CURVE ( 'NONE', #1383, #600, #1291, .T. ) ;
#3792 = CYLINDRICAL_SURFACE ( 'NONE', #24, 1.500000000000001332 ) ;
#3793 = CARTESIAN_POINT ( 'NONE',  ( 16.41817973326210023, 6.000000000000000000, 35.41266309640711540 ) ) ;
#3794 = ORIENTED_EDGE ( 'NONE', *, *, #2235, .F. ) ;
#3795 = FACE_BOUND ( 'NONE', #3408, .T. ) ;
#3796 = EDGE_LOOP ( 'NONE', ( #3913, #131 ) ) ;
#3797 = CARTESIAN_POINT ( 'NONE',  ( -40.04021770854032525, 3.500000000000000000, -13.08565241728612882 ) ) ;
#3798 = DIRECTION ( 'NONE',  ( 0.9238795325112890700, 0.000000000000000000, -0.3826834323650842862 ) ) ;
#3799 = VERTEX_POINT ( 'NONE', #3468 ) ;
#3800 = VERTEX_POINT ( 'NONE', #3416 ) ;
#3801 = FACE_OUTER_BOUND ( 'NONE', #1687, .T. ) ;
#3802 = CARTESIAN_POINT ( 'NONE',  ( -12.88736344501178621, 5.800000000000000711, 40.01411247009617256 ) ) ;
#3803 = PLANE ( 'NONE',  #3597 ) ;
#3804 = ORIENTED_EDGE ( 'NONE', *, *, #1098, .F. ) ;
#3805 = DIRECTION ( 'NONE',  ( 0.9914448613738109373, -0.000000000000000000, 0.1305261922200483538 ) ) ;
#3806 = CIRCLE ( 'NONE', #1906, 47.60000000000000853 ) ;
#3807 = CARTESIAN_POINT ( 'NONE',  ( 40.01411247009631467, 5.800000000000000711, 12.88736344501136699 ) ) ;
#3808 = EDGE_CURVE ( 'NONE', #1589, #4620, #226, .T. ) ;
#3809 = ORIENTED_EDGE ( 'NONE', *, *, #1897, .F. ) ;
#3810 = DIRECTION ( 'NONE',  ( -0.000000000000000000, 1.000000000000000000, -0.000000000000000000 ) ) ;
#3811 = DIRECTION ( 'NONE',  ( 0.6087614290087192126, 0.000000000000000000, 0.7933533402912362753 ) ) ;
#3812 = DIRECTION ( 'NONE',  ( -0.9238795325112925116, 0.000000000000000000, 0.3826834323650757930 ) ) ;
#3813 = AXIS2_PLACEMENT_3D ( 'NONE', #1992, #1289, #2343 ) ;
#3814 = ADVANCED_FACE ( 'NONE', ( #3826 ), #1945, .F. ) ;
#3815 = EDGE_CURVE ( 'NONE', #905, #1646, #2449, .T. ) ;
#3816 = VECTOR ( 'NONE', #1137, 1000.000000000000114 ) ;
#3817 = CARTESIAN_POINT ( 'NONE',  ( 11.13693180368812286, 5.800000000000000711, 13.63693180368812286 ) ) ;
#3818 = DIRECTION ( 'NONE',  ( 0.7933533402912319454, -0.000000000000000000, -0.6087614290087247637 ) ) ;
#3819 = ORIENTED_EDGE ( 'NONE', *, *, #4132, .F. ) ;
#3820 = CARTESIAN_POINT ( 'NONE',  ( -40.82939760516299543, 6.000000000000000000, -18.71363465107376101 ) ) ;
#3821 = EDGE_LOOP ( 'NONE', ( #2005, #3047 ) ) ;
#3822 = CARTESIAN_POINT ( 'NONE',  ( -36.69412891601144366, 6.000000000000000000, -13.32444757185574247 ) ) ;
#3823 = CARTESIAN_POINT ( 'NONE',  ( 0.000000000000000000, 0.000000000000000000, 0.000000000000000000 ) ) ;
#3824 = AXIS2_PLACEMENT_3D ( 'NONE', #3781, #3020, #113 ) ;
#3825 = ORIENTED_EDGE ( 'NONE', *, *, #1341, .T. ) ;
#3826 = FACE_OUTER_BOUND ( 'NONE', #4395, .T. ) ;
#3827 = ORIENTED_EDGE ( 'NONE', *, *, #4015, .T. ) ;
#3828 = DIRECTION ( 'NONE',  ( 0.000000000000000000, 0.000000000000000000, 1.000000000000000000 ) ) ;
#3829 = ORIENTED_EDGE ( 'NONE', *, *, #2683, .T. ) ;
#3830 = LINE ( 'NONE', #3496, #1724 ) ;
#3831 = CARTESIAN_POINT ( 'NONE',  ( -38.80294036547413583, 6.000000000000000000, 14.57270415933353824 ) ) ;
#3832 = ORIENTED_EDGE ( 'NONE', *, *, #1373, .T. ) ;
#3833 = DIRECTION ( 'NONE',  ( 0.9238795325112862944, 0.000000000000000000, -0.3826834323650906144 ) ) ;
#3834 = DIRECTION ( 'NONE',  ( 0.000000000000000000, 0.000000000000000000, 1.000000000000000000 ) ) ;
#3835 = DIRECTION ( 'NONE',  ( 0.000000000000000000, 1.000000000000000000, 0.000000000000000000 ) ) ;
#3836 = EDGE_CURVE ( 'NONE', #1267, #2656, #1047, .T. ) ;
#3837 = CARTESIAN_POINT ( 'NONE',  ( -38.80294036547414294, 3.299999999999999822, -16.07270415933352581 ) ) ;
#3838 = VECTOR ( 'NONE', #2094, 1000.000000000000227 ) ;
#3839 = LINE ( 'NONE', #3793, #2221 ) ;
#3840 = ORIENTED_EDGE ( 'NONE', *, *, #2473, .F. ) ;
#3841 = CARTESIAN_POINT ( 'NONE',  ( -11.13693180368823832, 0.000000000000000000, 13.63693180368800562 ) ) ;
#3842 = CARTESIAN_POINT ( 'NONE',  ( -40.04021770854032525, 5.917157287525380838, -13.08565241728612527 ) ) ;
#3843 = EDGE_CURVE ( 'NONE', #1388, #112, #1153, .T. ) ;
#3844 = EDGE_CURVE ( 'NONE', #3195, #3985, #245, .T. ) ;
#3845 = VECTOR ( 'NONE', #1869, 1000.000000000000000 ) ;
#3846 = FACE_BOUND ( 'NONE', #2361, .T. ) ;
#3847 = ORIENTED_EDGE ( 'NONE', *, *, #797, .F. ) ;
#3848 = LINE ( 'NONE', #2092, #2253 ) ;
#3849 = ADVANCED_FACE ( 'NONE', ( #2687 ), #931, .T. ) ;
#3850 = AXIS2_PLACEMENT_3D ( 'NONE', #2369, #4153, #2346 ) ;
#3851 = FACE_BOUND ( 'NONE', #1455, .T. ) ;
#3852 = CARTESIAN_POINT ( 'NONE',  ( -16.07270415933394858, 0.000000000000000000, -38.80294036547397951 ) ) ;
#3853 = ORIENTED_EDGE ( 'NONE', *, *, #1826, .T. ) ;
#3854 = LINE ( 'NONE', #608, #1122 ) ;
#3855 = CARTESIAN_POINT ( 'NONE',  ( -40.04021770854032525, 3.500000000000000000, 13.08565241728613948 ) ) ;
#3856 = AXIS2_PLACEMENT_3D ( 'NONE', #4685, #1178, #872 ) ;
#3857 = VECTOR ( 'NONE', #3896, 1000.000000000000227 ) ;
#3858 = ORIENTED_EDGE ( 'NONE', *, *, #942, .F. ) ;
#3859 = VECTOR ( 'NONE', #1695, 1000.000000000000114 ) ;
#3860 = CARTESIAN_POINT ( 'NONE',  ( -38.80294036547413583, 3.299999999999999822, 14.37270415933353895 ) ) ;
#3861 = DIRECTION ( 'NONE',  ( -0.000000000000000000, 1.000000000000000000, -0.000000000000000000 ) ) ;
#3862 = DIRECTION ( 'NONE',  ( -0.7933533402912391619, 0.000000000000000000, -0.6087614290087155489 ) ) ;
#3863 = EDGE_CURVE ( 'NONE', #743, #4170, #1243, .T. ) ;
#3864 = FACE_OUTER_BOUND ( 'NONE', #4058, .T. ) ;
#3865 = DIRECTION ( 'NONE',  ( -0.000000000000000000, 1.000000000000000000, -0.000000000000000000 ) ) ;
#3866 = EDGE_LOOP ( 'NONE', ( #4104, #4387, #3118, #2677 ) ) ;
#3867 = CARTESIAN_POINT ( 'NONE',  ( 13.08565241728627981, 5.800000000000000711, 40.04021770854028262 ) ) ;
#3868 = CYLINDRICAL_SURFACE ( 'NONE', #2634, 1.500000000000001332 ) ;
#3869 = DIRECTION ( 'NONE',  ( -0.1305261922200550706, 0.000000000000000000, 0.9914448613738100491 ) ) ;
#3870 = EDGE_CURVE ( 'NONE', #1432, #3800, #1653, .T. ) ;
#3871 = ORIENTED_EDGE ( 'NONE', *, *, #480, .F. ) ;
#3872 = ORIENTED_EDGE ( 'NONE', *, *, #1860, .T. ) ;
#3873 = CARTESIAN_POINT ( 'NONE',  ( 15.72722858540524449, 5.800000000000000711, 42.19321763454104968 ) ) ;
#3874 = EDGE_CURVE ( 'NONE', #3010, #1706, #514, .T. ) ;
#3875 = EDGE_CURVE ( 'NONE', #2302, #4365, #2941, .T. ) ;
#3876 = DIRECTION ( 'NONE',  ( -0.1305261922200548208, 0.000000000000000000, -0.9914448613738100491 ) ) ;
#3877 = ORIENTED_EDGE ( 'NONE', *, *, #2172, .F. ) ;
#3878 = CARTESIAN_POINT ( 'NONE',  ( -16.07270415933394858, 6.000000000000000000, -37.30294036547397951 ) ) ;
#3879 = CYLINDRICAL_SURFACE ( 'NONE', #2411, 1.500000000000004885 ) ;
#3880 = VECTOR ( 'NONE', #3887, 1000.000000000000000 ) ;
#3881 = ORIENTED_EDGE ( 'NONE', *, *, #1171, .F. ) ;
#3882 = CARTESIAN_POINT ( 'NONE',  ( -13.08565241728656048, 5.800000000000000711, -40.04021770854019735 ) ) ;
#3883 = CARTESIAN_POINT ( 'NONE',  ( -42.16711239609709594, 6.000000000000000000, -15.52893961313031923 ) ) ;
#3884 = CARTESIAN_POINT ( 'NONE',  ( -35.43876833485118993, 5.800000000000000711, -16.61646870553673594 ) ) ;
#3885 = CARTESIAN_POINT ( 'NONE',  ( 37.52905608984259089, 6.000000000000000000, 19.14813285445708146 ) ) ;
#3886 = ORIENTED_EDGE ( 'NONE', *, *, #1641, .F. ) ;
#3887 = DIRECTION ( 'NONE',  ( -0.000000000000000000, 1.000000000000000000, -0.000000000000000000 ) ) ;
#3888 = AXIS2_PLACEMENT_3D ( 'NONE', #3596, #4677, #1720 ) ;
#3889 = CARTESIAN_POINT ( 'NONE',  ( -40.95594029147492421, 5.800000000000000711, -18.71428032745247449 ) ) ;
#3890 = AXIS2_PLACEMENT_3D ( 'NONE', #929, #4549, #4219 ) ;
#3891 = CARTESIAN_POINT ( 'NONE',  ( 36.83471634597552935, 3.500000000000000000, -13.50766467768786150 ) ) ;
#3892 = ORIENTED_EDGE ( 'NONE', *, *, #3608, .T. ) ;
#3893 = CARTESIAN_POINT ( 'NONE',  ( 40.77116438497252204, 3.500000000000000000, -18.63774364097976033 ) ) ;
#3894 = VECTOR ( 'NONE', #1818, 1000.000000000000000 ) ;
#3895 = VECTOR ( 'NONE', #2720, 1000.000000000000114 ) ;
#3896 = DIRECTION ( 'NONE',  ( 0.6087614290087274282, -0.000000000000000000, 0.7933533402912299470 ) ) ;
#3897 = CARTESIAN_POINT ( 'NONE',  ( 38.80294036547402925, 3.500000000000000000, -14.37270415933380718 ) ) ;
#3898 = EDGE_LOOP ( 'NONE', ( #3531, #4399 ) ) ;
#3899 = CARTESIAN_POINT ( 'NONE',  ( 11.13693180368812286, 0.000000000000000000, 11.13693180368812286 ) ) ;
#3900 = EDGE_CURVE ( 'NONE', #524, #3253, #2180, .T. ) ;
#3901 = EDGE_CURVE ( 'NONE', #4498, #407, #2755, .T. ) ;
#3902 = ORIENTED_EDGE ( 'NONE', *, *, #4531, .F. ) ;
#3903 = CARTESIAN_POINT ( 'NONE',  ( -18.63774364097990599, 3.500000000000000000, -40.77116438497246520 ) ) ;
#3904 = DIRECTION ( 'NONE',  ( 0.000000000000000000, 0.000000000000000000, -1.000000000000000000 ) ) ;
#3905 = DIRECTION ( 'NONE',  ( 0.000000000000000000, 0.000000000000000000, 1.000000000000000000 ) ) ;
#3906 = EDGE_CURVE ( 'NONE', #2372, #1706, #3848, .T. ) ;
#3907 =( BOUNDED_CURVE ( )  B_SPLINE_CURVE ( 3, ( #4213, #3885, #2086, #3530 ),
 .UNSPECIFIED., .F., .F. ) 
 B_SPLINE_CURVE_WITH_KNOTS ( ( 4, 4 ),
 ( 4.712388980384689674, 6.283185307179586232 ),
 .UNSPECIFIED. ) 
 CURVE ( )  GEOMETRIC_REPRESENTATION_ITEM ( )  RATIONAL_B_SPLINE_CURVE ( ( 1.000000000000000000, 0.8047378541243649375, 0.8047378541243649375, 1.000000000000000000 ) ) 
 REPRESENTATION_ITEM ( '' )  );
#3908 = DIRECTION ( 'NONE',  ( 0.000000000000000000, 1.000000000000000000, 0.000000000000000000 ) ) ;
#3909 = DIRECTION ( 'NONE',  ( 0.6087614290087246527, 0.000000000000000000, -0.7933533402912321675 ) ) ;
#3910 = CARTESIAN_POINT ( 'NONE',  ( 16.49471641973511282, 3.500000000000000000, -35.59743900290938257 ) ) ;
#3911 = DIRECTION ( 'NONE',  ( -0.000000000000000000, -1.000000000000000000, -0.000000000000000000 ) ) ;
#3912 = LINE ( 'NONE', #3534, #1536 ) ;
#3913 = ORIENTED_EDGE ( 'NONE', *, *, #1063, .T. ) ;
#3914 = DIRECTION ( 'NONE',  ( -0.9238795325112877377, 0.000000000000000000, 0.3826834323650875058 ) ) ;
#3915 = CARTESIAN_POINT ( 'NONE',  ( -13.50766467768799295, 5.800000000000000711, -36.83471634597548672 ) ) ;
#3916 = EDGE_CURVE ( 'NONE', #4457, #12, #1752, .T. ) ;
#3917 = EDGE_LOOP ( 'NONE', ( #1781, #4032, #1219, #580 ) ) ;
#3918 = DIRECTION ( 'NONE',  ( -1.000000000000000000, 0.000000000000000000, -9.251858538542940668E-15 ) ) ;
#3919 = VECTOR ( 'NONE', #3490, 1000.000000000000114 ) ;
#3920 = ORIENTED_EDGE ( 'NONE', *, *, #4100, .F. ) ;
#3921 = DIRECTION ( 'NONE',  ( 0.000000000000000000, 0.000000000000000000, 1.000000000000000000 ) ) ;
#3922 = EDGE_CURVE ( 'NONE', #12, #3799, #1637, .T. ) ;
#3923 = FACE_OUTER_BOUND ( 'NONE', #4064, .T. ) ;
#3924 = DIRECTION ( 'NONE',  ( 1.000000000000000000, 0.000000000000000000, 1.047444401652940007E-14 ) ) ;
#3925 = VECTOR ( 'NONE', #927, 1000.000000000000114 ) ;
#3926 = VECTOR ( 'NONE', #1904, 1000.000000000000000 ) ;
#3927 = LINE ( 'NONE', #4279, #1910 ) ;
#3928 = CARTESIAN_POINT ( 'NONE',  ( -37.52905608984259089, 6.000000000000000000, -19.14813285445708146 ) ) ;
#3929 = EDGE_CURVE ( 'NONE', #2600, #2735, #1423, .T. ) ;
#3930 = CARTESIAN_POINT ( 'NONE',  ( -38.80294036547413583, 0.000000000000000000, 17.57270415933354712 ) ) ;
#3931 = DIRECTION ( 'NONE',  ( 0.9238795325112877377, -0.000000000000000000, -0.3826834323650875058 ) ) ;
#3932 = DIRECTION ( 'NONE',  ( -0.6087614290087189906, 0.000000000000000000, 0.7933533402912364974 ) ) ;
#3933 = VERTEX_POINT ( 'NONE', #353 ) ;
#3934 = DIRECTION ( 'NONE',  ( -0.9914448613738093830, 0.000000000000000000, 0.1305261922200582347 ) ) ;
#3935 = ORIENTED_EDGE ( 'NONE', *, *, #4492, .F. ) ;
#3936 = DIRECTION ( 'NONE',  ( -0.9914448613738100491, 0.000000000000000000, -0.1305261922200551816 ) ) ;
#3937 = DIRECTION ( 'NONE',  ( -0.9238795325112894030, 0.000000000000000000, -0.3826834323650831760 ) ) ;
#3938 = ORIENTED_EDGE ( 'NONE', *, *, #338, .T. ) ;
#3939 = ORIENTED_EDGE ( 'NONE', *, *, #4420, .T. ) ;
#3940 = DIRECTION ( 'NONE',  ( -0.9238795325112850731, 0.000000000000000000, -0.3826834323650936676 ) ) ;
#3941 = ORIENTED_EDGE ( 'NONE', *, *, #1674, .F. ) ;
#3942 = DIRECTION ( 'NONE',  ( 0.3826834323650906144, 0.000000000000000000, -0.9238795325112862944 ) ) ;
#3943 = CARTESIAN_POINT ( 'NONE',  ( -40.04021770854032525, 5.917157287525380838, 13.08565241728613593 ) ) ;
#3944 = CARTESIAN_POINT ( 'NONE',  ( -16.41817973326235247, 6.000000000000000000, -35.41266309640700172 ) ) ;
#3945 = ADVANCED_FACE ( 'NONE', ( #669, #271 ), #1070, .T. ) ;
#3946 = EDGE_CURVE ( 'NONE', #1738, #133, #715, .T. ) ;
#3947 = FACE_OUTER_BOUND ( 'NONE', #4272, .T. ) ;
#3948 = CYLINDRICAL_SURFACE ( 'NONE', #1997, 2.500000000000000444 ) ;
#3949 = DIRECTION ( 'NONE',  ( -0.3826834323650840086, 0.000000000000000000, 0.9238795325112890700 ) ) ;
#3950 = DIRECTION ( 'NONE',  ( -0.1305261922200447733, 0.000000000000000000, 0.9914448613738113814 ) ) ;
#3951 = VECTOR ( 'NONE', #1021, 1000.000000000000114 ) ;
#3952 = EDGE_CURVE ( 'NONE', #3280, #3456, #2440, .T. ) ;
#3953 = EDGE_CURVE ( 'NONE', #1669, #3056, #1127, .T. ) ;
#3954 = VECTOR ( 'NONE', #2497, 1000.000000000000227 ) ;
#3955 = CARTESIAN_POINT ( 'NONE',  ( -38.80294036547414294, 6.000000000000000000, -14.57270415933352048 ) ) ;
#3956 = ORIENTED_EDGE ( 'NONE', *, *, #1484, .F. ) ;
#3957 = FACE_OUTER_BOUND ( 'NONE', #3348, .T. ) ;
#3958 = ORIENTED_EDGE ( 'NONE', *, *, #597, .F. ) ;
#3959 = DIRECTION ( 'NONE',  ( -1.000000000000000000, 0.000000000000000000, -3.469446951953613400E-15 ) ) ;
#3960 = AXIS2_PLACEMENT_3D ( 'NONE', #4527, #3463, #4172 ) ;
#3961 = CIRCLE ( 'NONE', #3586, 2.700000000000001066 ) ;
#3962 = DIRECTION ( 'NONE',  ( 0.9238795325112850731, 0.000000000000000000, 0.3826834323650936676 ) ) ;
#3963 = ORIENTED_EDGE ( 'NONE', *, *, #2289, .F. ) ;
#3964 = VECTOR ( 'NONE', #4351, 1000.000000000000227 ) ;
#3965 = EDGE_LOOP ( 'NONE', ( #298, #1510, #3658, #4285 ) ) ;
#3966 = FACE_OUTER_BOUND ( 'NONE', #4111, .T. ) ;
#3967 = VECTOR ( 'NONE', #40, 1000.000000000000114 ) ;
#3968 = ORIENTED_EDGE ( 'NONE', *, *, #450, .F. ) ;
#3969 = LINE ( 'NONE', #4345, #486 ) ;
#3970 = ORIENTED_EDGE ( 'NONE', *, *, #1753, .F. ) ;
#3971 = CARTESIAN_POINT ( 'NONE',  ( -40.04021770854032525, 5.800000000000000711, 13.08565241728613948 ) ) ;
#3972 = CARTESIAN_POINT ( 'NONE',  ( 15.62054816604639917, 6.000000000000000000, -42.23740611107913878 ) ) ;
#3973 = DIRECTION ( 'NONE',  ( -0.000000000000000000, -1.000000000000000000, -0.000000000000000000 ) ) ;
#3974 = LINE ( 'NONE', #3215, #2357 ) ;
#3975 = CARTESIAN_POINT ( 'NONE',  ( 13.08565241728627981, 5.800000000000000711, 40.04021770854028262 ) ) ;
#3976 = DIRECTION ( 'NONE',  ( -0.000000000000000000, 1.000000000000000000, -0.000000000000000000 ) ) ;
#3977 = EDGE_LOOP ( 'NONE', ( #3107, #1180, #3829, #3720 ) ) ;
#3978 = DIRECTION ( 'NONE',  ( -0.000000000000000000, -1.000000000000000000, -0.000000000000000000 ) ) ;
#3979 = DIRECTION ( 'NONE',  ( 0.000000000000000000, 0.000000000000000000, 1.000000000000000000 ) ) ;
#3980 = ORIENTED_EDGE ( 'NONE', *, *, #1700, .F. ) ;
#3981 = ADVANCED_FACE ( 'NONE', ( #4267 ), #3154, .F. ) ;
#3982 = LINE ( 'NONE', #784, #2108 ) ;
#3983 = CARTESIAN_POINT ( 'NONE',  ( -37.56566302240794641, 3.500000000000000000, -19.05975590138092457 ) ) ;
#3984 = ORIENTED_EDGE ( 'NONE', *, *, #3160, .F. ) ;
#3985 = VERTEX_POINT ( 'NONE', #2113 ) ;
#3986 = EDGE_CURVE ( 'NONE', #914, #4402, #1447, .T. ) ;
#3987 = DIRECTION ( 'NONE',  ( 0.9914448613738103822, -0.000000000000000000, 0.1305261922200515456 ) ) ;
#3988 = PRODUCT ( 'Mounter Upper Plate', 'Mounter Upper Plate', '', ( #3228 ) ) ;
#3989 = ORIENTED_EDGE ( 'NONE', *, *, #3223, .F. ) ;
#3990 = CARTESIAN_POINT ( 'NONE',  ( -15.72722858540554647, 6.000000000000000000, -42.19321763454094310 ) ) ;
#3991 = EDGE_LOOP ( 'NONE', ( #3329, #4509, #1576, #668 ) ) ;
#3992 = CYLINDRICAL_SURFACE ( 'NONE', #1884, 1.500000000000001332 ) ;
#3993 = CARTESIAN_POINT ( 'NONE',  ( -35.59743900290943230, 3.500000000000000000, 16.49471641973499914 ) ) ;
#3994 = VECTOR ( 'NONE', #4158, 1000.000000000000114 ) ;
#3995 = CIRCLE ( 'NONE', #3308, 2.700000000000001066 ) ;
#3996 = VERTEX_POINT ( 'NONE', #4244 ) ;
#3997 = DIRECTION ( 'NONE',  ( -0.000000000000000000, -1.000000000000000000, -0.000000000000000000 ) ) ;
#3998 = CYLINDRICAL_SURFACE ( 'NONE', #1381, 2.549999999999999378 ) ;
#3999 = AXIS2_PLACEMENT_3D ( 'NONE', #594, #1941, #1216 ) ;
#4000 = CIRCLE ( 'NONE', #443, 2.500000000000000444 ) ;
#4001 = ADVANCED_FACE ( 'NONE', ( #3199 ), #4336, .T. ) ;
#4002 = LINE ( 'NONE', #2913, #865 ) ;
#4003 = VERTEX_POINT ( 'NONE', #622 ) ;
#4004 = FACE_OUTER_BOUND ( 'NONE', #4194, .T. ) ;
#4005 = VECTOR ( 'NONE', #558, 1000.000000000000000 ) ;
#4006 = DIRECTION ( 'NONE',  ( 0.000000000000000000, 0.000000000000000000, 1.000000000000000000 ) ) ;
#4007 = ORIENTED_EDGE ( 'NONE', *, *, #1461, .F. ) ;
#4008 = DIRECTION ( 'NONE',  ( 0.1305261922200517122, 0.000000000000000000, -0.9914448613738103822 ) ) ;
#4009 = EDGE_CURVE ( 'NONE', #3007, #524, #4446, .T. ) ;
#4010 = DIRECTION ( 'NONE',  ( 0.1305261922200554037, -0.000000000000000000, 0.9914448613738100491 ) ) ;
#4011 = VERTEX_POINT ( 'NONE', #1402 ) ;
#4012 = ORIENTED_EDGE ( 'NONE', *, *, #389, .F. ) ;
#4013 = CARTESIAN_POINT ( 'NONE',  ( -11.13693180368823832, 6.000000000000000000, 11.13693180368800562 ) ) ;
#4014 = ADVANCED_FACE ( 'NONE', ( #4642 ), #2857, .T. ) ;
#4015 = EDGE_CURVE ( 'NONE', #1822, #860, #4599, .T. ) ;
#4016 = ORIENTED_EDGE ( 'NONE', *, *, #2678, .F. ) ;
#4017 = LINE ( 'NONE', #749, #791 ) ;
#4018 = ORIENTED_EDGE ( 'NONE', *, *, #2642, .F. ) ;
#4019 = LINE ( 'NONE', #3304, #4079 ) ;
#4020 = ORIENTED_EDGE ( 'NONE', *, *, #307, .T. ) ;
#4021 = CARTESIAN_POINT ( 'NONE',  ( 38.80294036547414294, 0.000000000000000000, 14.57270415933352048 ) ) ;
#4022 = DIRECTION ( 'NONE',  ( 0.000000000000000000, 1.000000000000000000, 0.000000000000000000 ) ) ;
#4023 = CARTESIAN_POINT ( 'NONE',  ( 19.05975590138105602, 3.500000000000000000, -37.56566302240788247 ) ) ;
#4024 = VERTEX_POINT ( 'NONE', #1046 ) ;
#4025 = DIRECTION ( 'NONE',  ( 0.000000000000000000, 1.000000000000000000, 0.000000000000000000 ) ) ;
#4026 = VECTOR ( 'NONE', #3949, 1000.000000000000227 ) ;
#4027 = CARTESIAN_POINT ( 'NONE',  ( -11.13693180368812286, 5.800000000000000711, -11.13693180368812286 ) ) ;
#4028 = ORIENTED_EDGE ( 'NONE', *, *, #1603, .F. ) ;
#4029 = CARTESIAN_POINT ( 'NONE',  ( 37.40699235434956194, 6.000000000000000000, -19.18150818718293138 ) ) ;
#4030 = AXIS2_PLACEMENT_3D ( 'NONE', #2454, #680, #3569 ) ;
#4031 = CARTESIAN_POINT ( 'NONE',  ( -13.08565241728655870, 3.500000000000000000, -40.04021770854019735 ) ) ;
#4032 = ORIENTED_EDGE ( 'NONE', *, *, #1614, .T. ) ;
#4033 = ORIENTED_EDGE ( 'NONE', *, *, #1484, .T. ) ;
#4034 = DIRECTION ( 'NONE',  ( 0.000000000000000000, 1.000000000000000000, -0.000000000000000000 ) ) ;
#4035 = ADVANCED_FACE ( 'NONE', ( #2134 ), #746, .T. ) ;
#4036 = VECTOR ( 'NONE', #4010, 999.9999999999998863 ) ;
#4037 = ORIENTED_EDGE ( 'NONE', *, *, #4384, .T. ) ;
#4038 = DIRECTION ( 'NONE',  ( -0.7933533402912319454, 0.000000000000000000, 0.6087614290087247637 ) ) ;
#4039 = ORIENTED_EDGE ( 'NONE', *, *, #4377, .T. ) ;
#4040 = EDGE_CURVE ( 'NONE', #4011, #3394, #1025, .T. ) ;
#4041 = EDGE_CURVE ( 'NONE', #767, #95, #2988, .T. ) ;
#4042 = VECTOR ( 'NONE', #2402, 1000.000000000000114 ) ;
#4043 = AXIS2_PLACEMENT_3D ( 'NONE', #2584, #3665, #414 ) ;
#4044 = EDGE_LOOP ( 'NONE', ( #1896, #883, #645, #2559 ) ) ;
#4045 = CARTESIAN_POINT ( 'NONE',  ( 42.10328188079443379, 6.000000000000000000, -15.63820595595051977 ) ) ;
#4046 = CARTESIAN_POINT ( 'NONE',  ( 0.000000000000000000, 6.000000000000000000, 0.000000000000000000 ) ) ;
#4047 = ADVANCED_FACE ( 'NONE', ( #2961 ), #807, .F. ) ;
#4048 = CARTESIAN_POINT ( 'NONE',  ( 13.50766467768772472, 5.800000000000000711, -36.83471634597557909 ) ) ;
#4049 = ORIENTED_EDGE ( 'NONE', *, *, #441, .F. ) ;
#4050 = DIRECTION ( 'NONE',  ( 0.000000000000000000, 1.000000000000000000, 0.000000000000000000 ) ) ;
#4051 = ORIENTED_EDGE ( 'NONE', *, *, #1060, .T. ) ;
#4052 = DIRECTION ( 'NONE',  ( 0.9914448613738103822, 0.000000000000000000, 0.1305261922200517122 ) ) ;
#4053 = FACE_BOUND ( 'NONE', #2461, .T. ) ;
#4054 = ORIENTED_EDGE ( 'NONE', *, *, #630, .T. ) ;
#4055 = EDGE_LOOP ( 'NONE', ( #1541, #4625, #1105, #4584 ) ) ;
#4056 = FACE_OUTER_BOUND ( 'NONE', #803, .T. ) ;
#4057 = ADVANCED_FACE ( 'NONE', ( #3314 ), #3699, .F. ) ;
#4058 = EDGE_LOOP ( 'NONE', ( #313, #3920, #4592, #3840 ) ) ;
#4059 = PLANE ( 'NONE',  #2757 ) ;
#4060 = ORIENTED_EDGE ( 'NONE', *, *, #3400, .T. ) ;
#4061 = LINE ( 'NONE', #1859, #3926 ) ;
#4062 = CARTESIAN_POINT ( 'NONE',  ( -15.65069189893250545, 5.800000000000000711, 42.00844172803868304 ) ) ;
#4063 = AXIS2_PLACEMENT_3D ( 'NONE', #146, #402, #1849 ) ;
#4064 = EDGE_LOOP ( 'NONE', ( #2252, #2625, #4536, #4312 ) ) ;
#4065 = FACE_OUTER_BOUND ( 'NONE', #1940, .T. ) ;
#4066 = CYLINDRICAL_SURFACE ( 'NONE', #251, 0.2000000000000003164 ) ;
#4067 = VECTOR ( 'NONE', #3987, 1000.000000000000114 ) ;
#4068 = EDGE_CURVE ( 'NONE', #276, #2665, #2918, .T. ) ;
#4069 = VECTOR ( 'NONE', #790, 1000.000000000000000 ) ;
#4070 = EDGE_CURVE ( 'NONE', #67, #269, #4372, .T. ) ;
#4071 = DIRECTION ( 'NONE',  ( -0.000000000000000000, 1.000000000000000000, -0.000000000000000000 ) ) ;
#4072 = VERTEX_POINT ( 'NONE', #3364 ) ;
#4073 = PLANE ( 'NONE',  #3510 ) ;
#4074 = CARTESIAN_POINT ( 'NONE',  ( 11.13693180368816016, 0.000000000000000000, -13.63693180368808378 ) ) ;
#4075 = VERTEX_POINT ( 'NONE', #2250 ) ;
#4076 = CARTESIAN_POINT ( 'NONE',  ( 18.63774364097961467, 3.500000000000000000, 40.77116438497259310 ) ) ;
#4077 = VECTOR ( 'NONE', #3601, 1000.000000000000000 ) ;
#4078 = CIRCLE ( 'NONE', #599, 1.500000000000005551 ) ;
#4079 = VECTOR ( 'NONE', #1882, 1000.000000000000000 ) ;
#4080 = DIRECTION ( 'NONE',  ( 0.000000000000000000, 0.000000000000000000, 1.000000000000000000 ) ) ;
#4081 = EDGE_LOOP ( 'NONE', ( #2516, #1013 ) ) ;
#4082 = VERTEX_POINT ( 'NONE', #4076 ) ;
#4083 = DIRECTION ( 'NONE',  ( -0.3826834323650905589, 0.000000000000000000, -0.9238795325112864054 ) ) ;
#4084 =( BOUNDED_CURVE ( )  B_SPLINE_CURVE ( 3, ( #3915, #3587, #335, #1779 ),
 .UNSPECIFIED., .F., .F. ) 
 B_SPLINE_CURVE_WITH_KNOTS ( ( 4, 4 ),
 ( 3.141592653589793116, 4.712388980384689674 ),
 .UNSPECIFIED. ) 
 CURVE ( )  GEOMETRIC_REPRESENTATION_ITEM ( )  RATIONAL_B_SPLINE_CURVE ( ( 1.000000000000000000, 0.8047378541243649375, 0.8047378541243649375, 1.000000000000000000 ) ) 
 REPRESENTATION_ITEM ( '' )  );
#4085 = ORIENTED_EDGE ( 'NONE', *, *, #3906, .T. ) ;
#4086 = CARTESIAN_POINT ( 'NONE',  ( -11.13693180368823832, 5.800000000000000711, 11.13693180368800562 ) ) ;
#4087 = VERTEX_POINT ( 'NONE', #448 ) ;
#4088 = PLANE ( 'NONE',  #1288 ) ;
#4089 = DIRECTION ( 'NONE',  ( 0.000000000000000000, 0.000000000000000000, 1.000000000000000000 ) ) ;
#4090 = ORIENTED_EDGE ( 'NONE', *, *, #709, .T. ) ;
#4091 = LINE ( 'NONE', #3073, #3895 ) ;
#4092 = CARTESIAN_POINT ( 'NONE',  ( 0.000000000000000000, 5.599999999999999645, 47.60000000000000853 ) ) ;
#4093 = ADVANCED_FACE ( 'NONE', ( #835 ), #2474, .T. ) ;
#4094 = DIRECTION ( 'NONE',  ( 0.000000000000000000, 1.000000000000000000, 0.000000000000000000 ) ) ;
#4095 = VERTEX_POINT ( 'NONE', #30 ) ;
#4096 = LINE ( 'NONE', #853, #2513 ) ;
#4097 = DIRECTION ( 'NONE',  ( 0.000000000000000000, 1.000000000000000000, 0.000000000000000000 ) ) ;
#4098 = EDGE_LOOP ( 'NONE', ( #2951, #1443, #3684, #3015 ) ) ;
#4099 = DIRECTION ( 'NONE',  ( 0.9914448613738093830, -0.000000000000000000, -0.1305261922200582347 ) ) ;
#4100 = EDGE_CURVE ( 'NONE', #957, #1254, #1918, .T. ) ;
#4101 = ADVANCED_FACE ( 'NONE', ( #1190 ), #1851, .F. ) ;
#4102 = CIRCLE ( 'NONE', #4567, 2.500000000000000444 ) ;
#4103 = LINE ( 'NONE', #2298, #4036 ) ;
#4104 = ORIENTED_EDGE ( 'NONE', *, *, #141, .T. ) ;
#4105 = ORIENTED_EDGE ( 'NONE', *, *, #3863, .F. ) ;
#4106 = EDGE_CURVE ( 'NONE', #3564, #176, #2574, .T. ) ;
#4107 = AXIS2_PLACEMENT_3D ( 'NONE', #3648, #2618, #4444 ) ;
#4108 = CIRCLE ( 'NONE', #4410, 1.500000000000004885 ) ;
#4109 = ORIENTED_EDGE ( 'NONE', *, *, #1557, .F. ) ;
#4110 = DIRECTION ( 'NONE',  ( 0.3826834323650842307, 0.000000000000000000, 0.9238795325112889589 ) ) ;
#4111 = EDGE_LOOP ( 'NONE', ( #887, #63, #4521, #2276 ) ) ;
#4112 = DIRECTION ( 'NONE',  ( -0.000000000000000000, -1.000000000000000000, -0.000000000000000000 ) ) ;
#4113 = CARTESIAN_POINT ( 'NONE',  ( 13.08565241728627804, 5.917157287525379949, 40.04021770854028262 ) ) ;
#4114 = VECTOR ( 'NONE', #3458, 1000.000000000000000 ) ;
#4115 = EDGE_LOOP ( 'NONE', ( #4373, #4344, #1879, #556 ) ) ;
#4116 = CARTESIAN_POINT ( 'NONE',  ( -38.80294036547414294, 6.000000000000000000, -17.57270415933352936 ) ) ;
#4117 = PRESENTATION_STYLE_ASSIGNMENT (( #4587 ) ) ;
#4118 = AXIS2_PLACEMENT_3D ( 'NONE', #973, #3238, #345 ) ;
#4119 = CIRCLE ( 'NONE', #1852, 0.2000000000000005107 ) ;
#4120 = CARTESIAN_POINT ( 'NONE',  ( 42.00844172803885357, 3.500000000000000000, 15.65069189893206492 ) ) ;
#4121 = CARTESIAN_POINT ( 'NONE',  ( 18.63774364097961467, 3.500000000000000000, 40.77116438497259310 ) ) ;
#4122 = ORIENTED_EDGE ( 'NONE', *, *, #2947, .T. ) ;
#4123 = DIRECTION ( 'NONE',  ( 0.000000000000000000, 0.000000000000000000, 1.000000000000000000 ) ) ;
#4124 = DIRECTION ( 'NONE',  ( 0.9914448613738086058, 0.000000000000000000, -0.1305261922200649238 ) ) ;
#4125 = VERTEX_POINT ( 'NONE', #1142 ) ;
#4126 = PLANE ( 'NONE',  #2554 ) ;
#4127 = DIRECTION ( 'NONE',  ( 0.000000000000000000, -0.000000000000000000, 1.000000000000000000 ) ) ;
#4128 = EDGE_CURVE ( 'NONE', #860, #1589, #3982, .T. ) ;
#4129 = ORIENTED_EDGE ( 'NONE', *, *, #922, .T. ) ;
#4130 = ORIENTED_EDGE ( 'NONE', *, *, #3693, .T. ) ;
#4131 = CARTESIAN_POINT ( 'NONE',  ( 40.77116438497266415, 5.800000000000000711, 18.63774364097945835 ) ) ;
#4132 = EDGE_CURVE ( 'NONE', #3043, #1235, #3633, .T. ) ;
#4133 = ORIENTED_EDGE ( 'NONE', *, *, #1837, .F. ) ;
#4134 = CARTESIAN_POINT ( 'NONE',  ( 16.07270415933366081, 3.500000000000000000, -38.80294036547408609 ) ) ;
#4135 = ORIENTED_EDGE ( 'NONE', *, *, #1872, .T. ) ;
#4136 = FACE_BOUND ( 'NONE', #4081, .T. ) ;
#4137 = CYLINDRICAL_SURFACE ( 'NONE', #71, 0.1999999999999994005 ) ;
#4138 = EDGE_LOOP ( 'NONE', ( #3794, #2798, #1649, #3615 ) ) ;
#4139 = CARTESIAN_POINT ( 'NONE',  ( -16.07270415933394858, 3.500000000000000000, -37.10294036547396956 ) ) ;
#4140 = CARTESIAN_POINT ( 'NONE',  ( 16.07270415933367502, 6.000000000000000000, 38.80294036547408609 ) ) ;
#4141 = PRODUCT_DEFINITION_CONTEXT ( 'detailed design', #758, 'design' ) ;
#4142 = LINE ( 'NONE', #1631, #1386 ) ;
#4143 = CARTESIAN_POINT ( 'NONE',  ( 40.77116438497266415, 5.800000000000000711, 18.63774364097945835 ) ) ;
#4144 = ORIENTED_EDGE ( 'NONE', *, *, #1773, .T. ) ;
#4145 = CARTESIAN_POINT ( 'NONE',  ( -11.13693180368823832, 0.000000000000000000, 8.636931803688005616 ) ) ;
#4146 = VERTEX_POINT ( 'NONE', #4429 ) ;
#4147 = CARTESIAN_POINT ( 'NONE',  ( 0.000000000000000000, 3.500000000000000000, 0.000000000000000000 ) ) ;
#4148 = AXIS2_PLACEMENT_3D ( 'NONE', #3638, #2117, #2803 ) ;
#4149 = PLANE ( 'NONE',  #179 ) ;
#4150 = ORIENTED_EDGE ( 'NONE', *, *, #441, .T. ) ;
#4151 = AXIS2_PLACEMENT_3D ( 'NONE', #1996, #959, #204 ) ;
#4152 = ORIENTED_EDGE ( 'NONE', *, *, #3066, .T. ) ;
#4153 = DIRECTION ( 'NONE',  ( -0.000000000000000000, -1.000000000000000000, -0.000000000000000000 ) ) ;
#4154 = VECTOR ( 'NONE', #3271, 1000.000000000000000 ) ;
#4155 = ORIENTED_EDGE ( 'NONE', *, *, #2442, .F. ) ;
#4156 = DIRECTION ( 'NONE',  ( 0.6087614290087249858, 0.000000000000000000, -0.7933533402912319454 ) ) ;
#4157 = ORIENTED_EDGE ( 'NONE', *, *, #1407, .F. ) ;
#4158 = DIRECTION ( 'NONE',  ( -0.7933533402912320565, 0.000000000000000000, 0.6087614290087247637 ) ) ;
#4159 = VECTOR ( 'NONE', #2448, 1000.000000000000114 ) ;
#4160 = FACE_OUTER_BOUND ( 'NONE', #1457, .T. ) ;
#4161 = EDGE_CURVE ( 'NONE', #403, #771, #2118, .T. ) ;
#4162 = ADVANCED_FACE ( 'NONE', ( #1496 ), #428, .T. ) ;
#4163 = ORIENTED_EDGE ( 'NONE', *, *, #1007, .T. ) ;
#4164 = CARTESIAN_POINT ( 'NONE',  ( 19.05975590138106313, 5.800000000000000711, 37.56566302240787536 ) ) ;
#4165 = DIRECTION ( 'NONE',  ( 0.1305261922200447733, -0.000000000000000000, -0.9914448613738113814 ) ) ;
#4166 = CARTESIAN_POINT ( 'NONE',  ( -19.27311674009899889, 6.000000000000000000, -37.47728606933158346 ) ) ;
#4167 = LINE ( 'NONE', #3053, #2370 ) ;
#4168 = ORIENTED_EDGE ( 'NONE', *, *, #141, .F. ) ;
#4169 = CARTESIAN_POINT ( 'NONE',  ( -19.05975590138131892, 3.500000000000000000, 37.56566302240774746 ) ) ;
#4170 = VERTEX_POINT ( 'NONE', #1823 ) ;
#4171 = CARTESIAN_POINT ( 'NONE',  ( 42.00844172803873278, 3.500000000000000000, -15.65069189893237400 ) ) ;
#4172 = DIRECTION ( 'NONE',  ( 0.000000000000000000, 0.000000000000000000, 1.000000000000000000 ) ) ;
#4173 = ORIENTED_EDGE ( 'NONE', *, *, #2883, .T. ) ;
#4174 = CARTESIAN_POINT ( 'NONE',  ( -11.13693180368823832, 5.800000000000000711, 13.83693180368800668 ) ) ;
#4175 = EDGE_CURVE ( 'NONE', #3933, #1782, #80, .T. ) ;
#4176 = EDGE_LOOP ( 'NONE', ( #3032, #2733, #3298, #147 ) ) ;
#4177 = LINE ( 'NONE', #2258, #3212 ) ;
#4178 = VERTEX_POINT ( 'NONE', #4475 ) ;
#4179 = CARTESIAN_POINT ( 'NONE',  ( 0.000000000000000000, 3.500000000000000000, 0.000000000000000000 ) ) ;
#4180 = CARTESIAN_POINT ( 'NONE',  ( 16.50720236271697772, 6.000000000000000000, 35.50259885015367445 ) ) ;
#4181 = AXIS2_PLACEMENT_3D ( 'NONE', #4348, #1835, #1107 ) ;
#4182 = EDGE_CURVE ( 'NONE', #95, #3280, #884, .T. ) ;
#4183 = ORIENTED_EDGE ( 'NONE', *, *, #1468, .T. ) ;
#4184 = CARTESIAN_POINT ( 'NONE',  ( -42.00844172803885357, 5.917157287525385279, 15.65069189893208268 ) ) ;
#4185 = EDGE_CURVE ( 'NONE', #12, #4178, #3485, .T. ) ;
#4186 = CARTESIAN_POINT ( 'NONE',  ( -25.00000000000000000, 5.700000000000000178, -2.549999999999999378 ) ) ;
#4187 = CARTESIAN_POINT ( 'NONE',  ( 13.50766467768772472, 3.500000000000000000, -36.83471634597557909 ) ) ;
#4188 = VECTOR ( 'NONE', #3487, 1000.000000000000000 ) ;
#4189 = VECTOR ( 'NONE', #3934, 1000.000000000000227 ) ;
#4190 = VECTOR ( 'NONE', #776, 1000.000000000000227 ) ;
#4191 = CARTESIAN_POINT ( 'NONE',  ( 37.47728606933178952, 6.000000000000000000, 19.27311674009859743 ) ) ;
#4192 = DIRECTION ( 'NONE',  ( -0.000000000000000000, 1.000000000000000000, 0.000000000000000000 ) ) ;
#4193 = EDGE_CURVE ( 'NONE', #1235, #891, #2034, .T. ) ;
#4194 = EDGE_LOOP ( 'NONE', ( #2987, #1776, #783, #1809 ) ) ;
#4195 = CARTESIAN_POINT ( 'NONE',  ( 13.08565241728626916, 5.800000000000000711, -40.04021770854027551 ) ) ;
#4196 = CARTESIAN_POINT ( 'NONE',  ( -15.65069189893250545, 3.500000000000000000, 42.00844172803868304 ) ) ;
#4197 = VECTOR ( 'NONE', #4629, 1000.000000000000114 ) ;
#4198 = CARTESIAN_POINT ( 'NONE',  ( 36.83471634597552935, 5.800000000000000711, -13.50766467768785972 ) ) ;
#4199 = CIRCLE ( 'NONE', #4421, 2.500000000000000444 ) ;
#4200 = EDGE_LOOP ( 'NONE', ( #2271, #815, #3782, #177 ) ) ;
#4201 = CARTESIAN_POINT ( 'NONE',  ( -16.49471641973537217, 3.500000000000000000, -35.59743900290926177 ) ) ;
#4202 = DIRECTION ( 'NONE',  ( 0.000000000000000000, 0.000000000000000000, 1.000000000000000000 ) ) ;
#4203 = FACE_OUTER_BOUND ( 'NONE', #2632, .T. ) ;
#4204 = ORIENTED_EDGE ( 'NONE', *, *, #4647, .F. ) ;
#4205 = DIRECTION ( 'NONE',  ( -0.7933533402912342769, 0.000000000000000000, -0.6087614290087216551 ) ) ;
#4206 = PLANE ( 'NONE',  #1660 ) ;
#4207 = EDGE_CURVE ( 'NONE', #3343, #4466, #2390, .T. ) ;
#4208 = EDGE_LOOP ( 'NONE', ( #1675, #4471, #525, #1138 ) ) ;
#4209 = LINE ( 'NONE', #3903, #2829 ) ;
#4210 = DIRECTION ( 'NONE',  ( 0.9914448613738093830, -0.000000000000000000, 0.1305261922200583735 ) ) ;
#4211 = DIRECTION ( 'NONE',  ( 0.000000000000000000, 1.000000000000000000, 0.000000000000000000 ) ) ;
#4212 = AXIS2_PLACEMENT_3D ( 'NONE', #3653, #4050, #805 ) ;
#4213 = CARTESIAN_POINT ( 'NONE',  ( 37.47728606933178952, 6.000000000000000000, 19.27311674009859743 ) ) ;
#4214 = ORIENTED_EDGE ( 'NONE', *, *, #1408, .F. ) ;
#4215 = LINE ( 'NONE', #4572, #866 ) ;
#4216 = CARTESIAN_POINT ( 'NONE',  ( -13.43112799121496259, 6.000000000000000000, 36.64994043947322666 ) ) ;
#4217 = EDGE_CURVE ( 'NONE', #2957, #1972, #4502, .T. ) ;
#4218 = EDGE_CURVE ( 'NONE', #2372, #1145, #1878, .T. ) ;
#4219 = DIRECTION ( 'NONE',  ( 0.000000000000000000, 0.000000000000000000, 1.000000000000000000 ) ) ;
#4220 = ORIENTED_EDGE ( 'NONE', *, *, #4262, .F. ) ;
#4221 = ORIENTED_EDGE ( 'NONE', *, *, #2939, .F. ) ;
#4222 = CARTESIAN_POINT ( 'NONE',  ( 13.50766467768773538, 5.917157287525381726, 36.83471634597557198 ) ) ;
#4223 = AXIS2_PLACEMENT_3D ( 'NONE', #1739, #1102, #2536 ) ;
#4224 = VECTOR ( 'NONE', #1597, 1000.000000000000114 ) ;
#4225 = CARTESIAN_POINT ( 'NONE',  ( -19.05975590138132958, 5.800000000000000711, -37.56566302240774036 ) ) ;
#4226 = CARTESIAN_POINT ( 'NONE',  ( -18.71363465107418378, 6.000000000000000000, 40.82939760516281069 ) ) ;
#4227 = EDGE_LOOP ( 'NONE', ( #2313, #427 ) ) ;
#4228 = CARTESIAN_POINT ( 'NONE',  ( 37.47728606933165452, 6.000000000000000000, -19.27311674009886389 ) ) ;
#4229 = CARTESIAN_POINT ( 'NONE',  ( -16.07270415933394858, 0.000000000000000000, -38.80294036547397951 ) ) ;
#4230 = ORIENTED_EDGE ( 'NONE', *, *, #3946, .T. ) ;
#4231 = AXIS2_PLACEMENT_3D ( 'NONE', #454, #1573, #432 ) ;
#4232 = CARTESIAN_POINT ( 'NONE',  ( -11.13693180368823832, 0.000000000000000000, 11.13693180368800562 ) ) ;
#4233 = FACE_OUTER_BOUND ( 'NONE', #1596, .T. ) ;
#4234 =( BOUNDED_CURVE ( )  B_SPLINE_CURVE ( 3, ( #367, #1812, #16, #1834 ),
 .UNSPECIFIED., .F., .F. ) 
 B_SPLINE_CURVE_WITH_KNOTS ( ( 4, 4 ),
 ( 4.712388980384689674, 6.283185307179586232 ),
 .UNSPECIFIED. ) 
 CURVE ( )  GEOMETRIC_REPRESENTATION_ITEM ( )  RATIONAL_B_SPLINE_CURVE ( ( 1.000000000000000000, 0.8047378541243649375, 0.8047378541243649375, 1.000000000000000000 ) ) 
 REPRESENTATION_ITEM ( '' )  );
#4235 = LINE ( 'NONE', #1370, #102 ) ;
#4236 = CARTESIAN_POINT ( 'NONE',  ( 37.59176826085196410, 6.000000000000000000, 19.25804487365568818 ) ) ;
#4237 = EDGE_LOOP ( 'NONE', ( #780, #1481, #1067, #230, #3466, #1250 ) ) ;
#4238 = CARTESIAN_POINT ( 'NONE',  ( -40.91175181493684221, 6.000000000000000000, -18.82096074681131270 ) ) ;
#4239 = CARTESIAN_POINT ( 'NONE',  ( -11.13693180368812286, 5.800000000000000711, -11.13693180368812286 ) ) ;
#4240 = CARTESIAN_POINT ( 'NONE',  ( 36.83471634597562883, 5.800000000000000711, 13.50766467768759682 ) ) ;
#4241 = ADVANCED_FACE ( 'NONE', ( #955, #2701 ), #4126, .T. ) ;
#4242 = VERTEX_POINT ( 'NONE', #1263 ) ;
#4243 = EDGE_CURVE ( 'NONE', #4024, #2690, #604, .T. ) ;
#4244 = CARTESIAN_POINT ( 'NONE',  ( 42.00844172803885357, 5.800000000000000711, 15.65069189893206492 ) ) ;
#4245 = CARTESIAN_POINT ( 'NONE',  ( 15.65069189893222479, 5.800000000000000711, 42.00844172803878962 ) ) ;
#4246 = LINE ( 'NONE', #1796, #3838 ) ;
#4247 = ORIENTED_EDGE ( 'NONE', *, *, #1722, .T. ) ;
#4248 = EDGE_CURVE ( 'NONE', #466, #1372, #1572, .T. ) ;
#4249 = FACE_OUTER_BOUND ( 'NONE', #733, .T. ) ;
#4250 = DIRECTION ( 'NONE',  ( 0.000000000000000000, 0.000000000000000000, -1.000000000000000000 ) ) ;
#4251 = AXIS2_PLACEMENT_3D ( 'NONE', #1228, #4022, #395 ) ;
#4252 = EDGE_LOOP ( 'NONE', ( #1794, #3390, #1169, #3989 ) ) ;
#4253 = CARTESIAN_POINT ( 'NONE',  ( -36.83471634597562883, 3.500000000000000000, -13.50766467768759682 ) ) ;
#4254 = LINE ( 'NONE', #1787, #2070 ) ;
#4255 = CARTESIAN_POINT ( 'NONE',  ( -11.13693180368812286, 0.000000000000000000, -13.63693180368812286 ) ) ;
#4256 = CARTESIAN_POINT ( 'NONE',  ( 38.80294036547402925, 3.299999999999999822, -14.57270415933380470 ) ) ;
#4257 = VERTEX_POINT ( 'NONE', #1967 ) ;
#4258 = DIRECTION ( 'NONE',  ( 0.000000000000000000, 0.000000000000000000, 1.000000000000000000 ) ) ;
#4259 = AXIS2_PLACEMENT_3D ( 'NONE', #4378, #1866, #120 ) ;
#4260 = CARTESIAN_POINT ( 'NONE',  ( -36.83471634597562172, 5.800000000000000711, 13.50766467768760393 ) ) ;
#4261 =( BOUNDED_CURVE ( )  B_SPLINE_CURVE ( 3, ( #2336, #3788, #4184, #1560 ),
 .UNSPECIFIED., .F., .F. ) 
 B_SPLINE_CURVE_WITH_KNOTS ( ( 4, 4 ),
 ( 1.570796326794867914, 3.141592653589793116 ),
 .UNSPECIFIED. ) 
 CURVE ( )  GEOMETRIC_REPRESENTATION_ITEM ( )  RATIONAL_B_SPLINE_CURVE ( ( 1.000000000000000000, 0.8047378541243582761, 0.8047378541243582761, 1.000000000000000000 ) ) 
 REPRESENTATION_ITEM ( '' )  );
#4262 = EDGE_CURVE ( 'NONE', #133, #375, #2653, .T. ) ;
#4263 = AXIS2_PLACEMENT_3D ( 'NONE', #574, #2018, #1686 ) ;
#4264 = DIRECTION ( 'NONE',  ( -0.000000000000000000, -1.000000000000000000, -0.000000000000000000 ) ) ;
#4265 = ORIENTED_EDGE ( 'NONE', *, *, #624, .F. ) ;
#4266 = VERTEX_POINT ( 'NONE', #3437 ) ;
#4267 = FACE_OUTER_BOUND ( 'NONE', #748, .T. ) ;
#4268 = AXIS2_PLACEMENT_3D ( 'NONE', #1936, #2312, #3380 ) ;
#4269 = ADVANCED_FACE ( 'NONE', ( #2364 ), #1286, .T. ) ;
#4270 = AXIS2_PLACEMENT_3D ( 'NONE', #299, #316, #1742 ) ;
#4271 = DIRECTION ( 'NONE',  ( -0.9914448613738096050, 0.000000000000000000, 0.1305261922200582902 ) ) ;
#4272 = EDGE_LOOP ( 'NONE', ( #3459, #1665, #3252, #4220 ) ) ;
#4273 = DIRECTION ( 'NONE',  ( -0.000000000000000000, 1.000000000000000000, -0.000000000000000000 ) ) ;
#4274 = EDGE_CURVE ( 'NONE', #3762, #2945, #1721, .T. ) ;
#4275 = ORIENTED_EDGE ( 'NONE', *, *, #1407, .T. ) ;
#4276 = DIRECTION ( 'NONE',  ( -0.000000000000000000, 1.000000000000000000, 0.000000000000000000 ) ) ;
#4277 = CARTESIAN_POINT ( 'NONE',  ( -16.49471641973537217, 3.500000000000000000, -35.59743900290926177 ) ) ;
#4278 = CARTESIAN_POINT ( 'NONE',  ( 0.000000000000000000, 3.500000000000000000, 0.000000000000000000 ) ) ;
#4279 = CARTESIAN_POINT ( 'NONE',  ( -19.05975590138131892, 3.500000000000000000, 37.56566302240774746 ) ) ;
#4280 = PLANE ( 'NONE',  #867 ) ;
#4281 = DIRECTION ( 'NONE',  ( 0.000000000000000000, 0.000000000000000000, -1.000000000000000000 ) ) ;
#4282 = LINE ( 'NONE', #267, #2717 ) ;
#4283 = FACE_OUTER_BOUND ( 'NONE', #37, .T. ) ;
#4284 = EDGE_LOOP ( 'NONE', ( #4051, #1428, #2718, #1114 ) ) ;
#4285 = ORIENTED_EDGE ( 'NONE', *, *, #3875, .T. ) ;
#4286 = CARTESIAN_POINT ( 'NONE',  ( -37.56566302240793931, 3.500000000000000000, 19.05975590138093168 ) ) ;
#4287 = AXIS2_PLACEMENT_3D ( 'NONE', #1249, #2689, #3068 ) ;
#4288 = DIRECTION ( 'NONE',  ( 0.3826834323650757930, 0.000000000000000000, -0.9238795325112925116 ) ) ;
#4289 = ORIENTED_EDGE ( 'NONE', *, *, #1265, .F. ) ;
#4290 = DIRECTION ( 'NONE',  ( -0.3826834323650906144, 0.000000000000000000, 0.9238795325112862944 ) ) ;
#4291 = EDGE_CURVE ( 'NONE', #2605, #4498, #222, .T. ) ;
#4292 = EDGE_CURVE ( 'NONE', #760, #2802, #3625, .T. ) ;
#4293 = VECTOR ( 'NONE', #2707, 1000.000000000000000 ) ;
#4294 = VERTEX_POINT ( 'NONE', #495 ) ;
#4295 = CARTESIAN_POINT ( 'NONE',  ( -36.83471634597562172, 3.500000000000000000, 13.50766467768760393 ) ) ;
#4296 = LINE ( 'NONE', #2540, #1734 ) ;
#4297 = ADVANCED_FACE ( 'NONE', ( #3385 ), #148, .F. ) ;
#4298 = CARTESIAN_POINT ( 'NONE',  ( -11.13693180368823832, 5.800000000000000711, 11.13693180368800562 ) ) ;
#4299 = AXIS2_PLACEMENT_3D ( 'NONE', #999, #2861, #4594 ) ;
#4300 = EDGE_CURVE ( 'NONE', #914, #982, #642, .T. ) ;
#4301 = AXIS2_PLACEMENT_3D ( 'NONE', #2486, #739, #3937 ) ;
#4302 = CARTESIAN_POINT ( 'NONE',  ( 36.83471634597552935, 3.500000000000000000, -13.50766467768786150 ) ) ;
#4303 = CARTESIAN_POINT ( 'NONE',  ( -11.13693180368812286, 0.000000000000000000, -8.636931803688121079 ) ) ;
#4304 = CARTESIAN_POINT ( 'NONE',  ( 15.65069189893222834, 3.500000000000000000, 42.00844172803878962 ) ) ;
#4305 = DIRECTION ( 'NONE',  ( -0.000000000000000000, 1.000000000000000000, -0.000000000000000000 ) ) ;
#4306 = LINE ( 'NONE', #1356, #2588 ) ;
#4307 = VERTEX_POINT ( 'NONE', #305 ) ;
#4308 = PLANE ( 'NONE',  #3499 ) ;
#4309 = ORIENTED_EDGE ( 'NONE', *, *, #4300, .F. ) ;
#4310 = DIRECTION ( 'NONE',  ( 0.000000000000000000, 1.000000000000000000, 0.000000000000000000 ) ) ;
#4311 = LINE ( 'NONE', #3180, #754 ) ;
#4312 = ORIENTED_EDGE ( 'NONE', *, *, #278, .F. ) ;
#4313 = ORIENTED_EDGE ( 'NONE', *, *, #1408, .T. ) ;
#4314 = CARTESIAN_POINT ( 'NONE',  ( 38.80294036547414294, 6.000000000000000000, 17.57270415933352936 ) ) ;
#4315 =( BOUNDED_CURVE ( )  B_SPLINE_CURVE ( 3, ( #4605, #1696, #3422, #184 ),
 .UNSPECIFIED., .F., .F. ) 
 B_SPLINE_CURVE_WITH_KNOTS ( ( 4, 4 ),
 ( 3.141592653589793116, 4.712388980384689674 ),
 .UNSPECIFIED. ) 
 CURVE ( )  GEOMETRIC_REPRESENTATION_ITEM ( )  RATIONAL_B_SPLINE_CURVE ( ( 1.000000000000000000, 0.8047378541243649375, 0.8047378541243649375, 1.000000000000000000 ) ) 
 REPRESENTATION_ITEM ( '' )  );
#4316 = EDGE_CURVE ( 'NONE', #2315, #466, #4658, .T. ) ;
#4317 = EDGE_LOOP ( 'NONE', ( #4650, #2257, #3282, #2087 ) ) ;
#4318 = DIRECTION ( 'NONE',  ( -0.6087614290087274282, 0.000000000000000000, -0.7933533402912299470 ) ) ;
#4319 = CARTESIAN_POINT ( 'NONE',  ( 18.63774364097960046, 3.500000000000000000, -40.77116438497260020 ) ) ;
#4320 = FACE_OUTER_BOUND ( 'NONE', #2713, .T. ) ;
#4321 = ADVANCED_FACE ( 'NONE', ( #3151 ), #325, .T. ) ;
#4322 = CIRCLE ( 'NONE', #2444, 2.849999999999999201 ) ;
#4323 = EDGE_CURVE ( 'NONE', #771, #4266, #1352, .T. ) ;
#4324 = CARTESIAN_POINT ( 'NONE',  ( 40.04021770854023288, 5.800000000000000711, -13.08565241728641659 ) ) ;
#4325 = CARTESIAN_POINT ( 'NONE',  ( 40.95594029147492421, 6.000000000000000000, 18.71428032745247449 ) ) ;
#4326 = FACE_OUTER_BOUND ( 'NONE', #607, .T. ) ;
#4327 = CARTESIAN_POINT ( 'NONE',  ( -38.80294036547414294, 3.299999999999999822, -16.07270415933352581 ) ) ;
#4328 = AXIS2_PLACEMENT_3D ( 'NONE', #2742, #2008, #3862 ) ;
#4329 = ADVANCED_FACE ( 'NONE', ( #1375 ), #2795, .T. ) ;
#4330 = AXIS2_PLACEMENT_3D ( 'NONE', #3504, #2672, #1281 ) ;
#4331 = CARTESIAN_POINT ( 'NONE',  ( -16.07270415933393082, 0.000000000000000000, 37.30294036547397951 ) ) ;
#4332 = EDGE_LOOP ( 'NONE', ( #4214, #1173, #1290, #3672 ) ) ;
#4333 = DIRECTION ( 'NONE',  ( 0.000000000000000000, -0.000000000000000000, 1.000000000000000000 ) ) ;
#4334 = DIRECTION ( 'NONE',  ( -0.000000000000000000, -1.000000000000000000, -0.000000000000000000 ) ) ;
#4335 = ORIENTED_EDGE ( 'NONE', *, *, #994, .T. ) ;
#4336 = CYLINDRICAL_SURFACE ( 'NONE', #1799, 0.2000000000000019262 ) ;
#4337 = VECTOR ( 'NONE', #4639, 999.9999999999998863 ) ;
#4338 = AXIS2_PLACEMENT_3D ( 'NONE', #401, #2865, #713 ) ;
#4339 = CARTESIAN_POINT ( 'NONE',  ( -18.63774364097988467, 3.500000000000000000, 40.77116438497247231 ) ) ;
#4340 = ORIENTED_EDGE ( 'NONE', *, *, #1118, .T. ) ;
#4341 = CIRCLE ( 'NONE', #3589, 47.60000000000000853 ) ;
#4342 = ORIENTED_EDGE ( 'NONE', *, *, #2818, .T. ) ;
#4343 = CARTESIAN_POINT ( 'NONE',  ( 40.04021770854023998, 5.800000000000000711, -13.08565241728641659 ) ) ;
#4344 = ORIENTED_EDGE ( 'NONE', *, *, #3916, .F. ) ;
#4345 = CARTESIAN_POINT ( 'NONE',  ( 42.00844172803873278, 3.500000000000000000, -15.65069189893237400 ) ) ;
#4346 = ORIENTED_EDGE ( 'NONE', *, *, #2796, .F. ) ;
#4347 = PLANE ( 'NONE',  #1661 ) ;
#4348 = CARTESIAN_POINT ( 'NONE',  ( 40.95594029147492421, 5.800000000000000711, 18.71428032745247449 ) ) ;
#4349 = EDGE_CURVE ( 'NONE', #1248, #3561, #3128, .T. ) ;
#4350 = ORIENTED_EDGE ( 'NONE', *, *, #111, .F. ) ;
#4351 = DIRECTION ( 'NONE',  ( -0.3826834323650840086, -0.000000000000000000, 0.9238795325112890700 ) ) ;
#4352 = CYLINDRICAL_SURFACE ( 'NONE', #636, 0.2000000000000003164 ) ;
#4353 = ADVANCED_FACE ( 'NONE', ( #2150 ), #4617, .F. ) ;
#4354 = CARTESIAN_POINT ( 'NONE',  ( 40.19888837659848235, 5.800000000000000711, -12.96390013148467268 ) ) ;
#4355 = ORIENTED_EDGE ( 'NONE', *, *, #1330, .F. ) ;
#4356 = CARTESIAN_POINT ( 'NONE',  ( 18.71363465107390311, 6.000000000000000000, -40.82939760516294569 ) ) ;
#4357 = CARTESIAN_POINT ( 'NONE',  ( -36.64994043947336877, 6.000000000000000000, -13.43112799121457890 ) ) ;
#4358 = EDGE_LOOP ( 'NONE', ( #2238, #3221, #3666, #4020 ) ) ;
#4359 = DIRECTION ( 'NONE',  ( -1.000000000000000000, 0.000000000000000000, 0.000000000000000000 ) ) ;
#4360 = ADVANCED_FACE ( 'NONE', ( #2814 ), #823, .T. ) ;
#4361 = EDGE_CURVE ( 'NONE', #476, #2385, #3508, .T. ) ;
#4362 = DIRECTION ( 'NONE',  ( -0.000000000000000000, -1.000000000000000000, -0.000000000000000000 ) ) ;
#4363 = EDGE_LOOP ( 'NONE', ( #1103, #3372, #99, #3984 ) ) ;
#4364 = TOROIDAL_SURFACE ( 'NONE', #4212, 2.700000000000000622, 0.2000000000000000111 ) ;
#4365 = VERTEX_POINT ( 'NONE', #3556 ) ;
#4366 = CYLINDRICAL_SURFACE ( 'NONE', #4525, 0.1999999999999992617 ) ;
#4367 = ORIENTED_EDGE ( 'NONE', *, *, #4404, .T. ) ;
#4368 = CARTESIAN_POINT ( 'NONE',  ( 13.08565241728626916, 3.500000000000000000, -40.04021770854027551 ) ) ;
#4369 = VERTEX_POINT ( 'NONE', #4260 ) ;
#4370 = DIRECTION ( 'NONE',  ( -0.3826834323650905589, 0.000000000000000000, -0.9238795325112864054 ) ) ;
#4371 = AXIS2_PLACEMENT_3D ( 'NONE', #4179, #894, #2328 ) ;
#4372 = CIRCLE ( 'NONE', #900, 0.2000000000000005107 ) ;
#4373 = ORIENTED_EDGE ( 'NONE', *, *, #3922, .F. ) ;
#4374 = CARTESIAN_POINT ( 'NONE',  ( -13.50766467768799295, 3.500000000000000000, -36.83471634597548672 ) ) ;
#4375 = CARTESIAN_POINT ( 'NONE',  ( 13.30937570541297355, 5.800000000000000711, 36.80861110753156851 ) ) ;
#4376 = VECTOR ( 'NONE', #571, 999.9999999999998863 ) ;
#4377 = EDGE_CURVE ( 'NONE', #3079, #67, #521, .T. ) ;
#4378 = CARTESIAN_POINT ( 'NONE',  ( -38.80294036547413583, 3.500000000000000000, 16.07270415933354357 ) ) ;
#4379 = ORIENTED_EDGE ( 'NONE', *, *, #2964, .F. ) ;
#4380 = CARTESIAN_POINT ( 'NONE',  ( 0.000000000000000000, 3.500000000000000000, 0.000000000000000000 ) ) ;
#4381 = CARTESIAN_POINT ( 'NONE',  ( -16.07270415933394858, 3.299999999999999822, -38.80294036547397951 ) ) ;
#4382 = ORIENTED_EDGE ( 'NONE', *, *, #4040, .T. ) ;
#4383 = DIRECTION ( 'NONE',  ( -0.000000000000000000, 1.000000000000000000, -0.000000000000000000 ) ) ;
#4384 = EDGE_CURVE ( 'NONE', #1432, #891, #1424, .T. ) ;
#4385 = FACE_OUTER_BOUND ( 'NONE', #2488, .T. ) ;
#4386 = EDGE_CURVE ( 'NONE', #3007, #2401, #617, .T. ) ;
#4387 = ORIENTED_EDGE ( 'NONE', *, *, #4106, .T. ) ;
#4388 = ORIENTED_EDGE ( 'NONE', *, *, #4623, .T. ) ;
#4389 = CARTESIAN_POINT ( 'NONE',  ( -42.00844172803885357, 5.800000000000000711, -15.65069189893206492 ) ) ;
#4390 = ADVANCED_FACE ( 'NONE', ( #2478 ), #3868, .F. ) ;
#4391 = ORIENTED_EDGE ( 'NONE', *, *, #3198, .T. ) ;
#4392 = DIRECTION ( 'NONE',  ( -0.6087614290087155489, 0.000000000000000000, 0.7933533402912391619 ) ) ;
#4393 = VERTEX_POINT ( 'NONE', #4637 ) ;
#4394 = LINE ( 'NONE', #4463, #985 ) ;
#4395 = EDGE_LOOP ( 'NONE', ( #893, #3872, #937, #445 ) ) ;
#4396 = DIRECTION ( 'NONE',  ( -0.000000000000000000, 1.000000000000000000, 0.000000000000000000 ) ) ;
#4397 = DIRECTION ( 'NONE',  ( -0.000000000000000000, -1.000000000000000000, -0.000000000000000000 ) ) ;
#4398 = LINE ( 'NONE', #2596, #3894 ) ;
#4399 = ORIENTED_EDGE ( 'NONE', *, *, #472, .T. ) ;
#4400 = DIRECTION ( 'NONE',  ( -0.6087614290087246527, -0.000000000000000000, 0.7933533402912321675 ) ) ;
#4401 = FACE_OUTER_BOUND ( 'NONE', #3225, .T. ) ;
#4402 = VERTEX_POINT ( 'NONE', #1396 ) ;
#4403 = CARTESIAN_POINT ( 'NONE',  ( 18.63774364097961467, 3.500000000000000000, 40.77116438497259310 ) ) ;
#4404 = EDGE_CURVE ( 'NONE', #2385, #3654, #4282, .T. ) ;
#4405 = TOROIDAL_SURFACE ( 'NONE', #3347, 2.700000000000000622, 0.2000000000000000111 ) ;
#4406 = FACE_BOUND ( 'NONE', #4540, .T. ) ;
#4407 = ORIENTED_EDGE ( 'NONE', *, *, #3204, .F. ) ;
#4408 = VERTEX_POINT ( 'NONE', #1769 ) ;
#4409 = DIRECTION ( 'NONE',  ( 0.000000000000000000, 0.000000000000000000, 1.000000000000000000 ) ) ;
#4410 = AXIS2_PLACEMENT_3D ( 'NONE', #473, #3012, #406 ) ;
#4411 = VECTOR ( 'NONE', #1692, 1000.000000000000000 ) ;
#4412 = ADVANCED_FACE ( 'NONE', ( #1065 ), #3216, .F. ) ;
#4413 = VECTOR ( 'NONE', #490, 1000.000000000000000 ) ;
#4414 = ORIENTED_EDGE ( 'NONE', *, *, #1257, .T. ) ;
#4415 = FACE_OUTER_BOUND ( 'NONE', #2279, .T. ) ;
#4416 = ORIENTED_EDGE ( 'NONE', *, *, #1607, .F. ) ;
#4417 = LINE ( 'NONE', #2214, #3248 ) ;
#4418 = ADVANCED_FACE ( 'NONE', ( #4439 ), #4137, .T. ) ;
#4419 = VECTOR ( 'NONE', #3142, 1000.000000000000000 ) ;
#4420 = EDGE_CURVE ( 'NONE', #3343, #186, #2329, .T. ) ;
#4421 = AXIS2_PLACEMENT_3D ( 'NONE', #4086, #482, #2712 ) ;
#4422 = ORIENTED_EDGE ( 'NONE', *, *, #1639, .F. ) ;
#4423 = DIRECTION ( 'NONE',  ( 1.000000000000000000, -0.000000000000000000, 1.224646799147353207E-16 ) ) ;
#4424 = DIRECTION ( 'NONE',  ( -0.9914448613738086058, 0.000000000000000000, -0.1305261922200649238 ) ) ;
#4425 = FACE_OUTER_BOUND ( 'NONE', #2431, .T. ) ;
#4426 = ORIENTED_EDGE ( 'NONE', *, *, #3716, .T. ) ;
#4427 = DIRECTION ( 'NONE',  ( 0.1305261922200479097, 0.000000000000000000, 0.9914448613738109373 ) ) ;
#4428 = EDGE_LOOP ( 'NONE', ( #3495, #385, #789, #626, #549, #3181 ) ) ;
#4429 = CARTESIAN_POINT ( 'NONE',  ( 13.50766467768773538, 3.500000000000000000, 36.83471634597557909 ) ) ;
#4430 = CYLINDRICAL_SURFACE ( 'NONE', #1991, 0.2000000000000013989 ) ;
#4431 = ORIENTED_EDGE ( 'NONE', *, *, #3791, .T. ) ;
#4432 = ORIENTED_EDGE ( 'NONE', *, *, #3726, .T. ) ;
#4433 = DIRECTION ( 'NONE',  ( 0.000000000000000000, 1.000000000000000000, 0.000000000000000000 ) ) ;
#4434 = EDGE_CURVE ( 'NONE', #1838, #244, #3207, .T. ) ;
#4435 = ORIENTED_EDGE ( 'NONE', *, *, #1269, .T. ) ;
#4436 = FACE_OUTER_BOUND ( 'NONE', #1867, .T. ) ;
#4437 = ORIENTED_EDGE ( 'NONE', *, *, #47, .T. ) ;
#4438 = DIRECTION ( 'NONE',  ( 0.000000000000000000, 1.000000000000000000, 0.000000000000000000 ) ) ;
#4439 = FACE_OUTER_BOUND ( 'NONE', #61, .T. ) ;
#4440 = EDGE_CURVE ( 'NONE', #2196, #4170, #4657, .T. ) ;
#4441 = EDGE_LOOP ( 'NONE', ( #211, #1470, #699, #1713 ) ) ;
#4442 = CARTESIAN_POINT ( 'NONE',  ( 42.19321763454099283, 5.800000000000000711, -15.72722858540539370 ) ) ;
#4443 = EDGE_CURVE ( 'NONE', #841, #2401, #2110, .T. ) ;
#4444 = DIRECTION ( 'NONE',  ( 1.000000000000000000, 0.000000000000000000, 4.625929269271470334E-15 ) ) ;
#4445 = CIRCLE ( 'NONE', #3620, 1.500000000000004885 ) ;
#4446 = CIRCLE ( 'NONE', #362, 48.00000000000000711 ) ;
#4447 = CARTESIAN_POINT ( 'NONE',  ( 13.08565241728627981, 3.500000000000000000, 40.04021770854028262 ) ) ;
#4448 = ORIENTED_EDGE ( 'NONE', *, *, #3514, .F. ) ;
#4449 = DIRECTION ( 'NONE',  ( 0.000000000000000000, 0.000000000000000000, 1.000000000000000000 ) ) ;
#4450 = DIRECTION ( 'NONE',  ( -0.000000000000000000, -1.000000000000000000, -0.000000000000000000 ) ) ;
#4451 = ORIENTED_EDGE ( 'NONE', *, *, #3430, .T. ) ;
#4452 = DIRECTION ( 'NONE',  ( 0.000000000000000000, 0.000000000000000000, 1.000000000000000000 ) ) ;
#4453 = AXIS2_PLACEMENT_3D ( 'NONE', #3082, #2387, #198 ) ;
#4454 = VECTOR ( 'NONE', #4210, 1000.000000000000227 ) ;
#4455 = CIRCLE ( 'NONE', #2855, 2.500000000000000444 ) ;
#4456 = CARTESIAN_POINT ( 'NONE',  ( -13.50766467768799295, 3.500000000000000000, -36.83471634597548672 ) ) ;
#4457 = VERTEX_POINT ( 'NONE', #3734 ) ;
#4458 = ORIENTED_EDGE ( 'NONE', *, *, #2796, .T. ) ;
#4459 = CARTESIAN_POINT ( 'NONE',  ( 35.50259885015373840, 6.000000000000000000, 16.50720236271684627 ) ) ;
#4460 = EDGE_LOOP ( 'NONE', ( #315, #3698, #3506, #2780 ) ) ;
#4461 = CYLINDRICAL_SURFACE ( 'NONE', #949, 0.2000000000000003442 ) ;
#4462 = ORIENTED_EDGE ( 'NONE', *, *, #3498, .T. ) ;
#4463 = CARTESIAN_POINT ( 'NONE',  ( 16.49471641973512348, 5.800000000000000711, 35.59743900290937546 ) ) ;
#4464 = DIRECTION ( 'NONE',  ( 0.000000000000000000, 1.000000000000000000, 0.000000000000000000 ) ) ;
#4465 = EDGE_CURVE ( 'NONE', #736, #1130, #485, .T. ) ;
#4466 = VERTEX_POINT ( 'NONE', #895 ) ;
#4467 = CARTESIAN_POINT ( 'NONE',  ( -38.80294036547413583, 3.299999999999999822, 14.57270415933353824 ) ) ;
#4468 = CYLINDRICAL_SURFACE ( 'NONE', #3272, 2.500000000000000444 ) ;
#4469 = EDGE_CURVE ( 'NONE', #186, #1574, #3399, .T. ) ;
#4470 = DIRECTION ( 'NONE',  ( 0.1305261922200479097, 0.000000000000000000, 0.9914448613738109373 ) ) ;
#4471 = ORIENTED_EDGE ( 'NONE', *, *, #2435, .T. ) ;
#4472 = DIRECTION ( 'NONE',  ( 0.000000000000000000, 0.000000000000000000, -1.000000000000000000 ) ) ;
#4473 = CARTESIAN_POINT ( 'NONE',  ( -18.71363465107420510, 6.000000000000000000, -40.82939760516281069 ) ) ;
#4474 = ORIENTED_EDGE ( 'NONE', *, *, #4672, .T. ) ;
#4475 = CARTESIAN_POINT ( 'NONE',  ( -42.23740611107918852, 6.000000000000000000, 15.62054816604626595 ) ) ;
#4476 = ADVANCED_FACE ( 'NONE', ( #2692 ), #135, .F. ) ;
#4477 = CIRCLE ( 'NONE', #2900, 1.500000000000004885 ) ;
#4478 = FACE_OUTER_BOUND ( 'NONE', #3606, .T. ) ;
#4479 = ORIENTED_EDGE ( 'NONE', *, *, #3059, .T. ) ;
#4480 = ORIENTED_EDGE ( 'NONE', *, *, #3000, .F. ) ;
#4481 = DIRECTION ( 'NONE',  ( 0.6087614290087264290, 0.000000000000000000, 0.7933533402912307242 ) ) ;
#4482 = VECTOR ( 'NONE', #1345, 999.9999999999998863 ) ;
#4483 = VECTOR ( 'NONE', #3259, 1000.000000000000114 ) ;
#4484 = ORIENTED_EDGE ( 'NONE', *, *, #2471, .T. ) ;
#4485 = DIRECTION ( 'NONE',  ( -0.6087614290087249858, 0.000000000000000000, 0.7933533402912318344 ) ) ;
#4486 = ORIENTED_EDGE ( 'NONE', *, *, #836, .F. ) ;
#4487 = DIRECTION ( 'NONE',  ( -0.000000000000000000, -1.000000000000000000, 0.000000000000000000 ) ) ;
#4488 = CARTESIAN_POINT ( 'NONE',  ( -15.62054816604671181, 6.000000000000000000, -42.23740611107902510 ) ) ;
#4489 = VECTOR ( 'NONE', #665, 1000.000000000000000 ) ;
#4490 = ORIENTED_EDGE ( 'NONE', *, *, #1488, .T. ) ;
#4491 = DIRECTION ( 'NONE',  ( -0.7933533402912386068, 0.000000000000000000, -0.6087614290087162150 ) ) ;
#4492 = EDGE_CURVE ( 'NONE', #1989, #672, #2999, .T. ) ;
#4493 = CARTESIAN_POINT ( 'NONE',  ( -16.07270415933393082, 3.299999999999999822, 40.30294036547397951 ) ) ;
#4494 = AXIS2_PLACEMENT_3D ( 'NONE', #1306, #3455, #1680 ) ;
#4495 = AXIS2_PLACEMENT_3D ( 'NONE', #4232, #4276, #1056 ) ;
#4496 = FACE_OUTER_BOUND ( 'NONE', #517, .T. ) ;
#4497 = DIRECTION ( 'NONE',  ( -0.1305261922200447733, 0.000000000000000000, 0.9914448613738112703 ) ) ;
#4498 = VERTEX_POINT ( 'NONE', #2613 ) ;
#4499 = CARTESIAN_POINT ( 'NONE',  ( -38.80294036547414294, 0.000000000000000000, -16.07270415933352581 ) ) ;
#4500 = ORIENTED_EDGE ( 'NONE', *, *, #2553, .T. ) ;
#4501 = ADVANCED_FACE ( 'NONE', ( #1602 ), #1952, .F. ) ;
#4502 = LINE ( 'NONE', #4196, #1801 ) ;
#4503 = PLANE ( 'NONE',  #3278 ) ;
#4504 = ORIENTED_EDGE ( 'NONE', *, *, #328, .F. ) ;
#4505 = EDGE_CURVE ( 'NONE', #4266, #58, #947, .T. ) ;
#4506 = ORIENTED_EDGE ( 'NONE', *, *, #3223, .T. ) ;
#4507 = EDGE_CURVE ( 'NONE', #891, #1235, #2791, .T. ) ;
#4508 = CARTESIAN_POINT ( 'NONE',  ( 40.91175181493684221, 6.000000000000000000, 18.82096074681131270 ) ) ;
#4509 = ORIENTED_EDGE ( 'NONE', *, *, #3030, .T. ) ;
#4510 = CARTESIAN_POINT ( 'NONE',  ( -11.13693180368823832, 5.800000000000000711, 8.436931803688004550 ) ) ;
#4511 = VERTEX_POINT ( 'NONE', #820 ) ;
#4512 = DIRECTION ( 'NONE',  ( -0.000000000000000000, -1.000000000000000000, -0.000000000000000000 ) ) ;
#4513 = CARTESIAN_POINT ( 'NONE',  ( -11.13693180368823832, 5.800000000000000711, 11.13693180368800562 ) ) ;
#4514 = ORIENTED_EDGE ( 'NONE', *, *, #1026, .T. ) ;
#4515 = LINE ( 'NONE', #163, #563 ) ;
#4516 = DIRECTION ( 'NONE',  ( 1.000000000000000000, -0.000000000000000000, 1.224646799147353207E-16 ) ) ;
#4517 = DIRECTION ( 'NONE',  ( -0.000000000000000000, -1.000000000000000000, -0.000000000000000000 ) ) ;
#4518 = UNCERTAINTY_MEASURE_WITH_UNIT (LENGTH_MEASURE( 1.000000000000000082E-05 ), #1701, 'distance_accuracy_value', 'NONE');
#4519 = CARTESIAN_POINT ( 'NONE',  ( 13.50766467768773538, 3.500000000000000000, 36.83471634597557909 ) ) ;
#4520 = DIRECTION ( 'NONE',  ( 0.000000000000000000, 1.000000000000000000, 0.000000000000000000 ) ) ;
#4521 = ORIENTED_EDGE ( 'NONE', *, *, #507, .F. ) ;
#4522 = CARTESIAN_POINT ( 'NONE',  ( -16.07270415933393082, 0.000000000000000000, 38.80294036547397951 ) ) ;
#4523 = ORIENTED_EDGE ( 'NONE', *, *, #2240, .T. ) ;
#4524 = CARTESIAN_POINT ( 'NONE',  ( -36.83471634597562883, 5.917157287525380838, -13.50766467768759505 ) ) ;
#4525 = AXIS2_PLACEMENT_3D ( 'NONE', #2255, #1125, #2579 ) ;
#4526 = EDGE_CURVE ( 'NONE', #3636, #3770, #2261, .T. ) ;
#4527 = CARTESIAN_POINT ( 'NONE',  ( -38.80294036547414294, 3.299999999999999822, -16.07270415933352581 ) ) ;
#4528 = ORIENTED_EDGE ( 'NONE', *, *, #3700, .F. ) ;
#4529 = EDGE_LOOP ( 'NONE', ( #1215, #2949, #2867, #231 ) ) ;
#4530 = CARTESIAN_POINT ( 'NONE',  ( 5.829318763941402361E-15, 5.599999999999999645, -47.60000000000000853 ) ) ;
#4531 = EDGE_CURVE ( 'NONE', #413, #4024, #1441, .T. ) ;
#4532 = CIRCLE ( 'NONE', #1431, 0.2999999999999999334 ) ;
#4533 = EDGE_CURVE ( 'NONE', #695, #4628, #3241, .T. ) ;
#4534 = ORIENTED_EDGE ( 'NONE', *, *, #1526, .T. ) ;
#4535 = DIRECTION ( 'NONE',  ( 0.000000000000000000, 0.000000000000000000, 1.000000000000000000 ) ) ;
#4536 = ORIENTED_EDGE ( 'NONE', *, *, #2501, .T. ) ;
#4537 = CARTESIAN_POINT ( 'NONE',  ( -40.77116438497266415, 3.500000000000000000, -18.63774364097945835 ) ) ;
#4538 = CARTESIAN_POINT ( 'NONE',  ( 16.49471641973511993, 5.800000000000000711, 35.59743900290937546 ) ) ;
#4539 = EDGE_CURVE ( 'NONE', #1267, #1974, #1280, .T. ) ;
#4540 = EDGE_LOOP ( 'NONE', ( #766, #137 ) ) ;
#4541 = DIRECTION ( 'NONE',  ( 0.000000000000000000, 1.000000000000000000, -0.000000000000000000 ) ) ;
#4542 = CARTESIAN_POINT ( 'NONE',  ( -15.65069189893250545, 3.500000000000000000, 42.00844172803868304 ) ) ;
#4543 = CYLINDRICAL_SURFACE ( 'NONE', #928, 0.2000000000000003164 ) ;
#4544 = DIRECTION ( 'NONE',  ( -0.9238795325112877377, 0.000000000000000000, -0.3826834323650872283 ) ) ;
#4545 = CARTESIAN_POINT ( 'NONE',  ( -36.83471634597562883, 5.800000000000000711, -13.50766467768759682 ) ) ;
#4546 = ORIENTED_EDGE ( 'NONE', *, *, #363, .F. ) ;
#4547 = CARTESIAN_POINT ( 'NONE',  ( 12.87229157856859629, 6.000000000000000000, -40.12859466161643951 ) ) ;
#4548 = CARTESIAN_POINT ( 'NONE',  ( -37.59176826085196410, 6.000000000000000000, -19.25804487365568818 ) ) ;
#4549 = DIRECTION ( 'NONE',  ( -0.000000000000000000, -1.000000000000000000, -0.000000000000000000 ) ) ;
#4550 = EDGE_LOOP ( 'NONE', ( #359, #1226, #3377, #2674 ) ) ;
#4551 = CARTESIAN_POINT ( 'NONE',  ( -15.65069189893252677, 3.500000000000000000, -42.00844172803868304 ) ) ;
#4552 = ADVANCED_FACE ( 'NONE', ( #916 ), #3521, .F. ) ;
#4553 = ORIENTED_EDGE ( 'NONE', *, *, #4505, .F. ) ;
#4554 = CARTESIAN_POINT ( 'NONE',  ( 16.52486015262092778, 6.000000000000000000, -35.36847461986904051 ) ) ;
#4555 = ORIENTED_EDGE ( 'NONE', *, *, #2969, .F. ) ;
#4556 = DIRECTION ( 'NONE',  ( -0.6087614290087195457, -0.000000000000000000, 0.7933533402912360533 ) ) ;
#4557 = STYLED_ITEM ( 'NONE', ( #4117 ), #654 ) ;
#4558 = DIRECTION ( 'NONE',  ( -0.000000000000000000, 1.000000000000000000, -0.000000000000000000 ) ) ;
#4559 = VECTOR ( 'NONE', #1789, 1000.000000000000000 ) ;
#4560 = ORIENTED_EDGE ( 'NONE', *, *, #3465, .T. ) ;
#4561 = FACE_OUTER_BOUND ( 'NONE', #2462, .T. ) ;
#4562 = CARTESIAN_POINT ( 'NONE',  ( 11.13693180368812286, 5.800000000000000711, 8.436931803688121789 ) ) ;
#4563 = EDGE_CURVE ( 'NONE', #375, #3343, #4582, .T. ) ;
#4564 = FACE_OUTER_BOUND ( 'NONE', #1627, .T. ) ;
#4565 = EDGE_CURVE ( 'NONE', #530, #1977, #2376, .T. ) ;
#4566 = AXIS2_PLACEMENT_3D ( 'NONE', #2576, #126, #55 ) ;
#4567 = AXIS2_PLACEMENT_3D ( 'NONE', #3678, #1539, #1187 ) ;
#4568 =( BOUNDED_CURVE ( )  B_SPLINE_CURVE ( 3, ( #3629, #4356, #1044, #1115 ),
 .UNSPECIFIED., .F., .F. ) 
 B_SPLINE_CURVE_WITH_KNOTS ( ( 4, 4 ),
 ( 1.570796326794896558, 3.141592653589793116 ),
 .UNSPECIFIED. ) 
 CURVE ( )  GEOMETRIC_REPRESENTATION_ITEM ( )  RATIONAL_B_SPLINE_CURVE ( ( 1.000000000000000000, 0.8047378541243649375, 0.8047378541243649375, 1.000000000000000000 ) ) 
 REPRESENTATION_ITEM ( '' )  );
#4569 = DIRECTION ( 'NONE',  ( 0.3826834323650872838, 0.000000000000000000, -0.9238795325112878487 ) ) ;
#4570 = CARTESIAN_POINT ( 'NONE',  ( -42.00844172803884646, 3.500000000000000000, 15.65069189893208268 ) ) ;
#4571 = EDGE_LOOP ( 'NONE', ( #2374, #2296, #3301, #331 ) ) ;
#4572 = CARTESIAN_POINT ( 'NONE',  ( -13.30937570541323112, 6.000000000000000000, -36.80861110753147614 ) ) ;
#4573 = CARTESIAN_POINT ( 'NONE',  ( -35.59743900290943230, 5.800000000000000711, 16.49471641973499558 ) ) ;
#4574 = AXIS2_PLACEMENT_3D ( 'NONE', #1033, #1014, #633 ) ;
#4575 = CARTESIAN_POINT ( 'NONE',  ( 19.18150818718280703, 6.000000000000000000, 37.40699235434962588 ) ) ;
#4576 = ORIENTED_EDGE ( 'NONE', *, *, #2716, .F. ) ;
#4577 = CARTESIAN_POINT ( 'NONE',  ( 40.77116438497266415, 5.917157287525380838, 18.63774364097945835 ) ) ;
#4578 = CARTESIAN_POINT ( 'NONE',  ( 15.62054816604641161, 6.000000000000000000, 42.23740611107913168 ) ) ;
#4579 = CARTESIAN_POINT ( 'NONE',  ( -12.87229157856889117, 6.000000000000000000, -40.12859466161635424 ) ) ;
#4580 = EDGE_LOOP ( 'NONE', ( #2341, #86 ) ) ;
#4581 = DIRECTION ( 'NONE',  ( -0.6087614290087208779, 0.000000000000000000, 0.7933533402912349430 ) ) ;
#4582 = LINE ( 'NONE', #965, #1048 ) ;
#4583 = PRODUCT_RELATED_PRODUCT_CATEGORY ( 'part', '', ( #3988 ) ) ;
#4584 = ORIENTED_EDGE ( 'NONE', *, *, #3258, .F. ) ;
#4585 = DIRECTION ( 'NONE',  ( -1.000000000000000000, 0.000000000000000000, 0.000000000000000000 ) ) ;
#4586 = CARTESIAN_POINT ( 'NONE',  ( -16.49471641973535796, 5.917157287525380838, 35.59743900290926177 ) ) ;
#4587 = SURFACE_STYLE_USAGE ( .BOTH. , #2057 ) ;
#4588 = ADVANCED_FACE ( 'NONE', ( #532 ), #629, .T. ) ;
#4589 = EDGE_CURVE ( 'NONE', #2615, #1811, #3392, .T. ) ;
#4590 = DIRECTION ( 'NONE',  ( 0.000000000000000000, 1.000000000000000000, 0.000000000000000000 ) ) ;
#4591 = LINE ( 'NONE', #1767, #4638 ) ;
#4592 = ORIENTED_EDGE ( 'NONE', *, *, #1865, .T. ) ;
#4593 = PLANE ( 'NONE',  #2434 ) ;
#4594 = DIRECTION ( 'NONE',  ( 0.3826834323650906144, 0.000000000000000000, 0.9238795325112862944 ) ) ;
#4595 =( BOUNDED_CURVE ( )  B_SPLINE_CURVE ( 3, ( #2453, #1762, #342, #1058 ),
 .UNSPECIFIED., .F., .F. ) 
 B_SPLINE_CURVE_WITH_KNOTS ( ( 4, 4 ),
 ( 3.141592653589793116, 4.712388980384689674 ),
 .UNSPECIFIED. ) 
 CURVE ( )  GEOMETRIC_REPRESENTATION_ITEM ( )  RATIONAL_B_SPLINE_CURVE ( ( 1.000000000000000000, 0.8047378541243649375, 0.8047378541243649375, 1.000000000000000000 ) ) 
 REPRESENTATION_ITEM ( '' )  );
#4596 = EDGE_CURVE ( 'NONE', #3654, #2142, #252, .T. ) ;
#4597 = LINE ( 'NONE', #2437, #4489 ) ;
#4598 = EDGE_LOOP ( 'NONE', ( #2636, #1711, #1405, #2465, #1339, #2001 ) ) ;
#4599 = LINE ( 'NONE', #4286, #2404 ) ;
#4600 = AXIS2_PLACEMENT_3D ( 'NONE', #1951, #1224, #1201 ) ;
#4601 = AXIS2_PLACEMENT_3D ( 'NONE', #6, #692, #4664 ) ;
#4602 = CARTESIAN_POINT ( 'NONE',  ( -13.08565241728655870, 5.800000000000000711, -40.04021770854019735 ) ) ;
#4603 = ORIENTED_EDGE ( 'NONE', *, *, #2561, .F. ) ;
#4604 = CARTESIAN_POINT ( 'NONE',  ( -25.00000000000000000, 2.500000000000000000, 0.000000000000000000 ) ) ;
#4605 = CARTESIAN_POINT ( 'NONE',  ( -35.59743900290943941, 5.800000000000000711, -16.49471641973498848 ) ) ;
#4606 = AXIS2_PLACEMENT_3D ( 'NONE', #4239, #1747, #686 ) ;
#4607 = VECTOR ( 'NONE', #2823, 1000.000000000000227 ) ;
#4608 = VERTEX_POINT ( 'NONE', #210 ) ;
#4609 = DIRECTION ( 'NONE',  ( 0.1305261922200584013, 0.000000000000000000, -0.9914448613738094940 ) ) ;
#4610 = CARTESIAN_POINT ( 'NONE',  ( 11.13693180368812286, 0.000000000000000000, 8.636931803688121079 ) ) ;
#4611 = CARTESIAN_POINT ( 'NONE',  ( 16.52486015262093844, 6.000000000000000000, 35.36847461986903340 ) ) ;
#4612 = ADVANCED_FACE ( 'NONE', ( #1976 ), #4206, .F. ) ;
#4613 = DIRECTION ( 'NONE',  ( 0.9914448613738093830, 0.000000000000000000, -0.1305261922200588454 ) ) ;
#4614 = DIRECTION ( 'NONE',  ( 0.000000000000000000, 0.000000000000000000, -1.000000000000000000 ) ) ;
#4615 = ORIENTED_EDGE ( 'NONE', *, *, #2880, .F. ) ;
#4616 = CARTESIAN_POINT ( 'NONE',  ( 35.59743900290943941, 5.800000000000000711, 16.49471641973498492 ) ) ;
#4617 = CYLINDRICAL_SURFACE ( 'NONE', #2256, 2.500000000000000444 ) ;
#4618 = ADVANCED_FACE ( 'NONE', ( #4160 ), #3879, .F. ) ;
#4619 = CARTESIAN_POINT ( 'NONE',  ( -13.32444757185614037, 6.000000000000000000, -36.69412891601130156 ) ) ;
#4620 = VERTEX_POINT ( 'NONE', #3855 ) ;
#4621 = ORIENTED_EDGE ( 'NONE', *, *, #412, .F. ) ;
#4622 = CARTESIAN_POINT ( 'NONE',  ( 0.000000000000000000, 3.500000000000000000, 0.000000000000000000 ) ) ;
#4623 = EDGE_CURVE ( 'NONE', #1130, #1574, #1715, .T. ) ;
#4624 = DIRECTION ( 'NONE',  ( -0.7071067811865527908, 0.000000000000000000, 0.7071067811865423547 ) ) ;
#4625 = ORIENTED_EDGE ( 'NONE', *, *, #1897, .T. ) ;
#4626 = DIRECTION ( 'NONE',  ( 0.000000000000000000, 0.000000000000000000, 1.000000000000000000 ) ) ;
#4627 = DIRECTION ( 'NONE',  ( 0.000000000000000000, 0.000000000000000000, 1.000000000000000000 ) ) ;
#4628 = VERTEX_POINT ( 'NONE', #2782 ) ;
#4629 = DIRECTION ( 'NONE',  ( -0.1305261922200517122, -0.000000000000000000, 0.9914448613738103822 ) ) ;
#4630 = DIRECTION ( 'NONE',  ( -0.000000000000000000, 1.000000000000000000, 0.000000000000000000 ) ) ;
#4631 = DIRECTION ( 'NONE',  ( -0.000000000000000000, -1.000000000000000000, -0.000000000000000000 ) ) ;
#4632 = TOROIDAL_SURFACE ( 'NONE', #1158, 1.700000000000004174, 0.2000000000000000111 ) ;
#4633 = FACE_OUTER_BOUND ( 'NONE', #4460, .T. ) ;
#4634 = CARTESIAN_POINT ( 'NONE',  ( -16.07270415933394858, 0.000000000000000000, -37.30294036547397951 ) ) ;
#4635 = DIRECTION ( 'NONE',  ( -0.000000000000000000, -1.000000000000000000, -0.000000000000000000 ) ) ;
#4636 = AXIS2_PLACEMENT_3D ( 'NONE', #2817, #2151, #3578 ) ;
#4637 = CARTESIAN_POINT ( 'NONE',  ( 40.91175181493670721, 6.000000000000000000, -18.82096074681161468 ) ) ;
#4638 = VECTOR ( 'NONE', #1349, 1000.000000000000227 ) ;
#4639 = DIRECTION ( 'NONE',  ( -0.1305261922200550706, 0.000000000000000000, 0.9914448613738100491 ) ) ;
#4640 = ORIENTED_EDGE ( 'NONE', *, *, #191, .F. ) ;
#4641 = EDGE_LOOP ( 'NONE', ( #124, #3249 ) ) ;
#4642 = FACE_OUTER_BOUND ( 'NONE', #4055, .T. ) ;
#4643 = AXIS2_PLACEMENT_3D ( 'NONE', #257, #1410, #3942 ) ;
#4644 = EDGE_CURVE ( 'NONE', #2747, #4170, #989, .T. ) ;
#4645 = AXIS2_PLACEMENT_3D ( 'NONE', #1295, #2280, #1199 ) ;
#4646 = CARTESIAN_POINT ( 'NONE',  ( 11.13693180368816016, 5.800000000000000711, -13.83693180368808484 ) ) ;
#4647 = EDGE_CURVE ( 'NONE', #186, #407, #4315, .T. ) ;
#4648 = ORIENTED_EDGE ( 'NONE', *, *, #1723, .F. ) ;
#4649 = PLANE ( 'NONE',  #2102 ) ;
#4650 = ORIENTED_EDGE ( 'NONE', *, *, #328, .T. ) ;
#4651 = DIRECTION ( 'NONE',  ( 0.000000000000000000, 0.000000000000000000, 1.000000000000000000 ) ) ;
#4652 = FACE_OUTER_BOUND ( 'NONE', #3706, .T. ) ;
#4653 = CARTESIAN_POINT ( 'NONE',  ( 11.13693180368816016, 5.800000000000000711, -11.13693180368808378 ) ) ;
#4654 = CARTESIAN_POINT ( 'NONE',  ( 12.87229157856859629, 6.000000000000000000, -40.12859466161643951 ) ) ;
#4655 = FACE_OUTER_BOUND ( 'NONE', #3593, .T. ) ;
#4656 = LINE ( 'NONE', #322, #1309 ) ;
#4657 =( BOUNDED_CURVE ( )  B_SPLINE_CURVE ( 3, ( #4488, #1905, #1556, #2976 ),
 .UNSPECIFIED., .F., .F. ) 
 B_SPLINE_CURVE_WITH_KNOTS ( ( 4, 4 ),
 ( 1.570796326794896558, 3.141592653589793116 ),
 .UNSPECIFIED. ) 
 CURVE ( )  GEOMETRIC_REPRESENTATION_ITEM ( )  RATIONAL_B_SPLINE_CURVE ( ( 1.000000000000000000, 0.8047378541243649375, 0.8047378541243649375, 1.000000000000000000 ) ) 
 REPRESENTATION_ITEM ( '' )  );
#4658 = LINE ( 'NONE', #4573, #2942 ) ;
#4659 = VECTOR ( 'NONE', #4485, 1000.000000000000114 ) ;
#4660 = DIRECTION ( 'NONE',  ( -1.000000000000000000, 0.000000000000000000, -3.469446951953613400E-15 ) ) ;
#4661 = ORIENTED_EDGE ( 'NONE', *, *, #1435, .F. ) ;
#4662 = LINE ( 'NONE', #2915, #4189 ) ;
#4663 = ORIENTED_EDGE ( 'NONE', *, *, #3558, .T. ) ;
#4664 = DIRECTION ( 'NONE',  ( 0.000000000000000000, 0.000000000000000000, -1.000000000000000000 ) ) ;
#4665 = VECTOR ( 'NONE', #4427, 1000.000000000000000 ) ;
#4666 = EDGE_CURVE ( 'NONE', #2887, #769, #2058, .T. ) ;
#4667 = DIRECTION ( 'NONE',  ( 1.000000000000000000, -0.000000000000000000, 1.224646799147353207E-16 ) ) ;
#4668 = ORIENTED_EDGE ( 'NONE', *, *, #1526, .F. ) ;
#4669 = VECTOR ( 'NONE', #1297, 1000.000000000000114 ) ;
#4670 = ORIENTED_EDGE ( 'NONE', *, *, #200, .F. ) ;
#4671 = DIRECTION ( 'NONE',  ( -0.6087614290087162150, 0.000000000000000000, 0.7933533402912386068 ) ) ;
#4672 = EDGE_CURVE ( 'NONE', #2039, #3102, #1365, .T. ) ;
#4673 = EDGE_CURVE ( 'NONE', #2656, #2344, #2114, .T. ) ;
#4674 = ORIENTED_EDGE ( 'NONE', *, *, #3430, .F. ) ;
#4675 = CARTESIAN_POINT ( 'NONE',  ( -19.18150818718306994, 5.800000000000000711, -37.40699235434949088 ) ) ;
#4676 = FACE_OUTER_BOUND ( 'NONE', #1518, .T. ) ;
#4677 = DIRECTION ( 'NONE',  ( -0.000000000000000000, -1.000000000000000000, -0.000000000000000000 ) ) ;
#4678 = AXIS2_PLACEMENT_3D ( 'NONE', #1792, #4464, #3240 ) ;
#4679 = VECTOR ( 'NONE', #2093, 1000.000000000000000 ) ;
#4680 = EDGE_CURVE ( 'NONE', #1161, #1149, #3140, .T. ) ;
#4681 = CIRCLE ( 'NONE', #603, 0.1999999999999987899 ) ;
#4682 = LINE ( 'NONE', #2147, #4559 ) ;
#4683 = CARTESIAN_POINT ( 'NONE',  ( 16.07270415933367502, 3.299999999999999822, 38.80294036547408609 ) ) ;
#4684 = CARTESIAN_POINT ( 'NONE',  ( -40.19888837659857472, 6.000000000000000000, 12.96390013148439557 ) ) ;
#4685 = CARTESIAN_POINT ( 'NONE',  ( -40.77116438497266415, 3.500000000000000000, -18.63774364097945835 ) ) ;
ENDSEC;
END-ISO-10303-21;
