ISO-10303-21;
HEADER;
FILE_DESCRIPTION (( 'STEP AP214' ),
    '1' );
FILE_NAME ('Mounter Medium Plate.STEP',
    '2025-02-06T00:26:39',
    ( '' ),
    ( '' ),
    'SwSTEP 2.0',
    'SolidWorks 2024',
    '' );
FILE_SCHEMA (( 'AUTOMOTIVE_DESIGN' ));
ENDSEC;

DATA;
#1 = EDGE_CURVE ( 'NONE', #1412, #138, #290, .T. ) ;
#2 = EDGE_CURVE ( 'NONE', #1637, #177, #940, .T. ) ;
#3 = ORIENTED_EDGE ( 'NONE', *, *, #757, .T. ) ;
#4 = VECTOR ( 'NONE', #655, 1000.000000000000227 ) ;
#5 = DIRECTION ( 'NONE',  ( -0.000000000000000000, 1.000000000000000000, 0.000000000000000000 ) ) ;
#6 = DIRECTION ( 'NONE',  ( 0.000000000000000000, 0.000000000000000000, 1.000000000000000000 ) ) ;
#7 = ORIENTED_EDGE ( 'NONE', *, *, #328, .T. ) ;
#8 = FACE_OUTER_BOUND ( 'NONE', #1214, .T. ) ;
#9 = DIRECTION ( 'NONE',  ( 0.2588190451025204619, 0.000000000000000000, 0.9659258262890684232 ) ) ;
#10 = ORIENTED_EDGE ( 'NONE', *, *, #882, .T. ) ;
#11 = AXIS2_PLACEMENT_3D ( 'NONE', #837, #540, #1614 ) ;
#12 = ORIENTED_EDGE ( 'NONE', *, *, #1857, .F. ) ;
#13 = CARTESIAN_POINT ( 'NONE',  ( -16.18337707605039100, 6.000000000000000000, 12.10089417141146306 ) ) ;
#14 = CARTESIAN_POINT ( 'NONE',  ( 19.17196198327712153, 0.000000000000000000, 23.25444488791574571 ) ) ;
#15 = ORIENTED_EDGE ( 'NONE', *, *, #1489, .F. ) ;
#16 = DIRECTION ( 'NONE',  ( 0.000000000000000000, 1.000000000000000000, 0.000000000000000000 ) ) ;
#17 = DIRECTION ( 'NONE',  ( 0.000000000000000000, 0.000000000000000000, 1.000000000000000000 ) ) ;
#18 = ORIENTED_EDGE ( 'NONE', *, *, #538, .F. ) ;
#19 = ORIENTED_EDGE ( 'NONE', *, *, #1265, .T. ) ;
#20 = AXIS2_PLACEMENT_3D ( 'NONE', #495, #1557, #796 ) ;
#21 = DIRECTION ( 'NONE',  ( 0.000000000000000000, 0.000000000000000000, 1.000000000000000000 ) ) ;
#22 = EDGE_CURVE ( 'NONE', #1500, #673, #755, .T. ) ;
#23 = CARTESIAN_POINT ( 'NONE',  ( 13.59518662502505393, 0.000000000000000000, 21.76015243430232005 ) ) ;
#24 = EDGE_CURVE ( 'NONE', #1692, #424, #978, .T. ) ;
#25 = ORIENTED_EDGE ( 'NONE', *, *, #1474, .F. ) ;
#26 = MANIFOLD_SOLID_BREP ( 'Cut-Extrude4', #1683 ) ;
#27 = DIRECTION ( 'NONE',  ( 0.000000000000000000, 1.000000000000000000, 0.000000000000000000 ) ) ;
#28 = CARTESIAN_POINT ( 'NONE',  ( 38.80294036547402925, 6.000000000000000000, -16.07270415933381003 ) ) ;
#29 = ORIENTED_EDGE ( 'NONE', *, *, #1630, .T. ) ;
#30 = FACE_OUTER_BOUND ( 'NONE', #920, .T. ) ;
#31 = EDGE_LOOP ( 'NONE', ( #788, #1146, #226, #477 ) ) ;
#32 = AXIS2_PLACEMENT_3D ( 'NONE', #635, #416, #1838 ) ;
#33 = LINE ( 'NONE', #651, #1743 ) ;
#34 = PLANE ( 'NONE',  #1463 ) ;
#35 = ORIENTED_EDGE ( 'NONE', *, *, #1751, .F. ) ;
#36 = EDGE_CURVE ( 'NONE', #937, #133, #663, .T. ) ;
#37 = FACE_OUTER_BOUND ( 'NONE', #1193, .T. ) ;
#38 = LINE ( 'NONE', #1119, #833 ) ;
#39 = DIRECTION ( 'NONE',  ( 0.000000000000000000, 1.000000000000000000, 0.000000000000000000 ) ) ;
#40 = FACE_OUTER_BOUND ( 'NONE', #1453, .T. ) ;
#41 = ORIENTED_EDGE ( 'NONE', *, *, #1103, .T. ) ;
#42 = CIRCLE ( 'NONE', #231, 1.500000000000004663 ) ;
#43 = VECTOR ( 'NONE', #1102, 1000.000000000000227 ) ;
#44 = FACE_OUTER_BOUND ( 'NONE', #1894, .T. ) ;
#45 = FACE_OUTER_BOUND ( 'NONE', #1625, .T. ) ;
#46 = DIRECTION ( 'NONE',  ( -0.000000000000000000, 1.000000000000000000, -0.000000000000000000 ) ) ;
#47 = FACE_OUTER_BOUND ( 'NONE', #1616, .T. ) ;
#48 = LINE ( 'NONE', #661, #348 ) ;
#49 = EDGE_CURVE ( 'NONE', #347, #892, #852, .T. ) ;
#50 = ORIENTED_EDGE ( 'NONE', *, *, #533, .F. ) ;
#51 = AXIS2_PLACEMENT_3D ( 'NONE', #1150, #400, #261 ) ;
#52 = VECTOR ( 'NONE', #1257, 1000.000000000000000 ) ;
#53 = PLANE ( 'NONE',  #611 ) ;
#54 = FACE_OUTER_BOUND ( 'NONE', #859, .T. ) ;
#55 = CARTESIAN_POINT ( 'NONE',  ( -11.13693180368823832, 0.000000000000000000, 16.33693180368800668 ) ) ;
#56 = DIRECTION ( 'NONE',  ( -0.000000000000000000, 1.000000000000000000, 0.000000000000000000 ) ) ;
#57 = FILL_AREA_STYLE_COLOUR ( '', #1484 ) ;
#58 = CARTESIAN_POINT ( 'NONE',  ( -16.07270415933394858, 0.000000000000000000, -38.80294036547397951 ) ) ;
#59 = ORIENTED_EDGE ( 'NONE', *, *, #757, .F. ) ;
#60 = EDGE_CURVE ( 'NONE', #922, #1271, #1924, .T. ) ;
#61 = EDGE_CURVE ( 'NONE', #1950, #413, #1037, .T. ) ;
#62 = CARTESIAN_POINT ( 'NONE',  ( -38.80294036547413583, 6.000000000000000000, 16.07270415933354357 ) ) ;
#63 = DIRECTION ( 'NONE',  ( 0.000000000000000000, 1.000000000000000000, 0.000000000000000000 ) ) ;
#64 = CARTESIAN_POINT ( 'NONE',  ( 11.13693180368812286, 0.000000000000000000, 11.13693180368812286 ) ) ;
#65 = DIRECTION ( 'NONE',  ( 0.000000000000000000, 1.000000000000000000, 0.000000000000000000 ) ) ;
#66 = AXIS2_PLACEMENT_3D ( 'NONE', #188, #719, #1721 ) ;
#67 = ADVANCED_FACE ( 'NONE', ( #1191 ), #1501, .F. ) ;
#68 = DIRECTION ( 'NONE',  ( -0.000000000000000000, 1.000000000000000000, -0.000000000000000000 ) ) ;
#69 = ORIENTED_EDGE ( 'NONE', *, *, #1787, .T. ) ;
#70 = ORIENTED_EDGE ( 'NONE', *, *, #82, .T. ) ;
#71 = AXIS2_PLACEMENT_3D ( 'NONE', #1524, #162, #600 ) ;
#72 = FACE_BOUND ( 'NONE', #393, .T. ) ;
#73 = DIRECTION ( 'NONE',  ( 0.000000000000000000, 0.000000000000000000, -1.000000000000000000 ) ) ;
#74 = CIRCLE ( 'NONE', #1167, 5.200000000000000178 ) ;
#75 = CARTESIAN_POINT ( 'NONE',  ( 0.000000000000000000, 6.000000000000000000, -48.00000000000000711 ) ) ;
#76 = DIRECTION ( 'NONE',  ( 0.7071067811865403563, 0.000000000000000000, 0.7071067811865546782 ) ) ;
#77 = DIRECTION ( 'NONE',  ( -0.000000000000000000, 1.000000000000000000, -0.000000000000000000 ) ) ;
#78 = ORIENTED_EDGE ( 'NONE', *, *, #1781, .F. ) ;
#79 = VERTEX_POINT ( 'NONE', #1806 ) ;
#80 = CARTESIAN_POINT ( 'NONE',  ( 21.76015243430233070, 6.000000000000000000, 13.59518662502506103 ) ) ;
#81 = AXIS2_PLACEMENT_3D ( 'NONE', #562, #551, #1276 ) ;
#82 = EDGE_CURVE ( 'NONE', #149, #133, #701, .T. ) ;
#83 = CARTESIAN_POINT ( 'NONE',  ( -16.18337707605039100, 0.000000000000000000, 12.10089417141146306 ) ) ;
#84 = EDGE_CURVE ( 'NONE', #873, #193, #736, .T. ) ;
#85 = LINE ( 'NONE', #1446, #1698 ) ;
#86 = CARTESIAN_POINT ( 'NONE',  ( -25.50000000000000355, 0.000000000000000000, 3.099999999999999645 ) ) ;
#87 = ORIENTED_EDGE ( 'NONE', *, *, #1705, .T. ) ;
#88 = ORIENTED_EDGE ( 'NONE', *, *, #1277, .F. ) ;
#89 = DIRECTION ( 'NONE',  ( 0.2588190451025241812, 0.000000000000000000, -0.9659258262890673130 ) ) ;
#90 = CARTESIAN_POINT ( 'NONE',  ( 11.13693180368816016, 0.000000000000000000, -16.33693180368808484 ) ) ;
#91 = DIRECTION ( 'NONE',  ( 0.000000000000000000, 0.000000000000000000, 1.000000000000000000 ) ) ;
#92 = VERTEX_POINT ( 'NONE', #311 ) ;
#93 = EDGE_CURVE ( 'NONE', #1144, #1760, #672, .T. ) ;
#94 = CARTESIAN_POINT ( 'NONE',  ( -19.17196198327711798, 6.000000000000000000, -23.25444488791574571 ) ) ;
#95 = CIRCLE ( 'NONE', #1510, 1.500000000000004441 ) ;
#96 = ORIENTED_EDGE ( 'NONE', *, *, #902, .F. ) ;
#97 = VERTEX_POINT ( 'NONE', #910 ) ;
#98 = VERTEX_POINT ( 'NONE', #321 ) ;
#99 = DIRECTION ( 'NONE',  ( 0.000000000000000000, 1.000000000000000000, 0.000000000000000000 ) ) ;
#100 = CIRCLE ( 'NONE', #71, 5.200000000000000178 ) ;
#101 = AXIS2_PLACEMENT_3D ( 'NONE', #248, #1418, #1762 ) ;
#102 = CARTESIAN_POINT ( 'NONE',  ( 16.18337707605030218, 6.000000000000000000, -12.10089417141157497 ) ) ;
#103 = LINE ( 'NONE', #987, #1023 ) ;
#104 = EDGE_LOOP ( 'NONE', ( #148, #832 ) ) ;
#105 = VECTOR ( 'NONE', #558, 1000.000000000000000 ) ;
#106 = FACE_BOUND ( 'NONE', #594, .T. ) ;
#107 = ORIENTED_EDGE ( 'NONE', *, *, #474, .T. ) ;
#108 = ADVANCED_FACE ( 'NONE', ( #1331 ), #1511, .F. ) ;
#109 = ORIENTED_EDGE ( 'NONE', *, *, #374, .T. ) ;
#110 = DIRECTION ( 'NONE',  ( 0.000000000000000000, 1.000000000000000000, -0.000000000000000000 ) ) ;
#111 = CARTESIAN_POINT ( 'NONE',  ( -13.59518662502505393, 0.000000000000000000, -21.76015243430232005 ) ) ;
#112 = DIRECTION ( 'NONE',  ( -0.2588190451025204619, 0.000000000000000000, -0.9659258262890684232 ) ) ;
#113 =( NAMED_UNIT ( * ) SI_UNIT ( $, .STERADIAN. ) SOLID_ANGLE_UNIT ( ) );
#114 = CARTESIAN_POINT ( 'NONE',  ( 16.07270415933367502, 6.000000000000000000, 40.30294036547408609 ) ) ;
#115 = ORIENTED_EDGE ( 'NONE', *, *, #665, .T. ) ;
#116 = VECTOR ( 'NONE', #1212, 1000.000000000000000 ) ;
#117 = ORIENTED_EDGE ( 'NONE', *, *, #435, .F. ) ;
#118 = EDGE_CURVE ( 'NONE', #1164, #493, #1049, .T. ) ;
#119 = EDGE_CURVE ( 'NONE', #892, #1953, #100, .T. ) ;
#120 = DIRECTION ( 'NONE',  ( 0.000000000000000000, 0.000000000000000000, 1.000000000000000000 ) ) ;
#121 = CARTESIAN_POINT ( 'NONE',  ( -11.13693180368812286, 6.000000000000000000, -11.13693180368812286 ) ) ;
#122 = CARTESIAN_POINT ( 'NONE',  ( -11.13693180368812286, 0.000000000000000000, -11.13693180368812286 ) ) ;
#123 = ORIENTED_EDGE ( 'NONE', *, *, #1586, .F. ) ;
#124 = CARTESIAN_POINT ( 'NONE',  ( 16.07270415933367502, 6.000000000000000000, 37.30294036547407899 ) ) ;
#125 = EDGE_CURVE ( 'NONE', #1027, #1203, #442, .T. ) ;
#126 = EDGE_LOOP ( 'NONE', ( #1591, #1772, #1115, #610 ) ) ;
#127 = VECTOR ( 'NONE', #1029, 1000.000000000000000 ) ;
#128 = CIRCLE ( 'NONE', #975, 5.200000000000000178 ) ;
#129 = ORIENTED_EDGE ( 'NONE', *, *, #1773, .F. ) ;
#130 = CARTESIAN_POINT ( 'NONE',  ( 38.80294036547402925, 0.000000000000000000, -17.57270415933381358 ) ) ;
#131 = CYLINDRICAL_SURFACE ( 'NONE', #1686, 1.500000000000004885 ) ;
#132 = CARTESIAN_POINT ( 'NONE',  ( 16.24372532069776653, 0.000000000000000000, 12.11706443482956885 ) ) ;
#133 = VERTEX_POINT ( 'NONE', #134 ) ;
#134 = CARTESIAN_POINT ( 'NONE',  ( -16.07270415933393082, 6.000000000000000000, 40.30294036547397951 ) ) ;
#135 = CARTESIAN_POINT ( 'NONE',  ( 38.80294036547402925, 0.000000000000000000, -16.07270415933381003 ) ) ;
#136 = AXIS2_PLACEMENT_3D ( 'NONE', #1560, #518, #1111 ) ;
#137 = EDGE_LOOP ( 'NONE', ( #827, #1479, #484, #971, #331, #870, #10, #1410 ) ) ;
#138 = VERTEX_POINT ( 'NONE', #1360 ) ;
#139 = CYLINDRICAL_SURFACE ( 'NONE', #479, 5.200000000000000178 ) ;
#140 = DIRECTION ( 'NONE',  ( 0.000000000000000000, 1.000000000000000000, 0.000000000000000000 ) ) ;
#141 = CARTESIAN_POINT ( 'NONE',  ( -12.11706443482956708, 0.000000000000000000, -16.24372532069776653 ) ) ;
#142 = VERTEX_POINT ( 'NONE', #1660 ) ;
#143 = EDGE_CURVE ( 'NONE', #1093, #699, #1196, .T. ) ;
#144 = EDGE_CURVE ( 'NONE', #879, #177, #1774, .T. ) ;
#145 = DIRECTION ( 'NONE',  ( -0.2588190451025245142, 0.000000000000000000, 0.9659258262890672020 ) ) ;
#146 = DIRECTION ( 'NONE',  ( -0.000000000000000000, 1.000000000000000000, -0.000000000000000000 ) ) ;
#147 = AXIS2_PLACEMENT_3D ( 'NONE', #620, #471, #1064 ) ;
#148 = ORIENTED_EDGE ( 'NONE', *, *, #179, .F. ) ;
#149 = VERTEX_POINT ( 'NONE', #172 ) ;
#150 = AXIS2_PLACEMENT_3D ( 'NONE', #476, #766, #443 ) ;
#151 = CARTESIAN_POINT ( 'NONE',  ( 38.80294036547414294, 0.000000000000000000, 17.57270415933352936 ) ) ;
#152 = DIRECTION ( 'NONE',  ( 0.000000000000000000, 0.000000000000000000, 1.000000000000000000 ) ) ;
#153 = ORIENTED_EDGE ( 'NONE', *, *, #1523, .F. ) ;
#154 = CARTESIAN_POINT ( 'NONE',  ( 13.59518662502505393, 6.000000000000000000, 21.76015243430232005 ) ) ;
#155 = CARTESIAN_POINT ( 'NONE',  ( 19.17196198327711798, 0.000000000000000000, 23.25444488791574571 ) ) ;
#156 = DIRECTION ( 'NONE',  ( -0.000000000000000000, 1.000000000000000000, -0.000000000000000000 ) ) ;
#157 = ORIENTED_EDGE ( 'NONE', *, *, #227, .T. ) ;
#158 = DIRECTION ( 'NONE',  ( 0.000000000000000000, 1.000000000000000000, 0.000000000000000000 ) ) ;
#159 = CARTESIAN_POINT ( 'NONE',  ( 0.000000000000000000, 6.000000000000000000, -48.00000000000000711 ) ) ;
#160 = EDGE_LOOP ( 'NONE', ( #157, #1495, #1263, #235 ) ) ;
#161 = APPLICATION_CONTEXT ( 'automotive_design' ) ;
#162 = DIRECTION ( 'NONE',  ( 0.000000000000000000, 1.000000000000000000, 0.000000000000000000 ) ) ;
#163 = CARTESIAN_POINT ( 'NONE',  ( 38.80294036547414294, 6.000000000000000000, 16.07270415933352581 ) ) ;
#164 = AXIS2_PLACEMENT_3D ( 'NONE', #465, #1059, #455 ) ;
#165 = VERTEX_POINT ( 'NONE', #1638 ) ;
#166 = ORIENTED_EDGE ( 'NONE', *, *, #408, .F. ) ;
#167 = ADVANCED_FACE ( 'NONE', ( #1370 ), #1181, .F. ) ;
#168 = EDGE_CURVE ( 'NONE', #363, #1009, #753, .T. ) ;
#169 = FACE_OUTER_BOUND ( 'NONE', #250, .T. ) ;
#170 = DIRECTION ( 'NONE',  ( -0.000000000000000000, 1.000000000000000000, 0.000000000000000000 ) ) ;
#171 = ORIENTED_EDGE ( 'NONE', *, *, #1267, .T. ) ;
#172 = CARTESIAN_POINT ( 'NONE',  ( -16.07270415933393082, 6.000000000000000000, 37.30294036547397951 ) ) ;
#173 = CARTESIAN_POINT ( 'NONE',  ( 16.24372532069780917, 6.000000000000000000, -12.11706443482951023 ) ) ;
#174 = ADVANCED_FACE ( 'NONE', ( #8 ), #612, .F. ) ;
#175 = CARTESIAN_POINT ( 'NONE',  ( 16.07270415933366081, 0.000000000000000000, -40.30294036547409320 ) ) ;
#176 = LINE ( 'NONE', #1186, #1712 ) ;
#177 = VERTEX_POINT ( 'NONE', #1825 ) ;
#178 = VECTOR ( 'NONE', #76, 1000.000000000000114 ) ;
#179 = EDGE_CURVE ( 'NONE', #1517, #942, #1617, .T. ) ;
#180 = ADVANCED_FACE ( 'NONE', ( #37 ), #669, .F. ) ;
#181 = DIRECTION ( 'NONE',  ( 0.000000000000000000, 1.000000000000000000, 0.000000000000000000 ) ) ;
#182 = CARTESIAN_POINT ( 'NONE',  ( -12.11706443482973938, 0.000000000000000000, 16.24372532069764219 ) ) ;
#183 = ORIENTED_EDGE ( 'NONE', *, *, #934, .F. ) ;
#184 = CARTESIAN_POINT ( 'NONE',  ( 38.80294036547414294, 0.000000000000000000, 14.57270415933352048 ) ) ;
#185 = DIRECTION ( 'NONE',  ( 0.2588190451025170757, 0.000000000000000000, 0.9659258262890693114 ) ) ;
#186 = CARTESIAN_POINT ( 'NONE',  ( 19.17196198327718548, 6.000000000000000000, -23.25444488791568887 ) ) ;
#187 = EDGE_CURVE ( 'NONE', #1681, #97, #1563, .T. ) ;
#188 = CARTESIAN_POINT ( 'NONE',  ( 38.80294036547414294, 0.000000000000000000, 16.07270415933352581 ) ) ;
#189 = ORIENTED_EDGE ( 'NONE', *, *, #1523, .T. ) ;
#190 = VECTOR ( 'NONE', #411, 999.9999999999998863 ) ;
#191 = DIRECTION ( 'NONE',  ( -0.000000000000000000, 1.000000000000000000, -0.000000000000000000 ) ) ;
#192 = DIRECTION ( 'NONE',  ( 0.9659258262890682012, 0.000000000000000000, -0.2588190451025210725 ) ) ;
#193 = VERTEX_POINT ( 'NONE', #1233 ) ;
#194 = LINE ( 'NONE', #956, #1482 ) ;
#195 = DIRECTION ( 'NONE',  ( -0.000000000000000000, 1.000000000000000000, -0.000000000000000000 ) ) ;
#196 = ORIENTED_EDGE ( 'NONE', *, *, #1751, .T. ) ;
#197 = AXIS2_PLACEMENT_3D ( 'NONE', #615, #1504, #1706 ) ;
#198 = CARTESIAN_POINT ( 'NONE',  ( -13.59518662502528841, 6.000000000000000000, 21.76015243430218860 ) ) ;
#199 = VECTOR ( 'NONE', #623, 1000.000000000000114 ) ;
#200 = ORIENTED_EDGE ( 'NONE', *, *, #350, .F. ) ;
#201 = AXIS2_PLACEMENT_3D ( 'NONE', #928, #1533, #857 ) ;
#202 = AXIS2_PLACEMENT_3D ( 'NONE', #1858, #1687, #359 ) ;
#203 = CYLINDRICAL_SURFACE ( 'NONE', #202, 5.200000000000000178 ) ;
#204 = PLANE ( 'NONE',  #1057 ) ;
#205 = DIRECTION ( 'NONE',  ( -0.000000000000000000, 1.000000000000000000, -0.000000000000000000 ) ) ;
#206 = CARTESIAN_POINT ( 'NONE',  ( -11.13693180368823832, 0.000000000000000000, 11.13693180368800562 ) ) ;
#207 = EDGE_CURVE ( 'NONE', #1885, #1165, #215, .T. ) ;
#208 = EDGE_CURVE ( 'NONE', #674, #413, #1386, .T. ) ;
#209 = DIRECTION ( 'NONE',  ( -0.2588190451025245142, 0.000000000000000000, 0.9659258262890672020 ) ) ;
#210 = ORIENTED_EDGE ( 'NONE', *, *, #270, .F. ) ;
#211 = VECTOR ( 'NONE', #170, 1000.000000000000000 ) ;
#212 = AXIS2_PLACEMENT_3D ( 'NONE', #1388, #936, #658 ) ;
#213 = DIRECTION ( 'NONE',  ( -0.000000000000000000, 1.000000000000000000, -0.000000000000000000 ) ) ;
#214 = DIRECTION ( 'NONE',  ( 1.000000000000000000, 0.000000000000000000, 9.251858538542940668E-15 ) ) ;
#215 = LINE ( 'NONE', #642, #384 ) ;
#216 = CARTESIAN_POINT ( 'NONE',  ( 11.13693180368816016, 0.000000000000000000, -11.13693180368808378 ) ) ;
#217 = LINE ( 'NONE', #648, #1126 ) ;
#218 = EDGE_LOOP ( 'NONE', ( #628, #574 ) ) ;
#219 = LINE ( 'NONE', #237, #846 ) ;
#220 = CARTESIAN_POINT ( 'NONE',  ( -16.07270415933393082, 0.000000000000000000, 38.80294036547397951 ) ) ;
#221 = DIRECTION ( 'NONE',  ( 0.000000000000000000, 1.000000000000000000, 0.000000000000000000 ) ) ;
#222 = CARTESIAN_POINT ( 'NONE',  ( -25.50000000000000355, 0.000000000000000000, 3.099999999999999645 ) ) ;
#223 = VECTOR ( 'NONE', #824, 1000.000000000000000 ) ;
#224 = LINE ( 'NONE', #1121, #317 ) ;
#225 = VERTEX_POINT ( 'NONE', #184 ) ;
#226 = ORIENTED_EDGE ( 'NONE', *, *, #882, .F. ) ;
#227 = EDGE_CURVE ( 'NONE', #864, #1768, #194, .T. ) ;
#228 = AXIS2_PLACEMENT_3D ( 'NONE', #591, #1817, #1349 ) ;
#229 = ADVANCED_FACE ( 'NONE', ( #352 ), #1391, .F. ) ;
#230 = CARTESIAN_POINT ( 'NONE',  ( -11.13693180368823832, 6.000000000000000000, 5.936931803688006326 ) ) ;
#231 = AXIS2_PLACEMENT_3D ( 'NONE', #1025, #1794, #907 ) ;
#232 = LINE ( 'NONE', #83, #1747 ) ;
#233 = CARTESIAN_POINT ( 'NONE',  ( 21.76015243430233070, 6.000000000000000000, 13.59518662502506103 ) ) ;
#234 = CARTESIAN_POINT ( 'NONE',  ( -25.50000000000000355, 0.000000000000000000, -3.099999999999999645 ) ) ;
#235 = ORIENTED_EDGE ( 'NONE', *, *, #1788, .T. ) ;
#236 = EDGE_LOOP ( 'NONE', ( #78, #18, #536, #1340 ) ) ;
#237 = CARTESIAN_POINT ( 'NONE',  ( 21.76015243430236978, 6.000000000000000000, -13.59518662502497754 ) ) ;
#238 = AXIS2_PLACEMENT_3D ( 'NONE', #608, #1026, #152 ) ;
#239 = EDGE_CURVE ( 'NONE', #1131, #800, #1572, .T. ) ;
#240 = DIRECTION ( 'NONE',  ( 0.000000000000000000, 1.000000000000000000, 0.000000000000000000 ) ) ;
#241 = CARTESIAN_POINT ( 'NONE',  ( 0.000000000000000000, 6.000000000000000000, 0.000000000000000000 ) ) ;
#242 = ORIENTED_EDGE ( 'NONE', *, *, #1070, .T. ) ;
#243 = CARTESIAN_POINT ( 'NONE',  ( 38.80294036547402925, 0.000000000000000000, -16.07270415933381003 ) ) ;
#244 = ORIENTED_EDGE ( 'NONE', *, *, #756, .F. ) ;
#245 = ORIENTED_EDGE ( 'NONE', *, *, #1227, .T. ) ;
#246 = EDGE_LOOP ( 'NONE', ( #1458, #1800 ) ) ;
#247 = CARTESIAN_POINT ( 'NONE',  ( 21.76015243430236978, 0.000000000000000000, -13.59518662502497754 ) ) ;
#248 = CARTESIAN_POINT ( 'NONE',  ( -38.80294036547413583, 0.000000000000000000, 16.07270415933354357 ) ) ;
#249 = CARTESIAN_POINT ( 'NONE',  ( 38.80294036547414294, 0.000000000000000000, 14.57270415933352048 ) ) ;
#250 = EDGE_LOOP ( 'NONE', ( #117, #1750, #1824, #718 ) ) ;
#251 = EDGE_CURVE ( 'NONE', #316, #1637, #947, .T. ) ;
#252 = DIRECTION ( 'NONE',  ( 0.000000000000000000, 1.000000000000000000, 0.000000000000000000 ) ) ;
#253 = AXIS2_PLACEMENT_3D ( 'NONE', #575, #269, #1465 ) ;
#254 = ORIENTED_EDGE ( 'NONE', *, *, #406, .F. ) ;
#255 = EDGE_LOOP ( 'NONE', ( #1279, #266, #1333, #1376 ) ) ;
#256 = FACE_OUTER_BOUND ( 'NONE', #808, .T. ) ;
#257 = DIRECTION ( 'NONE',  ( 0.000000000000000000, 0.000000000000000000, 1.000000000000000000 ) ) ;
#258 = VECTOR ( 'NONE', #1400, 1000.000000000000000 ) ;
#259 = AXIS2_PLACEMENT_3D ( 'NONE', #829, #1436, #693 ) ;
#260 = DIRECTION ( 'NONE',  ( -0.000000000000000000, -1.000000000000000000, -0.000000000000000000 ) ) ;
#261 = DIRECTION ( 'NONE',  ( 0.000000000000000000, 0.000000000000000000, -1.000000000000000000 ) ) ;
#262 = ORIENTED_EDGE ( 'NONE', *, *, #1311, .T. ) ;
#263 = DIRECTION ( 'NONE',  ( -0.000000000000000000, 1.000000000000000000, -0.000000000000000000 ) ) ;
#264 = EDGE_CURVE ( 'NONE', #1950, #1088, #825, .T. ) ;
#265 = ADVANCED_FACE ( 'NONE', ( #1240 ), #1853, .F. ) ;
#266 = ORIENTED_EDGE ( 'NONE', *, *, #618, .F. ) ;
#267 = DIRECTION ( 'NONE',  ( 0.000000000000000000, 1.000000000000000000, 0.000000000000000000 ) ) ;
#268 = ORIENTED_EDGE ( 'NONE', *, *, #1515, .T. ) ;
#269 = DIRECTION ( 'NONE',  ( 0.000000000000000000, 1.000000000000000000, 0.000000000000000000 ) ) ;
#270 = EDGE_CURVE ( 'NONE', #98, #1155, #1097, .T. ) ;
#271 = CARTESIAN_POINT ( 'NONE',  ( 16.07270415933367502, 0.000000000000000000, 38.80294036547408609 ) ) ;
#272 = DIRECTION ( 'NONE',  ( 0.000000000000000000, 0.000000000000000000, -1.000000000000000000 ) ) ;
#273 = AXIS2_PLACEMENT_3D ( 'NONE', #707, #830, #91 ) ;
#274 = VERTEX_POINT ( 'NONE', #948 ) ;
#275 = LINE ( 'NONE', #1598, #1546 ) ;
#276 = VERTEX_POINT ( 'NONE', #55 ) ;
#277 = ORIENTED_EDGE ( 'NONE', *, *, #1917, .F. ) ;
#278 = CARTESIAN_POINT ( 'NONE',  ( 13.59518662502505393, 0.000000000000000000, 21.76015243430232005 ) ) ;
#279 = LINE ( 'NONE', #742, #1260 ) ;
#280 = DIRECTION ( 'NONE',  ( 0.9659258262890683122, 0.000000000000000000, 0.2588190451025209060 ) ) ;
#281 = ORIENTED_EDGE ( 'NONE', *, *, #722, .T. ) ;
#282 = DIRECTION ( 'NONE',  ( 0.2588190451025210170, 0.000000000000000000, 0.9659258262890680902 ) ) ;
#283 = FACE_BOUND ( 'NONE', #1485, .T. ) ;
#284 = EDGE_LOOP ( 'NONE', ( #1491, #710, #338, #1189 ) ) ;
#285 = AXIS2_PLACEMENT_3D ( 'NONE', #921, #1780, #1032 ) ;
#286 = ORIENTED_EDGE ( 'NONE', *, *, #125, .F. ) ;
#287 = CARTESIAN_POINT ( 'NONE',  ( -38.80294036547414294, 6.000000000000000000, -16.07270415933352581 ) ) ;
#288 = ADVANCED_FACE ( 'NONE', ( #803 ), #1380, .F. ) ;
#289 = EDGE_CURVE ( 'NONE', #1941, #1659, #1742, .T. ) ;
#290 = CIRCLE ( 'NONE', #197, 1.500000000000004885 ) ;
#291 = LINE ( 'NONE', #1169, #454 ) ;
#292 = DIRECTION ( 'NONE',  ( -0.9659258262890656477, 0.000000000000000000, -0.2588190451025310090 ) ) ;
#293 = PRESENTATION_LAYER_ASSIGNMENT (  '', '', ( #1417 ) ) ;
#294 = VERTEX_POINT ( 'NONE', #1556 ) ;
#295 = CIRCLE ( 'NONE', #1389, 1.500000000000004441 ) ;
#296 = CARTESIAN_POINT ( 'NONE',  ( -13.59518662502528841, 0.000000000000000000, 21.76015243430218860 ) ) ;
#297 = LINE ( 'NONE', #1493, #458 ) ;
#298 = ORIENTED_EDGE ( 'NONE', *, *, #1579, .F. ) ;
#299 = ORIENTED_EDGE ( 'NONE', *, *, #875, .T. ) ;
#300 = CARTESIAN_POINT ( 'NONE',  ( -16.24372532069789443, 0.000000000000000000, 12.11706443482939477 ) ) ;
#301 = DIRECTION ( 'NONE',  ( -0.000000000000000000, 1.000000000000000000, -0.000000000000000000 ) ) ;
#302 = EDGE_LOOP ( 'NONE', ( #1702, #1163, #1609, #1906 ) ) ;
#303 = DIRECTION ( 'NONE',  ( -1.000000000000000000, 0.000000000000000000, -4.625929269271470334E-15 ) ) ;
#304 = DIRECTION ( 'NONE',  ( 0.000000000000000000, 0.000000000000000000, -1.000000000000000000 ) ) ;
#305 = AXIS2_PLACEMENT_3D ( 'NONE', #724, #420, #1594 ) ;
#306 = EDGE_LOOP ( 'NONE', ( #1461, #196, #1714, #1344 ) ) ;
#307 = EDGE_LOOP ( 'NONE', ( #1335, #496, #115, #324, #579, #1764, #1923, #1281 ) ) ;
#308 = CARTESIAN_POINT ( 'NONE',  ( -13.59518662502505393, 0.000000000000000000, -21.76015243430232005 ) ) ;
#309 = CARTESIAN_POINT ( 'NONE',  ( 38.80294036547402925, 0.000000000000000000, -17.57270415933381358 ) ) ;
#310 = ORIENTED_EDGE ( 'NONE', *, *, #61, .T. ) ;
#311 = CARTESIAN_POINT ( 'NONE',  ( -24.50000000000000000, 0.000000000000000000, 3.099999999999999645 ) ) ;
#312 = LINE ( 'NONE', #1222, #1406 ) ;
#313 = EDGE_CURVE ( 'NONE', #933, #542, #1725, .T. ) ;
#314 = ORIENTED_EDGE ( 'NONE', *, *, #1669, .T. ) ;
#315 = EDGE_CURVE ( 'NONE', #942, #1517, #487, .T. ) ;
#316 = VERTEX_POINT ( 'NONE', #1690 ) ;
#317 = VECTOR ( 'NONE', #68, 1000.000000000000000 ) ;
#318 = CYLINDRICAL_SURFACE ( 'NONE', #799, 5.200000000000000178 ) ;
#319 = DIRECTION ( 'NONE',  ( 0.000000000000000000, 0.000000000000000000, -1.000000000000000000 ) ) ;
#320 = EDGE_LOOP ( 'NONE', ( #1601, #681, #814, #1321 ) ) ;
#321 = CARTESIAN_POINT ( 'NONE',  ( -25.50000000000000355, 6.000000000000000000, 3.099999999999999645 ) ) ;
#322 = CARTESIAN_POINT ( 'NONE',  ( 11.13693180368812286, 0.000000000000000000, 11.13693180368812286 ) ) ;
#323 = AXIS2_PLACEMENT_3D ( 'NONE', #998, #267, #884 ) ;
#324 = ORIENTED_EDGE ( 'NONE', *, *, #1668, .T. ) ;
#325 = EDGE_CURVE ( 'NONE', #711, #817, #1719, .T. ) ;
#326 = LINE ( 'NONE', #887, #1829 ) ;
#327 = VECTOR ( 'NONE', #419, 1000.000000000000227 ) ;
#328 = EDGE_CURVE ( 'NONE', #1708, #1291, #1519, .T. ) ;
#329 = EDGE_LOOP ( 'NONE', ( #1185, #1312, #1237, #281 ) ) ;
#330 = CARTESIAN_POINT ( 'NONE',  ( -25.50000000000000355, 0.000000000000000000, 1.110223024625157526E-16 ) ) ;
#331 = ORIENTED_EDGE ( 'NONE', *, *, #1425, .T. ) ;
#332 = ADVANCED_FACE ( 'NONE', ( #1140 ), #530, .F. ) ;
#333 = CARTESIAN_POINT ( 'NONE',  ( 21.76015243430233070, 0.000000000000000000, 13.59518662502506103 ) ) ;
#334 = LINE ( 'NONE', #155, #1862 ) ;
#335 = VERTEX_POINT ( 'NONE', #550 ) ;
#336 = VECTOR ( 'NONE', #451, 1000.000000000000000 ) ;
#337 = PLANE ( 'NONE',  #508 ) ;
#338 = ORIENTED_EDGE ( 'NONE', *, *, #408, .T. ) ;
#339 = VECTOR ( 'NONE', #531, 999.9999999999998863 ) ;
#340 = DIRECTION ( 'NONE',  ( -0.2588190451025309535, 0.000000000000000000, 0.9659258262890655367 ) ) ;
#341 = DIRECTION ( 'NONE',  ( 0.000000000000000000, -1.000000000000000000, -0.000000000000000000 ) ) ;
#342 = ORIENTED_EDGE ( 'NONE', *, *, #793, .T. ) ;
#343 = DIRECTION ( 'NONE',  ( 0.000000000000000000, 1.000000000000000000, 0.000000000000000000 ) ) ;
#344 = DIRECTION ( 'NONE',  ( 0.9659258262890693114, 0.000000000000000000, -0.2588190451025170757 ) ) ;
#345 = ORIENTED_EDGE ( 'NONE', *, *, #617, .F. ) ;
#346 = CYLINDRICAL_SURFACE ( 'NONE', #726, 1.500000000000001332 ) ;
#347 = VERTEX_POINT ( 'NONE', #90 ) ;
#348 = VECTOR ( 'NONE', #1236, 1000.000000000000000 ) ;
#349 = CARTESIAN_POINT ( 'NONE',  ( -11.13693180368812286, 6.000000000000000000, -16.33693180368812037 ) ) ;
#350 = EDGE_CURVE ( 'NONE', #1286, #817, #1754, .T. ) ;
#351 = FACE_OUTER_BOUND ( 'NONE', #329, .T. ) ;
#352 = FACE_OUTER_BOUND ( 'NONE', #916, .T. ) ;
#353 = CARTESIAN_POINT ( 'NONE',  ( 16.18337707605030218, 0.000000000000000000, -12.10089417141157497 ) ) ;
#354 = ADVANCED_FACE ( 'NONE', ( #1296 ), #1900, .F. ) ;
#355 = CARTESIAN_POINT ( 'NONE',  ( -38.80294036547414294, 0.000000000000000000, -16.07270415933352581 ) ) ;
#356 = VERTEX_POINT ( 'NONE', #1593 ) ;
#357 = VECTOR ( 'NONE', #5, 1000.000000000000000 ) ;
#358 = AXIS2_PLACEMENT_3D ( 'NONE', #1723, #1128, #366 ) ;
#359 = DIRECTION ( 'NONE',  ( 0.000000000000000000, 0.000000000000000000, 1.000000000000000000 ) ) ;
#360 = DIRECTION ( 'NONE',  ( -0.000000000000000000, 1.000000000000000000, -0.000000000000000000 ) ) ;
#361 = DIRECTION ( 'NONE',  ( 0.000000000000000000, 0.000000000000000000, 1.000000000000000000 ) ) ;
#362 = LINE ( 'NONE', #1707, #539 ) ;
#363 = VERTEX_POINT ( 'NONE', #847 ) ;
#364 = VECTOR ( 'NONE', #1940, 1000.000000000000000 ) ;
#365 = CIRCLE ( 'NONE', #1242, 48.00000000000000711 ) ;
#366 = DIRECTION ( 'NONE',  ( 0.2588190451025210170, 0.000000000000000000, 0.9659258262890680902 ) ) ;
#367 = CARTESIAN_POINT ( 'NONE',  ( 16.24372532069780917, 0.000000000000000000, -12.11706443482951023 ) ) ;
#368 = DIRECTION ( 'NONE',  ( 0.000000000000000000, 0.000000000000000000, -1.000000000000000000 ) ) ;
#369 = DIRECTION ( 'NONE',  ( 0.000000000000000000, 0.000000000000000000, 1.000000000000000000 ) ) ;
#370 = VECTOR ( 'NONE', #9, 1000.000000000000000 ) ;
#371 = DIRECTION ( 'NONE',  ( 0.000000000000000000, 0.000000000000000000, -1.000000000000000000 ) ) ;
#372 = DIRECTION ( 'NONE',  ( 0.000000000000000000, 0.000000000000000000, 1.000000000000000000 ) ) ;
#373 = EDGE_CURVE ( 'NONE', #1213, #1885, #1810, .T. ) ;
#374 = EDGE_CURVE ( 'NONE', #1759, #542, #1134, .T. ) ;
#375 = ORIENTED_EDGE ( 'NONE', *, *, #1773, .T. ) ;
#376 = ORIENTED_EDGE ( 'NONE', *, *, #500, .T. ) ;
#377 = FACE_BOUND ( 'NONE', #218, .T. ) ;
#378 = AXIS2_PLACEMENT_3D ( 'NONE', #355, #1114, #372 ) ;
#379 = CARTESIAN_POINT ( 'NONE',  ( 11.13693180368812286, 6.000000000000000000, 11.13693180368812286 ) ) ;
#380 = FACE_OUTER_BOUND ( 'NONE', #236, .T. ) ;
#381 = CARTESIAN_POINT ( 'NONE',  ( -11.13693180368812286, 0.000000000000000000, -16.33693180368812037 ) ) ;
#382 = EDGE_LOOP ( 'NONE', ( #12, #1549, #70, #1084 ) ) ;
#383 = EDGE_CURVE ( 'NONE', #413, #1434, #74, .T. ) ;
#384 = VECTOR ( 'NONE', #795, 1000.000000000000000 ) ;
#385 = VERTEX_POINT ( 'NONE', #1002 ) ;
#386 = VECTOR ( 'NONE', #1028, 1000.000000000000000 ) ;
#387 = CARTESIAN_POINT ( 'NONE',  ( -25.50000000000000355, 6.000000000000000000, 1.110223024625157526E-16 ) ) ;
#388 = AXIS2_PLACEMENT_3D ( 'NONE', #330, #1377, #1238 ) ;
#389 = CARTESIAN_POINT ( 'NONE',  ( 38.80294036547414294, 6.000000000000000000, 14.57270415933352048 ) ) ;
#390 = DIRECTION ( 'NONE',  ( 0.9659258262890708657, 0.000000000000000000, -0.2588190451025109695 ) ) ;
#391 = ORIENTED_EDGE ( 'NONE', *, *, #1696, .T. ) ;
#392 = PLANE ( 'NONE',  #445 ) ;
#393 = EDGE_LOOP ( 'NONE', ( #1035, #499 ) ) ;
#394 = ORIENTED_EDGE ( 'NONE', *, *, #581, .F. ) ;
#395 = PLANE ( 'NONE',  #358 ) ;
#396 = VECTOR ( 'NONE', #112, 1000.000000000000000 ) ;
#397 = ADVANCED_FACE ( 'NONE', ( #1604 ), #561, .F. ) ;
#398 = AXIS2_PLACEMENT_3D ( 'NONE', #1870, #1239, #945 ) ;
#399 = CARTESIAN_POINT ( 'NONE',  ( 23.25444488791575282, 6.000000000000000000, 19.17196198327710732 ) ) ;
#400 = DIRECTION ( 'NONE',  ( 0.000000000000000000, 1.000000000000000000, 0.000000000000000000 ) ) ;
#401 = ORIENTED_EDGE ( 'NONE', *, *, #1781, .T. ) ;
#402 = FACE_BOUND ( 'NONE', #1171, .T. ) ;
#403 = ORIENTED_EDGE ( 'NONE', *, *, #1674, .F. ) ;
#404 = ORIENTED_EDGE ( 'NONE', *, *, #1353, .F. ) ;
#405 = DIRECTION ( 'NONE',  ( 0.000000000000000000, 0.000000000000000000, 1.000000000000000000 ) ) ;
#406 = EDGE_CURVE ( 'NONE', #527, #1464, #232, .T. ) ;
#407 = DIRECTION ( 'NONE',  ( -0.000000000000000000, 1.000000000000000000, -0.000000000000000000 ) ) ;
#408 = EDGE_CURVE ( 'NONE', #1291, #1654, #568, .T. ) ;
#409 = DIRECTION ( 'NONE',  ( 0.000000000000000000, 1.000000000000000000, 0.000000000000000000 ) ) ;
#410 = ORIENTED_EDGE ( 'NONE', *, *, #1668, .F. ) ;
#411 = DIRECTION ( 'NONE',  ( -0.7071067811865472397, 0.000000000000000000, 0.7071067811865479058 ) ) ;
#412 = VECTOR ( 'NONE', #1274, 1000.000000000000227 ) ;
#413 = VERTEX_POINT ( 'NONE', #1275 ) ;
#414 = ORIENTED_EDGE ( 'NONE', *, *, #782, .F. ) ;
#415 = EDGE_CURVE ( 'NONE', #1203, #1065, #295, .T. ) ;
#416 = DIRECTION ( 'NONE',  ( 0.000000000000000000, 1.000000000000000000, 0.000000000000000000 ) ) ;
#417 = AXIS2_PLACEMENT_3D ( 'NONE', #1201, #16, #1942 ) ;
#418 = AXIS2_PLACEMENT_3D ( 'NONE', #1645, #1326, #1356 ) ;
#419 = DIRECTION ( 'NONE',  ( -0.9659258262890682012, 0.000000000000000000, -0.2588190451025210725 ) ) ;
#420 = DIRECTION ( 'NONE',  ( 0.7071067811865496822, 0.000000000000000000, -0.7071067811865453523 ) ) ;
#421 = ORIENTED_EDGE ( 'NONE', *, *, #119, .F. ) ;
#422 = CARTESIAN_POINT ( 'NONE',  ( 0.000000000000000000, 6.000000000000000000, 0.000000000000000000 ) ) ;
#423 = ORIENTED_EDGE ( 'NONE', *, *, #289, .F. ) ;
#424 = VERTEX_POINT ( 'NONE', #389 ) ;
#425 = ORIENTED_EDGE ( 'NONE', *, *, #251, .T. ) ;
#426 = CARTESIAN_POINT ( 'NONE',  ( -11.13693180368812286, 0.000000000000000000, -5.936931803688122677 ) ) ;
#427 = DIRECTION ( 'NONE',  ( 0.000000000000000000, 1.000000000000000000, 0.000000000000000000 ) ) ;
#428 = CARTESIAN_POINT ( 'NONE',  ( -13.59518662502528841, 0.000000000000000000, 21.76015243430218860 ) ) ;
#429 = CIRCLE ( 'NONE', #930, 1.500000000000004663 ) ;
#430 = EDGE_LOOP ( 'NONE', ( #96, #1921, #1739, #1547 ) ) ;
#431 = DIRECTION ( 'NONE',  ( -0.000000000000000000, 1.000000000000000000, -0.000000000000000000 ) ) ;
#432 = FACE_OUTER_BOUND ( 'NONE', #1522, .T. ) ;
#433 = ORIENTED_EDGE ( 'NONE', *, *, #1293, .F. ) ;
#434 = VECTOR ( 'NONE', #1818, 1000.000000000000000 ) ;
#435 = EDGE_CURVE ( 'NONE', #347, #1914, #1744, .T. ) ;
#436 = EDGE_CURVE ( 'NONE', #1799, #1517, #706, .T. ) ;
#437 = ORIENTED_EDGE ( 'NONE', *, *, #1507, .F. ) ;
#438 = DIRECTION ( 'NONE',  ( 0.9659258262890708657, 0.000000000000000000, -0.2588190451025109695 ) ) ;
#439 = CYLINDRICAL_SURFACE ( 'NONE', #1871, 48.00000000000000711 ) ;
#440 = LINE ( 'NONE', #132, #1428 ) ;
#441 = ORIENTED_EDGE ( 'NONE', *, *, #208, .F. ) ;
#442 = LINE ( 'NONE', #765, #1041 ) ;
#443 = DIRECTION ( 'NONE',  ( -1.000000000000000000, 0.000000000000000000, -3.336006684570782904E-15 ) ) ;
#444 = ORIENTED_EDGE ( 'NONE', *, *, #500, .F. ) ;
#445 = AXIS2_PLACEMENT_3D ( 'NONE', #422, #252, #1626 ) ;
#446 = VERTEX_POINT ( 'NONE', #111 ) ;
#447 = ADVANCED_FACE ( 'NONE', ( #1307 ), #678, .F. ) ;
#448 = CIRCLE ( 'NONE', #150, 5.200000000000000178 ) ;
#449 = DIRECTION ( 'NONE',  ( 0.2588190451025211836, 0.000000000000000000, -0.9659258262890682012 ) ) ;
#450 = CARTESIAN_POINT ( 'NONE',  ( 23.25444488791581321, 6.000000000000000000, -19.17196198327703627 ) ) ;
#451 = DIRECTION ( 'NONE',  ( -0.000000000000000000, 1.000000000000000000, -0.000000000000000000 ) ) ;
#452 = AXIS2_PLACEMENT_3D ( 'NONE', #504, #938, #659 ) ;
#453 = ORIENTED_EDGE ( 'NONE', *, *, #580, .F. ) ;
#454 = VECTOR ( 'NONE', #1929, 1000.000000000000227 ) ;
#455 = DIRECTION ( 'NONE',  ( 1.000000000000000000, 0.000000000000000000, 9.251858538542940668E-15 ) ) ;
#456 = DIRECTION ( 'NONE',  ( -0.000000000000000000, 1.000000000000000000, -0.000000000000000000 ) ) ;
#457 = CIRCLE ( 'NONE', #1555, 1.500000000000004885 ) ;
#458 = VECTOR ( 'NONE', #146, 1000.000000000000000 ) ;
#459 = ORIENTED_EDGE ( 'NONE', *, *, #902, .T. ) ;
#460 = ORIENTED_EDGE ( 'NONE', *, *, #1413, .T. ) ;
#461 = CARTESIAN_POINT ( 'NONE',  ( 12.11706443482962392, 0.000000000000000000, -16.24372532069772745 ) ) ;
#462 = EDGE_CURVE ( 'NONE', #711, #1110, #1623, .T. ) ;
#463 = PLANE ( 'NONE',  #1850 ) ;
#464 = VERTEX_POINT ( 'NONE', #1770 ) ;
#465 = CARTESIAN_POINT ( 'NONE',  ( -16.07270415933393082, 6.000000000000000000, 38.80294036547397951 ) ) ;
#466 = DIRECTION ( 'NONE',  ( -1.000000000000000000, 0.000000000000000000, -3.336006684570782904E-15 ) ) ;
#467 = ORIENTED_EDGE ( 'NONE', *, *, #383, .T. ) ;
#468 = EDGE_LOOP ( 'NONE', ( #1343, #640, #927, #1438 ) ) ;
#469 = EDGE_CURVE ( 'NONE', #142, #527, #1420, .T. ) ;
#470 = CYLINDRICAL_SURFACE ( 'NONE', #1355, 1.500000000000004885 ) ;
#471 = DIRECTION ( 'NONE',  ( 0.000000000000000000, 1.000000000000000000, 0.000000000000000000 ) ) ;
#472 = ORIENTED_EDGE ( 'NONE', *, *, #82, .F. ) ;
#473 = ADVANCED_FACE ( 'NONE', ( #1284 ), #470, .F. ) ;
#474 = EDGE_CURVE ( 'NONE', #1369, #864, #1206, .T. ) ;
#475 = CARTESIAN_POINT ( 'NONE',  ( 0.000000000000000000, 0.000000000000000000, 0.000000000000000000 ) ) ;
#476 = CARTESIAN_POINT ( 'NONE',  ( 11.13693180368816016, 0.000000000000000000, -11.13693180368808378 ) ) ;
#477 = ORIENTED_EDGE ( 'NONE', *, *, #118, .T. ) ;
#478 = EDGE_LOOP ( 'NONE', ( #1058, #1447, #1796, #3 ) ) ;
#479 = AXIS2_PLACEMENT_3D ( 'NONE', #787, #1801, #120 ) ;
#480 = AXIS2_PLACEMENT_3D ( 'NONE', #247, #845, #89 ) ;
#481 = EDGE_CURVE ( 'NONE', #142, #771, #279, .T. ) ;
#482 = DIRECTION ( 'NONE',  ( -0.000000000000000000, 1.000000000000000000, -0.000000000000000000 ) ) ;
#483 = CARTESIAN_POINT ( 'NONE',  ( 13.59518662502513742, 0.000000000000000000, -21.76015243430228452 ) ) ;
#484 = ORIENTED_EDGE ( 'NONE', *, *, #49, .T. ) ;
#485 = CARTESIAN_POINT ( 'NONE',  ( 16.07270415933366081, 0.000000000000000000, -38.80294036547408609 ) ) ;
#486 = DIRECTION ( 'NONE',  ( -0.7071067811865474617, 0.000000000000000000, 0.7071067811865474617 ) ) ;
#487 = CIRCLE ( 'NONE', #641, 48.00000000000000711 ) ;
#488 = ORIENTED_EDGE ( 'NONE', *, *, #1, .T. ) ;
#489 = CYLINDRICAL_SURFACE ( 'NONE', #285, 5.199999999999998401 ) ;
#490 = ORIENTED_EDGE ( 'NONE', *, *, #1068, .F. ) ;
#491 = CARTESIAN_POINT ( 'NONE',  ( 19.17196198327718548, 0.000000000000000000, -23.25444488791568887 ) ) ;
#492 = PLANE ( 'NONE',  #897 ) ;
#493 = VERTEX_POINT ( 'NONE', #450 ) ;
#494 = DIRECTION ( 'NONE',  ( 0.000000000000000000, 1.000000000000000000, 0.000000000000000000 ) ) ;
#495 = CARTESIAN_POINT ( 'NONE',  ( -11.13693180368812286, 6.000000000000000000, -11.13693180368812286 ) ) ;
#496 = ORIENTED_EDGE ( 'NONE', *, *, #1334, .T. ) ;
#497 = CIRCLE ( 'NONE', #1756, 5.200000000000000178 ) ;
#498 = DIRECTION ( 'NONE',  ( -0.000000000000000000, 1.000000000000000000, -0.000000000000000000 ) ) ;
#499 = ORIENTED_EDGE ( 'NONE', *, *, #373, .T. ) ;
#500 = EDGE_CURVE ( 'NONE', #1110, #1950, #516, .T. ) ;
#501 = ADVANCED_FACE ( 'NONE', ( #1317 ), #131, .F. ) ;
#502 = CARTESIAN_POINT ( 'NONE',  ( 11.13693180368816016, 0.000000000000000000, -11.13693180368808378 ) ) ;
#503 = CARTESIAN_POINT ( 'NONE',  ( 11.13693180368816016, 6.000000000000000000, -16.33693180368808484 ) ) ;
#504 = CARTESIAN_POINT ( 'NONE',  ( -21.76015243430233070, 0.000000000000000000, -13.59518662502506103 ) ) ;
#505 = DIRECTION ( 'NONE',  ( -0.2588190451025204619, 0.000000000000000000, -0.9659258262890684232 ) ) ;
#506 = CARTESIAN_POINT ( 'NONE',  ( -19.17196198327712153, 0.000000000000000000, -23.25444488791574571 ) ) ;
#507 = EDGE_LOOP ( 'NONE', ( #1600, #1077, #626, #1303 ) ) ;
#508 = AXIS2_PLACEMENT_3D ( 'NONE', #1375, #1792, #740 ) ;
#509 = DIRECTION ( 'NONE',  ( 0.000000000000000000, 1.000000000000000000, 0.000000000000000000 ) ) ;
#510 = CARTESIAN_POINT ( 'NONE',  ( -38.80294036547413583, 0.000000000000000000, 17.57270415933354712 ) ) ;
#511 = DIRECTION ( 'NONE',  ( 0.000000000000000000, 0.000000000000000000, 1.000000000000000000 ) ) ;
#512 = PRESENTATION_STYLE_ASSIGNMENT (( #1252 ) ) ;
#513 = CARTESIAN_POINT ( 'NONE',  ( 21.76015243430236978, 0.000000000000000000, -13.59518662502497754 ) ) ;
#514 = AXIS2_PLACEMENT_3D ( 'NONE', #1091, #1703, #1859 ) ;
#515 = VERTEX_POINT ( 'NONE', #151 ) ;
#516 = CIRCLE ( 'NONE', #418, 5.200000000000000178 ) ;
#517 = DIRECTION ( 'NONE',  ( -0.000000000000000000, 1.000000000000000000, 0.000000000000000000 ) ) ;
#518 = DIRECTION ( 'NONE',  ( 0.000000000000000000, 1.000000000000000000, 0.000000000000000000 ) ) ;
#519 = CARTESIAN_POINT ( 'NONE',  ( -25.50000000000000355, 0.000000000000000000, -3.099999999999999645 ) ) ;
#520 = EDGE_CURVE ( 'NONE', #1061, #1164, #291, .T. ) ;
#521 = DIRECTION ( 'NONE',  ( 0.000000000000000000, 0.000000000000000000, -1.000000000000000000 ) ) ;
#522 = EDGE_CURVE ( 'NONE', #699, #1363, #1078, .T. ) ;
#523 = CARTESIAN_POINT ( 'NONE',  ( 38.80294036547414294, 0.000000000000000000, 17.57270415933352936 ) ) ;
#524 = DIRECTION ( 'NONE',  ( 0.7071067811865533459, 0.000000000000000000, -0.7071067811865416886 ) ) ;
#525 = EDGE_LOOP ( 'NONE', ( #1912, #990, #459, #1820 ) ) ;
#526 = AXIS2_PLACEMENT_3D ( 'NONE', #122, #1585, #1615 ) ;
#527 = VERTEX_POINT ( 'NONE', #597 ) ;
#528 = DIRECTION ( 'NONE',  ( -0.9659258262890683122, 0.000000000000000000, -0.2588190451025209060 ) ) ;
#529 = SHAPE_DEFINITION_REPRESENTATION ( #1283, #1359 ) ;
#530 = PLANE ( 'NONE',  #649 ) ;
#531 = DIRECTION ( 'NONE',  ( 0.7071067811865472397, 0.000000000000000000, -0.7071067811865479058 ) ) ;
#532 = ADVANCED_FACE ( 'NONE', ( #1782 ), #732, .F. ) ;
#533 = EDGE_CURVE ( 'NONE', #193, #1628, #42, .T. ) ;
#534 = CARTESIAN_POINT ( 'NONE',  ( 13.59518662502513742, 0.000000000000000000, -21.76015243430228452 ) ) ;
#535 = ORIENTED_EDGE ( 'NONE', *, *, #1019, .T. ) ;
#536 = ORIENTED_EDGE ( 'NONE', *, *, #436, .T. ) ;
#537 = DIRECTION ( 'NONE',  ( 0.000000000000000000, 0.000000000000000000, 1.000000000000000000 ) ) ;
#538 = EDGE_CURVE ( 'NONE', #1799, #1254, #547, .T. ) ;
#539 = VECTOR ( 'NONE', #831, 999.9999999999998863 ) ;
#540 = DIRECTION ( 'NONE',  ( 0.000000000000000000, 1.000000000000000000, 0.000000000000000000 ) ) ;
#541 = FACE_OUTER_BOUND ( 'NONE', #160, .T. ) ;
#542 = VERTEX_POINT ( 'NONE', #1178 ) ;
#543 = LINE ( 'NONE', #1639, #1861 ) ;
#544 = EDGE_LOOP ( 'NONE', ( #1849, #905, #183, #210 ) ) ;
#545 = AXIS2_PLACEMENT_3D ( 'NONE', #1710, #1079, #1258 ) ;
#546 = EDGE_LOOP ( 'NONE', ( #725, #1819, #1053, #299 ) ) ;
#547 = CIRCLE ( 'NONE', #1587, 48.00000000000000711 ) ;
#548 = FACE_BOUND ( 'NONE', #931, .T. ) ;
#549 = VECTOR ( 'NONE', #801, 1000.000000000000000 ) ;
#550 = CARTESIAN_POINT ( 'NONE',  ( 23.25444488791575282, 0.000000000000000000, 19.17196198327710732 ) ) ;
#551 = DIRECTION ( 'NONE',  ( 0.000000000000000000, 1.000000000000000000, 0.000000000000000000 ) ) ;
#552 = CARTESIAN_POINT ( 'NONE',  ( -23.25444488791594821, 0.000000000000000000, 19.17196198327687284 ) ) ;
#553 = ORIENTED_EDGE ( 'NONE', *, *, #1718, .F. ) ;
#554 = ORIENTED_EDGE ( 'NONE', *, *, #1293, .T. ) ;
#555 = EDGE_LOOP ( 'NONE', ( #1431, #979 ) ) ;
#556 = ADVANCED_FACE ( 'NONE', ( #1338 ), #439, .T. ) ;
#557 = EDGE_CURVE ( 'NONE', #274, #933, #1653, .T. ) ;
#558 = DIRECTION ( 'NONE',  ( -0.000000000000000000, 1.000000000000000000, -0.000000000000000000 ) ) ;
#559 = CIRCLE ( 'NONE', #147, 5.200000000000000178 ) ;
#560 = AXIS2_PLACEMENT_3D ( 'NONE', #1416, #1087, #819 ) ;
#561 = CYLINDRICAL_SURFACE ( 'NONE', #101, 1.500000000000004885 ) ;
#562 = CARTESIAN_POINT ( 'NONE',  ( 16.07270415933366081, 0.000000000000000000, -38.80294036547408609 ) ) ;
#563 = ORIENTED_EDGE ( 'NONE', *, *, #1937, .T. ) ;
#564 = CARTESIAN_POINT ( 'NONE',  ( -23.25444488791594821, 0.000000000000000000, 19.17196198327687284 ) ) ;
#565 = ORIENTED_EDGE ( 'NONE', *, *, #1567, .T. ) ;
#566 = ORIENTED_EDGE ( 'NONE', *, *, #328, .F. ) ;
#567 = CARTESIAN_POINT ( 'NONE',  ( -23.25444488791575282, 0.000000000000000000, -19.17196198327710732 ) ) ;
#568 = LINE ( 'NONE', #102, #1108 ) ;
#569 = PLANE ( 'NONE',  #1301 ) ;
#570 = ORIENTED_EDGE ( 'NONE', *, *, #964, .T. ) ;
#571 = PLANE ( 'NONE',  #1223 ) ;
#572 = CIRCLE ( 'NONE', #1411, 1.500000000000004885 ) ;
#573 = VERTEX_POINT ( 'NONE', #1948 ) ;
#574 = ORIENTED_EDGE ( 'NONE', *, *, #1083, .T. ) ;
#575 = CARTESIAN_POINT ( 'NONE',  ( -24.50000000000000000, 6.000000000000000000, -4.978996250514822788E-17 ) ) ;
#576 = VECTOR ( 'NONE', #811, 1000.000000000000114 ) ;
#577 = DIRECTION ( 'NONE',  ( -0.000000000000000000, 1.000000000000000000, -0.000000000000000000 ) ) ;
#578 = DIRECTION ( 'NONE',  ( -0.000000000000000000, -1.000000000000000000, -0.000000000000000000 ) ) ;
#579 = ORIENTED_EDGE ( 'NONE', *, *, #1657, .T. ) ;
#580 = EDGE_CURVE ( 'NONE', #1040, #149, #1187, .T. ) ;
#581 = EDGE_CURVE ( 'NONE', #527, #1369, #1803, .T. ) ;
#582 = DIRECTION ( 'NONE',  ( 0.9659258262890655367, 0.000000000000000000, 0.2588190451025312866 ) ) ;
#583 = DIRECTION ( 'NONE',  ( -0.000000000000000000, 0.000000000000000000, 1.000000000000000000 ) ) ;
#584 = EDGE_LOOP ( 'NONE', ( #1468, #767 ) ) ;
#585 = ORIENTED_EDGE ( 'NONE', *, *, #1516, .T. ) ;
#586 = FACE_BOUND ( 'NONE', #307, .T. ) ;
#587 = AXIS2_PLACEMENT_3D ( 'NONE', #734, #1188, #6 ) ;
#588 = DIRECTION ( 'NONE',  ( 0.000000000000000000, 0.000000000000000000, 1.000000000000000000 ) ) ;
#589 = CARTESIAN_POINT ( 'NONE',  ( -25.50000000000000355, 0.000000000000000000, -3.099999999999999645 ) ) ;
#590 = ORIENTED_EDGE ( 'NONE', *, *, #1917, .T. ) ;
#591 = CARTESIAN_POINT ( 'NONE',  ( -23.25444488791594821, 0.000000000000000000, 19.17196198327687284 ) ) ;
#592 = CARTESIAN_POINT ( 'NONE',  ( -12.11706443482956708, 6.000000000000000000, -16.24372532069776653 ) ) ;
#593 = EDGE_CURVE ( 'NONE', #225, #515, #1899, .T. ) ;
#594 = EDGE_LOOP ( 'NONE', ( #244, #1100 ) ) ;
#595 = ORIENTED_EDGE ( 'NONE', *, *, #1503, .F. ) ;
#596 = DIRECTION ( 'NONE',  ( 0.000000000000000000, 1.000000000000000000, 0.000000000000000000 ) ) ;
#597 = CARTESIAN_POINT ( 'NONE',  ( -16.24372532069789443, 0.000000000000000000, 12.11706443482939477 ) ) ;
#598 = CARTESIAN_POINT ( 'NONE',  ( -23.25444488791594821, 6.000000000000000000, 19.17196198327687284 ) ) ;
#599 = VERTEX_POINT ( 'NONE', #1345 ) ;
#600 = DIRECTION ( 'NONE',  ( -1.000000000000000000, 0.000000000000000000, -3.336006684570782904E-15 ) ) ;
#601 = CARTESIAN_POINT ( 'NONE',  ( -11.13693180368823832, 0.000000000000000000, 11.13693180368800562 ) ) ;
#602 = ORIENTED_EDGE ( 'NONE', *, *, #520, .F. ) ;
#603 = AXIS2_PLACEMENT_3D ( 'NONE', #58, #1099, #1094 ) ;
#604 = AXIS2_PLACEMENT_3D ( 'NONE', #28, #1502, #633 ) ;
#605 = ORIENTED_EDGE ( 'NONE', *, *, #1394, .F. ) ;
#606 = EDGE_CURVE ( 'NONE', #446, #1131, #607, .T. ) ;
#607 = LINE ( 'NONE', #308, #1840 ) ;
#608 = CARTESIAN_POINT ( 'NONE',  ( 38.80294036547414294, 0.000000000000000000, 16.07270415933352581 ) ) ;
#609 = AXIS2_PLACEMENT_3D ( 'NONE', #485, #494, #820 ) ;
#610 = ORIENTED_EDGE ( 'NONE', *, *, #1090, .T. ) ;
#611 = AXIS2_PLACEMENT_3D ( 'NONE', #1716, #790, #779 ) ;
#612 = PLANE ( 'NONE',  #886 ) ;
#613 = LINE ( 'NONE', #1691, #434 ) ;
#614 = AXIS2_PLACEMENT_3D ( 'NONE', #1117, #1592, #528 ) ;
#615 = CARTESIAN_POINT ( 'NONE',  ( -38.80294036547414294, 6.000000000000000000, -16.07270415933352581 ) ) ;
#616 = VERTEX_POINT ( 'NONE', #461 ) ;
#617 = EDGE_CURVE ( 'NONE', #464, #1914, #981, .T. ) ;
#618 = EDGE_CURVE ( 'NONE', #1885, #1213, #797, .T. ) ;
#619 = DIRECTION ( 'NONE',  ( 0.000000000000000000, 0.000000000000000000, -1.000000000000000000 ) ) ;
#620 = CARTESIAN_POINT ( 'NONE',  ( -11.13693180368823832, 6.000000000000000000, 11.13693180368800562 ) ) ;
#621 = ORIENTED_EDGE ( 'NONE', *, *, #474, .F. ) ;
#622 = UNCERTAINTY_MEASURE_WITH_UNIT (LENGTH_MEASURE( 1.000000000000000082E-05 ), #1574, 'distance_accuracy_value', 'NONE');
#623 = DIRECTION ( 'NONE',  ( 0.9659258262890683122, 0.000000000000000000, 0.2588190451025209060 ) ) ;
#624 = DIRECTION ( 'NONE',  ( -0.7071067811865453523, 0.000000000000000000, -0.7071067811865496822 ) ) ;
#625 = CIRCLE ( 'NONE', #51, 5.200000000000000178 ) ;
#626 = ORIENTED_EDGE ( 'NONE', *, *, #923, .F. ) ;
#627 = EDGE_CURVE ( 'NONE', #1778, #385, #1232, .T. ) ;
#628 = ORIENTED_EDGE ( 'NONE', *, *, #1365, .T. ) ;
#629 = LINE ( 'NONE', #491, #1136 ) ;
#630 = CARTESIAN_POINT ( 'NONE',  ( 11.13693180368816016, 6.000000000000000000, -5.936931803688084486 ) ) ;
#631 = ORIENTED_EDGE ( 'NONE', *, *, #1475, .T. ) ;
#632 = DIRECTION ( 'NONE',  ( -0.000000000000000000, 1.000000000000000000, 0.000000000000000000 ) ) ;
#633 = DIRECTION ( 'NONE',  ( -0.7071067811865427988, 0.000000000000000000, -0.7071067811865521247 ) ) ;
#634 = ORIENTED_EDGE ( 'NONE', *, *, #1578, .F. ) ;
#635 = CARTESIAN_POINT ( 'NONE',  ( -38.80294036547413583, 0.000000000000000000, 16.07270415933354357 ) ) ;
#636 = ORIENTED_EDGE ( 'NONE', *, *, #836, .F. ) ;
#637 = AXIS2_PLACEMENT_3D ( 'NONE', #243, #1439, #1913 ) ;
#638 = CARTESIAN_POINT ( 'NONE',  ( -11.13693180368812286, 0.000000000000000000, -11.13693180368812286 ) ) ;
#639 = LINE ( 'NONE', #182, #960 ) ;
#640 = ORIENTED_EDGE ( 'NONE', *, *, #1475, .F. ) ;
#641 = AXIS2_PLACEMENT_3D ( 'NONE', #784, #343, #1221 ) ;
#642 = CARTESIAN_POINT ( 'NONE',  ( 16.07270415933367502, 0.000000000000000000, 40.30294036547408609 ) ) ;
#643 = CARTESIAN_POINT ( 'NONE',  ( -11.13693180368823832, 0.000000000000000000, 11.13693180368800562 ) ) ;
#644 = ADVANCED_FACE ( 'NONE', ( #1530 ), #53, .F. ) ;
#645 = AXIS2_PLACEMENT_3D ( 'NONE', #1248, #944, #21 ) ;
#646 = ORIENTED_EDGE ( 'NONE', *, *, #1148, .F. ) ;
#647 = ADVANCED_FACE ( 'NONE', ( #169 ), #914, .F. ) ;
#648 = CARTESIAN_POINT ( 'NONE',  ( -24.50000000000000000, 0.000000000000000000, -3.099999999999999645 ) ) ;
#649 = AXIS2_PLACEMENT_3D ( 'NONE', #1013, #1909, #1158 ) ;
#650 = EDGE_LOOP ( 'NONE', ( #1235, #1627, #585, #656 ) ) ;
#651 = CARTESIAN_POINT ( 'NONE',  ( -21.76015243430233070, 0.000000000000000000, -13.59518662502506103 ) ) ;
#652 = DIRECTION ( 'NONE',  ( 0.000000000000000000, 0.000000000000000000, 1.000000000000000000 ) ) ;
#653 = DIRECTION ( 'NONE',  ( 0.000000000000000000, 0.000000000000000000, 1.000000000000000000 ) ) ;
#654 = CARTESIAN_POINT ( 'NONE',  ( 19.17196198327718548, 6.000000000000000000, -23.25444488791568887 ) ) ;
#655 = DIRECTION ( 'NONE',  ( 0.2588190451025312311, 0.000000000000000000, -0.9659258262890654256 ) ) ;
#656 = ORIENTED_EDGE ( 'NONE', *, *, #24, .T. ) ;
#657 = CARTESIAN_POINT ( 'NONE',  ( -11.13693180368823832, 0.000000000000000000, 16.33693180368800313 ) ) ;
#658 = DIRECTION ( 'NONE',  ( 1.000000000000000000, 0.000000000000000000, 1.034162072216942594E-14 ) ) ;
#659 = DIRECTION ( 'NONE',  ( 0.9659258262890680902, 0.000000000000000000, 0.2588190451025211281 ) ) ;
#660 = LINE ( 'NONE', #1534, #1695 ) ;
#661 = CARTESIAN_POINT ( 'NONE',  ( 21.76015243430236978, 0.000000000000000000, -13.59518662502497754 ) ) ;
#662 = ORIENTED_EDGE ( 'NONE', *, *, #1353, .T. ) ;
#663 = LINE ( 'NONE', #1865, #1230 ) ;
#664 = EDGE_CURVE ( 'NONE', #97, #1905, #33, .T. ) ;
#665 = EDGE_CURVE ( 'NONE', #982, #1062, #1486, .T. ) ;
#666 = AXIS2_PLACEMENT_3D ( 'NONE', #287, #1011, #1472 ) ;
#667 = DIRECTION ( 'NONE',  ( 0.000000000000000000, 1.000000000000000000, 0.000000000000000000 ) ) ;
#668 = CARTESIAN_POINT ( 'NONE',  ( 16.07270415933367502, 0.000000000000000000, 40.30294036547408609 ) ) ;
#669 = PLANE ( 'NONE',  #452 ) ;
#670 = DIRECTION ( 'NONE',  ( -0.9659258262890683122, 0.000000000000000000, -0.2588190451025209060 ) ) ;
#671 = CARTESIAN_POINT ( 'NONE',  ( -11.13693180368812286, 6.000000000000000000, -5.936931803688122677 ) ) ;
#672 = CIRCLE ( 'NONE', #1715, 5.200000000000000178 ) ;
#673 = VERTEX_POINT ( 'NONE', #1397 ) ;
#674 = VERTEX_POINT ( 'NONE', #935 ) ;
#675 = FACE_BOUND ( 'NONE', #584, .T. ) ;
#676 = EDGE_CURVE ( 'NONE', #276, #1760, #1074, .T. ) ;
#677 = ADVANCED_FACE ( 'NONE', ( #1539 ), #318, .F. ) ;
#678 = CYLINDRICAL_SURFACE ( 'NONE', #1324, 1.500000000000001332 ) ;
#679 = CARTESIAN_POINT ( 'NONE',  ( -19.17196198327734891, 6.000000000000000000, 23.25444488791555386 ) ) ;
#680 = CARTESIAN_POINT ( 'NONE',  ( 19.17196198327711798, 6.000000000000000000, 23.25444488791574571 ) ) ;
#681 = ORIENTED_EDGE ( 'NONE', *, *, #84, .T. ) ;
#682 = ADVANCED_FACE ( 'NONE', ( #44 ), #1387, .F. ) ;
#683 = VECTOR ( 'NONE', #1457, 1000.000000000000000 ) ;
#684 = ORIENTED_EDGE ( 'NONE', *, *, #1930, .T. ) ;
#685 = FACE_OUTER_BOUND ( 'NONE', #1081, .T. ) ;
#686 = DIRECTION ( 'NONE',  ( 0.000000000000000000, 0.000000000000000000, -1.000000000000000000 ) ) ;
#687 = DIRECTION ( 'NONE',  ( -0.000000000000000000, 1.000000000000000000, -0.000000000000000000 ) ) ;
#688 = CARTESIAN_POINT ( 'NONE',  ( -11.13693180368812286, 0.000000000000000000, -16.33693180368812037 ) ) ;
#689 = ORIENTED_EDGE ( 'NONE', *, *, #1752, .T. ) ;
#690 = ORIENTED_EDGE ( 'NONE', *, *, #1311, .F. ) ;
#691 = DIRECTION ( 'NONE',  ( 0.000000000000000000, 0.000000000000000000, 1.000000000000000000 ) ) ;
#692 = VECTOR ( 'NONE', #209, 1000.000000000000227 ) ;
#693 = DIRECTION ( 'NONE',  ( 1.000000000000000000, 0.000000000000000000, 1.034162072216942594E-14 ) ) ;
#694 = CARTESIAN_POINT ( 'NONE',  ( 19.17196198327718548, 0.000000000000000000, -23.25444488791568887 ) ) ;
#695 = ORIENTED_EDGE ( 'NONE', *, *, #698, .T. ) ;
#696 = FACE_BOUND ( 'NONE', #1722, .T. ) ;
#697 = EDGE_CURVE ( 'NONE', #1659, #138, #1228, .T. ) ;
#698 = EDGE_CURVE ( 'NONE', #1464, #1151, #1841, .T. ) ;
#699 = VERTEX_POINT ( 'NONE', #349 ) ;
#700 = AXIS2_PLACEMENT_3D ( 'NONE', #322, #1038, #919 ) ;
#701 = CIRCLE ( 'NONE', #164, 1.500000000000004885 ) ;
#702 = ORIENTED_EDGE ( 'NONE', *, *, #1024, .T. ) ;
#703 = AXIS2_PLACEMENT_3D ( 'NONE', #271, #994, #713 ) ;
#704 = CYLINDRICAL_SURFACE ( 'NONE', #1767, 5.200000000000000178 ) ;
#705 = CIRCLE ( 'NONE', #952, 3.099999999999999645 ) ;
#706 = LINE ( 'NONE', #75, #1289 ) ;
#707 = CARTESIAN_POINT ( 'NONE',  ( -16.07270415933394858, 0.000000000000000000, -38.80294036547397951 ) ) ;
#708 = ORIENTED_EDGE ( 'NONE', *, *, #481, .T. ) ;
#709 = CARTESIAN_POINT ( 'NONE',  ( -24.50000000000000000, 6.000000000000000000, 3.099999999999999645 ) ) ;
#710 = ORIENTED_EDGE ( 'NONE', *, *, #1068, .T. ) ;
#711 = VERTEX_POINT ( 'NONE', #1085 ) ;
#712 = CARTESIAN_POINT ( 'NONE',  ( -16.07270415933394858, 0.000000000000000000, -40.30294036547397951 ) ) ;
#713 = DIRECTION ( 'NONE',  ( 0.7071067811865533459, 0.000000000000000000, -0.7071067811865416886 ) ) ;
#714 = CARTESIAN_POINT ( 'NONE',  ( -23.25444488791594821, 6.000000000000000000, 19.17196198327687284 ) ) ;
#715 = VERTEX_POINT ( 'NONE', #1520 ) ;
#716 = CARTESIAN_POINT ( 'NONE',  ( -38.80294036547414294, 0.000000000000000000, -16.07270415933352581 ) ) ;
#717 = ORIENTED_EDGE ( 'NONE', *, *, #1579, .T. ) ;
#718 = ORIENTED_EDGE ( 'NONE', *, *, #617, .T. ) ;
#719 = DIRECTION ( 'NONE',  ( -0.000000000000000000, 1.000000000000000000, -0.000000000000000000 ) ) ;
#720 = VECTOR ( 'NONE', #1860, 1000.000000000000000 ) ;
#721 = EDGE_CURVE ( 'NONE', #1271, #1300, #809, .T. ) ;
#722 = EDGE_CURVE ( 'NONE', #1684, #1500, #629, .T. ) ;
#723 = CARTESIAN_POINT ( 'NONE',  ( -16.07270415933393082, 0.000000000000000000, 38.80294036547397951 ) ) ;
#724 = CARTESIAN_POINT ( 'NONE',  ( 23.25444488791581321, 0.000000000000000000, -19.17196198327703627 ) ) ;
#725 = ORIENTED_EDGE ( 'NONE', *, *, #1837, .F. ) ;
#726 = AXIS2_PLACEMENT_3D ( 'NONE', #1566, #1261, #941 ) ;
#727 = CARTESIAN_POINT ( 'NONE',  ( 23.25444488791581676, 0.000000000000000000, -19.17196198327703982 ) ) ;
#728 = ORIENTED_EDGE ( 'NONE', *, *, #168, .F. ) ;
#729 = EDGE_LOOP ( 'NONE', ( #425, #1403 ) ) ;
#730 = CARTESIAN_POINT ( 'NONE',  ( 5.878304635907296578E-15, 0.000000000000000000, 48.00000000000000711 ) ) ;
#731 = VECTOR ( 'NONE', #1046, 1000.000000000000000 ) ;
#732 = CYLINDRICAL_SURFACE ( 'NONE', #1554, 1.500000000000001332 ) ;
#733 = ADVANCED_FACE ( 'NONE', ( #1830 ), #203, .F. ) ;
#734 = CARTESIAN_POINT ( 'NONE',  ( 11.13693180368812286, 0.000000000000000000, 11.13693180368812286 ) ) ;
#735 = ORIENTED_EDGE ( 'NONE', *, *, #325, .F. ) ;
#736 = LINE ( 'NONE', #880, #1354 ) ;
#737 = LINE ( 'NONE', #904, #116 ) ;
#738 = ORIENTED_EDGE ( 'NONE', *, *, #1775, .T. ) ;
#739 = ORIENTED_EDGE ( 'NONE', *, *, #676, .T. ) ;
#740 = DIRECTION ( 'NONE',  ( 0.000000000000000000, -0.000000000000000000, 1.000000000000000000 ) ) ;
#741 = VECTOR ( 'NONE', #1771, 1000.000000000000227 ) ;
#742 = CARTESIAN_POINT ( 'NONE',  ( -11.13693180368823832, 0.000000000000000000, 5.936931803688006326 ) ) ;
#743 = DIRECTION ( 'NONE',  ( 0.2588190451025204619, 0.000000000000000000, 0.9659258262890684232 ) ) ;
#744 = VERTEX_POINT ( 'NONE', #954 ) ;
#745 = DIRECTION ( 'NONE',  ( 1.000000000000000000, 0.000000000000000000, 1.034162072216942594E-14 ) ) ;
#746 = FACE_OUTER_BOUND ( 'NONE', #1816, .T. ) ;
#747 = EDGE_LOOP ( 'NONE', ( #1789, #1663, #896, #391 ) ) ;
#748 = ORIENTED_EDGE ( 'NONE', *, *, #49, .F. ) ;
#749 = DIRECTION ( 'NONE',  ( 0.000000000000000000, 0.000000000000000000, -1.000000000000000000 ) ) ;
#750 = CARTESIAN_POINT ( 'NONE',  ( -38.80294036547413583, 6.000000000000000000, 14.57270415933353824 ) ) ;
#751 = ORIENTED_EDGE ( 'NONE', *, *, #61, .F. ) ;
#752 = UNCERTAINTY_MEASURE_WITH_UNIT (LENGTH_MEASURE( 1.000000000000000082E-05 ), #1553, 'distance_accuracy_value', 'NONE');
#753 = LINE ( 'NONE', #154, #199 ) ;
#754 = CARTESIAN_POINT ( 'NONE',  ( 5.878304635907296578E-15, 6.000000000000000000, 48.00000000000000711 ) ) ;
#755 = LINE ( 'NONE', #186, #1583 ) ;
#756 = EDGE_CURVE ( 'NONE', #542, #1759, #1812, .T. ) ;
#757 = EDGE_CURVE ( 'NONE', #92, #294, #1655, .T. ) ;
#758 = ORIENTED_EDGE ( 'NONE', *, *, #782, .T. ) ;
#759 = DIRECTION ( 'NONE',  ( 0.000000000000000000, 0.000000000000000000, 1.000000000000000000 ) ) ;
#760 = FACE_OUTER_BOUND ( 'NONE', #1839, .T. ) ;
#761 = AXIS2_PLACEMENT_3D ( 'NONE', #1873, #1112, #966 ) ;
#762 = ORIENTED_EDGE ( 'NONE', *, *, #1148, .T. ) ;
#763 = EDGE_CURVE ( 'NONE', #133, #149, #457, .T. ) ;
#764 = AXIS2_PLACEMENT_3D ( 'NONE', #121, #1477, #1063 ) ;
#765 = CARTESIAN_POINT ( 'NONE',  ( 38.80294036547402925, 0.000000000000000000, -14.57270415933380470 ) ) ;
#766 = DIRECTION ( 'NONE',  ( 0.000000000000000000, 1.000000000000000000, 0.000000000000000000 ) ) ;
#767 = ORIENTED_EDGE ( 'NONE', *, *, #863, .T. ) ;
#768 = ORIENTED_EDGE ( 'NONE', *, *, #1603, .F. ) ;
#769 = DIRECTION ( 'NONE',  ( 0.000000000000000000, 0.000000000000000000, 1.000000000000000000 ) ) ;
#770 = LINE ( 'NONE', #1636, #211 ) ;
#771 = VERTEX_POINT ( 'NONE', #230 ) ;
#772 = DIRECTION ( 'NONE',  ( -0.000000000000000000, 1.000000000000000000, -0.000000000000000000 ) ) ;
#773 = LINE ( 'NONE', #1332, #1372 ) ;
#774 = VECTOR ( 'NONE', #1259, 1000.000000000000000 ) ;
#775 = ORIENTED_EDGE ( 'NONE', *, *, #270, .T. ) ;
#776 = CIRCLE ( 'NONE', #398, 1.500000000000004885 ) ;
#777 = DIRECTION ( 'NONE',  ( -0.000000000000000000, 1.000000000000000000, -0.000000000000000000 ) ) ;
#778 = ORIENTED_EDGE ( 'NONE', *, *, #313, .F. ) ;
#779 = DIRECTION ( 'NONE',  ( -0.9659258262890710878, 0.000000000000000000, 0.2588190451025103589 ) ) ;
#780 = EDGE_CURVE ( 'NONE', #744, #98, #705, .T. ) ;
#781 = CARTESIAN_POINT ( 'NONE',  ( -16.24372532069776653, 0.000000000000000000, -12.11706443482956708 ) ) ;
#782 = EDGE_CURVE ( 'NONE', #1681, #922, #985, .T. ) ;
#783 = EDGE_LOOP ( 'NONE', ( #1039, #310, #467, #1262 ) ) ;
#784 = CARTESIAN_POINT ( 'NONE',  ( 0.000000000000000000, 0.000000000000000000, 0.000000000000000000 ) ) ;
#785 = CARTESIAN_POINT ( 'NONE',  ( 11.13693180368812286, 6.000000000000000000, 16.33693180368812037 ) ) ;
#786 = CARTESIAN_POINT ( 'NONE',  ( 38.80294036547414294, 6.000000000000000000, 16.07270415933352581 ) ) ;
#787 = CARTESIAN_POINT ( 'NONE',  ( -11.13693180368812286, 0.000000000000000000, -11.13693180368812286 ) ) ;
#788 = ORIENTED_EDGE ( 'NONE', *, *, #1329, .T. ) ;
#789 = CIRCLE ( 'NONE', #970, 1.500000000000004885 ) ;
#790 = DIRECTION ( 'NONE',  ( -0.2588190451025103589, 0.000000000000000000, -0.9659258262890710878 ) ) ;
#791 = DIRECTION ( 'NONE',  ( -0.2588190451025177419, 0.000000000000000000, -0.9659258262890692004 ) ) ;
#792 = VECTOR ( 'NONE', #1736, 1000.000000000000000 ) ;
#793 = EDGE_CURVE ( 'NONE', #446, #969, #1570, .T. ) ;
#794 = AXIS2_PLACEMENT_3D ( 'NONE', #903, #1785, #303 ) ;
#795 = DIRECTION ( 'NONE',  ( 0.000000000000000000, 1.000000000000000000, -0.000000000000000000 ) ) ;
#796 = DIRECTION ( 'NONE',  ( 0.000000000000000000, 0.000000000000000000, 1.000000000000000000 ) ) ;
#797 = CIRCLE ( 'NONE', #136, 1.500000000000006883 ) ;
#798 = FACE_OUTER_BOUND ( 'NONE', #1532, .T. ) ;
#799 = AXIS2_PLACEMENT_3D ( 'NONE', #502, #213, #1256 ) ;
#800 = VERTEX_POINT ( 'NONE', #1916 ) ;
#801 = DIRECTION ( 'NONE',  ( -0.000000000000000000, 1.000000000000000000, -0.000000000000000000 ) ) ;
#802 = DIRECTION ( 'NONE',  ( -0.2588190451025210170, 0.000000000000000000, -0.9659258262890680902 ) ) ;
#803 = FACE_OUTER_BOUND ( 'NONE', #1915, .T. ) ;
#804 = LINE ( 'NONE', #1401, #774 ) ;
#805 = AXIS2_PLACEMENT_3D ( 'NONE', #353, #185, #344 ) ;
#806 = CARTESIAN_POINT ( 'NONE',  ( 16.24372532069780917, 0.000000000000000000, -12.11706443482951023 ) ) ;
#807 = ADVANCED_FACE ( 'NONE', ( #685 ), #395, .F. ) ;
#808 = EDGE_LOOP ( 'NONE', ( #410, #895, #885, #35 ) ) ;
#809 = LINE ( 'NONE', #1552, #43 ) ;
#810 = ADVANCED_FACE ( 'NONE', ( #1602 ), #1147, .F. ) ;
#811 = DIRECTION ( 'NONE',  ( 0.2588190451025210170, 0.000000000000000000, 0.9659258262890680902 ) ) ;
#812 = FACE_OUTER_BOUND ( 'NONE', #284, .T. ) ;
#813 = CARTESIAN_POINT ( 'NONE',  ( 16.07270415933366081, 0.000000000000000000, -37.30294036547408609 ) ) ;
#814 = ORIENTED_EDGE ( 'NONE', *, *, #533, .T. ) ;
#815 = EDGE_CURVE ( 'NONE', #92, #1155, #993, .T. ) ;
#816 = ADVANCED_FACE ( 'NONE', ( #1000 ), #1612, .F. ) ;
#817 = VERTEX_POINT ( 'NONE', #80 ) ;
#818 = DIRECTION ( 'NONE',  ( 0.2588190451025242367, 0.000000000000000000, -0.9659258262890673130 ) ) ;
#819 = DIRECTION ( 'NONE',  ( 0.000000000000000000, 0.000000000000000000, 1.000000000000000000 ) ) ;
#820 = DIRECTION ( 'NONE',  ( -1.000000000000000000, 0.000000000000000000, -4.625929269271470334E-15 ) ) ;
#821 = CARTESIAN_POINT ( 'NONE',  ( -23.25444488791594821, 0.000000000000000000, 19.17196198327687284 ) ) ;
#822 = EDGE_CURVE ( 'NONE', #1684, #356, #1733, .T. ) ;
#823 = VECTOR ( 'NONE', #156, 1000.000000000000000 ) ;
#824 = DIRECTION ( 'NONE',  ( -0.000000000000000000, 1.000000000000000000, -0.000000000000000000 ) ) ;
#825 = CIRCLE ( 'NONE', #1105, 5.200000000000000178 ) ;
#826 = ORIENTED_EDGE ( 'NONE', *, *, #1184, .T. ) ;
#827 = ORIENTED_EDGE ( 'NONE', *, *, #1043, .T. ) ;
#828 = CARTESIAN_POINT ( 'NONE',  ( -13.59518662502505393, 0.000000000000000000, -21.76015243430232005 ) ) ;
#829 = CARTESIAN_POINT ( 'NONE',  ( -11.13693180368823832, 0.000000000000000000, 11.13693180368800562 ) ) ;
#830 = DIRECTION ( 'NONE',  ( -0.000000000000000000, 1.000000000000000000, -0.000000000000000000 ) ) ;
#831 = DIRECTION ( 'NONE',  ( 0.7071067811865472397, 0.000000000000000000, -0.7071067811865479058 ) ) ;
#832 = ORIENTED_EDGE ( 'NONE', *, *, #315, .F. ) ;
#833 = VECTOR ( 'NONE', #1711, 1000.000000000000000 ) ;
#834 = ORIENTED_EDGE ( 'NONE', *, *, #1578, .T. ) ;
#835 = FACE_BOUND ( 'NONE', #478, .T. ) ;
#836 = EDGE_CURVE ( 'NONE', #1654, #493, #219, .T. ) ;
#837 = CARTESIAN_POINT ( 'NONE',  ( -38.80294036547413583, 6.000000000000000000, 16.07270415933354357 ) ) ;
#838 = ADVANCED_FACE ( 'NONE', ( #256 ), #704, .F. ) ;
#839 = CARTESIAN_POINT ( 'NONE',  ( -16.07270415933394858, 6.000000000000000000, -37.30294036547397951 ) ) ;
#840 = ORIENTED_EDGE ( 'NONE', *, *, #593, .F. ) ;
#841 = PLANE ( 'NONE',  #943 ) ;
#842 = ORIENTED_EDGE ( 'NONE', *, *, #1374, .T. ) ;
#843 = EDGE_LOOP ( 'NONE', ( #1536, #1142, #602, #702 ) ) ;
#844 = ORIENTED_EDGE ( 'NONE', *, *, #469, .F. ) ;
#845 = DIRECTION ( 'NONE',  ( 0.9659258262890674240, 0.000000000000000000, 0.2588190451025242367 ) ) ;
#846 = VECTOR ( 'NONE', #818, 1000.000000000000227 ) ;
#847 = CARTESIAN_POINT ( 'NONE',  ( 13.59518662502505038, 6.000000000000000000, 21.76015243430232005 ) ) ;
#848 = CARTESIAN_POINT ( 'NONE',  ( -38.80294036547414294, 0.000000000000000000, -14.57270415933352048 ) ) ;
#849 = ORIENTED_EDGE ( 'NONE', *, *, #435, .T. ) ;
#850 = CYLINDRICAL_SURFACE ( 'NONE', #637, 1.500000000000004885 ) ;
#851 = ORIENTED_EDGE ( 'NONE', *, *, #187, .F. ) ;
#852 = CIRCLE ( 'NONE', #323, 5.200000000000000178 ) ;
#853 = VERTEX_POINT ( 'NONE', #1887 ) ;
#854 = VECTOR ( 'NONE', #1149, 1000.000000000000114 ) ;
#855 = DIRECTION ( 'NONE',  ( -0.000000000000000000, 1.000000000000000000, -0.000000000000000000 ) ) ;
#856 = VECTOR ( 'NONE', #1851, 1000.000000000000000 ) ;
#857 = DIRECTION ( 'NONE',  ( -1.000000000000000000, 0.000000000000000000, -3.336006684570782904E-15 ) ) ;
#858 = DIRECTION ( 'NONE',  ( 0.000000000000000000, 1.000000000000000000, -0.000000000000000000 ) ) ;
#859 = EDGE_LOOP ( 'NONE', ( #460, #1309, #1538, #1362 ) ) ;
#860 = LINE ( 'NONE', #688, #1190 ) ;
#861 = ORIENTED_EDGE ( 'NONE', *, *, #60, .F. ) ;
#862 = ADVANCED_FACE ( 'NONE', ( #972 ), #1454, .F. ) ;
#863 = EDGE_CURVE ( 'NONE', #912, #1027, #95, .T. ) ;
#864 = VERTEX_POINT ( 'NONE', #1415 ) ;
#865 = FACE_BOUND ( 'NONE', #1694, .T. ) ;
#866 = CIRCLE ( 'NONE', #20, 5.200000000000000178 ) ;
#867 = PRODUCT_CONTEXT ( 'NONE', #161, 'mechanical' ) ;
#868 = DIRECTION ( 'NONE',  ( -0.9659258262890710878, 0.000000000000000000, 0.2588190451025103589 ) ) ;
#869 = LINE ( 'NONE', #1130, #741 ) ;
#870 = ORIENTED_EDGE ( 'NONE', *, *, #520, .T. ) ;
#871 = FACE_BOUND ( 'NONE', #246, .T. ) ;
#872 = ORIENTED_EDGE ( 'NONE', *, *, #1124, .T. ) ;
#873 = VERTEX_POINT ( 'NONE', #712 ) ;
#874 = ADVANCED_FACE ( 'NONE', ( #835, #1282, #1306, #72, #548, #675, #1264, #377, #1682, #1634, #1168, #865, #586, #876 ), #337, .F. ) ;
#875 = EDGE_CURVE ( 'NONE', #138, #1412, #1644, .T. ) ;
#876 = FACE_OUTER_BOUND ( 'NONE', #104, .T. ) ;
#877 = CARTESIAN_POINT ( 'NONE',  ( -38.80294036547414294, 0.000000000000000000, -16.07270415933352581 ) ) ;
#878 = LINE ( 'NONE', #23, #1429 ) ;
#879 = VERTEX_POINT ( 'NONE', #1314 ) ;
#880 = CARTESIAN_POINT ( 'NONE',  ( -16.07270415933394858, 0.000000000000000000, -40.30294036547397951 ) ) ;
#881 = DIRECTION ( 'NONE',  ( -0.7071067811865479058, 0.000000000000000000, -0.7071067811865472397 ) ) ;
#882 = EDGE_CURVE ( 'NONE', #1164, #1684, #326, .T. ) ;
#883 = ORIENTED_EDGE ( 'NONE', *, *, #1877, .F. ) ;
#884 = DIRECTION ( 'NONE',  ( -1.000000000000000000, 0.000000000000000000, -3.336006684570782904E-15 ) ) ;
#885 = ORIENTED_EDGE ( 'NONE', *, *, #522, .T. ) ;
#886 = AXIS2_PLACEMENT_3D ( 'NONE', #893, #1211, #145 ) ;
#887 = CARTESIAN_POINT ( 'NONE',  ( 23.25444488791581321, 0.000000000000000000, -19.17196198327703627 ) ) ;
#888 = AXIS2_PLACEMENT_3D ( 'NONE', #638, #509, #1216 ) ;
#889 = VECTOR ( 'NONE', #340, 1000.000000000000227 ) ;
#890 = DIRECTION ( 'NONE',  ( -0.000000000000000000, -1.000000000000000000, -0.000000000000000000 ) ) ;
#891 = CARTESIAN_POINT ( 'NONE',  ( 12.11706443482956708, 0.000000000000000000, 16.24372532069776653 ) ) ;
#892 = VERTEX_POINT ( 'NONE', #1022 ) ;
#893 = CARTESIAN_POINT ( 'NONE',  ( 13.59518662502513742, 0.000000000000000000, -21.76015243430228452 ) ) ;
#894 = DIRECTION ( 'NONE',  ( 0.000000000000000000, 1.000000000000000000, 0.000000000000000000 ) ) ;
#895 = ORIENTED_EDGE ( 'NONE', *, *, #1209, .T. ) ;
#896 = ORIENTED_EDGE ( 'NONE', *, *, #1219, .T. ) ;
#897 = AXIS2_PLACEMENT_3D ( 'NONE', #1531, #192, #802 ) ;
#898 = DIRECTION ( 'NONE',  ( -0.000000000000000000, 1.000000000000000000, 0.000000000000000000 ) ) ;
#899 = DIRECTION ( 'NONE',  ( -0.9659258262890684232, 0.000000000000000000, 0.2588190451025204064 ) ) ;
#900 = ORIENTED_EDGE ( 'NONE', *, *, #415, .T. ) ;
#901 = ADVANCED_FACE ( 'NONE', ( #1176 ), #489, .F. ) ;
#902 = EDGE_CURVE ( 'NONE', #982, #1093, #1527, .T. ) ;
#903 = CARTESIAN_POINT ( 'NONE',  ( 16.07270415933366081, 6.000000000000000000, -38.80294036547408609 ) ) ;
#904 = CARTESIAN_POINT ( 'NONE',  ( -25.50000000000000355, 0.000000000000000000, -3.099999999999999645 ) ) ;
#905 = ORIENTED_EDGE ( 'NONE', *, *, #1413, .F. ) ;
#906 = ORIENTED_EDGE ( 'NONE', *, *, #1246, .F. ) ;
#907 = DIRECTION ( 'NONE',  ( -0.7071067811865474617, 0.000000000000000000, 0.7071067811865474617 ) ) ;
#908 = DIRECTION ( 'NONE',  ( -0.000000000000000000, -1.000000000000000000, -0.000000000000000000 ) ) ;
#909 = ORIENTED_EDGE ( 'NONE', *, *, #373, .F. ) ;
#910 = CARTESIAN_POINT ( 'NONE',  ( -21.76015243430233070, 0.000000000000000000, -13.59518662502506103 ) ) ;
#911 = FACE_OUTER_BOUND ( 'NONE', #1323, .T. ) ;
#912 = VERTEX_POINT ( 'NONE', #130 ) ;
#913 = ORIENTED_EDGE ( 'NONE', *, *, #1835, .T. ) ;
#914 = CYLINDRICAL_SURFACE ( 'NONE', #645, 5.200000000000000178 ) ;
#915 = CYLINDRICAL_SURFACE ( 'NONE', #238, 1.500000000000004885 ) ;
#916 = EDGE_LOOP ( 'NONE', ( #999, #87, #245, #286 ) ) ;
#917 = VECTOR ( 'NONE', #407, 1000.000000000000000 ) ;
#918 = DIRECTION ( 'NONE',  ( 0.000000000000000000, 0.000000000000000000, 1.000000000000000000 ) ) ;
#919 = DIRECTION ( 'NONE',  ( 0.000000000000000000, 0.000000000000000000, 1.000000000000000000 ) ) ;
#920 = EDGE_LOOP ( 'NONE', ( #29, #69, #1123, #1505 ) ) ;
#921 = CARTESIAN_POINT ( 'NONE',  ( -11.13693180368823832, 0.000000000000000000, 11.13693180368800562 ) ) ;
#922 = VERTEX_POINT ( 'NONE', #1769 ) ;
#923 = EDGE_CURVE ( 'NONE', #1069, #599, #176, .T. ) ;
#924 = ADVANCED_FACE ( 'NONE', ( #40 ), #1622, .F. ) ;
#925 = CARTESIAN_POINT ( 'NONE',  ( -24.50000000000000000, 0.000000000000000000, -4.978996250514822788E-17 ) ) ;
#926 = CARTESIAN_POINT ( 'NONE',  ( 0.000000000000000000, 6.000000000000000000, 0.000000000000000000 ) ) ;
#927 = ORIENTED_EDGE ( 'NONE', *, *, #1872, .F. ) ;
#928 = CARTESIAN_POINT ( 'NONE',  ( 11.13693180368816016, 6.000000000000000000, -11.13693180368808378 ) ) ;
#929 = PLANE ( 'NONE',  #805 ) ;
#930 = AXIS2_PLACEMENT_3D ( 'NONE', #1755, #409, #1889 ) ;
#931 = EDGE_LOOP ( 'NONE', ( #1791, #997 ) ) ;
#932 = FACE_OUTER_BOUND ( 'NONE', #650, .T. ) ;
#933 = VERTEX_POINT ( 'NONE', #1938 ) ;
#934 = EDGE_CURVE ( 'NONE', #1155, #79, #1678, .T. ) ;
#935 = CARTESIAN_POINT ( 'NONE',  ( 16.24372532069776653, 6.000000000000000000, 12.11706443482956885 ) ) ;
#936 = DIRECTION ( 'NONE',  ( 0.000000000000000000, 1.000000000000000000, 0.000000000000000000 ) ) ;
#937 = VERTEX_POINT ( 'NONE', #1643 ) ;
#938 = DIRECTION ( 'NONE',  ( -0.2588190451025211836, 0.000000000000000000, 0.9659258262890682012 ) ) ;
#939 = LINE ( 'NONE', #1854, #1366 ) ;
#940 = LINE ( 'NONE', #175, #823 ) ;
#941 = DIRECTION ( 'NONE',  ( 0.000000000000000000, 0.000000000000000000, 1.000000000000000000 ) ) ;
#942 = VERTEX_POINT ( 'NONE', #730 ) ;
#943 = AXIS2_PLACEMENT_3D ( 'NONE', #86, #583, #1173 ) ;
#944 = DIRECTION ( 'NONE',  ( -0.000000000000000000, 1.000000000000000000, -0.000000000000000000 ) ) ;
#945 = DIRECTION ( 'NONE',  ( 1.000000000000000000, 0.000000000000000000, 9.251858538542940668E-15 ) ) ;
#946 = EDGE_CURVE ( 'NONE', #177, #879, #572, .T. ) ;
#947 = CIRCLE ( 'NONE', #609, 1.500000000000004885 ) ;
#948 = CARTESIAN_POINT ( 'NONE',  ( -38.80294036547413583, 0.000000000000000000, 14.57270415933353824 ) ) ;
#949 = DIRECTION ( 'NONE',  ( 1.000000000000000000, 0.000000000000000000, 1.034162072216942594E-14 ) ) ;
#950 = AXIS2_PLACEMENT_3D ( 'NONE', #1888, #1266, #1584 ) ;
#951 = LINE ( 'NONE', #813, #1576 ) ;
#952 = AXIS2_PLACEMENT_3D ( 'NONE', #387, #99, #1908 ) ;
#953 = ORIENTED_EDGE ( 'NONE', *, *, #763, .F. ) ;
#954 = CARTESIAN_POINT ( 'NONE',  ( -25.50000000000000355, 6.000000000000000000, -3.099999999999999645 ) ) ;
#955 = APPLICATION_PROTOCOL_DEFINITION ( 'draft international standard', 'automotive_design', 1998, #161 ) ;
#956 = CARTESIAN_POINT ( 'NONE',  ( -21.76015243430246215, 6.000000000000000000, 13.59518662502482833 ) ) ;
#957 = DIRECTION ( 'NONE',  ( 1.000000000000000000, 0.000000000000000000, 1.034162072216942594E-14 ) ) ;
#958 = ADVANCED_FACE ( 'NONE', ( #1487 ), #139, .F. ) ;
#959 = ADVANCED_FACE ( 'NONE', ( #30 ), #1337, .F. ) ;
#960 = VECTOR ( 'NONE', #341, 1000.000000000000000 ) ;
#961 = CARTESIAN_POINT ( 'NONE',  ( 16.24372532069776653, 0.000000000000000000, 12.11706443482956708 ) ) ;
#962 = ORIENTED_EDGE ( 'NONE', *, *, #1705, .F. ) ;
#963 = CARTESIAN_POINT ( 'NONE',  ( 19.17196198327718548, 0.000000000000000000, -23.25444488791568887 ) ) ;
#964 = EDGE_CURVE ( 'NONE', #933, #274, #1802, .T. ) ;
#965 =( NAMED_UNIT ( * ) PLANE_ANGLE_UNIT ( ) SI_UNIT ( $, .RADIAN. ) );
#966 = DIRECTION ( 'NONE',  ( 0.000000000000000000, 0.000000000000000000, 1.000000000000000000 ) ) ;
#967 = CARTESIAN_POINT ( 'NONE',  ( -11.13693180368823832, 0.000000000000000000, 11.13693180368800562 ) ) ;
#968 = DIRECTION ( 'NONE',  ( -0.000000000000000000, 1.000000000000000000, -0.000000000000000000 ) ) ;
#969 = VERTEX_POINT ( 'NONE', #1225 ) ;
#970 = AXIS2_PLACEMENT_3D ( 'NONE', #1395, #1459, #1133 ) ;
#971 = ORIENTED_EDGE ( 'NONE', *, *, #119, .T. ) ;
#972 = FACE_OUTER_BOUND ( 'NONE', #255, .T. ) ;
#973 = CARTESIAN_POINT ( 'NONE',  ( 21.76015243430233070, 0.000000000000000000, 13.59518662502506103 ) ) ;
#974 = FACE_OUTER_BOUND ( 'NONE', #31, .T. ) ;
#975 = AXIS2_PLACEMENT_3D ( 'NONE', #1202, #1350, #466 ) ;
#976 = CARTESIAN_POINT ( 'NONE',  ( -23.25444488791575282, 6.000000000000000000, -19.17196198327710732 ) ) ;
#977 = LINE ( 'NONE', #234, #223 ) ;
#978 = CIRCLE ( 'NONE', #1518, 1.500000000000004885 ) ;
#979 = ORIENTED_EDGE ( 'NONE', *, *, #1857, .T. ) ;
#980 = ORIENTED_EDGE ( 'NONE', *, *, #1669, .F. ) ;
#981 = CIRCLE ( 'NONE', #1451, 5.200000000000000178 ) ;
#982 = VERTEX_POINT ( 'NONE', #1082 ) ;
#983 = ADVANCED_FACE ( 'NONE', ( #932 ), #1537, .F. ) ;
#984 = PRODUCT_DEFINITION ( 'UNKNOWN', '', #1302, #1649 ) ;
#985 = LINE ( 'NONE', #567, #105 ) ;
#986 = DIRECTION ( 'NONE',  ( 0.000000000000000000, 0.000000000000000000, 1.000000000000000000 ) ) ;
#987 = CARTESIAN_POINT ( 'NONE',  ( -19.17196198327711798, 0.000000000000000000, -23.25444488791574571 ) ) ;
#988 = ORIENTED_EDGE ( 'NONE', *, *, #60, .T. ) ;
#989 = DIRECTION ( 'NONE',  ( 0.000000000000000000, 0.000000000000000000, 1.000000000000000000 ) ) ;
#990 = ORIENTED_EDGE ( 'NONE', *, *, #665, .F. ) ;
#991 = VECTOR ( 'NONE', #1490, 1000.000000000000000 ) ;
#992 = EDGE_LOOP ( 'NONE', ( #1732, #1347, #123, #634, #1443, #621, #1620, #1095 ) ) ;
#993 = LINE ( 'NONE', #1435, #1717 ) ;
#994 = DIRECTION ( 'NONE',  ( 0.000000000000000000, 1.000000000000000000, 0.000000000000000000 ) ) ;
#995 = LINE ( 'NONE', #714, #1145 ) ;
#996 = DIRECTION ( 'NONE',  ( -0.000000000000000000, 1.000000000000000000, -0.000000000000000000 ) ) ;
#997 = ORIENTED_EDGE ( 'NONE', *, *, #593, .T. ) ;
#998 = CARTESIAN_POINT ( 'NONE',  ( 11.13693180368816016, 0.000000000000000000, -11.13693180368808378 ) ) ;
#999 = ORIENTED_EDGE ( 'NONE', *, *, #863, .F. ) ;
#1000 = FACE_OUTER_BOUND ( 'NONE', #843, .T. ) ;
#1001 = AXIS2_PLACEMENT_3D ( 'NONE', #1947, #449, #1042 ) ;
#1002 = CARTESIAN_POINT ( 'NONE',  ( -25.50000000000000355, 0.000000000000000000, 3.099999999999999645 ) ) ;
#1003 = DIRECTION ( 'NONE',  ( 0.2588190451025110250, 0.000000000000000000, 0.9659258262890709767 ) ) ;
#1004 = ORIENTED_EDGE ( 'NONE', *, *, #1184, .F. ) ;
#1005 = ADVANCED_FACE ( 'NONE', ( #798 ), #1588, .F. ) ;
#1006 = LINE ( 'NONE', #552, #127 ) ;
#1007 = VERTEX_POINT ( 'NONE', #1270 ) ;
#1008 =( GEOMETRIC_REPRESENTATION_CONTEXT ( 3 ) GLOBAL_UNCERTAINTY_ASSIGNED_CONTEXT ( ( #622 ) ) GLOBAL_UNIT_ASSIGNED_CONTEXT ( ( #1574, #1776, #113 ) ) REPRESENTATION_CONTEXT ( 'NONE', 'WORKASPACE' ) );
#1009 = VERTEX_POINT ( 'NONE', #680 ) ;
#1010 = AXIS2_PLACEMENT_3D ( 'NONE', #1656, #1498, #749 ) ;
#1011 = DIRECTION ( 'NONE',  ( 0.000000000000000000, 1.000000000000000000, 0.000000000000000000 ) ) ;
#1012 = DIRECTION ( 'NONE',  ( 1.000000000000000000, 0.000000000000000000, 0.000000000000000000 ) ) ;
#1013 = CARTESIAN_POINT ( 'NONE',  ( 19.17196198327711798, 0.000000000000000000, 23.25444488791574571 ) ) ;
#1014 = CARTESIAN_POINT ( 'NONE',  ( 16.07270415933366081, 0.000000000000000000, -40.30294036547409320 ) ) ;
#1015 = VERTEX_POINT ( 'NONE', #1430 ) ;
#1016 = LINE ( 'NONE', #94, #190 ) ;
#1017 = EDGE_CURVE ( 'NONE', #294, #79, #217, .T. ) ;
#1018 = ORIENTED_EDGE ( 'NONE', *, *, #315, .T. ) ;
#1019 = EDGE_CURVE ( 'NONE', #97, #1271, #224, .T. ) ;
#1020 = ORIENTED_EDGE ( 'NONE', *, *, #207, .F. ) ;
#1021 = ORIENTED_EDGE ( 'NONE', *, *, #1017, .F. ) ;
#1022 = CARTESIAN_POINT ( 'NONE',  ( 11.13693180368816016, 0.000000000000000000, -5.936931803688084486 ) ) ;
#1023 = VECTOR ( 'NONE', #1308, 999.9999999999998863 ) ;
#1024 = EDGE_CURVE ( 'NONE', #1061, #1654, #48, .T. ) ;
#1025 = CARTESIAN_POINT ( 'NONE',  ( -16.07270415933394858, 6.000000000000000000, -38.80294036547397951 ) ) ;
#1026 = DIRECTION ( 'NONE',  ( -0.000000000000000000, 1.000000000000000000, -0.000000000000000000 ) ) ;
#1027 = VERTEX_POINT ( 'NONE', #1855 ) ;
#1028 = DIRECTION ( 'NONE',  ( -0.000000000000000000, 1.000000000000000000, -0.000000000000000000 ) ) ;
#1029 = DIRECTION ( 'NONE',  ( -0.000000000000000000, 1.000000000000000000, 0.000000000000000000 ) ) ;
#1030 = ORIENTED_EDGE ( 'NONE', *, *, #538, .T. ) ;
#1031 = ORIENTED_EDGE ( 'NONE', *, *, #721, .T. ) ;
#1032 = DIRECTION ( 'NONE',  ( 0.000000000000000000, 0.000000000000000000, 1.000000000000000000 ) ) ;
#1033 = DIRECTION ( 'NONE',  ( -0.000000000000000000, 1.000000000000000000, 0.000000000000000000 ) ) ;
#1034 = FACE_OUTER_BOUND ( 'NONE', #783, .T. ) ;
#1035 = ORIENTED_EDGE ( 'NONE', *, *, #618, .T. ) ;
#1036 = AXIS2_PLACEMENT_3D ( 'NONE', #1409, #1253, #524 ) ;
#1037 = LINE ( 'NONE', #1492, #1322 ) ;
#1038 = DIRECTION ( 'NONE',  ( -0.000000000000000000, 1.000000000000000000, -0.000000000000000000 ) ) ;
#1039 = ORIENTED_EDGE ( 'NONE', *, *, #264, .F. ) ;
#1040 = VERTEX_POINT ( 'NONE', #1883 ) ;
#1041 = VECTOR ( 'NONE', #1172, 1000.000000000000000 ) ;
#1042 = DIRECTION ( 'NONE',  ( -0.9659258262890680902, 0.000000000000000000, -0.2588190451025211281 ) ) ;
#1043 = EDGE_CURVE ( 'NONE', #356, #616, #1421, .T. ) ;
#1044 = VECTOR ( 'NONE', #360, 1000.000000000000000 ) ;
#1045 = EDGE_CURVE ( 'NONE', #335, #711, #1730, .T. ) ;
#1046 = DIRECTION ( 'NONE',  ( -0.000000000000000000, 1.000000000000000000, 0.000000000000000000 ) ) ;
#1047 = DIRECTION ( 'NONE',  ( 0.000000000000000000, -1.000000000000000000, 0.000000000000000000 ) ) ;
#1048 = EDGE_LOOP ( 'NONE', ( #1072, #1528 ) ) ;
#1049 = LINE ( 'NONE', #1650, #386 ) ;
#1050 = CARTESIAN_POINT ( 'NONE',  ( -11.13693180368812286, 0.000000000000000000, -11.13693180368812286 ) ) ;
#1051 = ORIENTED_EDGE ( 'NONE', *, *, #756, .T. ) ;
#1052 = EDGE_CURVE ( 'NONE', #1165, #1180, #1610, .T. ) ;
#1053 = ORIENTED_EDGE ( 'NONE', *, *, #697, .T. ) ;
#1054 = VECTOR ( 'NONE', #908, 1000.000000000000000 ) ;
#1055 = DIRECTION ( 'NONE',  ( 0.7071067811865382469, 0.000000000000000000, 0.7071067811865567876 ) ) ;
#1056 = CARTESIAN_POINT ( 'NONE',  ( 11.13693180368816016, 0.000000000000000000, -5.936931803688084486 ) ) ;
#1057 = AXIS2_PLACEMENT_3D ( 'NONE', #1561, #791, #1229 ) ;
#1058 = ORIENTED_EDGE ( 'NONE', *, *, #1305, .T. ) ;
#1059 = DIRECTION ( 'NONE',  ( 0.000000000000000000, 1.000000000000000000, 0.000000000000000000 ) ) ;
#1060 = DIRECTION ( 'NONE',  ( 0.000000000000000000, 1.000000000000000000, 0.000000000000000000 ) ) ;
#1061 = VERTEX_POINT ( 'NONE', #513 ) ;
#1062 = VERTEX_POINT ( 'NONE', #381 ) ;
#1063 = DIRECTION ( 'NONE',  ( 0.000000000000000000, 0.000000000000000000, 1.000000000000000000 ) ) ;
#1064 = DIRECTION ( 'NONE',  ( 1.000000000000000000, 0.000000000000000000, 1.034162072216942594E-14 ) ) ;
#1065 = VERTEX_POINT ( 'NONE', #1575 ) ;
#1066 = DIRECTION ( 'NONE',  ( 0.2588190451025312311, 0.000000000000000000, -0.9659258262890654256 ) ) ;
#1067 = CARTESIAN_POINT ( 'NONE',  ( -16.24372532069776653, 6.000000000000000000, -12.11706443482956885 ) ) ;
#1068 = EDGE_CURVE ( 'NONE', #1953, #1291, #1863, .T. ) ;
#1069 = VERTEX_POINT ( 'NONE', #1558 ) ;
#1070 = EDGE_CURVE ( 'NONE', #335, #1286, #1109, .T. ) ;
#1071 = CIRCLE ( 'NONE', #603, 1.500000000000004663 ) ;
#1072 = ORIENTED_EDGE ( 'NONE', *, *, #144, .F. ) ;
#1073 = AXIS2_PLACEMENT_3D ( 'NONE', #1651, #1943, #1798 ) ;
#1074 = LINE ( 'NONE', #657, #856 ) ;
#1075 = CARTESIAN_POINT ( 'NONE',  ( -38.80294036547414294, 0.000000000000000000, -17.57270415933352936 ) ) ;
#1076 = VECTOR ( 'NONE', #632, 1000.000000000000000 ) ;
#1077 = ORIENTED_EDGE ( 'NONE', *, *, #1813, .F. ) ;
#1078 = CIRCLE ( 'NONE', #764, 5.200000000000000178 ) ;
#1079 = DIRECTION ( 'NONE',  ( 0.9659258262890684232, 0.000000000000000000, -0.2588190451025204064 ) ) ;
#1080 = CARTESIAN_POINT ( 'NONE',  ( -16.24372532069789443, 6.000000000000000000, 12.11706443482939477 ) ) ;
#1081 = EDGE_LOOP ( 'NONE', ( #988, #1441, #851, #758 ) ) ;
#1082 = CARTESIAN_POINT ( 'NONE',  ( -11.13693180368812286, 0.000000000000000000, -5.936931803688122677 ) ) ;
#1083 = EDGE_CURVE ( 'NONE', #873, #573, #1071, .T. ) ;
#1084 = ORIENTED_EDGE ( 'NONE', *, *, #36, .F. ) ;
#1085 = CARTESIAN_POINT ( 'NONE',  ( 21.76015243430233070, 0.000000000000000000, 13.59518662502506103 ) ) ;
#1086 = PRODUCT ( 'Mounter Medium Plate', 'Mounter Medium Plate', '', ( #867 ) ) ;
#1087 = DIRECTION ( 'NONE',  ( -0.000000000000000000, 1.000000000000000000, -0.000000000000000000 ) ) ;
#1088 = VERTEX_POINT ( 'NONE', #1244 ) ;
#1090 = EDGE_CURVE ( 'NONE', #1778, #744, #977, .T. ) ;
#1089 = AXIS2_PLACEMENT_3D ( 'NONE', #1199, #292, #1368 ) ;
#1091 = CARTESIAN_POINT ( 'NONE',  ( -38.80294036547414294, 0.000000000000000000, -16.07270415933352581 ) ) ;
#1092 = CARTESIAN_POINT ( 'NONE',  ( -19.17196198327734891, 0.000000000000000000, 23.25444488791555386 ) ) ;
#1093 = VERTEX_POINT ( 'NONE', #671 ) ;
#1094 = DIRECTION ( 'NONE',  ( -0.7071067811865474617, 0.000000000000000000, 0.7071067811865474617 ) ) ;
#1095 = ORIENTED_EDGE ( 'NONE', *, *, #1937, .F. ) ;
#1096 = CARTESIAN_POINT ( 'NONE',  ( -21.76015243430246215, 0.000000000000000000, 13.59518662502482833 ) ) ;
#1097 = LINE ( 'NONE', #1106, #258 ) ;
#1098 = CARTESIAN_POINT ( 'NONE',  ( -16.07270415933394858, 0.000000000000000000, -38.80294036547397951 ) ) ;
#1099 = DIRECTION ( 'NONE',  ( 0.000000000000000000, 1.000000000000000000, 0.000000000000000000 ) ) ;
#1100 = ORIENTED_EDGE ( 'NONE', *, *, #374, .F. ) ;
#1101 = AXIS2_PLACEMENT_3D ( 'NONE', #716, #1922, #989 ) ;
#1102 = DIRECTION ( 'NONE',  ( 0.9659258262890682012, 0.000000000000000000, 0.2588190451025210725 ) ) ;
#1103 = EDGE_CURVE ( 'NONE', #316, #879, #951, .T. ) ;
#1104 = EDGE_CURVE ( 'NONE', #1009, #1286, #362, .T. ) ;
#1105 = AXIS2_PLACEMENT_3D ( 'NONE', #64, #27, #368 ) ;
#1106 = CARTESIAN_POINT ( 'NONE',  ( -25.50000000000000355, 6.000000000000000000, 3.099999999999999645 ) ) ;
#1107 = CARTESIAN_POINT ( 'NONE',  ( -21.76015243430246215, 0.000000000000000000, 13.59518662502482833 ) ) ;
#1108 = VECTOR ( 'NONE', #1881, 1000.000000000000000 ) ;
#1109 = LINE ( 'NONE', #1713, #1925 ) ;
#1110 = VERTEX_POINT ( 'NONE', #961 ) ;
#1111 = DIRECTION ( 'NONE',  ( 0.7071067811865533459, 0.000000000000000000, -0.7071067811865416886 ) ) ;
#1112 = DIRECTION ( 'NONE',  ( -0.000000000000000000, 1.000000000000000000, -0.000000000000000000 ) ) ;
#1113 = CARTESIAN_POINT ( 'NONE',  ( 0.000000000000000000, 0.000000000000000000, -48.00000000000000711 ) ) ;
#1114 = DIRECTION ( 'NONE',  ( -0.000000000000000000, 1.000000000000000000, -0.000000000000000000 ) ) ;
#1115 = ORIENTED_EDGE ( 'NONE', *, *, #627, .F. ) ;
#1116 = ORIENTED_EDGE ( 'NONE', *, *, #383, .F. ) ;
#1117 = CARTESIAN_POINT ( 'NONE',  ( -13.59518662502505393, 0.000000000000000000, -21.76015243430232005 ) ) ;
#1118 = DIRECTION ( 'NONE',  ( 0.000000000000000000, 1.000000000000000000, 0.000000000000000000 ) ) ;
#1119 = CARTESIAN_POINT ( 'NONE',  ( 16.18337707605030218, 0.000000000000000000, -12.10089417141157497 ) ) ;
#1120 = SURFACE_STYLE_FILL_AREA ( #1243 ) ;
#1121 = CARTESIAN_POINT ( 'NONE',  ( -21.76015243430233070, 0.000000000000000000, -13.59518662502506103 ) ) ;
#1122 = ADVANCED_FACE ( 'NONE', ( #1847 ), #346, .F. ) ;
#1123 = ORIENTED_EDGE ( 'NONE', *, *, #462, .F. ) ;
#1124 = EDGE_CURVE ( 'NONE', #853, #1144, #1548, .T. ) ;
#1125 = ORIENTED_EDGE ( 'NONE', *, *, #964, .F. ) ;
#1126 = VECTOR ( 'NONE', #968, 1000.000000000000000 ) ;
#1127 = ORIENTED_EDGE ( 'NONE', *, *, #697, .F. ) ;
#1128 = DIRECTION ( 'NONE',  ( -0.9659258262890682012, 0.000000000000000000, 0.2588190451025210725 ) ) ;
#1129 = DIRECTION ( 'NONE',  ( -0.7071067811865427988, 0.000000000000000000, -0.7071067811865521247 ) ) ;
#1130 = CARTESIAN_POINT ( 'NONE',  ( -19.17196198327734891, 6.000000000000000000, 23.25444488791555386 ) ) ;
#1131 = VERTEX_POINT ( 'NONE', #506 ) ;
#1132 = VECTOR ( 'NONE', #282, 1000.000000000000114 ) ;
#1133 = DIRECTION ( 'NONE',  ( 0.000000000000000000, 0.000000000000000000, -1.000000000000000000 ) ) ;
#1134 = CIRCLE ( 'NONE', #11, 1.500000000000004441 ) ;
#1135 = ORIENTED_EDGE ( 'NONE', *, *, #1215, .T. ) ;
#1136 = VECTOR ( 'NONE', #191, 1000.000000000000000 ) ;
#1137 = EDGE_CURVE ( 'NONE', #515, #225, #789, .T. ) ;
#1138 = EDGE_LOOP ( 'NONE', ( #834, #1828, #153, #1442 ) ) ;
#1139 = CARTESIAN_POINT ( 'NONE',  ( -16.07270415933393082, 6.000000000000000000, 38.80294036547397951 ) ) ;
#1140 = FACE_OUTER_BOUND ( 'NONE', #302, .T. ) ;
#1141 = CARTESIAN_POINT ( 'NONE',  ( -23.25444488791575282, 0.000000000000000000, -19.17196198327710732 ) ) ;
#1142 = ORIENTED_EDGE ( 'NONE', *, *, #118, .F. ) ;
#1143 = CARTESIAN_POINT ( 'NONE',  ( -19.17196198327711798, 0.000000000000000000, -23.25444488791574571 ) ) ;
#1144 = VERTEX_POINT ( 'NONE', #1310 ) ;
#1145 = VECTOR ( 'NONE', #1931, 1000.000000000000114 ) ;
#1146 = ORIENTED_EDGE ( 'NONE', *, *, #722, .F. ) ;
#1147 = PLANE ( 'NONE',  #614 ) ;
#1148 = EDGE_CURVE ( 'NONE', #800, #922, #1016, .T. ) ;
#1149 = DIRECTION ( 'NONE',  ( -0.2588190451025210170, 0.000000000000000000, -0.9659258262890680902 ) ) ;
#1150 = CARTESIAN_POINT ( 'NONE',  ( 11.13693180368812286, 6.000000000000000000, 11.13693180368812286 ) ) ;
#1151 = VERTEX_POINT ( 'NONE', #564 ) ;
#1152 = FACE_OUTER_BOUND ( 'NONE', #1460, .T. ) ;
#1153 = ORIENTED_EDGE ( 'NONE', *, *, #1787, .F. ) ;
#1154 = EDGE_CURVE ( 'NONE', #1151, #1768, #1006, .T. ) ;
#1155 = VERTEX_POINT ( 'NONE', #709 ) ;
#1156 = DIRECTION ( 'NONE',  ( -1.000000000000000000, 0.000000000000000000, -4.625929269271470334E-15 ) ) ;
#1157 = EDGE_CURVE ( 'NONE', #1659, #1941, #1280, .T. ) ;
#1158 = DIRECTION ( 'NONE',  ( 0.7071067811865472397, 0.000000000000000000, -0.7071067811865479058 ) ) ;
#1159 = ADVANCED_FACE ( 'NONE', ( #1152 ), #571, .F. ) ;
#1160 = FACE_OUTER_BOUND ( 'NONE', #507, .T. ) ;
#1161 = AXIS2_PLACEMENT_3D ( 'NONE', #135, #894, #1671 ) ;
#1162 = FACE_BOUND ( 'NONE', #1827, .T. ) ;
#1163 = ORIENTED_EDGE ( 'NONE', *, *, #1070, .F. ) ;
#1164 = VERTEX_POINT ( 'NONE', #727 ) ;
#1165 = VERTEX_POINT ( 'NONE', #114 ) ;
#1166 = ADVANCED_FACE ( 'NONE', ( #1758, #283, #696, #1765, #1278, #106, #1748, #402, #871, #1162, #1449, #1320, #1777, #1904 ), #392, .T. ) ;
#1167 = AXIS2_PLACEMENT_3D ( 'NONE', #379, #240, #686 ) ;
#1168 = FACE_BOUND ( 'NONE', #1836, .T. ) ;
#1169 = CARTESIAN_POINT ( 'NONE',  ( 21.76015243430236978, 0.000000000000000000, -13.59518662502497754 ) ) ;
#1170 = CYLINDRICAL_SURFACE ( 'NONE', #1205, 48.00000000000000711 ) ;
#1171 = EDGE_LOOP ( 'NONE', ( #1652, #433 ) ) ;
#1172 = DIRECTION ( 'NONE',  ( -0.000000000000000000, 1.000000000000000000, -0.000000000000000000 ) ) ;
#1173 = DIRECTION ( 'NONE',  ( 1.000000000000000000, 0.000000000000000000, 0.000000000000000000 ) ) ;
#1174 = EDGE_LOOP ( 'NONE', ( #403, #1757, #1932, #1633 ) ) ;
#1175 = ORIENTED_EDGE ( 'NONE', *, *, #1, .F. ) ;
#1176 = FACE_OUTER_BOUND ( 'NONE', #468, .T. ) ;
#1177 = CIRCLE ( 'NONE', #1944, 5.200000000000000178 ) ;
#1178 = CARTESIAN_POINT ( 'NONE',  ( -38.80294036547413583, 6.000000000000000000, 17.57270415933354712 ) ) ;
#1179 = CARTESIAN_POINT ( 'NONE',  ( 12.10089417141163182, 6.000000000000000000, 16.18337707605026310 ) ) ;
#1180 = VERTEX_POINT ( 'NONE', #124 ) ;
#1181 = PLANE ( 'NONE',  #1898 ) ;
#1182 = CARTESIAN_POINT ( 'NONE',  ( -21.76015243430233070, 6.000000000000000000, -13.59518662502506103 ) ) ;
#1183 = ORIENTED_EDGE ( 'NONE', *, *, #875, .F. ) ;
#1184 = EDGE_CURVE ( 'NONE', #599, #165, #275, .T. ) ;
#1185 = ORIENTED_EDGE ( 'NONE', *, *, #22, .T. ) ;
#1186 = CARTESIAN_POINT ( 'NONE',  ( -19.17196198327734891, 0.000000000000000000, 23.25444488791555386 ) ) ;
#1187 = LINE ( 'NONE', #1506, #357 ) ;
#1188 = DIRECTION ( 'NONE',  ( -0.000000000000000000, 1.000000000000000000, -0.000000000000000000 ) ) ;
#1189 = ORIENTED_EDGE ( 'NONE', *, *, #1024, .F. ) ;
#1190 = VECTOR ( 'NONE', #996, 1000.000000000000000 ) ;
#1191 = FACE_OUTER_BOUND ( 'NONE', #1138, .T. ) ;
#1192 = CARTESIAN_POINT ( 'NONE',  ( 12.10089417141163182, 0.000000000000000000, 16.18337707605026310 ) ) ;
#1193 = EDGE_LOOP ( 'NONE', ( #1031, #1135, #1886, #535 ) ) ;
#1194 = AXIS2_PLACEMENT_3D ( 'NONE', #1525, #1834, #486 ) ;
#1195 = ORIENTED_EDGE ( 'NONE', *, *, #1540, .T. ) ;
#1196 = CIRCLE ( 'NONE', #417, 5.200000000000000178 ) ;
#1197 = VECTOR ( 'NONE', #1424, 1000.000000000000000 ) ;
#1198 = DIRECTION ( 'NONE',  ( -0.9659258262890683122, 0.000000000000000000, -0.2588190451025209060 ) ) ;
#1199 = CARTESIAN_POINT ( 'NONE',  ( -21.76015243430246215, 0.000000000000000000, 13.59518662502482833 ) ) ;
#1200 = ORIENTED_EDGE ( 'NONE', *, *, #239, .T. ) ;
#1201 = CARTESIAN_POINT ( 'NONE',  ( -11.13693180368812286, 6.000000000000000000, -11.13693180368812286 ) ) ;
#1202 = CARTESIAN_POINT ( 'NONE',  ( 11.13693180368816016, 6.000000000000000000, -11.13693180368808378 ) ) ;
#1203 = VERTEX_POINT ( 'NONE', #1933 ) ;
#1204 = ORIENTED_EDGE ( 'NONE', *, *, #125, .T. ) ;
#1205 = AXIS2_PLACEMENT_3D ( 'NONE', #241, #578, #272 ) ;
#1206 = LINE ( 'NONE', #13, #1934 ) ;
#1207 = ADVANCED_FACE ( 'NONE', ( #1299 ), #841, .F. ) ;
#1208 = LINE ( 'NONE', #309, #1880 ) ;
#1209 = EDGE_CURVE ( 'NONE', #1062, #699, #860, .T. ) ;
#1210 = ORIENTED_EDGE ( 'NONE', *, *, #406, .T. ) ;
#1211 = DIRECTION ( 'NONE',  ( -0.9659258262890673130, 0.000000000000000000, -0.2588190451025245697 ) ) ;
#1212 = DIRECTION ( 'NONE',  ( -1.000000000000000000, -0.000000000000000000, -0.000000000000000000 ) ) ;
#1213 = VERTEX_POINT ( 'NONE', #1891 ) ;
#1214 = EDGE_LOOP ( 'NONE', ( #590, #1569, #1590, #684 ) ) ;
#1215 = EDGE_CURVE ( 'NONE', #1300, #1905, #543, .T. ) ;
#1216 = DIRECTION ( 'NONE',  ( 0.000000000000000000, 0.000000000000000000, 1.000000000000000000 ) ) ;
#1217 = DIRECTION ( 'NONE',  ( -1.000000000000000000, 0.000000000000000000, -0.000000000000000000 ) ) ;
#1218 = ORIENTED_EDGE ( 'NONE', *, *, #522, .F. ) ;
#1219 = EDGE_CURVE ( 'NONE', #573, #1628, #1786, .T. ) ;
#1220 = ADVANCED_FACE ( 'NONE', ( #432 ), #850, .F. ) ;
#1221 = DIRECTION ( 'NONE',  ( 0.000000000000000000, 0.000000000000000000, 1.000000000000000000 ) ) ;
#1222 = CARTESIAN_POINT ( 'NONE',  ( -38.80294036547413583, 0.000000000000000000, 14.57270415933353824 ) ) ;
#1223 = AXIS2_PLACEMENT_3D ( 'NONE', #1143, #881, #1618 ) ;
#1224 = ORIENTED_EDGE ( 'NONE', *, *, #1877, .T. ) ;
#1225 = CARTESIAN_POINT ( 'NONE',  ( -13.59518662502505038, 6.000000000000000000, -21.76015243430232005 ) ) ;
#1226 = ORIENTED_EDGE ( 'NONE', *, *, #481, .F. ) ;
#1227 = EDGE_CURVE ( 'NONE', #1065, #1203, #1255, .T. ) ;
#1228 = LINE ( 'NONE', #1367, #549 ) ;
#1229 = DIRECTION ( 'NONE',  ( -0.9659258262890690894, 0.000000000000000000, 0.2588190451025176864 ) ) ;
#1230 = VECTOR ( 'NONE', #517, 1000.000000000000000 ) ;
#1231 = ORIENTED_EDGE ( 'NONE', *, *, #1630, .F. ) ;
#1232 = CIRCLE ( 'NONE', #388, 3.099999999999999645 ) ;
#1233 = CARTESIAN_POINT ( 'NONE',  ( -16.07270415933394858, 6.000000000000000000, -40.30294036547397951 ) ) ;
#1234 = CARTESIAN_POINT ( 'NONE',  ( -38.80294036547414294, 6.000000000000000000, -17.57270415933352936 ) ) ;
#1235 = ORIENTED_EDGE ( 'NONE', *, *, #1642, .F. ) ;
#1236 = DIRECTION ( 'NONE',  ( -0.000000000000000000, 1.000000000000000000, -0.000000000000000000 ) ) ;
#1237 = ORIENTED_EDGE ( 'NONE', *, *, #822, .F. ) ;
#1238 = DIRECTION ( 'NONE',  ( 0.000000000000000000, 0.000000000000000000, 1.000000000000000000 ) ) ;
#1239 = DIRECTION ( 'NONE',  ( 0.000000000000000000, 1.000000000000000000, 0.000000000000000000 ) ) ;
#1240 = FACE_OUTER_BOUND ( 'NONE', #306, .T. ) ;
#1241 = LINE ( 'NONE', #1704, #1821 ) ;
#1242 = AXIS2_PLACEMENT_3D ( 'NONE', #926, #1831, #652 ) ;
#1243 = FILL_AREA_STYLE ('',( #57 ) ) ;
#1244 = CARTESIAN_POINT ( 'NONE',  ( 11.13693180368812286, 0.000000000000000000, 16.33693180368812037 ) ) ;
#1245 = ORIENTED_EDGE ( 'NONE', *, *, #264, .T. ) ;
#1246 = EDGE_CURVE ( 'NONE', #1832, #1009, #334, .T. ) ;
#1247 = ADVANCED_FACE ( 'NONE', ( #911 ), #1342, .F. ) ;
#1248 = CARTESIAN_POINT ( 'NONE',  ( 11.13693180368816016, 0.000000000000000000, -11.13693180368808378 ) ) ;
#1249 =( NAMED_UNIT ( * ) SI_UNIT ( $, .STERADIAN. ) SOLID_ANGLE_UNIT ( ) );
#1250 = DIRECTION ( 'NONE',  ( -0.2588190451025309535, 0.000000000000000000, 0.9659258262890655367 ) ) ;
#1251 = DIRECTION ( 'NONE',  ( -0.000000000000000000, 1.000000000000000000, -0.000000000000000000 ) ) ;
#1252 = SURFACE_STYLE_USAGE ( .BOTH. , #1565 ) ;
#1253 = DIRECTION ( 'NONE',  ( 0.000000000000000000, 1.000000000000000000, 0.000000000000000000 ) ) ;
#1254 = VERTEX_POINT ( 'NONE', #754 ) ;
#1255 = CIRCLE ( 'NONE', #604, 1.500000000000004441 ) ;
#1256 = DIRECTION ( 'NONE',  ( 0.000000000000000000, 0.000000000000000000, 1.000000000000000000 ) ) ;
#1257 = DIRECTION ( 'NONE',  ( -0.000000000000000000, 1.000000000000000000, -0.000000000000000000 ) ) ;
#1258 = DIRECTION ( 'NONE',  ( -0.2588190451025204064, 0.000000000000000000, -0.9659258262890684232 ) ) ;
#1259 = DIRECTION ( 'NONE',  ( -0.000000000000000000, 1.000000000000000000, -0.000000000000000000 ) ) ;
#1260 = VECTOR ( 'NONE', #1033, 1000.000000000000000 ) ;
#1261 = DIRECTION ( 'NONE',  ( 0.000000000000000000, 1.000000000000000000, -0.000000000000000000 ) ) ;
#1262 = ORIENTED_EDGE ( 'NONE', *, *, #1515, .F. ) ;
#1263 = ORIENTED_EDGE ( 'NONE', *, *, #698, .F. ) ;
#1264 = FACE_BOUND ( 'NONE', #729, .T. ) ;
#1265 = EDGE_CURVE ( 'NONE', #1914, #1708, #128, .T. ) ;
#1266 = DIRECTION ( 'NONE',  ( -0.000000000000000000, 1.000000000000000000, -0.000000000000000000 ) ) ;
#1267 = EDGE_CURVE ( 'NONE', #424, #1692, #1581, .T. ) ;
#1268 = LINE ( 'NONE', #1882, #339 ) ;
#1269 = VECTOR ( 'NONE', #858, 1000.000000000000000 ) ;
#1270 = CARTESIAN_POINT ( 'NONE',  ( 12.11706443482956708, 6.000000000000000000, 16.24372532069776653 ) ) ;
#1271 = VERTEX_POINT ( 'NONE', #1182 ) ;
#1272 = ORIENTED_EDGE ( 'NONE', *, *, #923, .T. ) ;
#1273 = ORIENTED_EDGE ( 'NONE', *, *, #1045, .F. ) ;
#1274 = DIRECTION ( 'NONE',  ( -0.9659258262890690894, 0.000000000000000000, 0.2588190451025176864 ) ) ;
#1275 = CARTESIAN_POINT ( 'NONE',  ( 11.13693180368812286, 6.000000000000000000, 5.936931803688122677 ) ) ;
#1276 = DIRECTION ( 'NONE',  ( -1.000000000000000000, 0.000000000000000000, -4.625929269271470334E-15 ) ) ;
#1277 = EDGE_CURVE ( 'NONE', #1027, #912, #1514, .T. ) ;
#1278 = FACE_BOUND ( 'NONE', #1423, .T. ) ;
#1279 = ORIENTED_EDGE ( 'NONE', *, *, #1567, .F. ) ;
#1280 = CIRCLE ( 'NONE', #1101, 1.500000000000004885 ) ;
#1281 = ORIENTED_EDGE ( 'NONE', *, *, #187, .T. ) ;
#1282 = FACE_BOUND ( 'NONE', #1422, .T. ) ;
#1283 = PRODUCT_DEFINITION_SHAPE ( 'NONE', 'NONE',  #984 ) ;
#1284 = FACE_OUTER_BOUND ( 'NONE', #546, .T. ) ;
#1285 = LINE ( 'NONE', #1427, #396 ) ;
#1286 = VERTEX_POINT ( 'NONE', #1807 ) ;
#1287 = AXIS2_PLACEMENT_3D ( 'NONE', #1341, #431, #1951 ) ;
#1288 = CARTESIAN_POINT ( 'NONE',  ( -16.07270415933394858, 0.000000000000000000, -37.30294036547397951 ) ) ;
#1289 = VECTOR ( 'NONE', #260, 1000.000000000000000 ) ;
#1290 = ORIENTED_EDGE ( 'NONE', *, *, #1104, .F. ) ;
#1291 = VERTEX_POINT ( 'NONE', #173 ) ;
#1292 = AXIS2_PLACEMENT_3D ( 'NONE', #925, #181, #537 ) ;
#1293 = EDGE_CURVE ( 'NONE', #1180, #1165, #1895, .T. ) ;
#1294 = ORIENTED_EDGE ( 'NONE', *, *, #763, .T. ) ;
#1295 = CARTESIAN_POINT ( 'NONE',  ( 16.07270415933367502, 0.000000000000000000, 38.80294036547408609 ) ) ;
#1296 = FACE_OUTER_BOUND ( 'NONE', #126, .T. ) ;
#1297 = LINE ( 'NONE', #249, #683 ) ;
#1298 = ORIENTED_EDGE ( 'NONE', *, *, #1503, .T. ) ;
#1299 = FACE_OUTER_BOUND ( 'NONE', #1673, .T. ) ;
#1300 = VERTEX_POINT ( 'NONE', #1067 ) ;
#1301 = AXIS2_PLACEMENT_3D ( 'NONE', #1745, #1003, #390 ) ;
#1302 = PRODUCT_DEFINITION_FORMATION_WITH_SPECIFIED_SOURCE ( 'ANY', '', #1086, .NOT_KNOWN. ) ;
#1303 = ORIENTED_EDGE ( 'NONE', *, *, #1414, .T. ) ;
#1304 = EDGE_CURVE ( 'NONE', #616, #347, #448, .T. ) ;
#1305 = EDGE_CURVE ( 'NONE', #294, #1778, #737, .T. ) ;
#1306 = FACE_BOUND ( 'NONE', #555, .T. ) ;
#1307 = FACE_OUTER_BOUND ( 'NONE', #382, .T. ) ;
#1308 = DIRECTION ( 'NONE',  ( -0.7071067811865472397, 0.000000000000000000, 0.7071067811865479058 ) ) ;
#1309 = ORIENTED_EDGE ( 'NONE', *, *, #1090, .F. ) ;
#1310 = CARTESIAN_POINT ( 'NONE',  ( -12.11706443482973761, 6.000000000000000000, 16.24372532069764219 ) ) ;
#1311 = EDGE_CURVE ( 'NONE', #1494, #1015, #1371, .T. ) ;
#1312 = ORIENTED_EDGE ( 'NONE', *, *, #1930, .F. ) ;
#1313 = ORIENTED_EDGE ( 'NONE', *, *, #436, .F. ) ;
#1314 = CARTESIAN_POINT ( 'NONE',  ( 16.07270415933366081, 6.000000000000000000, -37.30294036547408609 ) ) ;
#1315 = AXIS2_PLACEMENT_3D ( 'NONE', #1295, #110, #691 ) ;
#1316 = VECTOR ( 'NONE', #777, 1000.000000000000000 ) ;
#1317 = FACE_OUTER_BOUND ( 'NONE', #1766, .T. ) ;
#1318 = LINE ( 'NONE', #233, #1664 ) ;
#1319 = EDGE_LOOP ( 'NONE', ( #453, #1379, #1784, #1294 ) ) ;
#1320 = FACE_BOUND ( 'NONE', #1611, .T. ) ;
#1321 = ORIENTED_EDGE ( 'NONE', *, *, #1219, .F. ) ;
#1322 = VECTOR ( 'NONE', #1797, 1000.000000000000000 ) ;
#1323 = EDGE_LOOP ( 'NONE', ( #844, #708, #913, #394 ) ) ;
#1324 = AXIS2_PLACEMENT_3D ( 'NONE', #1919, #1426, #986 ) ;
#1325 = CARTESIAN_POINT ( 'NONE',  ( 16.07270415933366081, 6.000000000000000000, -38.80294036547408609 ) ) ;
#1326 = DIRECTION ( 'NONE',  ( 0.000000000000000000, 1.000000000000000000, 0.000000000000000000 ) ) ;
#1327 = LINE ( 'NONE', #1676, #1496 ) ;
#1328 = ORIENTED_EDGE ( 'NONE', *, *, #1718, .T. ) ;
#1329 = EDGE_CURVE ( 'NONE', #493, #1500, #773, .T. ) ;
#1330 = EDGE_CURVE ( 'NONE', #464, #616, #613, .T. ) ;
#1331 = FACE_OUTER_BOUND ( 'NONE', #1174, .T. ) ;
#1332 = CARTESIAN_POINT ( 'NONE',  ( 23.25444488791581321, 6.000000000000000000, -19.17196198327703627 ) ) ;
#1333 = ORIENTED_EDGE ( 'NONE', *, *, #207, .T. ) ;
#1334 = EDGE_CURVE ( 'NONE', #1905, #982, #1535, .T. ) ;
#1335 = ORIENTED_EDGE ( 'NONE', *, *, #664, .T. ) ;
#1336 = AXIS2_PLACEMENT_3D ( 'NONE', #206, #65, #949 ) ;
#1337 = PLANE ( 'NONE',  #1001 ) ;
#1338 = FACE_OUTER_BOUND ( 'NONE', #1580, .T. ) ;
#1339 = LINE ( 'NONE', #1666, #1054 ) ;
#1340 = ORIENTED_EDGE ( 'NONE', *, *, #179, .T. ) ;
#1341 = CARTESIAN_POINT ( 'NONE',  ( 16.07270415933366081, 0.000000000000000000, -38.80294036547408609 ) ) ;
#1342 = CYLINDRICAL_SURFACE ( 'NONE', #1476, 5.199999999999998401 ) ;
#1343 = ORIENTED_EDGE ( 'NONE', *, *, #676, .F. ) ;
#1344 = ORIENTED_EDGE ( 'NONE', *, *, #793, .F. ) ;
#1345 = CARTESIAN_POINT ( 'NONE',  ( -13.59518662502528841, 0.000000000000000000, 21.76015243430218860 ) ) ;
#1346 = LINE ( 'NONE', #1179, #1462 ) ;
#1347 = ORIENTED_EDGE ( 'NONE', *, *, #1124, .F. ) ;
#1348 = VECTOR ( 'NONE', #1737, 1000.000000000000114 ) ;
#1349 = DIRECTION ( 'NONE',  ( 0.7071067811865403563, 0.000000000000000000, 0.7071067811865546782 ) ) ;
#1350 = DIRECTION ( 'NONE',  ( 0.000000000000000000, 1.000000000000000000, 0.000000000000000000 ) ) ;
#1351 = DIRECTION ( 'NONE',  ( -0.9659258262890690894, 0.000000000000000000, 0.2588190451025176864 ) ) ;
#1352 = EDGE_LOOP ( 'NONE', ( #872, #1470, #1004, #1385 ) ) ;
#1353 = EDGE_CURVE ( 'NONE', #274, #1759, #312, .T. ) ;
#1354 = VECTOR ( 'NONE', #772, 1000.000000000000000 ) ;
#1355 = AXIS2_PLACEMENT_3D ( 'NONE', #877, #577, #1635 ) ;
#1356 = DIRECTION ( 'NONE',  ( 0.000000000000000000, 0.000000000000000000, -1.000000000000000000 ) ) ;
#1357 = CARTESIAN_POINT ( 'NONE',  ( 11.13693180368812286, 0.000000000000000000, 11.13693180368812286 ) ) ;
#1358 = ORIENTED_EDGE ( 'NONE', *, *, #168, .T. ) ;
#1359 = ADVANCED_BREP_SHAPE_REPRESENTATION ( 'Mounter Medium Plate', ( #26, #1497 ), #1701 ) ;
#1360 = CARTESIAN_POINT ( 'NONE',  ( -38.80294036547414294, 6.000000000000000000, -14.57270415933352048 ) ) ;
#1361 = DIRECTION ( 'NONE',  ( -0.000000000000000000, 1.000000000000000000, 0.000000000000000000 ) ) ;
#1362 = ORIENTED_EDGE ( 'NONE', *, *, #1017, .T. ) ;
#1363 = VERTEX_POINT ( 'NONE', #592 ) ;
#1364 = ADVANCED_FACE ( 'NONE', ( #1512 ), #1680, .F. ) ;
#1365 = EDGE_CURVE ( 'NONE', #573, #873, #1866, .T. ) ;
#1366 = VECTOR ( 'NONE', #505, 1000.000000000000000 ) ;
#1367 = CARTESIAN_POINT ( 'NONE',  ( -38.80294036547414294, 0.000000000000000000, -14.57270415933352048 ) ) ;
#1368 = DIRECTION ( 'NONE',  ( -0.2588190451025309535, 0.000000000000000000, 0.9659258262890655367 ) ) ;
#1369 = VERTEX_POINT ( 'NONE', #1080 ) ;
#1370 = FACE_OUTER_BOUND ( 'NONE', #1352, .T. ) ;
#1371 = LINE ( 'NONE', #1192, #370 ) ;
#1372 = VECTOR ( 'NONE', #624, 1000.000000000000000 ) ;
#1373 = EDGE_LOOP ( 'NONE', ( #404, #1125, #1746, #1051 ) ) ;
#1374 = EDGE_CURVE ( 'NONE', #385, #98, #297, .T. ) ;
#1375 = CARTESIAN_POINT ( 'NONE',  ( 0.000000000000000000, 0.000000000000000000, 0.000000000000000000 ) ) ;
#1376 = ORIENTED_EDGE ( 'NONE', *, *, #1052, .T. ) ;
#1377 = DIRECTION ( 'NONE',  ( 0.000000000000000000, 1.000000000000000000, 0.000000000000000000 ) ) ;
#1378 = DIRECTION ( 'NONE',  ( -0.2588190451025245142, 0.000000000000000000, 0.9659258262890672020 ) ) ;
#1379 = ORIENTED_EDGE ( 'NONE', *, *, #1928, .F. ) ;
#1380 = CYLINDRICAL_SURFACE ( 'NONE', #761, 3.099999999999999645 ) ;
#1381 = LINE ( 'NONE', #222, #792 ) ;
#1382 = VECTOR ( 'NONE', #1402, 1000.000000000000000 ) ;
#1383 = ORIENTED_EDGE ( 'NONE', *, *, #1837, .T. ) ;
#1384 = DIRECTION ( 'NONE',  ( -0.2588190451025209060, 0.000000000000000000, 0.9659258262890683122 ) ) ;
#1385 = ORIENTED_EDGE ( 'NONE', *, *, #1813, .T. ) ;
#1386 = CIRCLE ( 'NONE', #1551, 5.200000000000000178 ) ;
#1387 = CYLINDRICAL_SURFACE ( 'NONE', #1903, 5.200000000000000178 ) ;
#1388 = CARTESIAN_POINT ( 'NONE',  ( -11.13693180368823832, 6.000000000000000000, 11.13693180368800562 ) ) ;
#1389 = AXIS2_PLACEMENT_3D ( 'NONE', #1735, #1118, #1129 ) ;
#1390 = AXIS2_PLACEMENT_3D ( 'NONE', #62, #667, #1868 ) ;
#1391 = CYLINDRICAL_SURFACE ( 'NONE', #1685, 1.500000000000004885 ) ;
#1392 = CARTESIAN_POINT ( 'NONE',  ( 12.11706443482956708, 0.000000000000000000, 16.24372532069776653 ) ) ;
#1393 = ADVANCED_FACE ( 'NONE', ( #746 ), #1952, .F. ) ;
#1394 = EDGE_CURVE ( 'NONE', #385, #92, #1381, .T. ) ;
#1395 = CARTESIAN_POINT ( 'NONE',  ( 38.80294036547414294, 0.000000000000000000, 16.07270415933352581 ) ) ;
#1396 = ORIENTED_EDGE ( 'NONE', *, *, #1727, .F. ) ;
#1397 = CARTESIAN_POINT ( 'NONE',  ( 13.59518662502513742, 6.000000000000000000, -21.76015243430228452 ) ) ;
#1398 = ADVANCED_FACE ( 'NONE', ( #1419 ), #1845, .F. ) ;
#1399 = CIRCLE ( 'NONE', #1562, 1.500000000000004885 ) ;
#1400 = DIRECTION ( 'NONE',  ( 1.000000000000000000, 0.000000000000000000, 0.000000000000000000 ) ) ;
#1401 = CARTESIAN_POINT ( 'NONE',  ( 11.13693180368812286, 0.000000000000000000, 16.33693180368812037 ) ) ;
#1402 = DIRECTION ( 'NONE',  ( -0.000000000000000000, 1.000000000000000000, -0.000000000000000000 ) ) ;
#1403 = ORIENTED_EDGE ( 'NONE', *, *, #1674, .T. ) ;
#1404 = CARTESIAN_POINT ( 'NONE',  ( 11.13693180368812286, 0.000000000000000000, 11.13693180368812286 ) ) ;
#1405 = LINE ( 'NONE', #483, #52 ) ;
#1406 = VECTOR ( 'NONE', #1661, 1000.000000000000000 ) ;
#1407 = CARTESIAN_POINT ( 'NONE',  ( -19.17196198327711798, 0.000000000000000000, -23.25444488791574571 ) ) ;
#1408 = DIRECTION ( 'NONE',  ( 0.000000000000000000, 1.000000000000000000, 0.000000000000000000 ) ) ;
#1409 = CARTESIAN_POINT ( 'NONE',  ( 16.07270415933367502, 6.000000000000000000, 38.80294036547408609 ) ) ;
#1410 = ORIENTED_EDGE ( 'NONE', *, *, #822, .T. ) ;
#1411 = AXIS2_PLACEMENT_3D ( 'NONE', #1325, #596, #1156 ) ;
#1412 = VERTEX_POINT ( 'NONE', #1234 ) ;
#1413 = EDGE_CURVE ( 'NONE', #79, #744, #660, .T. ) ;
#1414 = EDGE_CURVE ( 'NONE', #1069, #1526, #1720, .T. ) ;
#1415 = CARTESIAN_POINT ( 'NONE',  ( -21.76015243430246215, 6.000000000000000000, 13.59518662502482655 ) ) ;
#1416 = CARTESIAN_POINT ( 'NONE',  ( 16.07270415933366081, 0.000000000000000000, -38.80294036547408609 ) ) ;
#1417 = STYLED_ITEM ( 'NONE', ( #512 ), #26 ) ;
#1418 = DIRECTION ( 'NONE',  ( -0.000000000000000000, 1.000000000000000000, 0.000000000000000000 ) ) ;
#1419 = FACE_OUTER_BOUND ( 'NONE', #320, .T. ) ;
#1420 = CIRCLE ( 'NONE', #259, 5.200000000000000178 ) ;
#1421 = LINE ( 'NONE', #534, #692 ) ;
#1422 = EDGE_LOOP ( 'NONE', ( #570, #1811 ) ) ;
#1423 = EDGE_LOOP ( 'NONE', ( #15, #1599, #861, #646, #595, #437, #1218, #1589 ) ) ;
#1424 = DIRECTION ( 'NONE',  ( -0.000000000000000000, 1.000000000000000000, -0.000000000000000000 ) ) ;
#1425 = EDGE_CURVE ( 'NONE', #1953, #1061, #38, .T. ) ;
#1426 = DIRECTION ( 'NONE',  ( -0.000000000000000000, 1.000000000000000000, 0.000000000000000000 ) ) ;
#1427 = CARTESIAN_POINT ( 'NONE',  ( -12.10089417141163182, 0.000000000000000000, -16.18337707605026310 ) ) ;
#1428 = VECTOR ( 'NONE', #1047, 1000.000000000000000 ) ;
#1429 = VECTOR ( 'NONE', #280, 1000.000000000000114 ) ;
#1430 = CARTESIAN_POINT ( 'NONE',  ( 13.59518662502505393, 0.000000000000000000, 21.76015243430232005 ) ) ;
#1431 = ORIENTED_EDGE ( 'NONE', *, *, #1928, .T. ) ;
#1432 = ADVANCED_FACE ( 'NONE', ( #812 ), #929, .F. ) ;
#1433 = AXIS2_PLACEMENT_3D ( 'NONE', #1050, #1060, #1826 ) ;
#1434 = VERTEX_POINT ( 'NONE', #785 ) ;
#1435 = CARTESIAN_POINT ( 'NONE',  ( -24.50000000000000000, 0.000000000000000000, 3.099999999999999645 ) ) ;
#1436 = DIRECTION ( 'NONE',  ( 0.000000000000000000, 1.000000000000000000, 0.000000000000000000 ) ) ;
#1437 = LINE ( 'NONE', #1910, #1269 ) ;
#1438 = ORIENTED_EDGE ( 'NONE', *, *, #93, .T. ) ;
#1439 = DIRECTION ( 'NONE',  ( -0.000000000000000000, 1.000000000000000000, -0.000000000000000000 ) ) ;
#1440 = APPLICATION_CONTEXT ( 'automotive_design' ) ;
#1441 = ORIENTED_EDGE ( 'NONE', *, *, #1019, .F. ) ;
#1442 = ORIENTED_EDGE ( 'NONE', *, *, #1154, .T. ) ;
#1443 = ORIENTED_EDGE ( 'NONE', *, *, #227, .F. ) ;
#1444 = DIRECTION ( 'NONE',  ( 1.000000000000000000, 0.000000000000000000, 9.251858538542940668E-15 ) ) ;
#1445 = DIRECTION ( 'NONE',  ( -0.9659258262890710878, 0.000000000000000000, 0.2588190451025103589 ) ) ;
#1446 = CARTESIAN_POINT ( 'NONE',  ( 13.59518662502505393, 0.000000000000000000, 21.76015243430232005 ) ) ;
#1447 = ORIENTED_EDGE ( 'NONE', *, *, #627, .T. ) ;
#1448 = AXIS2_PLACEMENT_3D ( 'NONE', #475, #1679, #918 ) ;
#1449 = FACE_BOUND ( 'NONE', #1048, .T. ) ;
#1450 = ADVANCED_FACE ( 'NONE', ( #47 ), #1564, .F. ) ;
#1451 = AXIS2_PLACEMENT_3D ( 'NONE', #1665, #158, #1709 ) ;
#1452 = ORIENTED_EDGE ( 'NONE', *, *, #934, .T. ) ;
#1453 = EDGE_LOOP ( 'NONE', ( #1358, #906, #1896, #314 ) ) ;
#1454 = CYLINDRICAL_SURFACE ( 'NONE', #1315, 1.500000000000001332 ) ;
#1455 = APPLICATION_PROTOCOL_DEFINITION ( 'draft international standard', 'automotive_design', 1998, #1440 ) ;
#1456 = CARTESIAN_POINT ( 'NONE',  ( 11.13693180368816016, 0.000000000000000000, -16.33693180368808484 ) ) ;
#1457 = DIRECTION ( 'NONE',  ( -0.000000000000000000, 1.000000000000000000, -0.000000000000000000 ) ) ;
#1458 = ORIENTED_EDGE ( 'NONE', *, *, #24, .F. ) ;
#1459 = DIRECTION ( 'NONE',  ( 0.000000000000000000, 1.000000000000000000, 0.000000000000000000 ) ) ;
#1460 = EDGE_LOOP ( 'NONE', ( #762, #414, #768, #1200 ) ) ;
#1461 = ORIENTED_EDGE ( 'NONE', *, *, #1657, .F. ) ;
#1462 = VECTOR ( 'NONE', #743, 1000.000000000000000 ) ;
#1463 = AXIS2_PLACEMENT_3D ( 'NONE', #519, #73, #1217 ) ;
#1464 = VERTEX_POINT ( 'NONE', #1107 ) ;
#1465 = DIRECTION ( 'NONE',  ( 0.000000000000000000, 0.000000000000000000, 1.000000000000000000 ) ) ;
#1466 = DIRECTION ( 'NONE',  ( -0.000000000000000000, 1.000000000000000000, 0.000000000000000000 ) ) ;
#1467 = DIRECTION ( 'NONE',  ( -0.9659258262890682012, 0.000000000000000000, -0.2588190451025210725 ) ) ;
#1468 = ORIENTED_EDGE ( 'NONE', *, *, #1277, .T. ) ;
#1469 = DIRECTION ( 'NONE',  ( 0.2588190451025312311, 0.000000000000000000, -0.9659258262890654256 ) ) ;
#1470 = ORIENTED_EDGE ( 'NONE', *, *, #1872, .T. ) ;
#1471 = ORIENTED_EDGE ( 'NONE', *, *, #208, .T. ) ;
#1472 = DIRECTION ( 'NONE',  ( 0.000000000000000000, 0.000000000000000000, 1.000000000000000000 ) ) ;
#1473 = VECTOR ( 'NONE', #263, 1000.000000000000000 ) ;
#1474 = EDGE_CURVE ( 'NONE', #276, #142, #1724, .T. ) ;
#1475 = EDGE_CURVE ( 'NONE', #165, #276, #497, .T. ) ;
#1476 = AXIS2_PLACEMENT_3D ( 'NONE', #601, #1361, #17 ) ;
#1477 = DIRECTION ( 'NONE',  ( 0.000000000000000000, 1.000000000000000000, 0.000000000000000000 ) ) ;
#1478 = CARTESIAN_POINT ( 'NONE',  ( 12.10089417141163182, 0.000000000000000000, 16.18337707605026310 ) ) ;
#1479 = ORIENTED_EDGE ( 'NONE', *, *, #1304, .T. ) ;
#1480 = DIRECTION ( 'NONE',  ( 0.000000000000000000, 1.000000000000000000, 0.000000000000000000 ) ) ;
#1481 = DIRECTION ( 'NONE',  ( 0.000000000000000000, 1.000000000000000000, 0.000000000000000000 ) ) ;
#1482 = VECTOR ( 'NONE', #1250, 1000.000000000000227 ) ;
#1483 = ORIENTED_EDGE ( 'NONE', *, *, #1727, .T. ) ;
#1484 = COLOUR_RGB ( '',0.7921568627450980005, 0.8196078431372548767, 0.9333333333333333481 ) ;
#1485 = EDGE_LOOP ( 'NONE', ( #345, #277, #1731, #1559, #636, #166, #566, #1935 ) ) ;
#1486 = CIRCLE ( 'NONE', #888, 5.200000000000000178 ) ;
#1487 = FACE_OUTER_BOUND ( 'NONE', #525, .T. ) ;
#1488 = CARTESIAN_POINT ( 'NONE',  ( -38.80294036547413583, 0.000000000000000000, 16.07270415933354357 ) ) ;
#1489 = EDGE_CURVE ( 'NONE', #1300, #1093, #866, .T. ) ;
#1490 = DIRECTION ( 'NONE',  ( -0.000000000000000000, 1.000000000000000000, 0.000000000000000000 ) ) ;
#1491 = ORIENTED_EDGE ( 'NONE', *, *, #1425, .F. ) ;
#1492 = CARTESIAN_POINT ( 'NONE',  ( 11.13693180368812286, 0.000000000000000000, 5.936931803688122677 ) ) ;
#1493 = CARTESIAN_POINT ( 'NONE',  ( -25.50000000000000355, 0.000000000000000000, 3.099999999999999645 ) ) ;
#1494 = VERTEX_POINT ( 'NONE', #1392 ) ;
#1495 = ORIENTED_EDGE ( 'NONE', *, *, #1154, .F. ) ;
#1496 = VECTOR ( 'NONE', #1571, 1000.000000000000000 ) ;
#1497 = AXIS2_PLACEMENT_3D ( 'NONE', #1613, #257, #1012 ) ;
#1498 = DIRECTION ( 'NONE',  ( 0.000000000000000000, 1.000000000000000000, 0.000000000000000000 ) ) ;
#1499 = DIRECTION ( 'NONE',  ( 0.2588190451025204064, 0.000000000000000000, 0.9659258262890684232 ) ) ;
#1500 = VERTEX_POINT ( 'NONE', #654 ) ;
#1501 = PLANE ( 'NONE',  #228 ) ;
#1502 = DIRECTION ( 'NONE',  ( 0.000000000000000000, 1.000000000000000000, 0.000000000000000000 ) ) ;
#1503 = EDGE_CURVE ( 'NONE', #969, #800, #1241, .T. ) ;
#1504 = DIRECTION ( 'NONE',  ( 0.000000000000000000, 1.000000000000000000, 0.000000000000000000 ) ) ;
#1505 = ORIENTED_EDGE ( 'NONE', *, *, #325, .T. ) ;
#1506 = CARTESIAN_POINT ( 'NONE',  ( -16.07270415933393082, 0.000000000000000000, 37.30294036547397951 ) ) ;
#1507 = EDGE_CURVE ( 'NONE', #1363, #969, #939, .T. ) ;
#1508 = LINE ( 'NONE', #891, #1911 ) ;
#1509 = ORIENTED_EDGE ( 'NONE', *, *, #144, .T. ) ;
#1510 = AXIS2_PLACEMENT_3D ( 'NONE', #1741, #1879, #1582 ) ;
#1511 = CYLINDRICAL_SURFACE ( 'NONE', #1287, 1.500000000000001332 ) ;
#1512 = FACE_OUTER_BOUND ( 'NONE', #1749, .T. ) ;
#1513 = ORIENTED_EDGE ( 'NONE', *, *, #1157, .T. ) ;
#1514 = CIRCLE ( 'NONE', #1161, 1.500000000000004441 ) ;
#1515 = EDGE_CURVE ( 'NONE', #1088, #1434, #804, .T. ) ;
#1516 = EDGE_CURVE ( 'NONE', #515, #1692, #1874, .T. ) ;
#1517 = VERTEX_POINT ( 'NONE', #1113 ) ;
#1518 = AXIS2_PLACEMENT_3D ( 'NONE', #786, #39, #371 ) ;
#1519 = CIRCLE ( 'NONE', #201, 5.200000000000000178 ) ;
#1520 = CARTESIAN_POINT ( 'NONE',  ( -12.11706443482956708, 0.000000000000000000, -16.24372532069776653 ) ) ;
#1521 = LINE ( 'NONE', #1056, #336 ) ;
#1522 = EDGE_LOOP ( 'NONE', ( #962, #88, #1204, #900 ) ) ;
#1523 = EDGE_CURVE ( 'NONE', #1151, #1069, #1573, .T. ) ;
#1524 = CARTESIAN_POINT ( 'NONE',  ( 11.13693180368816016, 0.000000000000000000, -11.13693180368808378 ) ) ;
#1525 = CARTESIAN_POINT ( 'NONE',  ( -16.07270415933394858, 0.000000000000000000, -38.80294036547397951 ) ) ;
#1526 = VERTEX_POINT ( 'NONE', #679 ) ;
#1527 = LINE ( 'NONE', #426, #1316 ) ;
#1528 = ORIENTED_EDGE ( 'NONE', *, *, #946, .F. ) ;
#1529 = VECTOR ( 'NONE', #1726, 1000.000000000000000 ) ;
#1530 = FACE_OUTER_BOUND ( 'NONE', #1596, .T. ) ;
#1531 = CARTESIAN_POINT ( 'NONE',  ( 23.25444488791575282, 0.000000000000000000, 19.17196198327710732 ) ) ;
#1532 = EDGE_LOOP ( 'NONE', ( #423, #1383, #488, #1127 ) ) ;
#1533 = DIRECTION ( 'NONE',  ( 0.000000000000000000, 1.000000000000000000, 0.000000000000000000 ) ) ;
#1534 = CARTESIAN_POINT ( 'NONE',  ( -25.50000000000000355, 6.000000000000000000, -3.099999999999999645 ) ) ;
#1535 = CIRCLE ( 'NONE', #1433, 5.200000000000000178 ) ;
#1536 = ORIENTED_EDGE ( 'NONE', *, *, #836, .T. ) ;
#1537 = CYLINDRICAL_SURFACE ( 'NONE', #66, 1.500000000000004885 ) ;
#1538 = ORIENTED_EDGE ( 'NONE', *, *, #1305, .F. ) ;
#1539 = FACE_OUTER_BOUND ( 'NONE', #1843, .T. ) ;
#1540 = EDGE_CURVE ( 'NONE', #1832, #335, #1268, .T. ) ;
#1541 = LINE ( 'NONE', #1700, #1632 ) ;
#1542 = ADVANCED_FACE ( 'NONE', ( #1160 ), #569, .F. ) ;
#1543 = EDGE_LOOP ( 'NONE', ( #953, #472 ) ) ;
#1544 = CARTESIAN_POINT ( 'NONE',  ( -23.25444488791575282, 0.000000000000000000, -19.17196198327710732 ) ) ;
#1545 = DIRECTION ( 'NONE',  ( -1.000000000000000000, -0.000000000000000000, -0.000000000000000000 ) ) ;
#1546 = VECTOR ( 'NONE', #1469, 1000.000000000000227 ) ;
#1547 = ORIENTED_EDGE ( 'NONE', *, *, #1489, .T. ) ;
#1548 = LINE ( 'NONE', #198, #4 ) ;
#1549 = ORIENTED_EDGE ( 'NONE', *, *, #580, .T. ) ;
#1550 = AXIS2_PLACEMENT_3D ( 'NONE', #216, #1251, #369 ) ;
#1551 = AXIS2_PLACEMENT_3D ( 'NONE', #1844, #221, #521 ) ;
#1552 = CARTESIAN_POINT ( 'NONE',  ( -21.76015243430233070, 6.000000000000000000, -13.59518662502506103 ) ) ;
#1553 =( LENGTH_UNIT ( ) NAMED_UNIT ( * ) SI_UNIT ( .MILLI., .METRE. ) );
#1554 = AXIS2_PLACEMENT_3D ( 'NONE', #723, #898, #759 ) ;
#1555 = AXIS2_PLACEMENT_3D ( 'NONE', #1139, #1897, #1444 ) ;
#1556 = CARTESIAN_POINT ( 'NONE',  ( -24.50000000000000000, 0.000000000000000000, -3.099999999999999645 ) ) ;
#1557 = DIRECTION ( 'NONE',  ( 0.000000000000000000, 1.000000000000000000, 0.000000000000000000 ) ) ;
#1558 = CARTESIAN_POINT ( 'NONE',  ( -19.17196198327734891, 0.000000000000000000, 23.25444488791555386 ) ) ;
#1559 = ORIENTED_EDGE ( 'NONE', *, *, #1329, .F. ) ;
#1560 = CARTESIAN_POINT ( 'NONE',  ( 16.07270415933367502, 0.000000000000000000, 38.80294036547408609 ) ) ;
#1561 = CARTESIAN_POINT ( 'NONE',  ( 19.17196198327718548, 0.000000000000000000, -23.25444488791568887 ) ) ;
#1562 = AXIS2_PLACEMENT_3D ( 'NONE', #220, #63, #214 ) ;
#1563 = LINE ( 'NONE', #1544, #576 ) ;
#1564 = CYLINDRICAL_SURFACE ( 'NONE', #1595, 5.199999999999998401 ) ;
#1565 = SURFACE_SIDE_STYLE ('',( #1120 ) ) ;
#1566 = CARTESIAN_POINT ( 'NONE',  ( 16.07270415933367502, 0.000000000000000000, 38.80294036547408609 ) ) ;
#1567 = EDGE_CURVE ( 'NONE', #1213, #1180, #1437, .T. ) ;
#1568 = ADVANCED_FACE ( 'NONE', ( #380 ), #1170, .T. ) ;
#1569 = ORIENTED_EDGE ( 'NONE', *, *, #1330, .T. ) ;
#1570 = LINE ( 'NONE', #828, #1197 ) ;
#1571 = DIRECTION ( 'NONE',  ( -0.000000000000000000, 1.000000000000000000, -0.000000000000000000 ) ) ;
#1572 = LINE ( 'NONE', #1407, #1808 ) ;
#1573 = LINE ( 'NONE', #821, #178 ) ;
#1574 =( LENGTH_UNIT ( ) NAMED_UNIT ( * ) SI_UNIT ( .MILLI., .METRE. ) );
#1575 = CARTESIAN_POINT ( 'NONE',  ( 38.80294036547402925, 6.000000000000000000, -17.57270415933381358 ) ) ;
#1576 = VECTOR ( 'NONE', #77, 1000.000000000000000 ) ;
#1577 = EDGE_LOOP ( 'NONE', ( #1902, #735, #1273, #242 ) ) ;
#1578 = EDGE_CURVE ( 'NONE', #1768, #1526, #995, .T. ) ;
#1579 = EDGE_CURVE ( 'NONE', #1434, #1007, #625, .T. ) ;
#1580 = EDGE_LOOP ( 'NONE', ( #883, #401, #1018, #1313 ) ) ;
#1581 = CIRCLE ( 'NONE', #1647, 1.500000000000004885 ) ;
#1582 = DIRECTION ( 'NONE',  ( -0.7071067811865427988, 0.000000000000000000, -0.7071067811865521247 ) ) ;
#1583 = VECTOR ( 'NONE', #1351, 1000.000000000000227 ) ;
#1584 = DIRECTION ( 'NONE',  ( 0.000000000000000000, 0.000000000000000000, 1.000000000000000000 ) ) ;
#1585 = DIRECTION ( 'NONE',  ( 0.000000000000000000, 1.000000000000000000, 0.000000000000000000 ) ) ;
#1586 = EDGE_CURVE ( 'NONE', #1526, #853, #869, .T. ) ;
#1587 = AXIS2_PLACEMENT_3D ( 'NONE', #1939, #427, #588 ) ;
#1588 = CYLINDRICAL_SURFACE ( 'NONE', #378, 1.500000000000004885 ) ;
#1589 = ORIENTED_EDGE ( 'NONE', *, *, #143, .F. ) ;
#1590 = ORIENTED_EDGE ( 'NONE', *, *, #1043, .F. ) ;
#1591 = ORIENTED_EDGE ( 'NONE', *, *, #780, .T. ) ;
#1592 = DIRECTION ( 'NONE',  ( 0.2588190451025209060, 0.000000000000000000, -0.9659258262890683122 ) ) ;
#1593 = CARTESIAN_POINT ( 'NONE',  ( 13.59518662502513742, 0.000000000000000000, -21.76015243430228452 ) ) ;
#1594 = DIRECTION ( 'NONE',  ( -0.7071067811865453523, 0.000000000000000000, -0.7071067811865496822 ) ) ;
#1595 = AXIS2_PLACEMENT_3D ( 'NONE', #643, #56, #511 ) ;
#1596 = EDGE_LOOP ( 'NONE', ( #254, #1621, #107, #1662 ) ) ;
#1597 = CIRCLE ( 'NONE', #212, 5.200000000000000178 ) ;
#1598 = CARTESIAN_POINT ( 'NONE',  ( -13.59518662502528841, 0.000000000000000000, 21.76015243430218860 ) ) ;
#1599 = ORIENTED_EDGE ( 'NONE', *, *, #721, .F. ) ;
#1600 = ORIENTED_EDGE ( 'NONE', *, *, #1586, .T. ) ;
#1601 = ORIENTED_EDGE ( 'NONE', *, *, #1083, .F. ) ;
#1602 = FACE_OUTER_BOUND ( 'NONE', #1607, .T. ) ;
#1603 = EDGE_CURVE ( 'NONE', #1131, #1681, #103, .T. ) ;
#1604 = FACE_OUTER_BOUND ( 'NONE', #1373, .T. ) ;
#1605 = ADVANCED_FACE ( 'NONE', ( #974 ), #1920, .F. ) ;
#1606 = CYLINDRICAL_SURFACE ( 'NONE', #273, 1.500000000000001332 ) ;
#1607 = EDGE_LOOP ( 'NONE', ( #1298, #1677, #1876, #342 ) ) ;
#1608 = DIRECTION ( 'NONE',  ( 0.000000000000000000, -1.000000000000000000, 0.000000000000000000 ) ) ;
#1609 = ORIENTED_EDGE ( 'NONE', *, *, #1540, .F. ) ;
#1610 = CIRCLE ( 'NONE', #1036, 1.500000000000006883 ) ;
#1611 = EDGE_LOOP ( 'NONE', ( #1926, #50 ) ) ;
#1612 = PLANE ( 'NONE',  #480 ) ;
#1613 = CARTESIAN_POINT ( 'NONE',  ( 0.000000000000000000, 0.000000000000000000, 0.000000000000000000 ) ) ;
#1614 = DIRECTION ( 'NONE',  ( 0.7071067811865382469, 0.000000000000000000, 0.7071067811865567876 ) ) ;
#1615 = DIRECTION ( 'NONE',  ( 0.000000000000000000, 0.000000000000000000, 1.000000000000000000 ) ) ;
#1616 = EDGE_LOOP ( 'NONE', ( #1226, #25, #739, #563 ) ) ;
#1617 = CIRCLE ( 'NONE', #1448, 48.00000000000000711 ) ;
#1618 = DIRECTION ( 'NONE',  ( -0.7071067811865472397, 0.000000000000000000, 0.7071067811865479058 ) ) ;
#1619 = AXIS2_PLACEMENT_3D ( 'NONE', #1488, #140, #1055 ) ;
#1620 = ORIENTED_EDGE ( 'NONE', *, *, #1835, .F. ) ;
#1621 = ORIENTED_EDGE ( 'NONE', *, *, #581, .T. ) ;
#1622 = PLANE ( 'NONE',  #1738 ) ;
#1623 = LINE ( 'NONE', #973, #327 ) ;
#1624 = FACE_OUTER_BOUND ( 'NONE', #747, .T. ) ;
#1625 = EDGE_LOOP ( 'NONE', ( #1878, #1945, #41, #1509 ) ) ;
#1626 = DIRECTION ( 'NONE',  ( 0.000000000000000000, -0.000000000000000000, 1.000000000000000000 ) ) ;
#1627 = ORIENTED_EDGE ( 'NONE', *, *, #1137, .F. ) ;
#1628 = VERTEX_POINT ( 'NONE', #839 ) ;
#1629 = CIRCLE ( 'NONE', #81, 1.500000000000004885 ) ;
#1630 = EDGE_CURVE ( 'NONE', #817, #674, #1318, .T. ) ;
#1631 = ADVANCED_FACE ( 'NONE', ( #1624 ), #1606, .F. ) ;
#1632 = VECTOR ( 'NONE', #1378, 1000.000000000000227 ) ;
#1633 = ORIENTED_EDGE ( 'NONE', *, *, #1103, .F. ) ;
#1634 = FACE_BOUND ( 'NONE', #137, .T. ) ;
#1635 = DIRECTION ( 'NONE',  ( 0.000000000000000000, 0.000000000000000000, 1.000000000000000000 ) ) ;
#1636 = CARTESIAN_POINT ( 'NONE',  ( -21.76015243430246215, 0.000000000000000000, 13.59518662502482833 ) ) ;
#1637 = VERTEX_POINT ( 'NONE', #1014 ) ;
#1638 = CARTESIAN_POINT ( 'NONE',  ( -12.11706443482973761, 0.000000000000000000, 16.24372532069763864 ) ) ;
#1639 = CARTESIAN_POINT ( 'NONE',  ( -16.24372532069776653, 0.000000000000000000, -12.11706443482956885 ) ) ;
#1640 = EDGE_LOOP ( 'NONE', ( #909, #565, #554, #1020 ) ) ;
#1641 = ORIENTED_EDGE ( 'NONE', *, *, #815, .T. ) ;
#1642 = EDGE_CURVE ( 'NONE', #225, #424, #1297, .T. ) ;
#1643 = CARTESIAN_POINT ( 'NONE',  ( -16.07270415933393082, 0.000000000000000000, 40.30294036547397951 ) ) ;
#1644 = CIRCLE ( 'NONE', #666, 1.500000000000004885 ) ;
#1645 = CARTESIAN_POINT ( 'NONE',  ( 11.13693180368812286, 0.000000000000000000, 11.13693180368812286 ) ) ;
#1646 = CYLINDRICAL_SURFACE ( 'NONE', #587, 5.200000000000000178 ) ;
#1647 = AXIS2_PLACEMENT_3D ( 'NONE', #163, #1481, #304 ) ;
#1648 = ORIENTED_EDGE ( 'NONE', *, *, #1775, .F. ) ;
#1649 = PRODUCT_DEFINITION_CONTEXT ( 'detailed design', #1440, 'design' ) ;
#1650 = CARTESIAN_POINT ( 'NONE',  ( 23.25444488791581321, 0.000000000000000000, -19.17196198327703627 ) ) ;
#1651 = CARTESIAN_POINT ( 'NONE',  ( 16.07270415933367502, 6.000000000000000000, 38.80294036547408609 ) ) ;
#1652 = ORIENTED_EDGE ( 'NONE', *, *, #1052, .F. ) ;
#1653 = CIRCLE ( 'NONE', #1619, 1.500000000000004441 ) ;
#1654 = VERTEX_POINT ( 'NONE', #1901 ) ;
#1655 = CIRCLE ( 'NONE', #1292, 3.099999999999999645 ) ;
#1656 = CARTESIAN_POINT ( 'NONE',  ( 38.80294036547414294, 0.000000000000000000, 16.07270415933352581 ) ) ;
#1657 = EDGE_CURVE ( 'NONE', #715, #446, #1285, .T. ) ;
#1658 = LINE ( 'NONE', #428, #991 ) ;
#1659 = VERTEX_POINT ( 'NONE', #848 ) ;
#1660 = CARTESIAN_POINT ( 'NONE',  ( -11.13693180368823832, 0.000000000000000000, 5.936931803688006326 ) ) ;
#1661 = DIRECTION ( 'NONE',  ( -0.000000000000000000, 1.000000000000000000, 0.000000000000000000 ) ) ;
#1662 = ORIENTED_EDGE ( 'NONE', *, *, #1788, .F. ) ;
#1663 = ORIENTED_EDGE ( 'NONE', *, *, #1365, .F. ) ;
#1664 = VECTOR ( 'NONE', #1467, 1000.000000000000227 ) ;
#1665 = CARTESIAN_POINT ( 'NONE',  ( 11.13693180368816016, 6.000000000000000000, -11.13693180368808378 ) ) ;
#1666 = CARTESIAN_POINT ( 'NONE',  ( 5.878304635907296578E-15, 6.000000000000000000, 48.00000000000000711 ) ) ;
#1667 = ORIENTED_EDGE ( 'NONE', *, *, #815, .F. ) ;
#1668 = EDGE_CURVE ( 'NONE', #1062, #715, #1790, .T. ) ;
#1669 = EDGE_CURVE ( 'NONE', #1015, #363, #85, .T. ) ;
#1670 = CARTESIAN_POINT ( 'NONE',  ( -11.13693180368823832, 6.000000000000000000, 11.13693180368800562 ) ) ;
#1671 = DIRECTION ( 'NONE',  ( -0.7071067811865427988, 0.000000000000000000, -0.7071067811865521247 ) ) ;
#1672 = EDGE_LOOP ( 'NONE', ( #1513, #1846 ) ) ;
#1673 = EDGE_LOOP ( 'NONE', ( #775, #1667, #605, #842 ) ) ;
#1674 = EDGE_CURVE ( 'NONE', #1637, #316, #1629, .T. ) ;
#1675 = CARTESIAN_POINT ( 'NONE',  ( -38.80294036547413583, 0.000000000000000000, 16.07270415933354357 ) ) ;
#1676 = CARTESIAN_POINT ( 'NONE',  ( -38.80294036547414294, 0.000000000000000000, -17.57270415933352936 ) ) ;
#1677 = ORIENTED_EDGE ( 'NONE', *, *, #239, .F. ) ;
#1678 = CIRCLE ( 'NONE', #253, 3.099999999999999645 ) ;
#1679 = DIRECTION ( 'NONE',  ( 0.000000000000000000, 1.000000000000000000, 0.000000000000000000 ) ) ;
#1680 = CYLINDRICAL_SURFACE ( 'NONE', #700, 5.200000000000000178 ) ;
#1681 = VERTEX_POINT ( 'NONE', #1141 ) ;
#1682 = FACE_BOUND ( 'NONE', #1672, .T. ) ;
#1683 = CLOSED_SHELL ( 'NONE', ( #1247, #1450, #1793, #1364, #1393, #677, #838, #958, #501, #447, #1122, #1728, #229, #108, #1398, #1005, #556, #1568, #1166, #874, #265, #180, #807, #1159, #810, #644, #167, #1542, #67, #1697, #1734, #959, #1848, #332, #924, #1432, #174, #1892, #1605, #816, #473, #1631, #1869, #1220, #983, #862, #532, #397, #733, #647, #682, #901, #354, #1918, #288, #1207 ) ) ;
#1684 = VERTEX_POINT ( 'NONE', #694 ) ;
#1685 = AXIS2_PLACEMENT_3D ( 'NONE', #1833, #46, #653 ) ;
#1686 = AXIS2_PLACEMENT_3D ( 'NONE', #1675, #1466, #1814 ) ;
#1687 = DIRECTION ( 'NONE',  ( -0.000000000000000000, 1.000000000000000000, -0.000000000000000000 ) ) ;
#1688 = CARTESIAN_POINT ( 'NONE',  ( 11.13693180368812286, 0.000000000000000000, 5.936931803688122677 ) ) ;
#1689 = ORIENTED_EDGE ( 'NONE', *, *, #469, .T. ) ;
#1690 = CARTESIAN_POINT ( 'NONE',  ( 16.07270415933366081, 0.000000000000000000, -37.30294036547408609 ) ) ;
#1691 = CARTESIAN_POINT ( 'NONE',  ( 12.11706443482962392, 0.000000000000000000, -16.24372532069772745 ) ) ;
#1692 = VERTEX_POINT ( 'NONE', #1763 ) ;
#1693 = DIRECTION ( 'NONE',  ( 0.9659258262890683122, 0.000000000000000000, 0.2588190451025209060 ) ) ;
#1694 = EDGE_LOOP ( 'NONE', ( #826, #631, #1890, #1689, #1210, #695, #189, #1272 ) ) ;
#1695 = VECTOR ( 'NONE', #1545, 1000.000000000000000 ) ;
#1696 = EDGE_CURVE ( 'NONE', #1628, #193, #429, .T. ) ;
#1697 = ADVANCED_FACE ( 'NONE', ( #541 ), #1783, .F. ) ;
#1698 = VECTOR ( 'NONE', #687, 1000.000000000000000 ) ;
#1699 = DIRECTION ( 'NONE',  ( 0.9659258262890682012, 0.000000000000000000, 0.2588190451025210725 ) ) ;
#1700 = CARTESIAN_POINT ( 'NONE',  ( 13.59518662502513742, 6.000000000000000000, -21.76015243430228452 ) ) ;
#1701 =( GEOMETRIC_REPRESENTATION_CONTEXT ( 3 ) GLOBAL_UNCERTAINTY_ASSIGNED_CONTEXT ( ( #752 ) ) GLOBAL_UNIT_ASSIGNED_CONTEXT ( ( #1553, #965, #1249 ) ) REPRESENTATION_CONTEXT ( 'NONE', 'WORKASPACE' ) );
#1702 = ORIENTED_EDGE ( 'NONE', *, *, #1104, .T. ) ;
#1703 = DIRECTION ( 'NONE',  ( 0.000000000000000000, 1.000000000000000000, 0.000000000000000000 ) ) ;
#1704 = CARTESIAN_POINT ( 'NONE',  ( -13.59518662502505393, 6.000000000000000000, -21.76015243430232005 ) ) ;
#1705 = EDGE_CURVE ( 'NONE', #912, #1065, #1208, .T. ) ;
#1706 = DIRECTION ( 'NONE',  ( 0.000000000000000000, 0.000000000000000000, 1.000000000000000000 ) ) ;
#1707 = CARTESIAN_POINT ( 'NONE',  ( 19.17196198327711798, 6.000000000000000000, 23.25444488791574571 ) ) ;
#1708 = VERTEX_POINT ( 'NONE', #630 ) ;
#1709 = DIRECTION ( 'NONE',  ( -1.000000000000000000, 0.000000000000000000, -3.336006684570782904E-15 ) ) ;
#1710 = CARTESIAN_POINT ( 'NONE',  ( -12.10089417141163182, 0.000000000000000000, -16.18337707605026310 ) ) ;
#1711 = DIRECTION ( 'NONE',  ( 0.9659258262890693114, 0.000000000000000000, -0.2588190451025170757 ) ) ;
#1712 = VECTOR ( 'NONE', #438, 1000.000000000000227 ) ;
#1713 = CARTESIAN_POINT ( 'NONE',  ( 23.25444488791575282, 0.000000000000000000, 19.17196198327710732 ) ) ;
#1714 = ORIENTED_EDGE ( 'NONE', *, *, #1507, .T. ) ;
#1715 = AXIS2_PLACEMENT_3D ( 'NONE', #1670, #1480, #745 ) ;
#1716 = CARTESIAN_POINT ( 'NONE',  ( -16.18337707605039100, 0.000000000000000000, 12.10089417141146306 ) ) ;
#1717 = VECTOR ( 'NONE', #1761, 1000.000000000000000 ) ;
#1718 = EDGE_CURVE ( 'NONE', #1494, #1007, #1508, .T. ) ;
#1719 = LINE ( 'NONE', #333, #1044 ) ;
#1720 = LINE ( 'NONE', #1092, #720 ) ;
#1721 = DIRECTION ( 'NONE',  ( 0.000000000000000000, 0.000000000000000000, 1.000000000000000000 ) ) ;
#1722 = EDGE_LOOP ( 'NONE', ( #441, #1231, #200, #1290, #728, #1648, #298, #1116 ) ) ;
#1723 = CARTESIAN_POINT ( 'NONE',  ( -23.25444488791575282, 0.000000000000000000, -19.17196198327710732 ) ) ;
#1724 = CIRCLE ( 'NONE', #1336, 5.200000000000000178 ) ;
#1725 = LINE ( 'NONE', #510, #1076 ) ;
#1726 = DIRECTION ( 'NONE',  ( -0.000000000000000000, 1.000000000000000000, -0.000000000000000000 ) ) ;
#1727 = EDGE_CURVE ( 'NONE', #1088, #1494, #1177, .T. ) ;
#1728 = ADVANCED_FACE ( 'NONE', ( #1949 ), #915, .F. ) ;
#1729 = AXIS2_PLACEMENT_3D ( 'NONE', #1098, #195, #361 ) ;
#1730 = LINE ( 'NONE', #1875, #1348 ) ;
#1731 = ORIENTED_EDGE ( 'NONE', *, *, #22, .F. ) ;
#1732 = ORIENTED_EDGE ( 'NONE', *, *, #93, .F. ) ;
#1733 = LINE ( 'NONE', #963, #412 ) ;
#1734 = ADVANCED_FACE ( 'NONE', ( #760 ), #463, .F. ) ;
#1735 = CARTESIAN_POINT ( 'NONE',  ( 38.80294036547402925, 6.000000000000000000, -16.07270415933381003 ) ) ;
#1736 = DIRECTION ( 'NONE',  ( 1.000000000000000000, 0.000000000000000000, 0.000000000000000000 ) ) ;
#1737 = DIRECTION ( 'NONE',  ( -0.2588190451025210170, 0.000000000000000000, -0.9659258262890680902 ) ) ;
#1738 = AXIS2_PLACEMENT_3D ( 'NONE', #278, #1384, #1693 ) ;
#1739 = ORIENTED_EDGE ( 'NONE', *, *, #1215, .F. ) ;
#1740 = EDGE_LOOP ( 'NONE', ( #1030, #1224 ) ) ;
#1741 = CARTESIAN_POINT ( 'NONE',  ( 38.80294036547402925, 0.000000000000000000, -16.07270415933381003 ) ) ;
#1742 = CIRCLE ( 'NONE', #514, 1.500000000000004885 ) ;
#1743 = VECTOR ( 'NONE', #1699, 1000.000000000000227 ) ;
#1744 = LINE ( 'NONE', #1456, #917 ) ;
#1745 = CARTESIAN_POINT ( 'NONE',  ( -19.17196198327734891, 0.000000000000000000, 23.25444488791555386 ) ) ;
#1746 = ORIENTED_EDGE ( 'NONE', *, *, #313, .T. ) ;
#1747 = VECTOR ( 'NONE', #1445, 1000.000000000000000 ) ;
#1748 = FACE_BOUND ( 'NONE', #1543, .T. ) ;
#1749 = EDGE_LOOP ( 'NONE', ( #1396, #268, #717, #553 ) ) ;
#1750 = ORIENTED_EDGE ( 'NONE', *, *, #1304, .F. ) ;
#1751 = EDGE_CURVE ( 'NONE', #715, #1363, #1804, .T. ) ;
#1752 = EDGE_CURVE ( 'NONE', #1015, #1832, #878, .T. ) ;
#1753 = CARTESIAN_POINT ( 'NONE',  ( -11.13693180368812286, 0.000000000000000000, -11.13693180368812286 ) ) ;
#1754 = LINE ( 'NONE', #399, #854 ) ;
#1755 = CARTESIAN_POINT ( 'NONE',  ( -16.07270415933394858, 6.000000000000000000, -38.80294036547397951 ) ) ;
#1756 = AXIS2_PLACEMENT_3D ( 'NONE', #967, #1408, #957 ) ;
#1757 = ORIENTED_EDGE ( 'NONE', *, *, #2, .T. ) ;
#1758 = FACE_BOUND ( 'NONE', #544, .T. ) ;
#1759 = VERTEX_POINT ( 'NONE', #750 ) ;
#1760 = VERTEX_POINT ( 'NONE', #1795 ) ;
#1761 = DIRECTION ( 'NONE',  ( -0.000000000000000000, 1.000000000000000000, -0.000000000000000000 ) ) ;
#1762 = DIRECTION ( 'NONE',  ( 0.000000000000000000, 0.000000000000000000, 1.000000000000000000 ) ) ;
#1763 = CARTESIAN_POINT ( 'NONE',  ( 38.80294036547414294, 6.000000000000000000, 17.57270415933352936 ) ) ;
#1764 = ORIENTED_EDGE ( 'NONE', *, *, #606, .T. ) ;
#1765 = FACE_BOUND ( 'NONE', #992, .T. ) ;
#1766 = EDGE_LOOP ( 'NONE', ( #1884, #662, #109, #778 ) ) ;
#1767 = AXIS2_PLACEMENT_3D ( 'NONE', #1753, #855, #405 ) ;
#1768 = VERTEX_POINT ( 'NONE', #598 ) ;
#1769 = CARTESIAN_POINT ( 'NONE',  ( -23.25444488791575282, 6.000000000000000000, -19.17196198327710732 ) ) ;
#1770 = CARTESIAN_POINT ( 'NONE',  ( 12.11706443482962570, 6.000000000000000000, -16.24372532069772745 ) ) ;
#1771 = DIRECTION ( 'NONE',  ( 0.9659258262890708657, 0.000000000000000000, -0.2588190451025109695 ) ) ;
#1772 = ORIENTED_EDGE ( 'NONE', *, *, #1374, .F. ) ;
#1773 = EDGE_CURVE ( 'NONE', #892, #1708, #1521, .T. ) ;
#1774 = CIRCLE ( 'NONE', #794, 1.500000000000004885 ) ;
#1775 = EDGE_CURVE ( 'NONE', #1007, #363, #1346, .T. ) ;
#1776 =( NAMED_UNIT ( * ) PLANE_ANGLE_UNIT ( ) SI_UNIT ( $, .RADIAN. ) );
#1777 = FACE_BOUND ( 'NONE', #1864, .T. ) ;
#1778 = VERTEX_POINT ( 'NONE', #589 ) ;
#1779 = ORIENTED_EDGE ( 'NONE', *, *, #1045, .T. ) ;
#1780 = DIRECTION ( 'NONE',  ( -0.000000000000000000, 1.000000000000000000, 0.000000000000000000 ) ) ;
#1781 = EDGE_CURVE ( 'NONE', #1254, #942, #1339, .T. ) ;
#1782 = FACE_OUTER_BOUND ( 'NONE', #1319, .T. ) ;
#1783 = PLANE ( 'NONE',  #1089 ) ;
#1784 = ORIENTED_EDGE ( 'NONE', *, *, #36, .T. ) ;
#1785 = DIRECTION ( 'NONE',  ( 0.000000000000000000, 1.000000000000000000, 0.000000000000000000 ) ) ;
#1786 = LINE ( 'NONE', #1288, #1473 ) ;
#1787 = EDGE_CURVE ( 'NONE', #674, #1110, #440, .T. ) ;
#1788 = EDGE_CURVE ( 'NONE', #1464, #864, #770, .T. ) ;
#1789 = ORIENTED_EDGE ( 'NONE', *, *, #84, .F. ) ;
#1790 = CIRCLE ( 'NONE', #526, 5.200000000000000178 ) ;
#1791 = ORIENTED_EDGE ( 'NONE', *, *, #1137, .T. ) ;
#1792 = DIRECTION ( 'NONE',  ( 0.000000000000000000, 1.000000000000000000, 0.000000000000000000 ) ) ;
#1793 = ADVANCED_FACE ( 'NONE', ( #1034 ), #1646, .F. ) ;
#1794 = DIRECTION ( 'NONE',  ( 0.000000000000000000, 1.000000000000000000, 0.000000000000000000 ) ) ;
#1795 = CARTESIAN_POINT ( 'NONE',  ( -11.13693180368823832, 6.000000000000000000, 16.33693180368800668 ) ) ;
#1796 = ORIENTED_EDGE ( 'NONE', *, *, #1394, .T. ) ;
#1797 = DIRECTION ( 'NONE',  ( -0.000000000000000000, 1.000000000000000000, -0.000000000000000000 ) ) ;
#1798 = DIRECTION ( 'NONE',  ( 0.7071067811865533459, 0.000000000000000000, -0.7071067811865416886 ) ) ;
#1799 = VERTEX_POINT ( 'NONE', #159 ) ;
#1800 = ORIENTED_EDGE ( 'NONE', *, *, #1267, .F. ) ;
#1801 = DIRECTION ( 'NONE',  ( -0.000000000000000000, 1.000000000000000000, -0.000000000000000000 ) ) ;
#1802 = CIRCLE ( 'NONE', #32, 1.500000000000004441 ) ;
#1803 = LINE ( 'NONE', #300, #731 ) ;
#1804 = LINE ( 'NONE', #141, #364 ) ;
#1805 = ORIENTED_EDGE ( 'NONE', *, *, #1516, .F. ) ;
#1806 = CARTESIAN_POINT ( 'NONE',  ( -24.50000000000000000, 6.000000000000000000, -3.099999999999999645 ) ) ;
#1807 = CARTESIAN_POINT ( 'NONE',  ( 23.25444488791575282, 6.000000000000000000, 19.17196198327710732 ) ) ;
#1808 = VECTOR ( 'NONE', #205, 1000.000000000000000 ) ;
#1809 = ORIENTED_EDGE ( 'NONE', *, *, #415, .F. ) ;
#1810 = CIRCLE ( 'NONE', #703, 1.500000000000006883 ) ;
#1811 = ORIENTED_EDGE ( 'NONE', *, *, #557, .T. ) ;
#1812 = CIRCLE ( 'NONE', #1390, 1.500000000000004441 ) ;
#1813 = EDGE_CURVE ( 'NONE', #599, #853, #1658, .T. ) ;
#1814 = DIRECTION ( 'NONE',  ( 0.000000000000000000, 0.000000000000000000, 1.000000000000000000 ) ) ;
#1815 = DIRECTION ( 'NONE',  ( -0.000000000000000000, 1.000000000000000000, -0.000000000000000000 ) ) ;
#1816 = EDGE_LOOP ( 'NONE', ( #748, #849, #19, #129 ) ) ;
#1817 = DIRECTION ( 'NONE',  ( -0.7071067811865546782, -0.000000000000000000, 0.7071067811865403563 ) ) ;
#1818 = DIRECTION ( 'NONE',  ( 0.000000000000000000, -1.000000000000000000, 0.000000000000000000 ) ) ;
#1819 = ORIENTED_EDGE ( 'NONE', *, *, #1157, .F. ) ;
#1820 = ORIENTED_EDGE ( 'NONE', *, *, #143, .T. ) ;
#1821 = VECTOR ( 'NONE', #670, 1000.000000000000114 ) ;
#1822 = CARTESIAN_POINT ( 'NONE',  ( 0.000000000000000000, 6.000000000000000000, 0.000000000000000000 ) ) ;
#1823 = DIRECTION ( 'NONE',  ( 0.000000000000000000, 1.000000000000000000, 0.000000000000000000 ) ) ;
#1824 = ORIENTED_EDGE ( 'NONE', *, *, #1330, .F. ) ;
#1825 = CARTESIAN_POINT ( 'NONE',  ( 16.07270415933366081, 6.000000000000000000, -40.30294036547409320 ) ) ;
#1826 = DIRECTION ( 'NONE',  ( 0.000000000000000000, 0.000000000000000000, 1.000000000000000000 ) ) ;
#1827 = EDGE_LOOP ( 'NONE', ( #1809, #1907 ) ) ;
#1828 = ORIENTED_EDGE ( 'NONE', *, *, #1414, .F. ) ;
#1829 = VECTOR ( 'NONE', #1927, 1000.000000000000000 ) ;
#1830 = FACE_OUTER_BOUND ( 'NONE', #430, .T. ) ;
#1831 = DIRECTION ( 'NONE',  ( 0.000000000000000000, 1.000000000000000000, 0.000000000000000000 ) ) ;
#1832 = VERTEX_POINT ( 'NONE', #14 ) ;
#1833 = CARTESIAN_POINT ( 'NONE',  ( 38.80294036547402925, 0.000000000000000000, -16.07270415933381003 ) ) ;
#1834 = DIRECTION ( 'NONE',  ( 0.000000000000000000, 1.000000000000000000, 0.000000000000000000 ) ) ;
#1835 = EDGE_CURVE ( 'NONE', #771, #1369, #559, .T. ) ;
#1836 = EDGE_LOOP ( 'NONE', ( #1946, #376, #1245, #1483, #262, #689, #1195, #1779 ) ) ;
#1837 = EDGE_CURVE ( 'NONE', #1941, #1412, #1327, .T. ) ;
#1838 = DIRECTION ( 'NONE',  ( 0.7071067811865382469, 0.000000000000000000, 0.7071067811865567876 ) ) ;
#1839 = EDGE_LOOP ( 'NONE', ( #690, #1328, #738, #980 ) ) ;
#1840 = VECTOR ( 'NONE', #1198, 1000.000000000000114 ) ;
#1841 = LINE ( 'NONE', #1096, #889 ) ;
#1842 = CYLINDRICAL_SURFACE ( 'NONE', #560, 1.500000000000001332 ) ;
#1843 = EDGE_LOOP ( 'NONE', ( #421, #375, #7, #490 ) ) ;
#1844 = CARTESIAN_POINT ( 'NONE',  ( 11.13693180368812286, 6.000000000000000000, 11.13693180368812286 ) ) ;
#1845 = CYLINDRICAL_SURFACE ( 'NONE', #1729, 1.500000000000001332 ) ;
#1846 = ORIENTED_EDGE ( 'NONE', *, *, #289, .T. ) ;
#1847 = FACE_OUTER_BOUND ( 'NONE', #1640, .T. ) ;
#1848 = ADVANCED_FACE ( 'NONE', ( #1852 ), #492, .F. ) ;
#1849 = ORIENTED_EDGE ( 'NONE', *, *, #780, .F. ) ;
#1850 = AXIS2_PLACEMENT_3D ( 'NONE', #1478, #899, #1499 ) ;
#1851 = DIRECTION ( 'NONE',  ( -0.000000000000000000, 1.000000000000000000, 0.000000000000000000 ) ) ;
#1852 = FACE_OUTER_BOUND ( 'NONE', #1577, .T. ) ;
#1853 = PLANE ( 'NONE',  #545 ) ;
#1854 = CARTESIAN_POINT ( 'NONE',  ( -12.10089417141163182, 6.000000000000000000, -16.18337707605026310 ) ) ;
#1855 = CARTESIAN_POINT ( 'NONE',  ( 38.80294036547402925, 0.000000000000000000, -14.57270415933380470 ) ) ;
#1856 = EDGE_LOOP ( 'NONE', ( #840, #1936, #171, #1805 ) ) ;
#1857 = EDGE_CURVE ( 'NONE', #1040, #937, #1399, .T. ) ;
#1858 = CARTESIAN_POINT ( 'NONE',  ( -11.13693180368812286, 0.000000000000000000, -11.13693180368812286 ) ) ;
#1859 = DIRECTION ( 'NONE',  ( 0.000000000000000000, 0.000000000000000000, 1.000000000000000000 ) ) ;
#1860 = DIRECTION ( 'NONE',  ( -0.000000000000000000, 1.000000000000000000, 0.000000000000000000 ) ) ;
#1861 = VECTOR ( 'NONE', #1608, 1000.000000000000000 ) ;
#1862 = VECTOR ( 'NONE', #456, 1000.000000000000000 ) ;
#1863 = LINE ( 'NONE', #806, #1382 ) ;
#1864 = EDGE_LOOP ( 'NONE', ( #1183, #1175 ) ) ;
#1865 = CARTESIAN_POINT ( 'NONE',  ( -16.07270415933393082, 0.000000000000000000, 40.30294036547397951 ) ) ;
#1866 = CIRCLE ( 'NONE', #1194, 1.500000000000004663 ) ;
#1867 = MECHANICAL_DESIGN_GEOMETRIC_PRESENTATION_REPRESENTATION (  '', ( #1417 ), #1008 ) ;
#1868 = DIRECTION ( 'NONE',  ( 0.7071067811865382469, 0.000000000000000000, 0.7071067811865567876 ) ) ;
#1869 = ADVANCED_FACE ( 'NONE', ( #45 ), #1842, .F. ) ;
#1870 = CARTESIAN_POINT ( 'NONE',  ( -16.07270415933393082, 0.000000000000000000, 38.80294036547397951 ) ) ;
#1871 = AXIS2_PLACEMENT_3D ( 'NONE', #1822, #890, #619 ) ;
#1872 = EDGE_CURVE ( 'NONE', #1144, #165, #639, .T. ) ;
#1873 = CARTESIAN_POINT ( 'NONE',  ( -24.50000000000000000, 0.000000000000000000, -4.978996250514822788E-17 ) ) ;
#1874 = LINE ( 'NONE', #523, #1529 ) ;
#1875 = CARTESIAN_POINT ( 'NONE',  ( 23.25444488791575282, 0.000000000000000000, 19.17196198327710732 ) ) ;
#1876 = ORIENTED_EDGE ( 'NONE', *, *, #606, .F. ) ;
#1877 = EDGE_CURVE ( 'NONE', #1254, #1799, #365, .T. ) ;
#1878 = ORIENTED_EDGE ( 'NONE', *, *, #2, .F. ) ;
#1879 = DIRECTION ( 'NONE',  ( 0.000000000000000000, 1.000000000000000000, 0.000000000000000000 ) ) ;
#1880 = VECTOR ( 'NONE', #1815, 1000.000000000000000 ) ;
#1881 = DIRECTION ( 'NONE',  ( 0.9659258262890693114, 0.000000000000000000, -0.2588190451025170757 ) ) ;
#1882 = CARTESIAN_POINT ( 'NONE',  ( 19.17196198327711798, 0.000000000000000000, 23.25444488791574571 ) ) ;
#1883 = CARTESIAN_POINT ( 'NONE',  ( -16.07270415933393082, 0.000000000000000000, 37.30294036547397951 ) ) ;
#1884 = ORIENTED_EDGE ( 'NONE', *, *, #557, .F. ) ;
#1885 = VERTEX_POINT ( 'NONE', #668 ) ;
#1886 = ORIENTED_EDGE ( 'NONE', *, *, #664, .F. ) ;
#1887 = CARTESIAN_POINT ( 'NONE',  ( -13.59518662502528841, 6.000000000000000000, 21.76015243430218860 ) ) ;
#1888 = CARTESIAN_POINT ( 'NONE',  ( -25.50000000000000355, 0.000000000000000000, 1.110223024625157526E-16 ) ) ;
#1889 = DIRECTION ( 'NONE',  ( -0.7071067811865474617, 0.000000000000000000, 0.7071067811865474617 ) ) ;
#1890 = ORIENTED_EDGE ( 'NONE', *, *, #1474, .T. ) ;
#1891 = CARTESIAN_POINT ( 'NONE',  ( 16.07270415933367502, 0.000000000000000000, 37.30294036547407899 ) ) ;
#1892 = ADVANCED_FACE ( 'NONE', ( #351 ), #204, .F. ) ;
#1893 = PRODUCT_RELATED_PRODUCT_CATEGORY ( 'part', '', ( #1086 ) ) ;
#1894 = EDGE_LOOP ( 'NONE', ( #751, #444, #1153, #1471 ) ) ;
#1895 = CIRCLE ( 'NONE', #1073, 1.500000000000006883 ) ;
#1896 = ORIENTED_EDGE ( 'NONE', *, *, #1752, .F. ) ;
#1897 = DIRECTION ( 'NONE',  ( 0.000000000000000000, 1.000000000000000000, 0.000000000000000000 ) ) ;
#1898 = AXIS2_PLACEMENT_3D ( 'NONE', #296, #582, #1066 ) ;
#1899 = CIRCLE ( 'NONE', #1010, 1.500000000000004885 ) ;
#1900 = CYLINDRICAL_SURFACE ( 'NONE', #950, 3.099999999999999645 ) ;
#1901 = CARTESIAN_POINT ( 'NONE',  ( 21.76015243430236978, 6.000000000000000000, -13.59518662502497754 ) ) ;
#1902 = ORIENTED_EDGE ( 'NONE', *, *, #350, .T. ) ;
#1903 = AXIS2_PLACEMENT_3D ( 'NONE', #1404, #482, #769 ) ;
#1904 = FACE_OUTER_BOUND ( 'NONE', #1740, .T. ) ;
#1905 = VERTEX_POINT ( 'NONE', #781 ) ;
#1906 = ORIENTED_EDGE ( 'NONE', *, *, #1246, .T. ) ;
#1907 = ORIENTED_EDGE ( 'NONE', *, *, #1227, .F. ) ;
#1908 = DIRECTION ( 'NONE',  ( 0.000000000000000000, 0.000000000000000000, 1.000000000000000000 ) ) ;
#1909 = DIRECTION ( 'NONE',  ( 0.7071067811865479058, 0.000000000000000000, 0.7071067811865472397 ) ) ;
#1910 = CARTESIAN_POINT ( 'NONE',  ( 16.07270415933367502, 0.000000000000000000, 37.30294036547407899 ) ) ;
#1911 = VECTOR ( 'NONE', #301, 1000.000000000000000 ) ;
#1912 = ORIENTED_EDGE ( 'NONE', *, *, #1209, .F. ) ;
#1913 = DIRECTION ( 'NONE',  ( 0.000000000000000000, 0.000000000000000000, 1.000000000000000000 ) ) ;
#1914 = VERTEX_POINT ( 'NONE', #503 ) ;
#1915 = EDGE_LOOP ( 'NONE', ( #1452, #1021, #59, #1641 ) ) ;
#1916 = CARTESIAN_POINT ( 'NONE',  ( -19.17196198327711798, 6.000000000000000000, -23.25444488791574571 ) ) ;
#1917 = EDGE_CURVE ( 'NONE', #673, #464, #1541, .T. ) ;
#1918 = ADVANCED_FACE ( 'NONE', ( #54 ), #34, .F. ) ;
#1919 = CARTESIAN_POINT ( 'NONE',  ( -16.07270415933393082, 0.000000000000000000, 38.80294036547397951 ) ) ;
#1920 = PLANE ( 'NONE',  #305 ) ;
#1921 = ORIENTED_EDGE ( 'NONE', *, *, #1334, .F. ) ;
#1922 = DIRECTION ( 'NONE',  ( 0.000000000000000000, 1.000000000000000000, 0.000000000000000000 ) ) ;
#1923 = ORIENTED_EDGE ( 'NONE', *, *, #1603, .T. ) ;
#1924 = LINE ( 'NONE', #976, #1132 ) ;
#1925 = VECTOR ( 'NONE', #498, 1000.000000000000000 ) ;
#1926 = ORIENTED_EDGE ( 'NONE', *, *, #1696, .F. ) ;
#1927 = DIRECTION ( 'NONE',  ( -0.7071067811865453523, 0.000000000000000000, -0.7071067811865496822 ) ) ;
#1928 = EDGE_CURVE ( 'NONE', #937, #1040, #776, .T. ) ;
#1929 = DIRECTION ( 'NONE',  ( 0.2588190451025242367, 0.000000000000000000, -0.9659258262890673130 ) ) ;
#1930 = EDGE_CURVE ( 'NONE', #356, #673, #1405, .T. ) ;
#1931 = DIRECTION ( 'NONE',  ( 0.7071067811865403563, 0.000000000000000000, 0.7071067811865546782 ) ) ;
#1932 = ORIENTED_EDGE ( 'NONE', *, *, #946, .T. ) ;
#1933 = CARTESIAN_POINT ( 'NONE',  ( 38.80294036547402925, 6.000000000000000000, -14.57270415933380470 ) ) ;
#1934 = VECTOR ( 'NONE', #868, 1000.000000000000000 ) ;
#1935 = ORIENTED_EDGE ( 'NONE', *, *, #1265, .F. ) ;
#1936 = ORIENTED_EDGE ( 'NONE', *, *, #1642, .T. ) ;
#1937 = EDGE_CURVE ( 'NONE', #1760, #771, #1597, .T. ) ;
#1938 = CARTESIAN_POINT ( 'NONE',  ( -38.80294036547413583, 0.000000000000000000, 17.57270415933354712 ) ) ;
#1939 = CARTESIAN_POINT ( 'NONE',  ( 0.000000000000000000, 6.000000000000000000, 0.000000000000000000 ) ) ;
#1940 = DIRECTION ( 'NONE',  ( -0.000000000000000000, 1.000000000000000000, -0.000000000000000000 ) ) ;
#1941 = VERTEX_POINT ( 'NONE', #1075 ) ;
#1942 = DIRECTION ( 'NONE',  ( 0.000000000000000000, 0.000000000000000000, 1.000000000000000000 ) ) ;
#1943 = DIRECTION ( 'NONE',  ( 0.000000000000000000, 1.000000000000000000, 0.000000000000000000 ) ) ;
#1944 = AXIS2_PLACEMENT_3D ( 'NONE', #1357, #1823, #319 ) ;
#1945 = ORIENTED_EDGE ( 'NONE', *, *, #251, .F. ) ;
#1946 = ORIENTED_EDGE ( 'NONE', *, *, #462, .T. ) ;
#1947 = CARTESIAN_POINT ( 'NONE',  ( 21.76015243430233070, 0.000000000000000000, 13.59518662502506103 ) ) ;
#1948 = CARTESIAN_POINT ( 'NONE',  ( -16.07270415933394858, 0.000000000000000000, -37.30294036547397951 ) ) ;
#1949 = FACE_OUTER_BOUND ( 'NONE', #1856, .T. ) ;
#1950 = VERTEX_POINT ( 'NONE', #1688 ) ;
#1951 = DIRECTION ( 'NONE',  ( 0.000000000000000000, 0.000000000000000000, 1.000000000000000000 ) ) ;
#1952 = CYLINDRICAL_SURFACE ( 'NONE', #1550, 5.200000000000000178 ) ;
#1953 = VERTEX_POINT ( 'NONE', #367 ) ;
ENDSEC;
END-ISO-10303-21;
