ISO-10303-21;
HEADER;
FILE_DESCRIPTION (( 'STEP AP214' ),
    '1' );
FILE_NAME ('Mounter Lower Plate.STEP',
    '2025-02-06T00:26:17',
    ( '' ),
    ( '' ),
    'SwSTEP 2.0',
    'SolidWorks 2024',
    '' );
FILE_SCHEMA (( 'AUTOMOTIVE_DESIGN' ));
ENDSEC;

DATA;
#1 = AXIS2_PLACEMENT_3D ( 'NONE', #345, #1437, #1630 ) ;
#2 = AXIS2_PLACEMENT_3D ( 'NONE', #757, #1121, #135 ) ;
#3 = DIRECTION ( 'NONE',  ( -0.000000000000000000, -1.000000000000000000, -0.000000000000000000 ) ) ;
#4 = TOROIDAL_SURFACE ( 'NONE', #270, 3.499999999999999556, 0.4000000000000000222 ) ;
#5 = EDGE_LOOP ( 'NONE', ( #1624, #86 ) ) ;
#6 = AXIS2_PLACEMENT_3D ( 'NONE', #1491, #1181, #776 ) ;
#7 =( NAMED_UNIT ( * ) SI_UNIT ( $, .STERADIAN. ) SOLID_ANGLE_UNIT ( ) );
#8 = LINE ( 'NONE', #1621, #1799 ) ;
#9 = VERTEX_POINT ( 'NONE', #543 ) ;
#10 = EDGE_CURVE ( 'NONE', #300, #99, #1443, .T. ) ;
#11 = CARTESIAN_POINT ( 'NONE',  ( 0.000000000000000000, 8.131516293641283255E-17, 16.40000000000000213 ) ) ;
#12 = PRODUCT_DEFINITION ( 'UNKNOWN', '', #1857, #1615 ) ;
#13 = DIRECTION ( 'NONE',  ( 0.000000000000000000, 1.000000000000000000, 0.000000000000000000 ) ) ;
#14 = AXIS2_PLACEMENT_3D ( 'NONE', #969, #992, #358 ) ;
#15 = FACE_BOUND ( 'NONE', #1608, .T. ) ;
#16 = VECTOR ( 'NONE', #1092, 1000.000000000000000 ) ;
#17 = EDGE_LOOP ( 'NONE', ( #939, #891, #1833, #564 ) ) ;
#18 = SURFACE_STYLE_FILL_AREA ( #1944 ) ;
#19 = CARTESIAN_POINT ( 'NONE',  ( 16.07270415933339791, 8.131516293641283255E-17, -36.90294036547418699 ) ) ;
#20 = ORIENTED_EDGE ( 'NONE', *, *, #102, .T. ) ;
#21 = ORIENTED_EDGE ( 'NONE', *, *, #198, .F. ) ;
#22 = DIRECTION ( 'NONE',  ( 0.000000000000000000, 0.000000000000000000, -1.000000000000000000 ) ) ;
#23 = CIRCLE ( 'NONE', #1783, 1.500000000000001332 ) ;
#24 = AXIS2_PLACEMENT_3D ( 'NONE', #1446, #1303, #486 ) ;
#25 = DIRECTION ( 'NONE',  ( -1.000000000000000000, 0.000000000000000000, 0.000000000000000000 ) ) ;
#26 = EDGE_CURVE ( 'NONE', #491, #1576, #171, .T. ) ;
#27 = DIRECTION ( 'NONE',  ( 0.000000000000000000, 0.000000000000000000, -1.000000000000000000 ) ) ;
#28 = AXIS2_PLACEMENT_3D ( 'NONE', #54, #1015, #688 ) ;
#29 = CARTESIAN_POINT ( 'NONE',  ( 16.07270415933339791, 0.000000000000000000, -38.80294036547419267 ) ) ;
#30 = DIRECTION ( 'NONE',  ( 0.000000000000000000, 0.000000000000000000, 1.000000000000000000 ) ) ;
#31 = ORIENTED_EDGE ( 'NONE', *, *, #1831, .F. ) ;
#32 = VERTEX_POINT ( 'NONE', #1414 ) ;
#33 = CARTESIAN_POINT ( 'NONE',  ( -38.80294036547402925, 4.000000000000000000, -16.07270415933380292 ) ) ;
#34 = DIRECTION ( 'NONE',  ( 0.000000000000000000, -1.000000000000000000, 0.000000000000000000 ) ) ;
#35 = EDGE_CURVE ( 'NONE', #1211, #1233, #1176, .T. ) ;
#36 = CARTESIAN_POINT ( 'NONE',  ( 38.80294036547391556, 0.4000000000000001887, -16.07270415933407293 ) ) ;
#37 = AXIS2_PLACEMENT_3D ( 'NONE', #1256, #1098, #631 ) ;
#38 = SURFACE_STYLE_USAGE ( .BOTH. , #998 ) ;
#39 = CARTESIAN_POINT ( 'NONE',  ( -38.80294036547402925, 4.000000000000000000, -14.57270415933379759 ) ) ;
#40 = EDGE_CURVE ( 'NONE', #1970, #300, #1701, .T. ) ;
#41 = ORIENTED_EDGE ( 'NONE', *, *, #72, .T. ) ;
#42 = ORIENTED_EDGE ( 'NONE', *, *, #679, .T. ) ;
#43 = ORIENTED_EDGE ( 'NONE', *, *, #1224, .T. ) ;
#44 = CYLINDRICAL_SURFACE ( 'NONE', #1183, 1.500000000000004885 ) ;
#45 = DIRECTION ( 'NONE',  ( -0.000000000000000000, 1.000000000000000000, -0.000000000000000000 ) ) ;
#46 = AXIS2_PLACEMENT_3D ( 'NONE', #415, #736, #1212 ) ;
#47 = DIRECTION ( 'NONE',  ( 0.000000000000000000, 0.000000000000000000, 1.000000000000000000 ) ) ;
#48 = ADVANCED_FACE ( 'NONE', ( #1545 ), #2029, .T. ) ;
#49 = DIRECTION ( 'NONE',  ( -0.000000000000000000, -1.000000000000000000, -0.000000000000000000 ) ) ;
#50 = VERTEX_POINT ( 'NONE', #309 ) ;
#51 = EDGE_LOOP ( 'NONE', ( #960, #871, #1790, #535 ) ) ;
#52 = FACE_OUTER_BOUND ( 'NONE', #1180, .T. ) ;
#53 = TOROIDAL_SURFACE ( 'NONE', #322, 1.900000000000004130, 0.4000000000000000222 ) ;
#54 = CARTESIAN_POINT ( 'NONE',  ( 17.67766952966368876, 0.2000000000000000111, 20.87766952966368450 ) ) ;
#55 = TOROIDAL_SURFACE ( 'NONE', #782, 3.199999999999999289, 0.2000000000000000111 ) ;
#56 = DIRECTION ( 'NONE',  ( 0.000000000000000000, 1.000000000000000000, 0.000000000000000000 ) ) ;
#57 = DIRECTION ( 'NONE',  ( -0.000000000000000000, -1.000000000000000000, -0.000000000000000000 ) ) ;
#58 = DIRECTION ( 'NONE',  ( 0.000000000000000000, 0.000000000000000000, 1.000000000000000000 ) ) ;
#59 = CIRCLE ( 'NONE', #1265, 1.500000000000004885 ) ;
#60 = EDGE_LOOP ( 'NONE', ( #43, #822 ) ) ;
#61 = CARTESIAN_POINT ( 'NONE',  ( 16.07270415933394148, 0.000000000000000000, 38.80294036547397241 ) ) ;
#62 = CARTESIAN_POINT ( 'NONE',  ( 17.67766952966368876, 0.2000000000000000111, 17.67766952966368876 ) ) ;
#63 = CYLINDRICAL_SURFACE ( 'NONE', #790, 48.00000000000000711 ) ;
#64 = EDGE_CURVE ( 'NONE', #1938, #92, #142, .T. ) ;
#65 = VERTEX_POINT ( 'NONE', #1231 ) ;
#66 = DIRECTION ( 'NONE',  ( -0.000000000000000000, -1.000000000000000000, -0.000000000000000000 ) ) ;
#67 = DIRECTION ( 'NONE',  ( 0.000000000000000000, -1.000000000000000000, 0.000000000000000000 ) ) ;
#68 = ORIENTED_EDGE ( 'NONE', *, *, #1251, .F. ) ;
#69 = EDGE_LOOP ( 'NONE', ( #1885, #1373, #1329, #285 ) ) ;
#70 = FACE_OUTER_BOUND ( 'NONE', #2049, .T. ) ;
#71 = CIRCLE ( 'NONE', #1239, 0.3999999999999993006 ) ;
#72 = EDGE_CURVE ( 'NONE', #501, #1434, #1075, .T. ) ;
#73 = AXIS2_PLACEMENT_3D ( 'NONE', #612, #298, #1084 ) ;
#74 = CIRCLE ( 'NONE', #1531, 2.999999999999999112 ) ;
#75 = DIRECTION ( 'NONE',  ( -1.000000000000000000, 0.000000000000000000, 0.000000000000000000 ) ) ;
#76 = EDGE_CURVE ( 'NONE', #1490, #675, #1342, .T. ) ;
#77 = VERTEX_POINT ( 'NONE', #785 ) ;
#78 = CIRCLE ( 'NONE', #1407, 2.999999999999999112 ) ;
#79 = DIRECTION ( 'NONE',  ( -0.000000000000000000, 1.000000000000000000, -0.000000000000000000 ) ) ;
#80 = AXIS2_PLACEMENT_3D ( 'NONE', #907, #1966, #1377 ) ;
#81 = DIRECTION ( 'NONE',  ( -0.000000000000000000, -1.000000000000000000, -0.000000000000000000 ) ) ;
#82 = ORIENTED_EDGE ( 'NONE', *, *, #1943, .T. ) ;
#83 = ORIENTED_EDGE ( 'NONE', *, *, #521, .T. ) ;
#84 = CARTESIAN_POINT ( 'NONE',  ( 17.67766952966350402, 4.000000000000000000, -14.67766952966387350 ) ) ;
#85 = DIRECTION ( 'NONE',  ( -0.000000000000000000, -1.000000000000000000, -0.000000000000000000 ) ) ;
#86 = ORIENTED_EDGE ( 'NONE', *, *, #1717, .T. ) ;
#87 = EDGE_CURVE ( 'NONE', #1727, #574, #375, .T. ) ;
#88 = LINE ( 'NONE', #1661, #953 ) ;
#89 = CIRCLE ( 'NONE', #1820, 16.40000000000000213 ) ;
#90 = CARTESIAN_POINT ( 'NONE',  ( 38.80294036547391556, 8.131516293641283255E-17, -14.17270415933406902 ) ) ;
#91 = ORIENTED_EDGE ( 'NONE', *, *, #1544, .F. ) ;
#92 = VERTEX_POINT ( 'NONE', #2009 ) ;
#93 = CARTESIAN_POINT ( 'NONE',  ( 0.000000000000000000, 4.000000000000000000, -48.00000000000000711 ) ) ;
#94 = CIRCLE ( 'NONE', #2056, 48.00000000000000711 ) ;
#95 = CARTESIAN_POINT ( 'NONE',  ( 0.000000000000000000, 0.4000000000000001887, -48.00000000000000711 ) ) ;
#96 = DIRECTION ( 'NONE',  ( -1.000000000000000000, 0.000000000000000000, 0.000000000000000000 ) ) ;
#97 = EDGE_CURVE ( 'NONE', #77, #1970, #1868, .T. ) ;
#98 = CARTESIAN_POINT ( 'NONE',  ( -17.67766952966368876, 0.2000000000000000111, -14.47766952966368770 ) ) ;
#99 = VERTEX_POINT ( 'NONE', #583 ) ;
#100 = EDGE_LOOP ( 'NONE', ( #1728, #454, #1848, #2060 ) ) ;
#101 = DIRECTION ( 'NONE',  ( 0.000000000000000000, 1.000000000000000000, 0.000000000000000000 ) ) ;
#102 = EDGE_CURVE ( 'NONE', #1533, #1374, #74, .T. ) ;
#103 = CIRCLE ( 'NONE', #571, 0.2000000000000005107 ) ;
#104 = DIRECTION ( 'NONE',  ( 0.000000000000000000, 0.000000000000000000, 1.000000000000000000 ) ) ;
#105 = DIRECTION ( 'NONE',  ( 0.000000000000000000, 1.000000000000000000, 0.000000000000000000 ) ) ;
#106 = CARTESIAN_POINT ( 'NONE',  ( -25.50000000000000355, 0.4000000000000001887, 0.000000000000000000 ) ) ;
#107 = ORIENTED_EDGE ( 'NONE', *, *, #407, .T. ) ;
#108 = AXIS2_PLACEMENT_3D ( 'NONE', #62, #1333, #707 ) ;
#109 = DIRECTION ( 'NONE',  ( -0.000000000000000000, 1.000000000000000000, -0.000000000000000000 ) ) ;
#110 = FACE_OUTER_BOUND ( 'NONE', #336, .T. ) ;
#111 = ADVANCED_FACE ( 'NONE', ( #1221 ), #1881, .F. ) ;
#112 = EDGE_LOOP ( 'NONE', ( #1859, #1760, #1169, #1949 ) ) ;
#113 = DIRECTION ( 'NONE',  ( 0.000000000000000000, 0.000000000000000000, 1.000000000000000000 ) ) ;
#114 = CIRCLE ( 'NONE', #210, 3.099999999999999645 ) ;
#115 = DIRECTION ( 'NONE',  ( 1.000000000000000000, -0.000000000000000000, 1.224646799147353207E-16 ) ) ;
#116 = AXIS2_PLACEMENT_3D ( 'NONE', #307, #943, #1574 ) ;
#117 = CARTESIAN_POINT ( 'NONE',  ( 17.67766952966350402, 0.2000000000000000111, -14.67766952966387350 ) ) ;
#118 = ORIENTED_EDGE ( 'NONE', *, *, #189, .F. ) ;
#119 = AXIS2_PLACEMENT_3D ( 'NONE', #817, #1775, #1595 ) ;
#120 = DIRECTION ( 'NONE',  ( -0.000000000000000000, -1.000000000000000000, -0.000000000000000000 ) ) ;
#121 = CARTESIAN_POINT ( 'NONE',  ( 38.80294036547402925, 4.000000000000000000, 16.07270415933380292 ) ) ;
#122 = ORIENTED_EDGE ( 'NONE', *, *, #1334, .T. ) ;
#123 = CIRCLE ( 'NONE', #555, 1.900000000000005906 ) ;
#124 = ORIENTED_EDGE ( 'NONE', *, *, #466, .T. ) ;
#125 = FACE_OUTER_BOUND ( 'NONE', #878, .T. ) ;
#126 = VECTOR ( 'NONE', #45, 1000.000000000000000 ) ;
#127 = CARTESIAN_POINT ( 'NONE',  ( 0.000000000000000000, 0.4000000000000001887, -16.00000000000000000 ) ) ;
#128 = EDGE_CURVE ( 'NONE', #220, #1416, #435, .T. ) ;
#129 = DIRECTION ( 'NONE',  ( 1.000000000000000000, 0.000000000000000000, -3.469446951953615372E-15 ) ) ;
#130 = EDGE_LOOP ( 'NONE', ( #1029, #376 ) ) ;
#131 = CARTESIAN_POINT ( 'NONE',  ( 0.000000000000000000, 0.4000000000000001887, 16.40000000000000213 ) ) ;
#132 = DIRECTION ( 'NONE',  ( -1.000000000000000000, 0.000000000000000000, 4.625929269271470334E-15 ) ) ;
#133 = VERTEX_POINT ( 'NONE', #428 ) ;
#134 = ORIENTED_EDGE ( 'NONE', *, *, #189, .T. ) ;
#135 = DIRECTION ( 'NONE',  ( 0.000000000000000000, 0.000000000000000000, 1.000000000000000000 ) ) ;
#136 = VECTOR ( 'NONE', #1872, 1000.000000000000000 ) ;
#137 = ADVANCED_FACE ( 'NONE', ( #1566 ), #445, .F. ) ;
#138 = CARTESIAN_POINT ( 'NONE',  ( -17.67766952966368876, 0.2000000000000000111, -17.67766952966368876 ) ) ;
#139 = CIRCLE ( 'NONE', #1698, 2.999999999999999112 ) ;
#140 = DIRECTION ( 'NONE',  ( -0.000000000000000000, -1.000000000000000000, -0.000000000000000000 ) ) ;
#141 = EDGE_LOOP ( 'NONE', ( #1983, #1684, #832, #214 ) ) ;
#142 = LINE ( 'NONE', #1392, #1805 ) ;
#143 = FACE_OUTER_BOUND ( 'NONE', #477, .T. ) ;
#144 = CIRCLE ( 'NONE', #46, 16.00000000000000000 ) ;
#145 = ORIENTED_EDGE ( 'NONE', *, *, #1334, .F. ) ;
#146 = CARTESIAN_POINT ( 'NONE',  ( 38.80294036547402925, 0.4000000000000001887, 14.17270415933379901 ) ) ;
#147 = DIRECTION ( 'NONE',  ( 0.000000000000000000, 1.000000000000000000, 0.000000000000000000 ) ) ;
#148 = EDGE_CURVE ( 'NONE', #1434, #1318, #1692, .T. ) ;
#149 = DIRECTION ( 'NONE',  ( 0.000000000000000000, 0.000000000000000000, 1.000000000000000000 ) ) ;
#150 = VERTEX_POINT ( 'NONE', #1715 ) ;
#151 = DIRECTION ( 'NONE',  ( 0.000000000000000000, 1.000000000000000000, 0.000000000000000000 ) ) ;
#152 = DIRECTION ( 'NONE',  ( 0.000000000000000000, 0.000000000000000000, -1.000000000000000000 ) ) ;
#153 = AXIS2_PLACEMENT_3D ( 'NONE', #1819, #1838, #1007 ) ;
#154 = VERTEX_POINT ( 'NONE', #744 ) ;
#155 = VERTEX_POINT ( 'NONE', #1381 ) ;
#156 = DIRECTION ( 'NONE',  ( -0.7071067811865434649, 0.000000000000000000, 0.7071067811865516806 ) ) ;
#157 = DIRECTION ( 'NONE',  ( -0.000000000000000000, -1.000000000000000000, -0.000000000000000000 ) ) ;
#158 = CIRCLE ( 'NONE', #1327, 16.00000000000000000 ) ;
#159 = FACE_BOUND ( 'NONE', #694, .T. ) ;
#160 = ORIENTED_EDGE ( 'NONE', *, *, #1200, .T. ) ;
#161 = EDGE_CURVE ( 'NONE', #955, #1533, #1072, .T. ) ;
#162 = AXIS2_PLACEMENT_3D ( 'NONE', #1066, #2005, #920 ) ;
#163 = CARTESIAN_POINT ( 'NONE',  ( -38.80294036547402925, 8.131516293641283255E-17, 14.17270415933379901 ) ) ;
#164 = ORIENTED_EDGE ( 'NONE', *, *, #566, .T. ) ;
#165 = CARTESIAN_POINT ( 'NONE',  ( 38.80294036547402925, 4.000000000000000000, 17.57270415933380647 ) ) ;
#166 = CARTESIAN_POINT ( 'NONE',  ( 5.878304635907296578E-15, 0.4000000000000001887, 48.00000000000000711 ) ) ;
#167 = CIRCLE ( 'NONE', #1105, 0.2000000000000005107 ) ;
#168 = VECTOR ( 'NONE', #797, 1000.000000000000000 ) ;
#169 = DIRECTION ( 'NONE',  ( 0.000000000000000000, 0.000000000000000000, 1.000000000000000000 ) ) ;
#170 = EDGE_LOOP ( 'NONE', ( #175, #1076 ) ) ;
#171 = CIRCLE ( 'NONE', #6, 1.900000000000004130 ) ;
#172 = DIRECTION ( 'NONE',  ( 0.000000000000000000, 0.000000000000000000, 1.000000000000000000 ) ) ;
#173 = CARTESIAN_POINT ( 'NONE',  ( -17.67766952966362481, 0.2000000000000000111, 14.47766952966374987 ) ) ;
#174 = VERTEX_POINT ( 'NONE', #1556 ) ;
#175 = ORIENTED_EDGE ( 'NONE', *, *, #993, .T. ) ;
#176 = EDGE_CURVE ( 'NONE', #1012, #1152, #1174, .T. ) ;
#177 = ORIENTED_EDGE ( 'NONE', *, *, #1729, .F. ) ;
#178 = AXIS2_PLACEMENT_3D ( 'NONE', #1019, #1796, #527 ) ;
#179 = DIRECTION ( 'NONE',  ( 0.000000000000000000, 1.000000000000000000, 0.000000000000000000 ) ) ;
#180 = CARTESIAN_POINT ( 'NONE',  ( -16.07270415933420438, 8.131516293641283255E-17, -40.70294036547386440 ) ) ;
#181 = DIRECTION ( 'NONE',  ( 0.000000000000000000, 1.000000000000000000, 0.000000000000000000 ) ) ;
#182 = DIRECTION ( 'NONE',  ( 0.000000000000000000, 0.000000000000000000, 1.000000000000000000 ) ) ;
#183 = DIRECTION ( 'NONE',  ( 0.000000000000000000, -1.000000000000000000, -0.000000000000000000 ) ) ;
#184 = ORIENTED_EDGE ( 'NONE', *, *, #1456, .F. ) ;
#185 = ORIENTED_EDGE ( 'NONE', *, *, #291, .T. ) ;
#186 = LINE ( 'NONE', #367, #766 ) ;
#187 = AXIS2_PLACEMENT_3D ( 'NONE', #1690, #1252, #129 ) ;
#188 = ADVANCED_FACE ( 'NONE', ( #2040 ), #972, .T. ) ;
#189 = EDGE_CURVE ( 'NONE', #1807, #753, #1440, .T. ) ;
#190 = DIRECTION ( 'NONE',  ( 0.000000000000000000, 0.000000000000000000, 1.000000000000000000 ) ) ;
#191 = CIRCLE ( 'NONE', #1359, 0.3999999999999975797 ) ;
#192 = FACE_OUTER_BOUND ( 'NONE', #522, .T. ) ;
#193 = CARTESIAN_POINT ( 'NONE',  ( -17.67766952966362481, 0.2000000000000000111, 17.67766952966374916 ) ) ;
#194 = EDGE_LOOP ( 'NONE', ( #2022, #2053, #558, #1503 ) ) ;
#195 = ORIENTED_EDGE ( 'NONE', *, *, #1188, .F. ) ;
#196 = DIRECTION ( 'NONE',  ( 0.000000000000000000, 1.000000000000000000, 0.000000000000000000 ) ) ;
#197 = DIRECTION ( 'NONE',  ( -0.000000000000000000, -1.000000000000000000, -0.000000000000000000 ) ) ;
#198 = EDGE_CURVE ( 'NONE', #756, #150, #1504, .T. ) ;
#199 = FACE_BOUND ( 'NONE', #170, .T. ) ;
#200 = CIRCLE ( 'NONE', #1597, 2.999999999999999112 ) ;
#201 = CARTESIAN_POINT ( 'NONE',  ( 17.67766952966368876, 0.2000000000000000111, 17.67766952966368876 ) ) ;
#202 = CARTESIAN_POINT ( 'NONE',  ( 38.80294036547391556, 4.000000000000000000, -14.57270415933406937 ) ) ;
#203 = ORIENTED_EDGE ( 'NONE', *, *, #1513, .T. ) ;
#204 = ORIENTED_EDGE ( 'NONE', *, *, #1544, .T. ) ;
#205 = DIRECTION ( 'NONE',  ( 0.000000000000000000, 0.000000000000000000, -1.000000000000000000 ) ) ;
#206 = DIRECTION ( 'NONE',  ( -0.000000000000000000, -1.000000000000000000, -0.000000000000000000 ) ) ;
#207 = ORIENTED_EDGE ( 'NONE', *, *, #1389, .F. ) ;
#208 = VECTOR ( 'NONE', #863, 1000.000000000000000 ) ;
#209 =( NAMED_UNIT ( * ) SI_UNIT ( $, .STERADIAN. ) SOLID_ANGLE_UNIT ( ) );
#210 = AXIS2_PLACEMENT_3D ( 'NONE', #1132, #919, #1272 ) ;
#211 = FACE_OUTER_BOUND ( 'NONE', #1324, .T. ) ;
#212 = DIRECTION ( 'NONE',  ( 0.000000000000000000, 1.000000000000000000, 0.000000000000000000 ) ) ;
#213 = ORIENTED_EDGE ( 'NONE', *, *, #1154, .T. ) ;
#214 = ORIENTED_EDGE ( 'NONE', *, *, #982, .F. ) ;
#215 = ORIENTED_EDGE ( 'NONE', *, *, #989, .T. ) ;
#216 = CARTESIAN_POINT ( 'NONE',  ( 17.67766952966368876, 0.000000000000000000, 14.47766952966368770 ) ) ;
#217 = CIRCLE ( 'NONE', #359, 1.500000000000001332 ) ;
#218 = DIRECTION ( 'NONE',  ( 0.000000000000000000, 1.000000000000000000, 0.000000000000000000 ) ) ;
#219 = AXIS2_PLACEMENT_3D ( 'NONE', #1133, #827, #1784 ) ;
#220 = VERTEX_POINT ( 'NONE', #497 ) ;
#221 = DIRECTION ( 'NONE',  ( 0.000000000000000000, -1.000000000000000000, 0.000000000000000000 ) ) ;
#222 = EDGE_CURVE ( 'NONE', #742, #1441, #1804, .T. ) ;
#223 = EDGE_LOOP ( 'NONE', ( #366, #42 ) ) ;
#224 = ORIENTED_EDGE ( 'NONE', *, *, #316, .T. ) ;
#225 = DIRECTION ( 'NONE',  ( 0.000000000000000000, 0.000000000000000000, 1.000000000000000000 ) ) ;
#226 = ADVANCED_FACE ( 'NONE', ( #1458 ), #4, .T. ) ;
#227 = DIRECTION ( 'NONE',  ( 0.000000000000000000, 0.000000000000000000, -1.000000000000000000 ) ) ;
#228 = APPLICATION_CONTEXT ( 'automotive_design' ) ;
#229 = FACE_OUTER_BOUND ( 'NONE', #1588, .T. ) ;
#230 = CARTESIAN_POINT ( 'NONE',  ( -17.67766952966362481, 0.000000000000000000, 20.87766952966374845 ) ) ;
#231 = AXIS2_PLACEMENT_3D ( 'NONE', #193, #1295, #664 ) ;
#232 = EDGE_LOOP ( 'NONE', ( #812, #1579, #1818, #784 ) ) ;
#233 = ORIENTED_EDGE ( 'NONE', *, *, #10, .F. ) ;
#234 = DIRECTION ( 'NONE',  ( 0.000000000000000000, 0.000000000000000000, -1.000000000000000000 ) ) ;
#235 = CIRCLE ( 'NONE', #1669, 1.500000000000001332 ) ;
#236 = EDGE_CURVE ( 'NONE', #1434, #501, #540, .T. ) ;
#237 = DIRECTION ( 'NONE',  ( 0.000000000000000000, 1.000000000000000000, 0.000000000000000000 ) ) ;
#238 = ORIENTED_EDGE ( 'NONE', *, *, #1056, .F. ) ;
#239 = CIRCLE ( 'NONE', #1078, 1.500000000000003331 ) ;
#240 = DIRECTION ( 'NONE',  ( 0.000000000000000000, 0.000000000000000000, 1.000000000000000000 ) ) ;
#241 = AXIS2_PLACEMENT_3D ( 'NONE', #1697, #105, #1227 ) ;
#242 = AXIS2_PLACEMENT_3D ( 'NONE', #1772, #1634, #1614 ) ;
#243 = CARTESIAN_POINT ( 'NONE',  ( 38.80294036547402925, 0.4000000000000001887, 17.57270415933380647 ) ) ;
#244 = EDGE_LOOP ( 'NONE', ( #1907, #593 ) ) ;
#245 = VERTEX_POINT ( 'NONE', #1158 ) ;
#246 = CARTESIAN_POINT ( 'NONE',  ( 16.07270415933394148, 4.000000000000000000, 40.30294036547397241 ) ) ;
#247 = ADVANCED_FACE ( 'NONE', ( #192 ), #1598, .F. ) ;
#248 = FACE_OUTER_BOUND ( 'NONE', #346, .T. ) ;
#249 = EDGE_CURVE ( 'NONE', #133, #1789, #1973, .T. ) ;
#250 = CARTESIAN_POINT ( 'NONE',  ( 1.959434878635765131E-15, 2.500000000000000000, 16.00000000000000000 ) ) ;
#251 = DIRECTION ( 'NONE',  ( -0.000000000000000000, -1.000000000000000000, -0.000000000000000000 ) ) ;
#252 = TOROIDAL_SURFACE ( 'NONE', #116, 1.900000000000004130, 0.4000000000000000222 ) ;
#253 = EDGE_CURVE ( 'NONE', #510, #1428, #1506, .T. ) ;
#254 = DIRECTION ( 'NONE',  ( 0.000000000000000000, 0.000000000000000000, 1.000000000000000000 ) ) ;
#255 = VERTEX_POINT ( 'NONE', #828 ) ;
#256 = EDGE_LOOP ( 'NONE', ( #1647, #674, #1870, #656 ) ) ;
#257 = CARTESIAN_POINT ( 'NONE',  ( 5.878304635907296578E-15, 4.000000000000000000, 48.00000000000000711 ) ) ;
#258 = DIRECTION ( 'NONE',  ( 0.000000000000000000, 0.000000000000000000, 1.000000000000000000 ) ) ;
#259 = EDGE_CURVE ( 'NONE', #32, #1576, #2042, .T. ) ;
#260 = CARTESIAN_POINT ( 'NONE',  ( -17.67766952966368876, 4.000000000000000000, -20.67766952966368876 ) ) ;
#261 = MANIFOLD_SOLID_BREP ( 'CirPattern2', #904 ) ;
#262 = EDGE_CURVE ( 'NONE', #1490, #1887, #344, .T. ) ;
#263 = DIRECTION ( 'NONE',  ( 0.000000000000000000, 0.000000000000000000, -1.000000000000000000 ) ) ;
#264 = EDGE_LOOP ( 'NONE', ( #204, #665 ) ) ;
#265 = DIRECTION ( 'NONE',  ( -1.000000000000000000, 0.000000000000000000, 0.000000000000000000 ) ) ;
#266 = AXIS2_PLACEMENT_3D ( 'NONE', #1716, #429, #602 ) ;
#267 = AXIS2_PLACEMENT_3D ( 'NONE', #2046, #1888, #483 ) ;
#268 = EDGE_LOOP ( 'NONE', ( #2032, #107, #548, #604 ) ) ;
#269 = CARTESIAN_POINT ( 'NONE',  ( -25.50000000000000355, 0.4000000000000001887, 0.000000000000000000 ) ) ;
#270 = AXIS2_PLACEMENT_3D ( 'NONE', #819, #1748, #518 ) ;
#271 = AXIS2_PLACEMENT_3D ( 'NONE', #61, #1511, #1519 ) ;
#272 = DIRECTION ( 'NONE',  ( 0.000000000000000000, 0.000000000000000000, -1.000000000000000000 ) ) ;
#273 = CARTESIAN_POINT ( 'NONE',  ( -25.50000000000000355, 0.000000000000000000, 3.499999999999999556 ) ) ;
#274 = ORIENTED_EDGE ( 'NONE', *, *, #1668, .F. ) ;
#275 = VECTOR ( 'NONE', #1940, 1000.000000000000000 ) ;
#276 = CARTESIAN_POINT ( 'NONE',  ( 0.000000000000000000, 4.000000000000000000, 0.000000000000000000 ) ) ;
#277 = DIRECTION ( 'NONE',  ( -1.000000000000000000, 0.000000000000000000, 1.040834085586084572E-14 ) ) ;
#278 = EDGE_CURVE ( 'NONE', #2061, #1498, #708, .T. ) ;
#279 = ORIENTED_EDGE ( 'NONE', *, *, #896, .T. ) ;
#280 = CARTESIAN_POINT ( 'NONE',  ( 17.67766952966350402, 0.2000000000000000111, -17.67766952966387350 ) ) ;
#281 = CIRCLE ( 'NONE', #317, 2.999999999999999112 ) ;
#282 = DIRECTION ( 'NONE',  ( -0.000000000000000000, -1.000000000000000000, -0.000000000000000000 ) ) ;
#283 = AXIS2_PLACEMENT_3D ( 'NONE', #1379, #1723, #1412 ) ;
#284 = DIRECTION ( 'NONE',  ( -0.7071067811865481278, 0.000000000000000000, -0.7071067811865469066 ) ) ;
#285 = ORIENTED_EDGE ( 'NONE', *, *, #1161, .T. ) ;
#286 = CIRCLE ( 'NONE', #325, 16.40000000000000213 ) ;
#287 = EDGE_CURVE ( 'NONE', #574, #1727, #1707, .T. ) ;
#288 = CARTESIAN_POINT ( 'NONE',  ( -17.67766952966362481, 0.000000000000000000, 14.67766952966375094 ) ) ;
#289 = CARTESIAN_POINT ( 'NONE',  ( -17.67766952966362481, 0.000000000000000000, 17.67766952966374916 ) ) ;
#290 = VERTEX_POINT ( 'NONE', #1166 ) ;
#291 = EDGE_CURVE ( 'NONE', #337, #1318, #78, .T. ) ;
#292 = ORIENTED_EDGE ( 'NONE', *, *, #865, .F. ) ;
#293 = DIRECTION ( 'NONE',  ( 0.000000000000000000, 0.000000000000000000, 1.000000000000000000 ) ) ;
#294 = CIRCLE ( 'NONE', #1722, 1.500000000000001332 ) ;
#295 = CARTESIAN_POINT ( 'NONE',  ( 17.67766952966368876, 4.000000000000000000, 17.67766952966368876 ) ) ;
#296 = DIRECTION ( 'NONE',  ( 0.000000000000000000, 0.000000000000000000, -1.000000000000000000 ) ) ;
#297 = ORIENTED_EDGE ( 'NONE', *, *, #1358, .T. ) ;
#298 = DIRECTION ( 'NONE',  ( -0.000000000000000000, -1.000000000000000000, -0.000000000000000000 ) ) ;
#299 = CARTESIAN_POINT ( 'NONE',  ( -17.67766952966368876, 4.000000000000000000, -14.67766952966368876 ) ) ;
#300 = VERTEX_POINT ( 'NONE', #587 ) ;
#301 = ORIENTED_EDGE ( 'NONE', *, *, #176, .T. ) ;
#302 = DIRECTION ( 'NONE',  ( -1.000000000000000000, -0.000000000000000000, -0.000000000000000000 ) ) ;
#303 = CIRCLE ( 'NONE', #669, 0.4000000000000010214 ) ;
#304 = EDGE_CURVE ( 'NONE', #154, #574, #874, .T. ) ;
#305 = CARTESIAN_POINT ( 'NONE',  ( -38.80294036547402925, 4.000000000000000000, -16.07270415933380292 ) ) ;
#306 = AXIS2_PLACEMENT_3D ( 'NONE', #885, #1521, #258 ) ;
#307 = CARTESIAN_POINT ( 'NONE',  ( -16.07270415933420438, 0.4000000000000001887, -38.80294036547385872 ) ) ;
#308 = ORIENTED_EDGE ( 'NONE', *, *, #509, .T. ) ;
#309 = CARTESIAN_POINT ( 'NONE',  ( 16.07270415933394148, 4.000000000000000000, 40.30294036547397241 ) ) ;
#310 = FACE_BOUND ( 'NONE', #264, .T. ) ;
#311 = ORIENTED_EDGE ( 'NONE', *, *, #1652, .T. ) ;
#312 = EDGE_LOOP ( 'NONE', ( #427, #1472, #1050, #1279 ) ) ;
#313 = TOROIDAL_SURFACE ( 'NONE', #1982, 1.900000000000004130, 0.4000000000000000222 ) ;
#314 = ORIENTED_EDGE ( 'NONE', *, *, #1439, .T. ) ;
#315 = CARTESIAN_POINT ( 'NONE',  ( -17.67766952966362481, 0.000000000000000000, 17.67766952966374916 ) ) ;
#316 = EDGE_CURVE ( 'NONE', #150, #1601, #1236, .T. ) ;
#317 = AXIS2_PLACEMENT_3D ( 'NONE', #1112, #157, #1419 ) ;
#318 = DIRECTION ( 'NONE',  ( 1.000000000000000000, -0.000000000000000000, 1.224646799147353207E-16 ) ) ;
#319 = EDGE_CURVE ( 'NONE', #753, #1807, #348, .T. ) ;
#320 = FACE_OUTER_BOUND ( 'NONE', #347, .T. ) ;
#321 = ORIENTED_EDGE ( 'NONE', *, *, #836, .F. ) ;
#322 = AXIS2_PLACEMENT_3D ( 'NONE', #1312, #662, #1467 ) ;
#323 = DIRECTION ( 'NONE',  ( 0.000000000000000000, 0.000000000000000000, 1.000000000000000000 ) ) ;
#324 = DIRECTION ( 'NONE',  ( -0.000000000000000000, -1.000000000000000000, -0.000000000000000000 ) ) ;
#325 = AXIS2_PLACEMENT_3D ( 'NONE', #1619, #505, #1156 ) ;
#326 = EDGE_LOOP ( 'NONE', ( #1269, #458 ) ) ;
#327 = ORIENTED_EDGE ( 'NONE', *, *, #1627, .T. ) ;
#328 = EDGE_LOOP ( 'NONE', ( #1915, #164, #1108, #990 ) ) ;
#329 = DIRECTION ( 'NONE',  ( -0.000000000000000000, -1.000000000000000000, -0.000000000000000000 ) ) ;
#330 = VECTOR ( 'NONE', #206, 1000.000000000000000 ) ;
#331 = FACE_OUTER_BOUND ( 'NONE', #685, .T. ) ;
#332 = EDGE_CURVE ( 'NONE', #553, #1246, #239, .T. ) ;
#333 = ORIENTED_EDGE ( 'NONE', *, *, #661, .T. ) ;
#334 = DIRECTION ( 'NONE',  ( 0.000000000000000000, 0.000000000000000000, 1.000000000000000000 ) ) ;
#335 = DIRECTION ( 'NONE',  ( 0.000000000000000000, 0.000000000000000000, -1.000000000000000000 ) ) ;
#336 = EDGE_LOOP ( 'NONE', ( #1115, #213, #1769, #1558 ) ) ;
#337 = VERTEX_POINT ( 'NONE', #260 ) ;
#338 = DIRECTION ( 'NONE',  ( -0.000000000000000000, -1.000000000000000000, -0.000000000000000000 ) ) ;
#339 = FACE_OUTER_BOUND ( 'NONE', #1756, .T. ) ;
#340 = AXIS2_PLACEMENT_3D ( 'NONE', #605, #789, #595 ) ;
#341 = CARTESIAN_POINT ( 'NONE',  ( 17.67766952966350402, 4.000000000000000000, -20.67766952966386995 ) ) ;
#342 = AXIS2_PLACEMENT_3D ( 'NONE', #201, #1436, #1757 ) ;
#343 = AXIS2_PLACEMENT_3D ( 'NONE', #912, #120, #601 ) ;
#344 = LINE ( 'NONE', #489, #1977 ) ;
#345 = CARTESIAN_POINT ( 'NONE',  ( 0.000000000000000000, 4.000000000000000000, 0.000000000000000000 ) ) ;
#346 = EDGE_LOOP ( 'NONE', ( #1308, #1840, #433, #500 ) ) ;
#347 = EDGE_LOOP ( 'NONE', ( #1168, #1051 ) ) ;
#348 = CIRCLE ( 'NONE', #439, 2.999999999999999112 ) ;
#349 = CARTESIAN_POINT ( 'NONE',  ( 38.80294036547402925, 0.4000000000000001887, 16.07270415933380292 ) ) ;
#350 = EDGE_CURVE ( 'NONE', #1448, #174, #441, .T. ) ;
#351 = CYLINDRICAL_SURFACE ( 'NONE', #1826, 2.999999999999999112 ) ;
#352 = CARTESIAN_POINT ( 'NONE',  ( -16.07270415933420438, 4.000000000000000000, -37.30294036547385872 ) ) ;
#353 = CARTESIAN_POINT ( 'NONE',  ( 17.67766952966368876, 0.2000000000000000111, 17.67766952966368876 ) ) ;
#354 = CARTESIAN_POINT ( 'NONE',  ( -24.50000000000000000, 4.000000000000000000, 3.099999999999999645 ) ) ;
#355 = VERTEX_POINT ( 'NONE', #692 ) ;
#356 = EDGE_CURVE ( 'NONE', #1724, #155, #1510, .T. ) ;
#357 = EDGE_LOOP ( 'NONE', ( #1037, #531, #1984, #482 ) ) ;
#358 = DIRECTION ( 'NONE',  ( 0.000000000000000000, 0.000000000000000000, 1.000000000000000000 ) ) ;
#359 = AXIS2_PLACEMENT_3D ( 'NONE', #580, #81, #371 ) ;
#360 = ADVANCED_FACE ( 'NONE', ( #1689 ), #515, .T. ) ;
#361 = CARTESIAN_POINT ( 'NONE',  ( -16.07270415933366792, 0.4000000000000001887, 40.70294036547409178 ) ) ;
#362 = DIRECTION ( 'NONE',  ( 0.000000000000000000, 0.000000000000000000, 1.000000000000000000 ) ) ;
#363 = CIRCLE ( 'NONE', #1164, 0.1999999999999987899 ) ;
#364 = CARTESIAN_POINT ( 'NONE',  ( 17.67766952966368876, 0.000000000000000000, 14.67766952966368876 ) ) ;
#365 = EDGE_LOOP ( 'NONE', ( #1613, #2028 ) ) ;
#366 = ORIENTED_EDGE ( 'NONE', *, *, #1854, .T. ) ;
#367 = CARTESIAN_POINT ( 'NONE',  ( 0.000000000000000000, 4.000000000000000000, -48.00000000000000711 ) ) ;
#368 = CARTESIAN_POINT ( 'NONE',  ( 17.67766952966350402, 0.2000000000000000111, -17.67766952966387350 ) ) ;
#369 = AXIS2_PLACEMENT_3D ( 'NONE', #755, #479, #1117 ) ;
#370 = DIRECTION ( 'NONE',  ( 0.000000000000000000, 0.000000000000000000, 1.000000000000000000 ) ) ;
#371 = DIRECTION ( 'NONE',  ( 0.000000000000000000, 0.000000000000000000, 1.000000000000000000 ) ) ;
#372 = AXIS2_PLACEMENT_3D ( 'NONE', #1725, #1860, #622 ) ;
#373 = EDGE_LOOP ( 'NONE', ( #2000, #1908 ) ) ;
#374 = ORIENTED_EDGE ( 'NONE', *, *, #1729, .T. ) ;
#375 = CIRCLE ( 'NONE', #436, 3.199999999999999734 ) ;
#376 = ORIENTED_EDGE ( 'NONE', *, *, #1268, .T. ) ;
#377 = DIRECTION ( 'NONE',  ( 0.000000000000000000, 0.000000000000000000, 1.000000000000000000 ) ) ;
#378 = DIRECTION ( 'NONE',  ( 0.000000000000000000, -1.000000000000000000, 0.000000000000000000 ) ) ;
#379 = AXIS2_PLACEMENT_3D ( 'NONE', #2021, #152, #1242 ) ;
#380 = EDGE_CURVE ( 'NONE', #1887, #355, #978, .T. ) ;
#381 = CARTESIAN_POINT ( 'NONE',  ( 38.80294036547391556, 0.4000000000000001887, -16.07270415933407293 ) ) ;
#382 = AXIS2_PLACEMENT_3D ( 'NONE', #780, #13, #1250 ) ;
#383 = DIRECTION ( 'NONE',  ( -0.000000000000000000, 1.000000000000000000, -0.000000000000000000 ) ) ;
#384 = DIRECTION ( 'NONE',  ( -0.000000000000000000, -1.000000000000000000, -0.000000000000000000 ) ) ;
#385 = ORIENTED_EDGE ( 'NONE', *, *, #1612, .F. ) ;
#386 = ORIENTED_EDGE ( 'NONE', *, *, #128, .T. ) ;
#387 = CYLINDRICAL_SURFACE ( 'NONE', #444, 1.500000000000001332 ) ;
#388 = TOROIDAL_SURFACE ( 'NONE', #1582, 47.60000000000000853, 0.4000000000000000222 ) ;
#389 = AXIS2_PLACEMENT_3D ( 'NONE', #495, #3, #362 ) ;
#390 = VERTEX_POINT ( 'NONE', #2014 ) ;
#391 = CYLINDRICAL_SURFACE ( 'NONE', #1125, 2.999999999999999112 ) ;
#392 = AXIS2_PLACEMENT_3D ( 'NONE', #36, #649, #169 ) ;
#393 = DIRECTION ( 'NONE',  ( 1.000000000000000000, 0.000000000000000000, -0.000000000000000000 ) ) ;
#394 = ADVANCED_FACE ( 'NONE', ( #211 ), #424, .F. ) ;
#395 = ORIENTED_EDGE ( 'NONE', *, *, #236, .F. ) ;
#396 = EDGE_LOOP ( 'NONE', ( #2045, #866, #530, #233 ) ) ;
#397 = DIRECTION ( 'NONE',  ( 0.000000000000000000, 0.000000000000000000, -1.000000000000000000 ) ) ;
#398 = DIRECTION ( 'NONE',  ( 1.000000000000000000, -0.000000000000000000, 1.224646799147353207E-16 ) ) ;
#399 = ORIENTED_EDGE ( 'NONE', *, *, #1006, .T. ) ;
#400 = FACE_OUTER_BOUND ( 'NONE', #1423, .T. ) ;
#401 = EDGE_CURVE ( 'NONE', #1138, #1428, #710, .T. ) ;
#402 = CARTESIAN_POINT ( 'NONE',  ( 38.80294036547402925, 0.4000000000000001887, 16.07270415933380292 ) ) ;
#403 = VERTEX_POINT ( 'NONE', #849 ) ;
#404 = ORIENTED_EDGE ( 'NONE', *, *, #291, .F. ) ;
#405 = DIRECTION ( 'NONE',  ( 0.000000000000000000, 1.000000000000000000, 0.000000000000000000 ) ) ;
#406 = CIRCLE ( 'NONE', #1564, 1.500000000000005551 ) ;
#407 = EDGE_CURVE ( 'NONE', #1517, #1012, #1539, .T. ) ;
#408 = DIRECTION ( 'NONE',  ( -0.000000000000000000, -1.000000000000000000, -0.000000000000000000 ) ) ;
#409 = EDGE_CURVE ( 'NONE', #65, #491, #1249, .T. ) ;
#410 = CARTESIAN_POINT ( 'NONE',  ( 38.80294036547391556, 4.000000000000000000, -16.07270415933407293 ) ) ;
#411 = CIRCLE ( 'NONE', #579, 1.900000000000004130 ) ;
#412 = CARTESIAN_POINT ( 'NONE',  ( 0.000000000000000000, 2.500000000000000000, -16.00000000000000000 ) ) ;
#413 = ORIENTED_EDGE ( 'NONE', *, *, #914, .T. ) ;
#414 = ORIENTED_EDGE ( 'NONE', *, *, #781, .F. ) ;
#415 = CARTESIAN_POINT ( 'NONE',  ( 0.000000000000000000, 2.500000000000000000, 0.000000000000000000 ) ) ;
#416 = ADVANCED_FACE ( 'NONE', ( #1845 ), #1322, .F. ) ;
#417 = CARTESIAN_POINT ( 'NONE',  ( -25.50000000000000355, 4.000000000000000000, -3.099999999999999645 ) ) ;
#418 = DIRECTION ( 'NONE',  ( -0.000000000000000000, -1.000000000000000000, -0.000000000000000000 ) ) ;
#419 = ORIENTED_EDGE ( 'NONE', *, *, #64, .T. ) ;
#420 = DIRECTION ( 'NONE',  ( 0.000000000000000000, 0.000000000000000000, -1.000000000000000000 ) ) ;
#421 = DIRECTION ( 'NONE',  ( -0.000000000000000000, -1.000000000000000000, -0.000000000000000000 ) ) ;
#422 = AXIS2_PLACEMENT_3D ( 'NONE', #844, #1171, #1493 ) ;
#423 = FACE_OUTER_BOUND ( 'NONE', #625, .T. ) ;
#424 = CYLINDRICAL_SURFACE ( 'NONE', #876, 1.500000000000001332 ) ;
#425 = DIRECTION ( 'NONE',  ( 1.224646799147353947E-16, 0.000000000000000000, -1.000000000000000000 ) ) ;
#426 = EDGE_CURVE ( 'NONE', #541, #155, #1079, .T. ) ;
#427 = ORIENTED_EDGE ( 'NONE', *, *, #1787, .F. ) ;
#428 = CARTESIAN_POINT ( 'NONE',  ( 38.80294036547402925, 8.131516293641283255E-17, 14.17270415933379901 ) ) ;
#429 = DIRECTION ( 'NONE',  ( 0.000000000000000000, 1.000000000000000000, 0.000000000000000000 ) ) ;
#430 = AXIS2_PLACEMENT_3D ( 'NONE', #764, #1861, #1567 ) ;
#431 = EDGE_LOOP ( 'NONE', ( #327, #711 ) ) ;
#432 = CIRCLE ( 'NONE', #267, 2.999999999999999112 ) ;
#433 = ORIENTED_EDGE ( 'NONE', *, *, #356, .F. ) ;
#434 = DIRECTION ( 'NONE',  ( -0.000000000000000000, -1.000000000000000000, -0.000000000000000000 ) ) ;
#435 = CIRCLE ( 'NONE', #703, 3.099999999999999645 ) ;
#436 = AXIS2_PLACEMENT_3D ( 'NONE', #1097, #151, #1871 ) ;
#437 = DIRECTION ( 'NONE',  ( 0.000000000000000000, 0.000000000000000000, -1.000000000000000000 ) ) ;
#438 = EDGE_CURVE ( 'NONE', #1517, #1623, #610, .T. ) ;
#439 = AXIS2_PLACEMENT_3D ( 'NONE', #1856, #1008, #1178 ) ;
#440 = DIRECTION ( 'NONE',  ( 0.000000000000000000, 0.000000000000000000, 1.000000000000000000 ) ) ;
#441 = CIRCLE ( 'NONE', #2043, 1.500000000000004885 ) ;
#442 = EDGE_CURVE ( 'NONE', #1441, #742, #1774, .T. ) ;
#443 = ORIENTED_EDGE ( 'NONE', *, *, #471, .F. ) ;
#444 = AXIS2_PLACEMENT_3D ( 'NONE', #1655, #421, #565 ) ;
#445 = CYLINDRICAL_SURFACE ( 'NONE', #73, 1.500000000000001332 ) ;
#446 = LINE ( 'NONE', #947, #1398 ) ;
#447 = EDGE_LOOP ( 'NONE', ( #882, #1631 ) ) ;
#448 = ORIENTED_EDGE ( 'NONE', *, *, #40, .T. ) ;
#449 = VERTEX_POINT ( 'NONE', #417 ) ;
#450 = DIRECTION ( 'NONE',  ( 0.000000000000000000, 1.000000000000000000, -0.000000000000000000 ) ) ;
#451 = CARTESIAN_POINT ( 'NONE',  ( 38.80294036547391556, 4.000000000000000000, -16.07270415933407293 ) ) ;
#452 = AXIS2_PLACEMENT_3D ( 'NONE', #106, #909, #1563 ) ;
#453 = CARTESIAN_POINT ( 'NONE',  ( -25.50000000000000355, 4.000000000000000000, 0.000000000000000000 ) ) ;
#454 = ORIENTED_EDGE ( 'NONE', *, *, #1226, .T. ) ;
#455 = CARTESIAN_POINT ( 'NONE',  ( 0.000000000000000000, 2.500000000000000000, 0.000000000000000000 ) ) ;
#456 = CARTESIAN_POINT ( 'NONE',  ( 0.000000000000000000, 0.000000000000000000, 0.000000000000000000 ) ) ;
#457 = ADVANCED_FACE ( 'NONE', ( #494 ), #1571, .F. ) ;
#458 = ORIENTED_EDGE ( 'NONE', *, *, #499, .T. ) ;
#459 = VERTEX_POINT ( 'NONE', #1561 ) ;
#460 = ORIENTED_EDGE ( 'NONE', *, *, #621, .T. ) ;
#461 = CYLINDRICAL_SURFACE ( 'NONE', #899, 2.999999999999999112 ) ;
#462 = AXIS2_PLACEMENT_3D ( 'NONE', #1695, #75, #2012 ) ;
#463 = DIRECTION ( 'NONE',  ( 0.000000000000000000, 0.000000000000000000, 1.000000000000000000 ) ) ;
#464 = CARTESIAN_POINT ( 'NONE',  ( 38.80294036547391556, 4.000000000000000000, -16.07270415933407293 ) ) ;
#465 = ORIENTED_EDGE ( 'NONE', *, *, #1764, .F. ) ;
#466 = EDGE_CURVE ( 'NONE', #1246, #1448, #1409, .T. ) ;
#467 = DIRECTION ( 'NONE',  ( 0.000000000000000000, 1.000000000000000000, 0.000000000000000000 ) ) ;
#468 = FACE_OUTER_BOUND ( 'NONE', #1960, .T. ) ;
#469 = VERTEX_POINT ( 'NONE', #166 ) ;
#470 = ORIENTED_EDGE ( 'NONE', *, *, #1852, .T. ) ;
#471 = EDGE_CURVE ( 'NONE', #469, #831, #845, .T. ) ;
#472 = LINE ( 'NONE', #1581, #1768 ) ;
#473 = TOROIDAL_SURFACE ( 'NONE', #231, 3.199999999999999289, 0.2000000000000000111 ) ;
#474 = CARTESIAN_POINT ( 'NONE',  ( -38.80294036547402925, 0.4000000000000001887, -17.97270415933380860 ) ) ;
#475 = ADVANCED_FACE ( 'NONE', ( #606 ), #582, .T. ) ;
#476 = DIRECTION ( 'NONE',  ( 0.000000000000000000, 1.000000000000000000, 0.000000000000000000 ) ) ;
#477 = EDGE_LOOP ( 'NONE', ( #1083, #1011 ) ) ;
#478 = CARTESIAN_POINT ( 'NONE',  ( 38.80294036547402925, 0.000000000000000000, 16.07270415933380292 ) ) ;
#479 = DIRECTION ( 'NONE',  ( 1.000000000000000000, -0.000000000000000000, 1.224646799147353207E-16 ) ) ;
#480 = VERTEX_POINT ( 'NONE', #617 ) ;
#481 = AXIS2_PLACEMENT_3D ( 'NONE', #2010, #1222, #1693 ) ;
#482 = ORIENTED_EDGE ( 'NONE', *, *, #1989, .F. ) ;
#483 = DIRECTION ( 'NONE',  ( 0.000000000000000000, 0.000000000000000000, -1.000000000000000000 ) ) ;
#484 = DIRECTION ( 'NONE',  ( 0.000000000000000000, 0.000000000000000000, 1.000000000000000000 ) ) ;
#485 = ADVANCED_FACE ( 'NONE', ( #759 ), #1912, .T. ) ;
#486 = DIRECTION ( 'NONE',  ( 0.000000000000000000, 0.000000000000000000, 1.000000000000000000 ) ) ;
#487 = ORIENTED_EDGE ( 'NONE', *, *, #262, .T. ) ;
#488 = CIRCLE ( 'NONE', #187, 2.999999999999999112 ) ;
#489 = CARTESIAN_POINT ( 'NONE',  ( -38.80294036547402925, 4.000000000000000000, -14.57270415933379759 ) ) ;
#490 = CARTESIAN_POINT ( 'NONE',  ( 38.80294036547402925, 0.000000000000000000, 16.07270415933380292 ) ) ;
#491 = VERTEX_POINT ( 'NONE', #1102 ) ;
#492 = CARTESIAN_POINT ( 'NONE',  ( -38.80294036547402925, 0.4000000000000001887, 14.17270415933379901 ) ) ;
#493 = AXIS2_PLACEMENT_3D ( 'NONE', #1496, #1363, #1981 ) ;
#494 = FACE_OUTER_BOUND ( 'NONE', #1780, .T. ) ;
#495 = CARTESIAN_POINT ( 'NONE',  ( 16.07270415933339791, 0.4000000000000001887, -38.80294036547419267 ) ) ;
#496 = ORIENTED_EDGE ( 'NONE', *, *, #679, .F. ) ;
#497 = CARTESIAN_POINT ( 'NONE',  ( -24.50000000000000000, 4.000000000000000000, -3.099999999999999645 ) ) ;
#498 = DIRECTION ( 'NONE',  ( -0.000000000000000000, -1.000000000000000000, -0.000000000000000000 ) ) ;
#499 = EDGE_CURVE ( 'NONE', #245, #1288, #1016, .T. ) ;
#500 = ORIENTED_EDGE ( 'NONE', *, *, #724, .F. ) ;
#501 = VERTEX_POINT ( 'NONE', #770 ) ;
#502 = DIRECTION ( 'NONE',  ( -0.000000000000000000, -1.000000000000000000, -0.000000000000000000 ) ) ;
#503 = CIRCLE ( 'NONE', #37, 0.3999999999999975797 ) ;
#504 = AXIS2_PLACEMENT_3D ( 'NONE', #1247, #1900, #2063 ) ;
#505 = DIRECTION ( 'NONE',  ( 0.000000000000000000, 1.000000000000000000, 0.000000000000000000 ) ) ;
#506 = EDGE_CURVE ( 'NONE', #675, #355, #2034, .T. ) ;
#507 = DIRECTION ( 'NONE',  ( 0.000000000000000000, 0.000000000000000000, 1.000000000000000000 ) ) ;
#508 = FACE_OUTER_BOUND ( 'NONE', #357, .T. ) ;
#509 = EDGE_CURVE ( 'NONE', #154, #1765, #281, .T. ) ;
#510 = VERTEX_POINT ( 'NONE', #951 ) ;
#511 = ORIENTED_EDGE ( 'NONE', *, *, #914, .F. ) ;
#512 = ORIENTED_EDGE ( 'NONE', *, *, #499, .F. ) ;
#513 = AXIS2_PLACEMENT_3D ( 'NONE', #29, #1590, #663 ) ;
#514 = CYLINDRICAL_SURFACE ( 'NONE', #1114, 0.4000000000000001887 ) ;
#515 = TOROIDAL_SURFACE ( 'NONE', #547, 16.40000000000000213, 0.4000000000000000222 ) ;
#516 = AXIS2_PLACEMENT_3D ( 'NONE', #1557, #592, #786 ) ;
#517 = CARTESIAN_POINT ( 'NONE',  ( 0.000000000000000000, 0.4000000000000001887, 47.60000000000000853 ) ) ;
#518 = DIRECTION ( 'NONE',  ( 0.000000000000000000, 0.000000000000000000, 1.000000000000000000 ) ) ;
#519 = CARTESIAN_POINT ( 'NONE',  ( -38.80294036547402925, 4.000000000000000000, 16.07270415933380292 ) ) ;
#520 = ORIENTED_EDGE ( 'NONE', *, *, #1742, .F. ) ;
#521 = EDGE_CURVE ( 'NONE', #1288, #65, #1283, .T. ) ;
#522 = EDGE_LOOP ( 'NONE', ( #699, #1987, #185, #915 ) ) ;
#523 = LINE ( 'NONE', #1453, #1942 ) ;
#524 = CIRCLE ( 'NONE', #818, 1.500000000000004441 ) ;
#525 = CARTESIAN_POINT ( 'NONE',  ( -17.67766952966368876, 0.000000000000000000, -20.67766952966368876 ) ) ;
#526 = CIRCLE ( 'NONE', #462, 0.3999999999999993006 ) ;
#527 = DIRECTION ( 'NONE',  ( 0.000000000000000000, 0.000000000000000000, -1.000000000000000000 ) ) ;
#528 = LINE ( 'NONE', #364, #1336 ) ;
#529 = EDGE_CURVE ( 'NONE', #1800, #1938, #114, .T. ) ;
#530 = ORIENTED_EDGE ( 'NONE', *, *, #1367, .T. ) ;
#531 = ORIENTED_EDGE ( 'NONE', *, *, #1466, .T. ) ;
#532 = CARTESIAN_POINT ( 'NONE',  ( -16.07270415933420438, 0.4000000000000001887, -38.80294036547385872 ) ) ;
#533 = ADVANCED_FACE ( 'NONE', ( #1594 ), #931, .F. ) ;
#534 = DIRECTION ( 'NONE',  ( -0.000000000000000000, 1.000000000000000000, -0.000000000000000000 ) ) ;
#535 = ORIENTED_EDGE ( 'NONE', *, *, #26, .F. ) ;
#536 = CIRCLE ( 'NONE', #1632, 3.199999999999997957 ) ;
#537 = AXIS2_PLACEMENT_3D ( 'NONE', #748, #408, #227 ) ;
#538 = DIRECTION ( 'NONE',  ( -0.000000000000000000, -1.000000000000000000, -0.000000000000000000 ) ) ;
#539 = DIRECTION ( 'NONE',  ( 0.000000000000000000, 0.000000000000000000, 1.000000000000000000 ) ) ;
#540 = CIRCLE ( 'NONE', #1699, 2.999999999999999112 ) ;
#541 = VERTEX_POINT ( 'NONE', #1731 ) ;
#542 = AXIS2_PLACEMENT_3D ( 'NONE', #276, #467, #901 ) ;
#543 = CARTESIAN_POINT ( 'NONE',  ( 38.80294036547402925, 0.4000000000000001887, 14.57270415933379759 ) ) ;
#544 = DIRECTION ( 'NONE',  ( -0.000000000000000000, -1.000000000000000000, -0.000000000000000000 ) ) ;
#545 =( GEOMETRIC_REPRESENTATION_CONTEXT ( 3 ) GLOBAL_UNCERTAINTY_ASSIGNED_CONTEXT ( ( #1658 ) ) GLOBAL_UNIT_ASSIGNED_CONTEXT ( ( #956, #1766, #7 ) ) REPRESENTATION_CONTEXT ( 'NONE', 'WORKASPACE' ) );
#546 = CARTESIAN_POINT ( 'NONE',  ( -38.80294036547402925, 4.000000000000000000, -16.07270415933380292 ) ) ;
#547 = AXIS2_PLACEMENT_3D ( 'NONE', #895, #738, #578 ) ;
#548 = ORIENTED_EDGE ( 'NONE', *, *, #1666, .T. ) ;
#549 = AXIS2_PLACEMENT_3D ( 'NONE', #492, #1602, #1834 ) ;
#550 = EDGE_CURVE ( 'NONE', #629, #1230, #1287, .T. ) ;
#551 = CARTESIAN_POINT ( 'NONE',  ( 38.80294036547391556, 4.000000000000000000, -16.07270415933407293 ) ) ;
#552 = ORIENTED_EDGE ( 'NONE', *, *, #1603, .T. ) ;
#553 = VERTEX_POINT ( 'NONE', #1432 ) ;
#554 = FACE_OUTER_BOUND ( 'NONE', #1718, .T. ) ;
#555 = AXIS2_PLACEMENT_3D ( 'NONE', #1422, #1532, #440 ) ;
#556 = DIRECTION ( 'NONE',  ( 0.000000000000000000, 0.000000000000000000, 1.000000000000000000 ) ) ;
#557 = PRODUCT ( 'Mounter Lower Plate', 'Mounter Lower Plate', '', ( #2015 ) ) ;
#558 = ORIENTED_EDGE ( 'NONE', *, *, #471, .T. ) ;
#559 = CYLINDRICAL_SURFACE ( 'NONE', #2019, 1.500000000000001332 ) ;
#560 = EDGE_CURVE ( 'NONE', #721, #905, #1816, .T. ) ;
#561 = TOROIDAL_SURFACE ( 'NONE', #824, 3.199999999999999289, 0.2000000000000000111 ) ;
#562 = CARTESIAN_POINT ( 'NONE',  ( -38.80294036547402925, 4.000000000000000000, 16.07270415933380292 ) ) ;
#563 = ORIENTED_EDGE ( 'NONE', *, *, #380, .T. ) ;
#564 = ORIENTED_EDGE ( 'NONE', *, *, #1700, .T. ) ;
#565 = DIRECTION ( 'NONE',  ( 0.000000000000000000, 0.000000000000000000, -1.000000000000000000 ) ) ;
#566 = EDGE_CURVE ( 'NONE', #355, #290, #1185, .T. ) ;
#567 = CARTESIAN_POINT ( 'NONE',  ( 0.000000000000000000, 0.4000000000000001887, 0.000000000000000000 ) ) ;
#568 = ORIENTED_EDGE ( 'NONE', *, *, #1700, .F. ) ;
#569 = FACE_OUTER_BOUND ( 'NONE', #787, .T. ) ;
#570 = CARTESIAN_POINT ( 'NONE',  ( -17.67766952966362481, 0.2000000000000000111, 17.67766952966374916 ) ) ;
#571 = AXIS2_PLACEMENT_3D ( 'NONE', #1147, #681, #829 ) ;
#572 = ADVANCED_FACE ( 'NONE', ( #1552 ), #1482, .T. ) ;
#573 = VERTEX_POINT ( 'NONE', #127 ) ;
#574 = VERTEX_POINT ( 'NONE', #833 ) ;
#575 = CARTESIAN_POINT ( 'NONE',  ( -16.07270415933366792, 4.000000000000000000, 38.80294036547408609 ) ) ;
#576 = AXIS2_PLACEMENT_3D ( 'NONE', #1077, #1710, #961 ) ;
#577 = DIRECTION ( 'NONE',  ( -0.000000000000000000, -1.000000000000000000, -0.000000000000000000 ) ) ;
#578 = DIRECTION ( 'NONE',  ( 0.000000000000000000, 0.000000000000000000, 1.000000000000000000 ) ) ;
#579 = AXIS2_PLACEMENT_3D ( 'NONE', #2002, #101, #893 ) ;
#580 = CARTESIAN_POINT ( 'NONE',  ( -16.07270415933366792, 0.4000000000000001887, 38.80294036547408609 ) ) ;
#581 = ORIENTED_EDGE ( 'NONE', *, *, #1678, .T. ) ;
#582 = TOROIDAL_SURFACE ( 'NONE', #646, 3.199999999999999289, 0.2000000000000000111 ) ;
#583 = CARTESIAN_POINT ( 'NONE',  ( 16.07270415933394148, 8.131516293641283255E-17, 40.70294036547397809 ) ) ;
#584 = LINE ( 'NONE', #257, #208 ) ;
#585 = DIRECTION ( 'NONE',  ( 0.000000000000000000, 0.000000000000000000, 1.000000000000000000 ) ) ;
#586 = CIRCLE ( 'NONE', #493, 3.499999999999999556 ) ;
#587 = CARTESIAN_POINT ( 'NONE',  ( 16.07270415933394148, 8.131516293641283255E-17, 36.90294036547396672 ) ) ;
#588 = CIRCLE ( 'NONE', #24, 1.900000000000005906 ) ;
#589 = DIRECTION ( 'NONE',  ( 0.000000000000000000, -1.000000000000000000, 0.000000000000000000 ) ) ;
#590 = ORIENTED_EDGE ( 'NONE', *, *, #76, .F. ) ;
#591 = DIRECTION ( 'NONE',  ( 1.000000000000000000, -0.000000000000000000, 1.224646799147353207E-16 ) ) ;
#592 = DIRECTION ( 'NONE',  ( 0.000000000000000000, 0.000000000000000000, 1.000000000000000000 ) ) ;
#593 = ORIENTED_EDGE ( 'NONE', *, *, #253, .T. ) ;
#594 = ORIENTED_EDGE ( 'NONE', *, *, #409, .T. ) ;
#595 = DIRECTION ( 'NONE',  ( 0.000000000000000000, 0.000000000000000000, 1.000000000000000000 ) ) ;
#596 = ADVANCED_FACE ( 'NONE', ( #1952 ), #351, .F. ) ;
#597 = DIRECTION ( 'NONE',  ( 0.000000000000000000, 0.000000000000000000, 1.000000000000000000 ) ) ;
#598 = EDGE_CURVE ( 'NONE', #501, #337, #1475, .T. ) ;
#599 = LINE ( 'NONE', #783, #1027 ) ;
#600 = ORIENTED_EDGE ( 'NONE', *, *, #740, .T. ) ;
#601 = DIRECTION ( 'NONE',  ( 0.000000000000000000, 0.000000000000000000, 1.000000000000000000 ) ) ;
#602 = DIRECTION ( 'NONE',  ( 0.000000000000000000, 0.000000000000000000, 1.000000000000000000 ) ) ;
#603 = AXIS2_PLACEMENT_3D ( 'NONE', #1395, #930, #1101 ) ;
#604 = ORIENTED_EDGE ( 'NONE', *, *, #1959, .F. ) ;
#605 = CARTESIAN_POINT ( 'NONE',  ( 17.67766952966350402, 0.2000000000000000111, -17.67766952966387350 ) ) ;
#606 = FACE_OUTER_BOUND ( 'NONE', #778, .T. ) ;
#607 = EDGE_CURVE ( 'NONE', #1416, #1938, #1311, .T. ) ;
#608 = AXIS2_PLACEMENT_3D ( 'NONE', #1116, #1449, #172 ) ;
#609 = DIRECTION ( 'NONE',  ( 0.000000000000000000, 0.000000000000000000, -1.000000000000000000 ) ) ;
#610 = CIRCLE ( 'NONE', #1445, 16.00000000000000000 ) ;
#611 = VERTEX_POINT ( 'NONE', #816 ) ;
#612 = CARTESIAN_POINT ( 'NONE',  ( 16.07270415933339791, 4.000000000000000000, -38.80294036547419267 ) ) ;
#613 = FACE_BOUND ( 'NONE', #431, .T. ) ;
#614 = ORIENTED_EDGE ( 'NONE', *, *, #1854, .F. ) ;
#615 = ORIENTED_EDGE ( 'NONE', *, *, #1764, .T. ) ;
#616 = CARTESIAN_POINT ( 'NONE',  ( -17.67766952966362481, 0.2000000000000000111, 20.67766952966374916 ) ) ;
#617 = CARTESIAN_POINT ( 'NONE',  ( -25.50000000000000355, 0.000000000000000000, -3.499999999999999556 ) ) ;
#618 = EDGE_CURVE ( 'NONE', #355, #1887, #1297, .T. ) ;
#619 = CIRCLE ( 'NONE', #1418, 1.500000000000001998 ) ;
#620 = ORIENTED_EDGE ( 'NONE', *, *, #1215, .F. ) ;
#621 = EDGE_CURVE ( 'NONE', #1416, #403, #1931, .T. ) ;
#622 = DIRECTION ( 'NONE',  ( 0.000000000000000000, 0.000000000000000000, 1.000000000000000000 ) ) ;
#623 = CYLINDRICAL_SURFACE ( 'NONE', #733, 1.500000000000004885 ) ;
#624 = ADVANCED_FACE ( 'NONE', ( #1646 ), #1142, .F. ) ;
#625 = EDGE_LOOP ( 'NONE', ( #215, #2018, #1682, #465 ) ) ;
#626 = FACE_OUTER_BOUND ( 'NONE', #910, .T. ) ;
#627 = AXIS2_PLACEMENT_3D ( 'NONE', #686, #179, #823 ) ;
#628 = FACE_BOUND ( 'NONE', #326, .T. ) ;
#629 = VERTEX_POINT ( 'NONE', #1604 ) ;
#630 = EDGE_CURVE ( 'NONE', #1807, #1770, #1196, .T. ) ;
#631 = DIRECTION ( 'NONE',  ( 0.000000000000000000, 0.000000000000000000, 1.000000000000000000 ) ) ;
#632 = VERTEX_POINT ( 'NONE', #180 ) ;
#633 = ORIENTED_EDGE ( 'NONE', *, *, #1603, .F. ) ;
#634 = ORIENTED_EDGE ( 'NONE', *, *, #671, .F. ) ;
#635 = DIRECTION ( 'NONE',  ( 0.000000000000000000, 1.000000000000000000, 0.000000000000000000 ) ) ;
#636 = AXIS2_PLACEMENT_3D ( 'NONE', #1382, #777, #132 ) ;
#637 = CARTESIAN_POINT ( 'NONE',  ( -38.80294036547402925, 0.4000000000000001887, 16.07270415933380292 ) ) ;
#638 = AXIS2_PLACEMENT_3D ( 'NONE', #1629, #1926, #794 ) ;
#639 = FACE_BOUND ( 'NONE', #447, .T. ) ;
#640 = ORIENTED_EDGE ( 'NONE', *, *, #2024, .F. ) ;
#641 = CARTESIAN_POINT ( 'NONE',  ( 38.80294036547402925, 4.000000000000000000, 16.07270415933380292 ) ) ;
#642 = CARTESIAN_POINT ( 'NONE',  ( 16.07270415933394148, 4.000000000000000000, 38.80294036547397241 ) ) ;
#643 = TOROIDAL_SURFACE ( 'NONE', #108, 3.199999999999999289, 0.2000000000000000111 ) ;
#644 = ORIENTED_EDGE ( 'NONE', *, *, #161, .T. ) ;
#645 = DIRECTION ( 'NONE',  ( 1.000000000000000000, -0.000000000000000000, 0.000000000000000000 ) ) ;
#646 = AXIS2_PLACEMENT_3D ( 'NONE', #138, #1877, #484 ) ;
#647 = DIRECTION ( 'NONE',  ( 0.000000000000000000, 0.000000000000000000, -1.000000000000000000 ) ) ;
#648 = ADVANCED_FACE ( 'NONE', ( #339 ), #63, .T. ) ;
#649 = DIRECTION ( 'NONE',  ( -0.000000000000000000, -1.000000000000000000, -0.000000000000000000 ) ) ;
#650 = ORIENTED_EDGE ( 'NONE', *, *, #1668, .T. ) ;
#651 = CIRCLE ( 'NONE', #283, 0.3999999999999975797 ) ;
#652 = PRESENTATION_STYLE_ASSIGNMENT (( #38 ) ) ;
#653 = CARTESIAN_POINT ( 'NONE',  ( -16.07270415933420438, 0.4000000000000001887, -40.30294036547385872 ) ) ;
#654 = TOROIDAL_SURFACE ( 'NONE', #1683, 1.900000000000004130, 0.4000000000000000222 ) ;
#655 = ORIENTED_EDGE ( 'NONE', *, *, #799, .T. ) ;
#656 = ORIENTED_EDGE ( 'NONE', *, *, #128, .F. ) ;
#657 = DIRECTION ( 'NONE',  ( -0.000000000000000000, -1.000000000000000000, -0.000000000000000000 ) ) ;
#658 = AXIS2_PLACEMENT_3D ( 'NONE', #1941, #1328, #1617 ) ;
#659 = DIRECTION ( 'NONE',  ( -0.000000000000000000, -1.000000000000000000, -0.000000000000000000 ) ) ;
#660 = EDGE_CURVE ( 'NONE', #1394, #1970, #1626, .T. ) ;
#661 = EDGE_CURVE ( 'NONE', #541, #1601, #294, .T. ) ;
#662 = DIRECTION ( 'NONE',  ( 0.000000000000000000, 1.000000000000000000, 0.000000000000000000 ) ) ;
#663 = DIRECTION ( 'NONE',  ( 0.000000000000000000, 0.000000000000000000, 1.000000000000000000 ) ) ;
#664 = DIRECTION ( 'NONE',  ( 0.000000000000000000, 0.000000000000000000, 1.000000000000000000 ) ) ;
#665 = ORIENTED_EDGE ( 'NONE', *, *, #249, .T. ) ;
#666 = ORIENTED_EDGE ( 'NONE', *, *, #1923, .F. ) ;
#667 = DIRECTION ( 'NONE',  ( -1.000000000000000000, 0.000000000000000000, 0.000000000000000000 ) ) ;
#668 = CARTESIAN_POINT ( 'NONE',  ( 5.853811699924349075E-15, 0.000000000000000000, -47.60000000000000853 ) ) ;
#669 = AXIS2_PLACEMENT_3D ( 'NONE', #1777, #1167, #795 ) ;
#670 = DIRECTION ( 'NONE',  ( 0.000000000000000000, 0.000000000000000000, 1.000000000000000000 ) ) ;
#671 = EDGE_CURVE ( 'NONE', #390, #1137, #59, .T. ) ;
#672 = DIRECTION ( 'NONE',  ( 0.000000000000000000, 0.000000000000000000, 1.000000000000000000 ) ) ;
#673 = DIRECTION ( 'NONE',  ( -0.7071067811865434649, 0.000000000000000000, 0.7071067811865516806 ) ) ;
#674 = ORIENTED_EDGE ( 'NONE', *, *, #529, .T. ) ;
#675 = VERTEX_POINT ( 'NONE', #1773 ) ;
#676 = DIRECTION ( 'NONE',  ( -0.000000000000000000, -1.000000000000000000, -0.000000000000000000 ) ) ;
#677 = CARTESIAN_POINT ( 'NONE',  ( 0.000000000000000000, 2.500000000000000000, 0.000000000000000000 ) ) ;
#678 = DIRECTION ( 'NONE',  ( 0.000000000000000000, 0.000000000000000000, -1.000000000000000000 ) ) ;
#679 = EDGE_CURVE ( 'NONE', #1452, #1135, #924, .T. ) ;
#680 = CARTESIAN_POINT ( 'NONE',  ( -38.80294036547402925, 4.000000000000000000, 16.07270415933380292 ) ) ;
#681 = DIRECTION ( 'NONE',  ( 1.000000000000000000, -0.000000000000000000, 1.224646799147353207E-16 ) ) ;
#682 = EDGE_CURVE ( 'NONE', #1137, #390, #994, .T. ) ;
#683 = ORIENTED_EDGE ( 'NONE', *, *, #1054, .T. ) ;
#684 = CIRCLE ( 'NONE', #1157, 3.099999999999999645 ) ;
#685 = EDGE_LOOP ( 'NONE', ( #1061, #765, #1929, #1104 ) ) ;
#686 = CARTESIAN_POINT ( 'NONE',  ( 17.67766952966350402, 4.000000000000000000, -17.67766952966387350 ) ) ;
#687 =( GEOMETRIC_REPRESENTATION_CONTEXT ( 3 ) GLOBAL_UNCERTAINTY_ASSIGNED_CONTEXT ( ( #1803 ) ) GLOBAL_UNIT_ASSIGNED_CONTEXT ( ( #1978, #1198, #209 ) ) REPRESENTATION_CONTEXT ( 'NONE', 'WORKASPACE' ) );
#688 = DIRECTION ( 'NONE',  ( 0.000000000000000000, 0.000000000000000000, 1.000000000000000000 ) ) ;
#689 = ORIENTED_EDGE ( 'NONE', *, *, #304, .T. ) ;
#690 = DIRECTION ( 'NONE',  ( 0.000000000000000000, 0.000000000000000000, 1.000000000000000000 ) ) ;
#691 = TOROIDAL_SURFACE ( 'NONE', #1855, 3.499999999999999556, 0.4000000000000000222 ) ;
#692 = CARTESIAN_POINT ( 'NONE',  ( -38.80294036547402925, 0.4000000000000001887, -17.57270415933380647 ) ) ;
#693 = CARTESIAN_POINT ( 'NONE',  ( 0.000000000000000000, 0.4000000000000001887, 0.000000000000000000 ) ) ;
#694 = EDGE_LOOP ( 'NONE', ( #511, #1664 ) ) ;
#695 = CARTESIAN_POINT ( 'NONE',  ( -17.67766952966368876, 0.2000000000000000111, -17.67766952966368876 ) ) ;
#696 = LINE ( 'NONE', #1052, #944 ) ;
#697 = ADVANCED_FACE ( 'NONE', ( #1975 ), #561, .T. ) ;
#698 = CARTESIAN_POINT ( 'NONE',  ( 16.07270415933394148, 4.000000000000000000, 37.30294036547397241 ) ) ;
#699 = ORIENTED_EDGE ( 'NONE', *, *, #236, .T. ) ;
#700 = CARTESIAN_POINT ( 'NONE',  ( -16.07270415933366792, 0.4000000000000001887, 38.80294036547408609 ) ) ;
#701 = AXIS2_PLACEMENT_3D ( 'NONE', #1406, #302, #940 ) ;
#702 = CARTESIAN_POINT ( 'NONE',  ( -16.07270415933420438, 4.000000000000000000, -37.30294036547385872 ) ) ;
#703 = AXIS2_PLACEMENT_3D ( 'NONE', #1850, #1266, #420 ) ;
#704 = ORIENTED_EDGE ( 'NONE', *, *, #2047, .T. ) ;
#705 = AXIS2_PLACEMENT_3D ( 'NONE', #1062, #1241, #1106 ) ;
#706 = ORIENTED_EDGE ( 'NONE', *, *, #1515, .T. ) ;
#707 = DIRECTION ( 'NONE',  ( 0.000000000000000000, 0.000000000000000000, 1.000000000000000000 ) ) ;
#708 = CIRCLE ( 'NONE', #1873, 1.500000000000001332 ) ;
#709 = DIRECTION ( 'NONE',  ( 0.000000000000000000, 1.000000000000000000, 0.000000000000000000 ) ) ;
#710 = CIRCLE ( 'NONE', #1146, 0.3999999999999975797 ) ;
#711 = ORIENTED_EDGE ( 'NONE', *, *, #10, .T. ) ;
#712 = DIRECTION ( 'NONE',  ( 0.000000000000000000, 0.000000000000000000, 1.000000000000000000 ) ) ;
#713 = EDGE_CURVE ( 'NONE', #675, #1490, #1994, .T. ) ;
#714 = FACE_OUTER_BOUND ( 'NONE', #980, .T. ) ;
#715 = ORIENTED_EDGE ( 'NONE', *, *, #1411, .F. ) ;
#716 = EDGE_LOOP ( 'NONE', ( #1325, #2058, #292, #207 ) ) ;
#717 = CARTESIAN_POINT ( 'NONE',  ( -17.67766952966368876, 0.2000000000000000111, -17.67766952966368876 ) ) ;
#718 = CIRCLE ( 'NONE', #1091, 0.4000000000000001887 ) ;
#719 = DIRECTION ( 'NONE',  ( 0.000000000000000000, 1.000000000000000000, 0.000000000000000000 ) ) ;
#720 = PRODUCT_DEFINITION_SHAPE ( 'NONE', 'NONE',  #12 ) ;
#721 = VERTEX_POINT ( 'NONE', #668 ) ;
#722 = EDGE_CURVE ( 'NONE', #905, #469, #1095, .T. ) ;
#723 = FACE_OUTER_BOUND ( 'NONE', #1033, .T. ) ;
#724 = EDGE_CURVE ( 'NONE', #1601, #1724, #191, .T. ) ;
#725 = AXIS2_PLACEMENT_3D ( 'NONE', #1527, #237, #1357 ) ;
#726 = CARTESIAN_POINT ( 'NONE',  ( -17.67766952966362481, 0.000000000000000000, 20.67766952966374916 ) ) ;
#727 = EDGE_LOOP ( 'NONE', ( #1709, #1346, #1822, #1344 ) ) ;
#728 = ORIENTED_EDGE ( 'NONE', *, *, #1149, .F. ) ;
#729 = CARTESIAN_POINT ( 'NONE',  ( -24.50000000000000000, 4.000000000000000000, 1.836970198721031167E-16 ) ) ;
#730 = CARTESIAN_POINT ( 'NONE',  ( -25.50000000000000355, 4.000000000000000000, 3.099999999999999645 ) ) ;
#731 = DIRECTION ( 'NONE',  ( 0.000000000000000000, 0.000000000000000000, -1.000000000000000000 ) ) ;
#732 = DIRECTION ( 'NONE',  ( -0.000000000000000000, -1.000000000000000000, -0.000000000000000000 ) ) ;
#733 = AXIS2_PLACEMENT_3D ( 'NONE', #121, #1107, #1278 ) ;
#734 = ORIENTED_EDGE ( 'NONE', *, *, #222, .T. ) ;
#735 = ORIENTED_EDGE ( 'NONE', *, *, #401, .F. ) ;
#736 = DIRECTION ( 'NONE',  ( 0.000000000000000000, -1.000000000000000000, 0.000000000000000000 ) ) ;
#737 = FACE_OUTER_BOUND ( 'NONE', #923, .T. ) ;
#738 = DIRECTION ( 'NONE',  ( 0.000000000000000000, 1.000000000000000000, 0.000000000000000000 ) ) ;
#739 = VECTOR ( 'NONE', #1366, 1000.000000000000000 ) ;
#740 = EDGE_CURVE ( 'NONE', #403, #92, #1055, .T. ) ;
#741 = LINE ( 'NONE', #1103, #1918 ) ;
#742 = VERTEX_POINT ( 'NONE', #1349 ) ;
#743 = VECTOR ( 'NONE', #1889, 1000.000000000000000 ) ;
#744 = CARTESIAN_POINT ( 'NONE',  ( 17.67766952966350402, 0.2000000000000000111, -20.67766952966386995 ) ) ;
#745 = PLANE ( 'NONE',  #516 ) ;
#746 = ADVANCED_FACE ( 'NONE', ( #1667 ), #889, .T. ) ;
#747 = ORIENTED_EDGE ( 'NONE', *, *, #769, .T. ) ;
#748 = CARTESIAN_POINT ( 'NONE',  ( 16.07270415933394148, 4.000000000000000000, 38.80294036547397241 ) ) ;
#749 = CIRCLE ( 'NONE', #1354, 0.3999999999999975797 ) ;
#750 = CARTESIAN_POINT ( 'NONE',  ( -38.80294036547402925, 0.4000000000000001887, 16.07270415933380292 ) ) ;
#751 = TOROIDAL_SURFACE ( 'NONE', #219, 1.900000000000004130, 0.4000000000000000222 ) ;
#752 = DIRECTION ( 'NONE',  ( 0.000000000000000000, 1.000000000000000000, 0.000000000000000000 ) ) ;
#753 = VERTEX_POINT ( 'NONE', #1986 ) ;
#754 = DIRECTION ( 'NONE',  ( 0.000000000000000000, -1.000000000000000000, 0.000000000000000000 ) ) ;
#755 = CARTESIAN_POINT ( 'NONE',  ( 16.07270415933339791, 0.4000000000000001887, -40.70294036547419836 ) ) ;
#756 = VERTEX_POINT ( 'NONE', #1853 ) ;
#757 = CARTESIAN_POINT ( 'NONE',  ( 38.80294036547391556, 0.000000000000000000, -16.07270415933407293 ) ) ;
#758 = EDGE_CURVE ( 'NONE', #1887, #611, #526, .T. ) ;
#759 = FACE_OUTER_BOUND ( 'NONE', #1654, .T. ) ;
#760 = CARTESIAN_POINT ( 'NONE',  ( 38.80294036547402925, 8.131516293641283255E-17, 17.97270415933380860 ) ) ;
#761 = EDGE_LOOP ( 'NONE', ( #1339, #728, #82, #496 ) ) ;
#762 = CIRCLE ( 'NONE', #1969, 3.199999999999999734 ) ;
#763 = DIRECTION ( 'NONE',  ( -1.000000000000000000, 0.000000000000000000, 0.000000000000000000 ) ) ;
#764 = CARTESIAN_POINT ( 'NONE',  ( 16.07270415933394148, 0.4000000000000001887, 40.70294036547397809 ) ) ;
#765 = ORIENTED_EDGE ( 'NONE', *, *, #1275, .F. ) ;
#766 = VECTOR ( 'NONE', #1140, 1000.000000000000000 ) ;
#767 = VERTEX_POINT ( 'NONE', #1036 ) ;
#768 = DIRECTION ( 'NONE',  ( 0.000000000000000000, 1.000000000000000000, 0.000000000000000000 ) ) ;
#769 = EDGE_CURVE ( 'NONE', #255, #1498, #1659, .T. ) ;
#770 = CARTESIAN_POINT ( 'NONE',  ( -17.67766952966368876, 0.2000000000000000111, -20.67766952966368876 ) ) ;
#771 = EDGE_CURVE ( 'NONE', #1120, #1770, #1228, .T. ) ;
#772 = FACE_OUTER_BOUND ( 'NONE', #958, .T. ) ;
#773 = CIRCLE ( 'NONE', #1081, 2.999999999999999112 ) ;
#774 = EDGE_CURVE ( 'NONE', #1663, #1897, #1589, .T. ) ;
#775 = ORIENTED_EDGE ( 'NONE', *, *, #262, .F. ) ;
#776 = DIRECTION ( 'NONE',  ( 0.000000000000000000, 0.000000000000000000, 1.000000000000000000 ) ) ;
#777 = DIRECTION ( 'NONE',  ( 0.000000000000000000, -1.000000000000000000, -0.000000000000000000 ) ) ;
#778 = EDGE_LOOP ( 'NONE', ( #414, #395, #1842, #1968 ) ) ;
#779 = DIRECTION ( 'NONE',  ( 1.000000000000000000, -0.000000000000000000, 1.224646799147353207E-16 ) ) ;
#780 = CARTESIAN_POINT ( 'NONE',  ( 0.000000000000000000, 0.4000000000000001887, 0.000000000000000000 ) ) ;
#781 = EDGE_CURVE ( 'NONE', #501, #2001, #363, .T. ) ;
#782 = AXIS2_PLACEMENT_3D ( 'NONE', #1932, #476, #1586 ) ;
#783 = CARTESIAN_POINT ( 'NONE',  ( -25.50000000000000355, 4.000000000000000000, -3.099999999999999645 ) ) ;
#784 = ORIENTED_EDGE ( 'NONE', *, *, #176, .F. ) ;
#785 = CARTESIAN_POINT ( 'NONE',  ( 16.07270415933394148, 0.4000000000000001887, 40.30294036547397241 ) ) ;
#786 = DIRECTION ( 'NONE',  ( 1.000000000000000000, 0.000000000000000000, -0.000000000000000000 ) ) ;
#787 = EDGE_LOOP ( 'NONE', ( #1470, #274, #1306, #1875 ) ) ;
#788 = ORIENTED_EDGE ( 'NONE', *, *, #1489, .T. ) ;
#789 = DIRECTION ( 'NONE',  ( 0.000000000000000000, 1.000000000000000000, 0.000000000000000000 ) ) ;
#790 = AXIS2_PLACEMENT_3D ( 'NONE', #825, #659, #1454 ) ;
#791 = DIRECTION ( 'NONE',  ( 0.000000000000000000, 0.000000000000000000, -1.000000000000000000 ) ) ;
#792 = PLANE ( 'NONE',  #1754 ) ;
#793 = EDGE_LOOP ( 'NONE', ( #1023, #1676, #91, #68 ) ) ;
#794 = DIRECTION ( 'NONE',  ( -1.000000000000000000, 0.000000000000000000, 4.625929269271470334E-15 ) ) ;
#795 = DIRECTION ( 'NONE',  ( 1.224646799147353207E-16, 0.000000000000000000, -1.000000000000000000 ) ) ;
#796 = ORIENTED_EDGE ( 'NONE', *, *, #996, .F. ) ;
#797 = DIRECTION ( 'NONE',  ( -0.000000000000000000, -1.000000000000000000, -0.000000000000000000 ) ) ;
#798 = CIRCLE ( 'NONE', #430, 0.3999999999999975797 ) ;
#799 = EDGE_CURVE ( 'NONE', #573, #1012, #158, .T. ) ;
#800 = AXIS2_PLACEMENT_3D ( 'NONE', #1368, #864, #104 ) ;
#801 = DIRECTION ( 'NONE',  ( -0.000000000000000000, -1.000000000000000000, -0.000000000000000000 ) ) ;
#802 = AXIS2_PLACEMENT_3D ( 'NONE', #2020, #591, #1705 ) ;
#803 = CARTESIAN_POINT ( 'NONE',  ( 38.80294036547402925, 4.000000000000000000, 16.07270415933380292 ) ) ;
#804 = ORIENTED_EDGE ( 'NONE', *, *, #401, .T. ) ;
#805 = ADVANCED_FACE ( 'NONE', ( #423 ), #691, .T. ) ;
#806 = AXIS2_PLACEMENT_3D ( 'NONE', #1679, #886, #1523 ) ;
#807 = FACE_OUTER_BOUND ( 'NONE', #396, .T. ) ;
#808 = ORIENTED_EDGE ( 'NONE', *, *, #506, .T. ) ;
#809 = EDGE_LOOP ( 'NONE', ( #1099, #41, #1568, #1879 ) ) ;
#810 = AXIS2_PLACEMENT_3D ( 'NONE', #717, #405, #225 ) ;
#811 = EDGE_CURVE ( 'NONE', #831, #469, #94, .T. ) ;
#812 = ORIENTED_EDGE ( 'NONE', *, *, #799, .F. ) ;
#813 = CARTESIAN_POINT ( 'NONE',  ( 16.07270415933339791, 0.4000000000000001887, -37.30294036547419267 ) ) ;
#814 = ADVANCED_FACE ( 'NONE', ( #1204 ), #1026, .F. ) ;
#815 = ADVANCED_FACE ( 'NONE', ( #248 ), #1207, .T. ) ;
#816 = CARTESIAN_POINT ( 'NONE',  ( -38.80294036547402925, 8.131516293641283255E-17, -14.17270415933379901 ) ) ;
#817 = CARTESIAN_POINT ( 'NONE',  ( -38.80294036547402925, 0.4000000000000001887, 17.97270415933380860 ) ) ;
#818 = AXIS2_PLACEMENT_3D ( 'NONE', #1352, #67, #1371 ) ;
#819 = CARTESIAN_POINT ( 'NONE',  ( -24.50000000000000000, 0.4000000000000001887, 1.836970198721031167E-16 ) ) ;
#820 = DIRECTION ( 'NONE',  ( -0.000000000000000000, 1.000000000000000000, -0.000000000000000000 ) ) ;
#821 = EDGE_LOOP ( 'NONE', ( #1285, #1939, #124, #1274 ) ) ;
#822 = ORIENTED_EDGE ( 'NONE', *, *, #438, .T. ) ;
#823 = DIRECTION ( 'NONE',  ( -1.000000000000000000, 0.000000000000000000, 1.040834085586084572E-14 ) ) ;
#824 = AXIS2_PLACEMENT_3D ( 'NONE', #368, #218, #857 ) ;
#825 = CARTESIAN_POINT ( 'NONE',  ( 0.000000000000000000, 4.000000000000000000, 0.000000000000000000 ) ) ;
#826 = EDGE_CURVE ( 'NONE', #611, #290, #1438, .T. ) ;
#827 = DIRECTION ( 'NONE',  ( 0.000000000000000000, 1.000000000000000000, 0.000000000000000000 ) ) ;
#828 = CARTESIAN_POINT ( 'NONE',  ( -16.07270415933420438, 4.000000000000000000, -40.30294036547385872 ) ) ;
#829 = DIRECTION ( 'NONE',  ( 0.000000000000000000, 0.000000000000000000, -1.000000000000000000 ) ) ;
#830 = ORIENTED_EDGE ( 'NONE', *, *, #407, .F. ) ;
#831 = VERTEX_POINT ( 'NONE', #95 ) ;
#832 = ORIENTED_EDGE ( 'NONE', *, *, #929, .F. ) ;
#833 = CARTESIAN_POINT ( 'NONE',  ( 17.67766952966350402, 0.000000000000000000, -20.87766952966386924 ) ) ;
#834 = CIRCLE ( 'NONE', #369, 0.3999999999999975797 ) ;
#835 = TOROIDAL_SURFACE ( 'NONE', #1109, 16.40000000000000213, 0.4000000000000000222 ) ;
#836 = EDGE_CURVE ( 'NONE', #905, #721, #868, .T. ) ;
#837 = FACE_BOUND ( 'NONE', #1413, .T. ) ;
#838 = DIRECTION ( 'NONE',  ( 0.000000000000000000, 0.000000000000000000, 1.000000000000000000 ) ) ;
#839 = DIRECTION ( 'NONE',  ( 0.000000000000000000, 1.000000000000000000, 0.000000000000000000 ) ) ;
#840 = ADVANCED_FACE ( 'NONE', ( #1214 ), #1837, .T. ) ;
#841 = ORIENTED_EDGE ( 'NONE', *, *, #1351, .T. ) ;
#842 = ORIENTED_EDGE ( 'NONE', *, *, #774, .T. ) ;
#843 = CIRCLE ( 'NONE', #1447, 1.500000000000004885 ) ;
#844 = CARTESIAN_POINT ( 'NONE',  ( -38.80294036547402925, 0.4000000000000001887, -16.07270415933380292 ) ) ;
#845 = CIRCLE ( 'NONE', #382, 48.00000000000000711 ) ;
#846 = ORIENTED_EDGE ( 'NONE', *, *, #1465, .F. ) ;
#847 = DIRECTION ( 'NONE',  ( 0.000000000000000000, 1.000000000000000000, 0.000000000000000000 ) ) ;
#848 = ADVANCED_FACE ( 'NONE', ( #737 ), #1310, .T. ) ;
#849 = CARTESIAN_POINT ( 'NONE',  ( -25.50000000000000355, 4.000000000000000000, 3.099999999999999645 ) ) ;
#850 = DIRECTION ( 'NONE',  ( -0.000000000000000000, -1.000000000000000000, 0.000000000000000000 ) ) ;
#851 = ADVANCED_FACE ( 'NONE', ( #1501 ), #1070, .T. ) ;
#852 = ORIENTED_EDGE ( 'NONE', *, *, #350, .F. ) ;
#853 = AXIS2_PLACEMENT_3D ( 'NONE', #1330, #1041, #58 ) ;
#854 = ORIENTED_EDGE ( 'NONE', *, *, #1032, .T. ) ;
#855 = DIRECTION ( 'NONE',  ( -0.000000000000000000, -1.000000000000000000, -0.000000000000000000 ) ) ;
#856 = TOROIDAL_SURFACE ( 'NONE', #1385, 1.900000000000004130, 0.4000000000000000222 ) ;
#857 = DIRECTION ( 'NONE',  ( 0.000000000000000000, 0.000000000000000000, 1.000000000000000000 ) ) ;
#858 = ORIENTED_EDGE ( 'NONE', *, *, #1006, .F. ) ;
#859 = DIRECTION ( 'NONE',  ( -1.000000000000000000, 0.000000000000000000, 0.000000000000000000 ) ) ;
#860 = DIRECTION ( 'NONE',  ( -1.000000000000000000, 0.000000000000000000, 0.000000000000000000 ) ) ;
#861 = EDGE_LOOP ( 'NONE', ( #775, #1234, #808, #1958 ) ) ;
#862 = VERTEX_POINT ( 'NONE', #1720 ) ;
#863 = DIRECTION ( 'NONE',  ( -0.000000000000000000, -1.000000000000000000, -0.000000000000000000 ) ) ;
#864 = DIRECTION ( 'NONE',  ( -0.000000000000000000, -1.000000000000000000, -0.000000000000000000 ) ) ;
#865 = EDGE_CURVE ( 'NONE', #459, #632, #1502, .T. ) ;
#866 = ORIENTED_EDGE ( 'NONE', *, *, #97, .F. ) ;
#867 = DIRECTION ( 'NONE',  ( 0.000000000000000000, 0.000000000000000000, 1.000000000000000000 ) ) ;
#868 = CIRCLE ( 'NONE', #800, 47.60000000000000853 ) ;
#869 = CARTESIAN_POINT ( 'NONE',  ( 38.80294036547402925, 0.4000000000000001887, 16.07270415933380292 ) ) ;
#870 = ORIENTED_EDGE ( 'NONE', *, *, #1794, .T. ) ;
#871 = ORIENTED_EDGE ( 'NONE', *, *, #1866, .F. ) ;
#872 = DIRECTION ( 'NONE',  ( 0.000000000000000000, 0.000000000000000000, -1.000000000000000000 ) ) ;
#873 = EDGE_CURVE ( 'NONE', #1576, #491, #1141, .T. ) ;
#874 = CIRCLE ( 'NONE', #178, 0.1999999999999987899 ) ;
#875 = DIRECTION ( 'NONE',  ( 0.000000000000000000, 0.000000000000000000, 1.000000000000000000 ) ) ;
#876 = AXIS2_PLACEMENT_3D ( 'NONE', #1065, #538, #272 ) ;
#877 = EDGE_CURVE ( 'NONE', #742, #1653, #1442, .T. ) ;
#878 = EDGE_LOOP ( 'NONE', ( #1245, #1714, #2039, #2031 ) ) ;
#879 = FACE_OUTER_BOUND ( 'NONE', #51, .T. ) ;
#880 = CARTESIAN_POINT ( 'NONE',  ( -16.07270415933366792, 4.000000000000000000, 37.30294036547407899 ) ) ;
#881 = ORIENTED_EDGE ( 'NONE', *, *, #1489, .F. ) ;
#882 = ORIENTED_EDGE ( 'NONE', *, *, #713, .T. ) ;
#883 = DIRECTION ( 'NONE',  ( 0.000000000000000000, 1.000000000000000000, 0.000000000000000000 ) ) ;
#884 = CIRCLE ( 'NONE', #452, 3.099999999999999645 ) ;
#885 = CARTESIAN_POINT ( 'NONE',  ( -38.80294036547402925, 0.000000000000000000, -16.07270415933380292 ) ) ;
#886 = DIRECTION ( 'NONE',  ( 0.000000000000000000, -1.000000000000000000, 0.000000000000000000 ) ) ;
#887 = ADVANCED_FACE ( 'NONE', ( #125 ), #1431, .F. ) ;
#888 = DIRECTION ( 'NONE',  ( 0.000000000000000000, -0.000000000000000000, 1.000000000000000000 ) ) ;
#889 = TOROIDAL_SURFACE ( 'NONE', #1059, 1.900000000000004130, 0.4000000000000000222 ) ;
#890 = DIRECTION ( 'NONE',  ( -0.000000000000000000, -1.000000000000000000, -0.000000000000000000 ) ) ;
#891 = ORIENTED_EDGE ( 'NONE', *, *, #993, .F. ) ;
#892 = ORIENTED_EDGE ( 'NONE', *, *, #1959, .T. ) ;
#893 = DIRECTION ( 'NONE',  ( 0.000000000000000000, 0.000000000000000000, 1.000000000000000000 ) ) ;
#894 = CARTESIAN_POINT ( 'NONE',  ( -16.07270415933420438, 0.4000000000000001887, -38.80294036547385872 ) ) ;
#895 = CARTESIAN_POINT ( 'NONE',  ( 0.000000000000000000, 0.4000000000000001887, 0.000000000000000000 ) ) ;
#896 = EDGE_CURVE ( 'NONE', #65, #32, #1937, .T. ) ;
#897 = CARTESIAN_POINT ( 'NONE',  ( 0.000000000000000000, 0.000000000000000000, 3.499999999999999556 ) ) ;
#898 = CIRCLE ( 'NONE', #266, 1.900000000000005906 ) ;
#899 = AXIS2_PLACEMENT_3D ( 'NONE', #315, #450, #1282 ) ;
#900 = ORIENTED_EDGE ( 'NONE', *, *, #509, .F. ) ;
#901 = DIRECTION ( 'NONE',  ( 0.000000000000000000, 0.000000000000000000, 1.000000000000000000 ) ) ;
#902 = FACE_BOUND ( 'NONE', #223, .T. ) ;
#903 = AXIS2_PLACEMENT_3D ( 'NONE', #641, #1426, #1785 ) ;
#904 = CLOSED_SHELL ( 'NONE', ( #1825, #1946, #1088, #1917, #851, #815, #572, #1134, #1213, #814, #1396, #1980, #2011, #2038, #1123, #457, #360, #624, #697, #188, #1484, #941, #1988, #1999, #1186, #247, #1880, #1421, #648, #1951, #1313, #485, #416, #475, #596, #111, #887, #1922, #1281, #848, #533, #48, #1053, #1291, #1305, #1253, #1302, #1058, #805, #226, #1792, #1025, #746, #1759, #137, #1732, #1894, #1208, #394, #1429, #1808, #2036, #1522, #1573, #1962, #1541, #840 ) ) ;
#905 = VERTEX_POINT ( 'NONE', #1260 ) ;
#906 = DIRECTION ( 'NONE',  ( 0.000000000000000000, 1.000000000000000000, 0.000000000000000000 ) ) ;
#907 = CARTESIAN_POINT ( 'NONE',  ( -38.80294036547402925, 0.4000000000000001887, -16.07270415933380292 ) ) ;
#908 = CIRCLE ( 'NONE', #1410, 1.500000000000001332 ) ;
#909 = DIRECTION ( 'NONE',  ( -0.000000000000000000, -1.000000000000000000, -0.000000000000000000 ) ) ;
#910 = EDGE_LOOP ( 'NONE', ( #983, #644, #20, #385 ) ) ;
#911 = AXIS2_PLACEMENT_3D ( 'NONE', #1901, #282, #1743 ) ;
#912 = CARTESIAN_POINT ( 'NONE',  ( -17.67766952966368876, 0.2000000000000000111, -17.67766952966368876 ) ) ;
#913 = CARTESIAN_POINT ( 'NONE',  ( -17.67766952966362481, 4.000000000000000000, 20.67766952966374916 ) ) ;
#914 = EDGE_CURVE ( 'NONE', #1230, #629, #432, .T. ) ;
#915 = ORIENTED_EDGE ( 'NONE', *, *, #148, .F. ) ;
#916 = ORIENTED_EDGE ( 'NONE', *, *, #740, .F. ) ;
#917 = DIRECTION ( 'NONE',  ( -0.000000000000000000, -1.000000000000000000, -0.000000000000000000 ) ) ;
#918 = CIRCLE ( 'NONE', #1518, 16.00000000000000000 ) ;
#919 = DIRECTION ( 'NONE',  ( -0.000000000000000000, -1.000000000000000000, -0.000000000000000000 ) ) ;
#920 = DIRECTION ( 'NONE',  ( 1.000000000000000000, 0.000000000000000000, 0.000000000000000000 ) ) ;
#921 = AXIS2_PLACEMENT_3D ( 'NONE', #1030, #859, #47 ) ;
#922 = CARTESIAN_POINT ( 'NONE',  ( 5.829318763941402361E-15, 0.4000000000000001887, -47.60000000000000853 ) ) ;
#923 = EDGE_LOOP ( 'NONE', ( #1087, #1258, #1704, #1996 ) ) ;
#924 = CIRCLE ( 'NONE', #658, 1.900000000000005906 ) ;
#925 = DIRECTION ( 'NONE',  ( 0.000000000000000000, 1.000000000000000000, -0.000000000000000000 ) ) ;
#926 = PLANE ( 'NONE',  #379 ) ;
#927 = ORIENTED_EDGE ( 'NONE', *, *, #87, .T. ) ;
#928 = EDGE_LOOP ( 'NONE', ( #552, #160 ) ) ;
#929 = EDGE_CURVE ( 'NONE', #862, #1800, #1734, .T. ) ;
#930 = DIRECTION ( 'NONE',  ( 0.000000000000000000, 1.000000000000000000, 0.000000000000000000 ) ) ;
#931 = CYLINDRICAL_SURFACE ( 'NONE', #1378, 16.00000000000000000 ) ;
#932 = EDGE_CURVE ( 'NONE', #1642, #1938, #1040, .T. ) ;
#933 = CARTESIAN_POINT ( 'NONE',  ( 17.67766952966368876, 0.2000000000000000111, 20.67766952966368876 ) ) ;
#934 = ORIENTED_EDGE ( 'NONE', *, *, #332, .T. ) ;
#935 = CIRCLE ( 'NONE', #2003, 1.900000000000005906 ) ;
#936 = CARTESIAN_POINT ( 'NONE',  ( -17.67766952966362481, 4.000000000000000000, 17.67766952966374916 ) ) ;
#937 = PLANE ( 'NONE',  #1812 ) ;
#938 = CIRCLE ( 'NONE', #701, 0.4000000000000001887 ) ;
#939 = ORIENTED_EDGE ( 'NONE', *, *, #1226, .F. ) ;
#940 = DIRECTION ( 'NONE',  ( 0.000000000000000000, 0.000000000000000000, 1.000000000000000000 ) ) ;
#941 = ADVANCED_FACE ( 'NONE', ( #626 ), #461, .F. ) ;
#942 = CARTESIAN_POINT ( 'NONE',  ( -38.80294036547402925, 4.000000000000000000, 14.57270415933379759 ) ) ;
#943 = DIRECTION ( 'NONE',  ( 0.000000000000000000, 1.000000000000000000, 0.000000000000000000 ) ) ;
#944 = VECTOR ( 'NONE', #544, 1000.000000000000000 ) ;
#945 = ORIENTED_EDGE ( 'NONE', *, *, #1627, .F. ) ;
#946 = DIRECTION ( 'NONE',  ( -0.000000000000000000, -1.000000000000000000, -0.000000000000000000 ) ) ;
#947 = CARTESIAN_POINT ( 'NONE',  ( 17.67766952966368876, 0.000000000000000000, 20.67766952966368876 ) ) ;
#948 = ORIENTED_EDGE ( 'NONE', *, *, #1096, .T. ) ;
#949 = ORIENTED_EDGE ( 'NONE', *, *, #1513, .F. ) ;
#950 = DIRECTION ( 'NONE',  ( 0.000000000000000000, 0.000000000000000000, -1.000000000000000000 ) ) ;
#951 = CARTESIAN_POINT ( 'NONE',  ( 16.07270415933339791, 8.131516293641283255E-17, -40.70294036547419836 ) ) ;
#952 = AXIS2_PLACEMENT_3D ( 'NONE', #1763, #181, #670 ) ;
#953 = VECTOR ( 'NONE', #1361, 1000.000000000000000 ) ;
#954 = FACE_OUTER_BOUND ( 'NONE', #1270, .T. ) ;
#955 = VERTEX_POINT ( 'NONE', #1752 ) ;
#956 =( LENGTH_UNIT ( ) NAMED_UNIT ( * ) SI_UNIT ( .MILLI., .METRE. ) );
#957 = FACE_OUTER_BOUND ( 'NONE', #194, .T. ) ;
#958 = EDGE_LOOP ( 'NONE', ( #1771, #1569, #83, #279 ) ) ;
#959 = VERTEX_POINT ( 'NONE', #616 ) ;
#960 = ORIENTED_EDGE ( 'NONE', *, *, #409, .F. ) ;
#961 = DIRECTION ( 'NONE',  ( 0.000000000000000000, 0.000000000000000000, 1.000000000000000000 ) ) ;
#962 = DIRECTION ( 'NONE',  ( -0.000000000000000000, -1.000000000000000000, -0.000000000000000000 ) ) ;
#963 = FACE_BOUND ( 'NONE', #1086, .T. ) ;
#964 = EDGE_CURVE ( 'NONE', #1765, #154, #139, .T. ) ;
#965 = ORIENTED_EDGE ( 'NONE', *, *, #2024, .T. ) ;
#966 = DIRECTION ( 'NONE',  ( -0.000000000000000000, -1.000000000000000000, -0.000000000000000000 ) ) ;
#967 = EDGE_CURVE ( 'NONE', #220, #1800, #1730, .T. ) ;
#968 = ORIENTED_EDGE ( 'NONE', *, *, #560, .F. ) ;
#969 = CARTESIAN_POINT ( 'NONE',  ( 38.80294036547391556, 0.4000000000000001887, -16.07270415933407293 ) ) ;
#970 = AXIS2_PLACEMENT_3D ( 'NONE', #894, #2023, #1817 ) ;
#971 = DIRECTION ( 'NONE',  ( 1.000000000000000000, 0.000000000000000000, -9.251858538542940668E-15 ) ) ;
#972 = TOROIDAL_SURFACE ( 'NONE', #342, 3.199999999999999289, 0.2000000000000000111 ) ;
#973 = AXIS2_PLACEMENT_3D ( 'NONE', #1895, #946, #1736 ) ;
#974 = CYLINDRICAL_SURFACE ( 'NONE', #1223, 1.500000000000004885 ) ;
#975 = ORIENTED_EDGE ( 'NONE', *, *, #26, .T. ) ;
#976 = AXIS2_PLACEMENT_3D ( 'NONE', #1128, #1145, #1776 ) ;
#977 = CARTESIAN_POINT ( 'NONE',  ( -16.07270415933420438, 0.4000000000000001887, -38.80294036547385872 ) ) ;
#978 = CIRCLE ( 'NONE', #80, 1.500000000000004885 ) ;
#979 = DIRECTION ( 'NONE',  ( 1.000000000000000000, 0.000000000000000000, 0.000000000000000000 ) ) ;
#980 = EDGE_LOOP ( 'NONE', ( #796, #1042, #1750, #1257 ) ) ;
#981 = ORIENTED_EDGE ( 'NONE', *, *, #1560, .F. ) ;
#982 = EDGE_CURVE ( 'NONE', #1642, #862, #1865, .T. ) ;
#983 = ORIENTED_EDGE ( 'NONE', *, *, #1275, .T. ) ;
#984 = DIRECTION ( 'NONE',  ( 0.000000000000000000, 0.000000000000000000, 1.000000000000000000 ) ) ;
#985 = DIRECTION ( 'NONE',  ( -1.000000000000000000, -0.000000000000000000, -0.000000000000000000 ) ) ;
#986 = CIRCLE ( 'NONE', #853, 1.900000000000005906 ) ;
#987 = DIRECTION ( 'NONE',  ( -0.000000000000000000, -1.000000000000000000, -0.000000000000000000 ) ) ;
#988 = CARTESIAN_POINT ( 'NONE',  ( -38.80294036547402925, 0.4000000000000001887, 14.57270415933379759 ) ) ;
#989 = EDGE_CURVE ( 'NONE', #92, #1708, #938, .T. ) ;
#990 = ORIENTED_EDGE ( 'NONE', *, *, #758, .F. ) ;
#991 = EDGE_LOOP ( 'NONE', ( #881, #118, #1751, #2062 ) ) ;
#992 = DIRECTION ( 'NONE',  ( 0.000000000000000000, 1.000000000000000000, 0.000000000000000000 ) ) ;
#993 = EDGE_CURVE ( 'NONE', #1394, #50, #406, .T. ) ;
#994 = CIRCLE ( 'NONE', #1788, 1.500000000000004885 ) ;
#995 = DIRECTION ( 'NONE',  ( -1.000000000000000000, 0.000000000000000000, 0.000000000000000000 ) ) ;
#996 = EDGE_CURVE ( 'NONE', #9, #133, #71, .T. ) ;
#997 = FACE_BOUND ( 'NONE', #1596, .T. ) ;
#998 = SURFACE_SIDE_STYLE ('',( #18 ) ) ;
#999 = CARTESIAN_POINT ( 'NONE',  ( 1.959434878635765131E-15, 2.500000000000000000, 16.00000000000000000 ) ) ;
#1000 = ORIENTED_EDGE ( 'NONE', *, *, #1358, .F. ) ;
#1001 = ORIENTED_EDGE ( 'NONE', *, *, #1717, .F. ) ;
#1002 = ORIENTED_EDGE ( 'NONE', *, *, #982, .T. ) ;
#1003 = DIRECTION ( 'NONE',  ( -0.000000000000000000, -1.000000000000000000, -0.000000000000000000 ) ) ;
#1004 = CARTESIAN_POINT ( 'NONE',  ( 17.67766952966350402, 0.000000000000000000, -17.67766952966387350 ) ) ;
#1005 = CIRCLE ( 'NONE', #1733, 1.500000000000005551 ) ;
#1006 = EDGE_CURVE ( 'NONE', #390, #1991, #472, .T. ) ;
#1007 = DIRECTION ( 'NONE',  ( 0.000000000000000000, 0.000000000000000000, 1.000000000000000000 ) ) ;
#1008 = DIRECTION ( 'NONE',  ( -0.000000000000000000, -1.000000000000000000, -0.000000000000000000 ) ) ;
#1009 = CARTESIAN_POINT ( 'NONE',  ( -25.50000000000000355, 0.4000000000000001887, -3.099999999999999645 ) ) ;
#1010 = ORIENTED_EDGE ( 'NONE', *, *, #319, .T. ) ;
#1011 = ORIENTED_EDGE ( 'NONE', *, *, #560, .T. ) ;
#1012 = VERTEX_POINT ( 'NONE', #1741 ) ;
#1013 = CARTESIAN_POINT ( 'NONE',  ( -38.80294036547402925, 8.131516293641283255E-17, 17.97270415933380860 ) ) ;
#1014 = AXIS2_PLACEMENT_3D ( 'NONE', #1985, #1526, #1063 ) ;
#1015 = DIRECTION ( 'NONE',  ( -1.000000000000000000, 0.000000000000000000, 0.000000000000000000 ) ) ;
#1016 = CIRCLE ( 'NONE', #2013, 1.500000000000001998 ) ;
#1017 = ORIENTED_EDGE ( 'NONE', *, *, #316, .F. ) ;
#1018 = DIRECTION ( 'NONE',  ( 0.000000000000000000, 0.000000000000000000, -1.000000000000000000 ) ) ;
#1019 = CARTESIAN_POINT ( 'NONE',  ( 17.67766952966350402, 0.2000000000000000111, -20.87766952966386924 ) ) ;
#1020 = DIRECTION ( 'NONE',  ( 0.000000000000000000, 0.000000000000000000, 1.000000000000000000 ) ) ;
#1021 = ORIENTED_EDGE ( 'NONE', *, *, #1921, .F. ) ;
#1022 = TOROIDAL_SURFACE ( 'NONE', #2052, 1.900000000000004130, 0.4000000000000000222 ) ;
#1023 = ORIENTED_EDGE ( 'NONE', *, *, #1161, .F. ) ;
#1024 = DIRECTION ( 'NONE',  ( 0.7071067811865382469, 0.000000000000000000, -0.7071067811865567876 ) ) ;
#1025 = ADVANCED_FACE ( 'NONE', ( #1300 ), #1481, .F. ) ;
#1026 = CYLINDRICAL_SURFACE ( 'NONE', #537, 1.500000000000001332 ) ;
#1027 = VECTOR ( 'NONE', #418, 1000.000000000000000 ) ;
#1028 = VECTOR ( 'NONE', #197, 1000.000000000000000 ) ;
#1029 = ORIENTED_EDGE ( 'NONE', *, *, #826, .T. ) ;
#1030 = CARTESIAN_POINT ( 'NONE',  ( -17.67766952966362481, 0.2000000000000000111, 20.87766952966374845 ) ) ;
#1031 = DIRECTION ( 'NONE',  ( 0.000000000000000000, 0.000000000000000000, 1.000000000000000000 ) ) ;
#1032 = EDGE_CURVE ( 'NONE', #1138, #1991, #235, .T. ) ;
#1033 = EDGE_LOOP ( 'NONE', ( #512, #706, #1150, #1964 ) ) ;
#1034 = ORIENTED_EDGE ( 'NONE', *, *, #1465, .T. ) ;
#1035 = DIRECTION ( 'NONE',  ( 0.000000000000000000, -1.000000000000000000, 0.000000000000000000 ) ) ;
#1036 = CARTESIAN_POINT ( 'NONE',  ( -17.67766952966368876, 0.000000000000000000, -14.47766952966368770 ) ) ;
#1037 = ORIENTED_EDGE ( 'NONE', *, *, #1635, .F. ) ;
#1038 = CIRCLE ( 'NONE', #636, 1.500000000000004885 ) ;
#1039 = CARTESIAN_POINT ( 'NONE',  ( 16.07270415933339791, 4.000000000000000000, -38.80294036547419267 ) ) ;
#1040 = CIRCLE ( 'NONE', #504, 0.4000000000000001887 ) ;
#1041 = DIRECTION ( 'NONE',  ( 0.000000000000000000, 1.000000000000000000, 0.000000000000000000 ) ) ;
#1042 = ORIENTED_EDGE ( 'NONE', *, *, #1585, .F. ) ;
#1043 = ORIENTED_EDGE ( 'NONE', *, *, #671, .T. ) ;
#1044 = LINE ( 'NONE', #246, #739 ) ;
#1045 = EDGE_CURVE ( 'NONE', #1233, #831, #186, .T. ) ;
#1046 = DIRECTION ( 'NONE',  ( 0.000000000000000000, 1.000000000000000000, 0.000000000000000000 ) ) ;
#1047 = CIRCLE ( 'NONE', #1711, 1.500000000000004885 ) ;
#1048 = CARTESIAN_POINT ( 'NONE',  ( 16.07270415933339791, 0.4000000000000001887, -40.30294036547419267 ) ) ;
#1049 = DIRECTION ( 'NONE',  ( 0.000000000000000000, 1.000000000000000000, 0.000000000000000000 ) ) ;
#1050 = ORIENTED_EDGE ( 'NONE', *, *, #1389, .T. ) ;
#1051 = ORIENTED_EDGE ( 'NONE', *, *, #35, .T. ) ;
#1052 = CARTESIAN_POINT ( 'NONE',  ( 16.07270415933339791, 4.000000000000000000, -37.30294036547419267 ) ) ;
#1053 = ADVANCED_FACE ( 'NONE', ( #52 ), #835, .T. ) ;
#1054 = EDGE_CURVE ( 'NONE', #1192, #1893, #1802, .T. ) ;
#1055 = LINE ( 'NONE', #730, #1425 ) ;
#1056 = EDGE_CURVE ( 'NONE', #154, #1893, #1961, .T. ) ;
#1057 = DIRECTION ( 'NONE',  ( 1.000000000000000000, -0.000000000000000000, 1.224646799147353207E-16 ) ) ;
#1058 = ADVANCED_FACE ( 'NONE', ( #1644 ), #514, .T. ) ;
#1059 = AXIS2_PLACEMENT_3D ( 'NONE', #1195, #1046, #1225 ) ;
#1060 = DIRECTION ( 'NONE',  ( 1.000000000000000000, -0.000000000000000000, 1.224646799147353207E-16 ) ) ;
#1061 = ORIENTED_EDGE ( 'NONE', *, *, #1466, .F. ) ;
#1062 = CARTESIAN_POINT ( 'NONE',  ( -38.80294036547402925, 4.000000000000000000, -16.07270415933380292 ) ) ;
#1063 = DIRECTION ( 'NONE',  ( 0.000000000000000000, 0.000000000000000000, 1.000000000000000000 ) ) ;
#1064 = DIRECTION ( 'NONE',  ( 0.000000000000000000, 0.000000000000000000, 1.000000000000000000 ) ) ;
#1065 = CARTESIAN_POINT ( 'NONE',  ( -16.07270415933366792, 4.000000000000000000, 38.80294036547408609 ) ) ;
#1066 = CARTESIAN_POINT ( 'NONE',  ( 0.000000000000000000, 0.000000000000000000, 0.000000000000000000 ) ) ;
#1067 = EDGE_CURVE ( 'NONE', #1765, #1727, #1841, .T. ) ;
#1068 = FACE_OUTER_BOUND ( 'NONE', #1925, .T. ) ;
#1069 = VECTOR ( 'NONE', #1286, 1000.000000000000000 ) ;
#1070 = TOROIDAL_SURFACE ( 'NONE', #2035, 1.900000000000004130, 0.4000000000000000222 ) ;
#1071 = ORIENTED_EDGE ( 'NONE', *, *, #964, .T. ) ;
#1072 = LINE ( 'NONE', #288, #1867 ) ;
#1073 = FACE_BOUND ( 'NONE', #130, .T. ) ;
#1074 = AXIS2_PLACEMENT_3D ( 'NONE', #1277, #1620, #672 ) ;
#1075 = CIRCLE ( 'NONE', #343, 2.999999999999999112 ) ;
#1076 = ORIENTED_EDGE ( 'NONE', *, *, #1500, .T. ) ;
#1077 = CARTESIAN_POINT ( 'NONE',  ( -24.50000000000000000, 0.4000000000000000222, -3.499999999999999556 ) ) ;
#1078 = AXIS2_PLACEMENT_3D ( 'NONE', #680, #1639, #1529 ) ;
#1079 = CIRCLE ( 'NONE', #1408, 0.3999999999999975797 ) ;
#1080 = CARTESIAN_POINT ( 'NONE',  ( 38.80294036547391556, 0.4000000000000001887, -17.97270415933407861 ) ) ;
#1081 = AXIS2_PLACEMENT_3D ( 'NONE', #1677, #883, #1347 ) ;
#1082 = LINE ( 'NONE', #897, #1292 ) ;
#1083 = ORIENTED_EDGE ( 'NONE', *, *, #836, .T. ) ;
#1084 = DIRECTION ( 'NONE',  ( 0.000000000000000000, 0.000000000000000000, -1.000000000000000000 ) ) ;
#1085 = DIRECTION ( 'NONE',  ( 0.000000000000000000, -0.000000000000000000, 1.000000000000000000 ) ) ;
#1086 = EDGE_LOOP ( 'NONE', ( #1043, #1298 ) ) ;
#1087 = ORIENTED_EDGE ( 'NONE', *, *, #304, .F. ) ;
#1088 = ADVANCED_FACE ( 'NONE', ( #1153 ), #1316, .T. ) ;
#1089 = ORIENTED_EDGE ( 'NONE', *, *, #811, .T. ) ;
#1090 = CARTESIAN_POINT ( 'NONE',  ( 16.07270415933394148, 0.4000000000000001887, 38.80294036547397241 ) ) ;
#1091 = AXIS2_PLACEMENT_3D ( 'NONE', #1797, #393, #1662 ) ;
#1092 = DIRECTION ( 'NONE',  ( -0.000000000000000000, -1.000000000000000000, -0.000000000000000000 ) ) ;
#1093 = CARTESIAN_POINT ( 'NONE',  ( -16.07270415933420438, 4.000000000000000000, -38.80294036547385872 ) ) ;
#1094 = ORIENTED_EDGE ( 'NONE', *, *, #1585, .T. ) ;
#1095 = CIRCLE ( 'NONE', #1957, 0.3999999999999975797 ) ;
#1096 = EDGE_CURVE ( 'NONE', #1498, #2061, #908, .T. ) ;
#1097 = CARTESIAN_POINT ( 'NONE',  ( 17.67766952966350402, 0.000000000000000000, -17.67766952966387350 ) ) ;
#1098 = DIRECTION ( 'NONE',  ( -1.000000000000000000, 0.000000000000000000, 0.000000000000000000 ) ) ;
#1099 = ORIENTED_EDGE ( 'NONE', *, *, #598, .F. ) ;
#1100 = ORIENTED_EDGE ( 'NONE', *, *, #319, .F. ) ;
#1101 = DIRECTION ( 'NONE',  ( 0.000000000000000000, 0.000000000000000000, 1.000000000000000000 ) ) ;
#1102 = CARTESIAN_POINT ( 'NONE',  ( 38.80294036547391556, 8.131516293641283255E-17, -17.97270415933407861 ) ) ;
#1103 = CARTESIAN_POINT ( 'NONE',  ( -38.80294036547402925, 4.000000000000000000, 17.57270415933380647 ) ) ;
#1104 = ORIENTED_EDGE ( 'NONE', *, *, #1362, .F. ) ;
#1105 = AXIS2_PLACEMENT_3D ( 'NONE', #98, #860, #1031 ) ;
#1106 = DIRECTION ( 'NONE',  ( 0.000000000000000000, 0.000000000000000000, -1.000000000000000000 ) ) ;
#1107 = DIRECTION ( 'NONE',  ( -0.000000000000000000, -1.000000000000000000, -0.000000000000000000 ) ) ;
#1108 = ORIENTED_EDGE ( 'NONE', *, *, #826, .F. ) ;
#1109 = AXIS2_PLACEMENT_3D ( 'NONE', #1309, #196, #377 ) ;
#1110 = ORIENTED_EDGE ( 'NONE', *, *, #1367, .F. ) ;
#1111 = DIRECTION ( 'NONE',  ( -0.000000000000000000, -1.000000000000000000, -0.000000000000000000 ) ) ;
#1112 = CARTESIAN_POINT ( 'NONE',  ( 17.67766952966350402, 0.2000000000000000111, -17.67766952966387350 ) ) ;
#1113 = FACE_BOUND ( 'NONE', #373, .T. ) ;
#1114 = AXIS2_PLACEMENT_3D ( 'NONE', #1289, #667, #1131 ) ;
#1115 = ORIENTED_EDGE ( 'NONE', *, *, #1831, .T. ) ;
#1116 = CARTESIAN_POINT ( 'NONE',  ( 38.80294036547391556, 0.4000000000000001887, -14.17270415933406902 ) ) ;
#1117 = DIRECTION ( 'NONE',  ( 0.000000000000000000, 0.000000000000000000, -1.000000000000000000 ) ) ;
#1118 = EDGE_LOOP ( 'NONE', ( #1823, #704 ) ) ;
#1119 = AXIS2_PLACEMENT_3D ( 'NONE', #305, #962, #1290 ) ;
#1120 = VERTEX_POINT ( 'NONE', #216 ) ;
#1121 = DIRECTION ( 'NONE',  ( 0.000000000000000000, 1.000000000000000000, 0.000000000000000000 ) ) ;
#1122 = DIRECTION ( 'NONE',  ( 0.7071067811865533459, 0.000000000000000000, 0.7071067811865417996 ) ) ;
#1123 = ADVANCED_FACE ( 'NONE', ( #1473 ), #313, .T. ) ;
#1124 = CIRCLE ( 'NONE', #1649, 1.500000000000003331 ) ;
#1125 = AXIS2_PLACEMENT_3D ( 'NONE', #1514, #79, #240 ) ;
#1126 = CARTESIAN_POINT ( 'NONE',  ( -38.80294036547402925, 0.4000000000000001887, -14.57270415933379759 ) ) ;
#1127 = ORIENTED_EDGE ( 'NONE', *, *, #380, .F. ) ;
#1128 = CARTESIAN_POINT ( 'NONE',  ( 17.67766952966350402, 0.000000000000000000, -17.67766952966387350 ) ) ;
#1129 = DIRECTION ( 'NONE',  ( 0.000000000000000000, 0.000000000000000000, 1.000000000000000000 ) ) ;
#1130 = EDGE_LOOP ( 'NONE', ( #846, #1010, #122, #413 ) ) ;
#1131 = DIRECTION ( 'NONE',  ( 0.000000000000000000, 0.000000000000000000, 1.000000000000000000 ) ) ;
#1132 = CARTESIAN_POINT ( 'NONE',  ( -24.50000000000000000, 0.4000000000000001887, 1.836970198721031167E-16 ) ) ;
#1133 = CARTESIAN_POINT ( 'NONE',  ( 16.07270415933339791, 0.4000000000000001887, -38.80294036547419267 ) ) ;
#1134 = ADVANCED_FACE ( 'NONE', ( #1781 ), #44, .F. ) ;
#1135 = VERTEX_POINT ( 'NONE', #1013 ) ;
#1136 = DIRECTION ( 'NONE',  ( 0.000000000000000000, 0.000000000000000000, 1.000000000000000000 ) ) ;
#1137 = VERTEX_POINT ( 'NONE', #1930 ) ;
#1138 = VERTEX_POINT ( 'NONE', #813 ) ;
#1139 = ORIENTED_EDGE ( 'NONE', *, *, #1056, .T. ) ;
#1140 = DIRECTION ( 'NONE',  ( -0.000000000000000000, -1.000000000000000000, -0.000000000000000000 ) ) ;
#1141 = CIRCLE ( 'NONE', #2, 1.900000000000004130 ) ;
#1142 = CYLINDRICAL_SURFACE ( 'NONE', #1553, 16.00000000000000000 ) ;
#1143 = CARTESIAN_POINT ( 'NONE',  ( -24.50000000000000000, 0.4000000000000001887, 3.099999999999999645 ) ) ;
#1144 = STYLED_ITEM ( 'NONE', ( #652 ), #261 ) ;
#1145 = DIRECTION ( 'NONE',  ( 0.000000000000000000, 1.000000000000000000, 0.000000000000000000 ) ) ;
#1146 = AXIS2_PLACEMENT_3D ( 'NONE', #2025, #96, #838 ) ;
#1147 = CARTESIAN_POINT ( 'NONE',  ( 17.67766952966368876, 0.2000000000000000111, 14.47766952966368770 ) ) ;
#1148 = CIRCLE ( 'NONE', #549, 0.3999999999999993006 ) ;
#1149 = EDGE_CURVE ( 'NONE', #174, #1448, #843, .T. ) ;
#1150 = ORIENTED_EDGE ( 'NONE', *, *, #1866, .T. ) ;
#1151 = EDGE_LOOP ( 'NONE', ( #2044, #1391, #854, #858 ) ) ;
#1152 = VERTEX_POINT ( 'NONE', #11 ) ;
#1153 = FACE_OUTER_BOUND ( 'NONE', #2007, .T. ) ;
#1154 = EDGE_CURVE ( 'NONE', #1674, #1800, #523, .T. ) ;
#1155 = CARTESIAN_POINT ( 'NONE',  ( -24.50000000000000000, 4.000000000000000000, 3.099999999999999645 ) ) ;
#1156 = DIRECTION ( 'NONE',  ( 0.000000000000000000, 0.000000000000000000, 1.000000000000000000 ) ) ;
#1157 = AXIS2_PLACEMENT_3D ( 'NONE', #453, #589, #296 ) ;
#1158 = CARTESIAN_POINT ( 'NONE',  ( 38.80294036547391556, 4.000000000000000000, -14.57270415933406937 ) ) ;
#1159 = LINE ( 'NONE', #1927, #1172 ) ;
#1160 = ORIENTED_EDGE ( 'NONE', *, *, #1575, .F. ) ;
#1161 = EDGE_CURVE ( 'NONE', #9, #1653, #1047, .T. ) ;
#1162 = ORIENTED_EDGE ( 'NONE', *, *, #198, .T. ) ;
#1163 = CARTESIAN_POINT ( 'NONE',  ( -38.80294036547402925, 0.4000000000000001887, -16.07270415933380292 ) ) ;
#1164 = AXIS2_PLACEMENT_3D ( 'NONE', #1687, #398, #1184 ) ;
#1165 = DIRECTION ( 'NONE',  ( -0.000000000000000000, -1.000000000000000000, -0.000000000000000000 ) ) ;
#1166 = CARTESIAN_POINT ( 'NONE',  ( -38.80294036547402925, 8.131516293641283255E-17, -17.97270415933380860 ) ) ;
#1167 = DIRECTION ( 'NONE',  ( 1.000000000000000000, -0.000000000000000000, 1.224646799147353207E-16 ) ) ;
#1168 = ORIENTED_EDGE ( 'NONE', *, *, #1575, .T. ) ;
#1169 = ORIENTED_EDGE ( 'NONE', *, *, #989, .F. ) ;
#1170 = DIRECTION ( 'NONE',  ( 0.000000000000000000, 1.000000000000000000, 0.000000000000000000 ) ) ;
#1171 = DIRECTION ( 'NONE',  ( -0.000000000000000000, -1.000000000000000000, -0.000000000000000000 ) ) ;
#1172 = VECTOR ( 'NONE', #979, 1000.000000000000000 ) ;
#1173 = AXIS2_PLACEMENT_3D ( 'NONE', #1909, #768, #1271 ) ;
#1174 = CIRCLE ( 'NONE', #1530, 0.4000000000000010214 ) ;
#1175 = FACE_OUTER_BOUND ( 'NONE', #1151, .T. ) ;
#1176 = CIRCLE ( 'NONE', #542, 48.00000000000000711 ) ;
#1177 = EDGE_CURVE ( 'NONE', #1448, #1452, #1148, .T. ) ;
#1178 = DIRECTION ( 'NONE',  ( 0.000000000000000000, 0.000000000000000000, 1.000000000000000000 ) ) ;
#1179 = DIRECTION ( 'NONE',  ( -0.000000000000000000, -1.000000000000000000, -0.000000000000000000 ) ) ;
#1180 = EDGE_LOOP ( 'NONE', ( #184, #1913, #301, #1001 ) ) ;
#1181 = DIRECTION ( 'NONE',  ( 0.000000000000000000, 1.000000000000000000, 0.000000000000000000 ) ) ;
#1182 = CARTESIAN_POINT ( 'NONE',  ( -25.50000000000000355, 4.000000000000000000, 0.000000000000000000 ) ) ;
#1183 = AXIS2_PLACEMENT_3D ( 'NONE', #1801, #676, #205 ) ;
#1184 = DIRECTION ( 'NONE',  ( 0.000000000000000000, 0.000000000000000000, -1.000000000000000000 ) ) ;
#1185 = CIRCLE ( 'NONE', #1218, 0.4000000000000010214 ) ;
#1186 = ADVANCED_FACE ( 'NONE', ( #70 ), #1376, .T. ) ;
#1187 = CYLINDRICAL_SURFACE ( 'NONE', #153, 2.999999999999999112 ) ;
#1188 = EDGE_CURVE ( 'NONE', #1318, #337, #773, .T. ) ;
#1189 = LINE ( 'NONE', #726, #1753 ) ;
#1190 = ORIENTED_EDGE ( 'NONE', *, *, #781, .T. ) ;
#1191 = CIRCLE ( 'NONE', #1618, 48.00000000000000711 ) ;
#1192 = VERTEX_POINT ( 'NONE', #84 ) ;
#1193 = DIRECTION ( 'NONE',  ( -0.000000000000000000, -1.000000000000000000, -0.000000000000000000 ) ) ;
#1194 = CIRCLE ( 'NONE', #389, 1.500000000000001332 ) ;
#1195 = CARTESIAN_POINT ( 'NONE',  ( -38.80294036547402925, 0.4000000000000001887, -16.07270415933380292 ) ) ;
#1196 = CIRCLE ( 'NONE', #28, 0.1999999999999987899 ) ;
#1197 = ORIENTED_EDGE ( 'NONE', *, *, #466, .F. ) ;
#1198 =( NAMED_UNIT ( * ) PLANE_ANGLE_UNIT ( ) SI_UNIT ( $, .RADIAN. ) );
#1199 = DIRECTION ( 'NONE',  ( 0.000000000000000000, 0.000000000000000000, 1.000000000000000000 ) ) ;
#1200 = EDGE_CURVE ( 'NONE', #1899, #255, #1641, .T. ) ;
#1201 = EDGE_LOOP ( 'NONE', ( #842, #1580 ) ) ;
#1202 = ORIENTED_EDGE ( 'NONE', *, *, #566, .F. ) ;
#1203 = CYLINDRICAL_SURFACE ( 'NONE', #1744, 3.099999999999999645 ) ;
#1204 = FACE_OUTER_BOUND ( 'NONE', #100, .T. ) ;
#1205 = EDGE_LOOP ( 'NONE', ( #1365, #1550, #1094, #1259 ) ) ;
#1206 = DIRECTION ( 'NONE',  ( -0.000000000000000000, -1.000000000000000000, -0.000000000000000000 ) ) ;
#1207 = TOROIDAL_SURFACE ( 'NONE', #1972, 1.900000000000004130, 0.4000000000000000222 ) ;
#1208 = ADVANCED_FACE ( 'NONE', ( #1993 ), #387, .F. ) ;
#1209 = DIRECTION ( 'NONE',  ( -0.000000000000000000, -1.000000000000000000, -0.000000000000000000 ) ) ;
#1210 = ORIENTED_EDGE ( 'NONE', *, *, #1177, .T. ) ;
#1211 = VERTEX_POINT ( 'NONE', #1971 ) ;
#1212 = DIRECTION ( 'NONE',  ( 0.000000000000000000, 0.000000000000000000, -1.000000000000000000 ) ) ;
#1213 = ADVANCED_FACE ( 'NONE', ( #1520 ), #1665, .F. ) ;
#1214 = FACE_OUTER_BOUND ( 'NONE', #312, .T. ) ;
#1215 = EDGE_CURVE ( 'NONE', #1211, #469, #584, .T. ) ;
#1216 = DIRECTION ( 'NONE',  ( 0.000000000000000000, 0.000000000000000000, -1.000000000000000000 ) ) ;
#1217 = SHAPE_DEFINITION_REPRESENTATION ( #720, #1686 ) ;
#1218 = AXIS2_PLACEMENT_3D ( 'NONE', #474, #318, #791 ) ;
#1219 = CARTESIAN_POINT ( 'NONE',  ( -38.80294036547402925, 0.4000000000000001887, 16.07270415933380292 ) ) ;
#1220 = ORIENTED_EDGE ( 'NONE', *, *, #550, .T. ) ;
#1221 = FACE_OUTER_BOUND ( 'NONE', #1130, .T. ) ;
#1222 = DIRECTION ( 'NONE',  ( -0.000000000000000000, -1.000000000000000000, -0.000000000000000000 ) ) ;
#1223 = AXIS2_PLACEMENT_3D ( 'NONE', #803, #1607, #27 ) ;
#1224 = EDGE_CURVE ( 'NONE', #1623, #1517, #144, .T. ) ;
#1225 = DIRECTION ( 'NONE',  ( 0.000000000000000000, 0.000000000000000000, 1.000000000000000000 ) ) ;
#1226 = EDGE_CURVE ( 'NONE', #50, #77, #1044, .T. ) ;
#1227 = DIRECTION ( 'NONE',  ( 0.000000000000000000, 0.000000000000000000, 1.000000000000000000 ) ) ;
#1228 = CIRCLE ( 'NONE', #1688, 3.199999999999997957 ) ;
#1229 = CARTESIAN_POINT ( 'NONE',  ( -24.50000000000000000, 0.4000000000000001887, -3.099999999999999645 ) ) ;
#1230 = VERTEX_POINT ( 'NONE', #1356 ) ;
#1231 = CARTESIAN_POINT ( 'NONE',  ( 38.80294036547391556, 0.4000000000000001887, -17.57270415933408003 ) ) ;
#1232 = DIRECTION ( 'NONE',  ( 0.000000000000000000, 1.000000000000000000, 0.000000000000000000 ) ) ;
#1233 = VERTEX_POINT ( 'NONE', #93 ) ;
#1234 = ORIENTED_EDGE ( 'NONE', *, *, #713, .F. ) ;
#1235 = CARTESIAN_POINT ( 'NONE',  ( -17.67766952966362481, 0.000000000000000000, 17.67766952966374916 ) ) ;
#1236 = LINE ( 'NONE', #1810, #1248 ) ;
#1237 = CARTESIAN_POINT ( 'NONE',  ( 0.000000000000000000, 0.000000000000000000, 0.000000000000000000 ) ) ;
#1238 = EDGE_CURVE ( 'NONE', #1137, #1138, #696, .T. ) ;
#1239 = AXIS2_PLACEMENT_3D ( 'NONE', #146, #779, #950 ) ;
#1240 = EDGE_LOOP ( 'NONE', ( #203, #1992 ) ) ;
#1241 = DIRECTION ( 'NONE',  ( 0.000000000000000000, -1.000000000000000000, 0.000000000000000000 ) ) ;
#1242 = DIRECTION ( 'NONE',  ( -1.000000000000000000, 0.000000000000000000, -0.000000000000000000 ) ) ;
#1243 = AXIS2_PLACEMENT_3D ( 'NONE', #353, #987, #182 ) ;
#1244 = ORIENTED_EDGE ( 'NONE', *, *, #1238, .F. ) ;
#1245 = ORIENTED_EDGE ( 'NONE', *, *, #161, .F. ) ;
#1246 = VERTEX_POINT ( 'NONE', #1824 ) ;
#1247 = CARTESIAN_POINT ( 'NONE',  ( -24.50000000000000000, 0.4000000000000000222, 3.499999999999999556 ) ) ;
#1248 = VECTOR ( 'NONE', #57, 1000.000000000000000 ) ;
#1249 = CIRCLE ( 'NONE', #1606, 0.4000000000000010214 ) ;
#1250 = DIRECTION ( 'NONE',  ( 0.000000000000000000, 0.000000000000000000, 1.000000000000000000 ) ) ;
#1251 = EDGE_CURVE ( 'NONE', #1653, #1789, #1572, .T. ) ;
#1252 = DIRECTION ( 'NONE',  ( 0.000000000000000000, 1.000000000000000000, 0.000000000000000000 ) ) ;
#1253 = ADVANCED_FACE ( 'NONE', ( #1685 ), #1203, .F. ) ;
#1254 = ORIENTED_EDGE ( 'NONE', *, *, #506, .F. ) ;
#1255 = DIRECTION ( 'NONE',  ( 0.000000000000000000, -0.000000000000000000, -1.000000000000000000 ) ) ;
#1256 = CARTESIAN_POINT ( 'NONE',  ( -16.07270415933420438, 0.4000000000000001887, -36.90294036547385303 ) ) ;
#1257 = ORIENTED_EDGE ( 'NONE', *, *, #249, .F. ) ;
#1258 = ORIENTED_EDGE ( 'NONE', *, *, #964, .F. ) ;
#1259 = ORIENTED_EDGE ( 'NONE', *, *, #1420, .F. ) ;
#1260 = CARTESIAN_POINT ( 'NONE',  ( 0.000000000000000000, 0.000000000000000000, 47.60000000000000853 ) ) ;
#1261 = AXIS2_PLACEMENT_3D ( 'NONE', #570, #1209, #1488 ) ;
#1262 = CARTESIAN_POINT ( 'NONE',  ( 0.000000000000000000, 0.4000000000000001887, 0.000000000000000000 ) ) ;
#1263 = DIRECTION ( 'NONE',  ( 0.000000000000000000, 1.000000000000000000, 0.000000000000000000 ) ) ;
#1264 = ORIENTED_EDGE ( 'NONE', *, *, #1616, .F. ) ;
#1265 = AXIS2_PLACEMENT_3D ( 'NONE', #1335, #1320, #971 ) ;
#1266 = DIRECTION ( 'NONE',  ( 0.000000000000000000, -1.000000000000000000, 0.000000000000000000 ) ) ;
#1267 = LINE ( 'NONE', #2059, #136 ) ;
#1268 = EDGE_CURVE ( 'NONE', #290, #611, #411, .T. ) ;
#1269 = ORIENTED_EDGE ( 'NONE', *, *, #1637, .T. ) ;
#1270 = EDGE_LOOP ( 'NONE', ( #666, #1317, #1021, #735 ) ) ;
#1271 = DIRECTION ( 'NONE',  ( 0.000000000000000000, 0.000000000000000000, 1.000000000000000000 ) ) ;
#1272 = DIRECTION ( 'NONE',  ( 0.000000000000000000, 0.000000000000000000, 1.000000000000000000 ) ) ;
#1273 = FACE_BOUND ( 'NONE', #1813, .T. ) ;
#1274 = ORIENTED_EDGE ( 'NONE', *, *, #350, .T. ) ;
#1275 = EDGE_CURVE ( 'NONE', #959, #955, #1675, .T. ) ;
#1276 = AXIS2_PLACEMENT_3D ( 'NONE', #402, #1839, #1998 ) ;
#1277 = CARTESIAN_POINT ( 'NONE',  ( -17.67766952966368876, 0.000000000000000000, -17.67766952966368876 ) ) ;
#1278 = DIRECTION ( 'NONE',  ( 0.000000000000000000, 0.000000000000000000, -1.000000000000000000 ) ) ;
#1279 = ORIENTED_EDGE ( 'NONE', *, *, #2047, .F. ) ;
#1280 = ORIENTED_EDGE ( 'NONE', *, *, #253, .F. ) ;
#1281 = ADVANCED_FACE ( 'NONE', ( #1499 ), #643, .T. ) ;
#1282 = DIRECTION ( 'NONE',  ( 0.000000000000000000, 0.000000000000000000, 1.000000000000000000 ) ) ;
#1283 = LINE ( 'NONE', #1721, #1746 ) ;
#1284 = CARTESIAN_POINT ( 'NONE',  ( 0.000000000000000000, 4.000000000000000000, 0.000000000000000000 ) ) ;
#1285 = ORIENTED_EDGE ( 'NONE', *, *, #1779, .F. ) ;
#1286 = DIRECTION ( 'NONE',  ( -0.000000000000000000, -1.000000000000000000, -0.000000000000000000 ) ) ;
#1287 = CIRCLE ( 'NONE', #1540, 2.999999999999999112 ) ;
#1288 = VERTEX_POINT ( 'NONE', #1815 ) ;
#1289 = CARTESIAN_POINT ( 'NONE',  ( -25.50000000000000355, 0.4000000000000001887, 3.499999999999999556 ) ) ;
#1290 = DIRECTION ( 'NONE',  ( 0.000000000000000000, 0.000000000000000000, -1.000000000000000000 ) ) ;
#1291 = ADVANCED_FACE ( 'NONE', ( #554 ), #1492, .F. ) ;
#1292 = VECTOR ( 'NONE', #2027, 1000.000000000000000 ) ;
#1293 = AXIS2_PLACEMENT_3D ( 'NONE', #410, #1671, #1829 ) ;
#1294 = DIRECTION ( 'NONE',  ( 0.000000000000000000, 1.000000000000000000, 0.000000000000000000 ) ) ;
#1295 = DIRECTION ( 'NONE',  ( 0.000000000000000000, 1.000000000000000000, 0.000000000000000000 ) ) ;
#1296 = VECTOR ( 'NONE', #1179, 1000.000000000000000 ) ;
#1297 = CIRCLE ( 'NONE', #422, 1.500000000000004885 ) ;
#1298 = ORIENTED_EDGE ( 'NONE', *, *, #682, .T. ) ;
#1299 = EDGE_LOOP ( 'NONE', ( #1509, #975 ) ) ;
#1300 = FACE_OUTER_BOUND ( 'NONE', #861, .T. ) ;
#1301 = DIRECTION ( 'NONE',  ( 0.000000000000000000, 0.000000000000000000, 1.000000000000000000 ) ) ;
#1302 = ADVANCED_FACE ( 'NONE', ( #110 ), #926, .F. ) ;
#1303 = DIRECTION ( 'NONE',  ( 0.000000000000000000, 1.000000000000000000, 0.000000000000000000 ) ) ;
#1304 = CARTESIAN_POINT ( 'NONE',  ( -17.67766952966368876, 0.000000000000000000, -17.67766952966368876 ) ) ;
#1305 = ADVANCED_FACE ( 'NONE', ( #468 ), #745, .F. ) ;
#1306 = ORIENTED_EDGE ( 'NONE', *, *, #724, .T. ) ;
#1307 = AXIS2_PLACEMENT_3D ( 'NONE', #289, #1232, #1896 ) ;
#1308 = ORIENTED_EDGE ( 'NONE', *, *, #661, .F. ) ;
#1309 = CARTESIAN_POINT ( 'NONE',  ( 0.000000000000000000, 0.4000000000000001887, 0.000000000000000000 ) ) ;
#1310 = TOROIDAL_SURFACE ( 'NONE', #340, 3.199999999999999289, 0.2000000000000000111 ) ;
#1311 = LINE ( 'NONE', #1155, #330 ) ;
#1312 = CARTESIAN_POINT ( 'NONE',  ( 38.80294036547402925, 0.4000000000000001887, 16.07270415933380292 ) ) ;
#1313 = ADVANCED_FACE ( 'NONE', ( #1749, #2041, #1882, #310, #613, #1906, #902, #1073, #1403, #1427, #1393, #1737, #2030, #1535, #143 ), #937, .F. ) ;
#1314 = DIRECTION ( 'NONE',  ( 0.000000000000000000, 1.000000000000000000, 0.000000000000000000 ) ) ;
#1315 = DIRECTION ( 'NONE',  ( 0.000000000000000000, 1.000000000000000000, 0.000000000000000000 ) ) ;
#1316 = TOROIDAL_SURFACE ( 'NONE', #14, 1.900000000000004130, 0.4000000000000000222 ) ;
#1317 = ORIENTED_EDGE ( 'NONE', *, *, #1411, .T. ) ;
#1318 = VERTEX_POINT ( 'NONE', #299 ) ;
#1319 = CARTESIAN_POINT ( 'NONE',  ( -38.80294036547402925, 0.4000000000000001887, 16.07270415933380292 ) ) ;
#1320 = DIRECTION ( 'NONE',  ( 0.000000000000000000, -1.000000000000000000, 0.000000000000000000 ) ) ;
#1321 = CARTESIAN_POINT ( 'NONE',  ( -16.07270415933420438, 0.000000000000000000, -38.80294036547385872 ) ) ;
#1322 = CYLINDRICAL_SURFACE ( 'NONE', #1874, 2.999999999999999112 ) ;
#1323 = FACE_OUTER_BOUND ( 'NONE', #821, .T. ) ;
#1324 = EDGE_LOOP ( 'NONE', ( #1017, #21, #581, #333 ) ) ;
#1325 = ORIENTED_EDGE ( 'NONE', *, *, #1096, .F. ) ;
#1326 = DIRECTION ( 'NONE',  ( 0.000000000000000000, 0.000000000000000000, 1.000000000000000000 ) ) ;
#1327 = AXIS2_PLACEMENT_3D ( 'NONE', #1995, #1537, #875 ) ;
#1328 = DIRECTION ( 'NONE',  ( 0.000000000000000000, 1.000000000000000000, 0.000000000000000000 ) ) ;
#1329 = ORIENTED_EDGE ( 'NONE', *, *, #1420, .T. ) ;
#1330 = CARTESIAN_POINT ( 'NONE',  ( 16.07270415933394148, 0.000000000000000000, 38.80294036547397241 ) ) ;
#1331 = ORIENTED_EDGE ( 'NONE', *, *, #1067, .F. ) ;
#1332 = EDGE_LOOP ( 'NONE', ( #568, #448, #945, #1110 ) ) ;
#1333 = DIRECTION ( 'NONE',  ( 0.000000000000000000, 1.000000000000000000, 0.000000000000000000 ) ) ;
#1334 = EDGE_CURVE ( 'NONE', #1807, #1230, #446, .T. ) ;
#1335 = CARTESIAN_POINT ( 'NONE',  ( 16.07270415933339791, 4.000000000000000000, -38.80294036547419267 ) ) ;
#1336 = VECTOR ( 'NONE', #820, 1000.000000000000000 ) ;
#1337 = EDGE_CURVE ( 'NONE', #155, #1724, #898, .T. ) ;
#1338 = AXIS2_PLACEMENT_3D ( 'NONE', #1863, #434, #1876 ) ;
#1339 = ORIENTED_EDGE ( 'NONE', *, *, #1177, .F. ) ;
#1340 = AXIS2_PLACEMENT_3D ( 'NONE', #478, #1314, #334 ) ;
#1341 = CARTESIAN_POINT ( 'NONE',  ( -16.07270415933420438, 4.000000000000000000, -38.80294036547385872 ) ) ;
#1342 = CIRCLE ( 'NONE', #705, 1.500000000000004885 ) ;
#1343 = CARTESIAN_POINT ( 'NONE',  ( 2.008420750601659349E-15, 8.131516293641283255E-17, -16.40000000000000213 ) ) ;
#1344 = ORIENTED_EDGE ( 'NONE', *, *, #769, .F. ) ;
#1345 = AXIS2_PLACEMENT_3D ( 'NONE', #637, #1910, #1397 ) ;
#1346 = ORIENTED_EDGE ( 'NONE', *, *, #1616, .T. ) ;
#1347 = DIRECTION ( 'NONE',  ( 0.000000000000000000, 0.000000000000000000, 1.000000000000000000 ) ) ;
#1348 = AXIS2_PLACEMENT_3D ( 'NONE', #575, #1375, #872 ) ;
#1349 = CARTESIAN_POINT ( 'NONE',  ( 38.80294036547402925, 4.000000000000000000, 17.57270415933380647 ) ) ;
#1350 = ORIENTED_EDGE ( 'NONE', *, *, #630, .F. ) ;
#1351 = EDGE_CURVE ( 'NONE', #1765, #1192, #1267, .T. ) ;
#1352 = CARTESIAN_POINT ( 'NONE',  ( -16.07270415933420438, 4.000000000000000000, -38.80294036547385872 ) ) ;
#1353 = EDGE_LOOP ( 'NONE', ( #1898, #1691, #1536, #1197 ) ) ;
#1354 = AXIS2_PLACEMENT_3D ( 'NONE', #922, #1060, #425 ) ;
#1355 = ORIENTED_EDGE ( 'NONE', *, *, #621, .F. ) ;
#1356 = CARTESIAN_POINT ( 'NONE',  ( 17.67766952966368876, 4.000000000000000000, 20.67766952966368876 ) ) ;
#1357 = DIRECTION ( 'NONE',  ( 0.000000000000000000, 0.000000000000000000, 1.000000000000000000 ) ) ;
#1358 = EDGE_CURVE ( 'NONE', #150, #756, #1038, .T. ) ;
#1359 = AXIS2_PLACEMENT_3D ( 'NONE', #361, #995, #585 ) ;
#1360 = EDGE_LOOP ( 'NONE', ( #927, #1928 ) ) ;
#1361 = DIRECTION ( 'NONE',  ( -1.000000000000000000, 0.000000000000000000, -0.000000000000000000 ) ) ;
#1362 = EDGE_CURVE ( 'NONE', #1897, #1663, #1369, .T. ) ;
#1363 = DIRECTION ( 'NONE',  ( 0.000000000000000000, 1.000000000000000000, 0.000000000000000000 ) ) ;
#1364 = EDGE_LOOP ( 'NONE', ( #1244, #634, #399, #1747 ) ) ;
#1365 = ORIENTED_EDGE ( 'NONE', *, *, #222, .F. ) ;
#1366 = DIRECTION ( 'NONE',  ( -0.000000000000000000, -1.000000000000000000, -0.000000000000000000 ) ) ;
#1367 = EDGE_CURVE ( 'NONE', #77, #99, #798, .T. ) ;
#1368 = CARTESIAN_POINT ( 'NONE',  ( 0.000000000000000000, 0.000000000000000000, 0.000000000000000000 ) ) ;
#1369 = CIRCLE ( 'NONE', #1307, 3.199999999999997957 ) ;
#1370 = DIRECTION ( 'NONE',  ( 0.000000000000000000, 1.000000000000000000, 0.000000000000000000 ) ) ;
#1371 = DIRECTION ( 'NONE',  ( 0.7071067811865382469, 0.000000000000000000, -0.7071067811865567876 ) ) ;
#1372 = EDGE_CURVE ( 'NONE', #1893, #1192, #200, .T. ) ;
#1373 = ORIENTED_EDGE ( 'NONE', *, *, #442, .F. ) ;
#1374 = VERTEX_POINT ( 'NONE', #913 ) ;
#1375 = DIRECTION ( 'NONE',  ( -0.000000000000000000, -1.000000000000000000, -0.000000000000000000 ) ) ;
#1376 = TOROIDAL_SURFACE ( 'NONE', #810, 3.199999999999999289, 0.2000000000000000111 ) ;
#1377 = DIRECTION ( 'NONE',  ( 0.000000000000000000, 0.000000000000000000, 1.000000000000000000 ) ) ;
#1378 = AXIS2_PLACEMENT_3D ( 'NONE', #1584, #801, #647 ) ;
#1379 = CARTESIAN_POINT ( 'NONE',  ( -16.07270415933420438, 0.4000000000000001887, -40.70294036547386440 ) ) ;
#1380 = ORIENTED_EDGE ( 'NONE', *, *, #1703, .T. ) ;
#1381 = CARTESIAN_POINT ( 'NONE',  ( -16.07270415933366792, 8.131516293641283255E-17, 36.90294036547407330 ) ) ;
#1382 = CARTESIAN_POINT ( 'NONE',  ( -16.07270415933366792, 4.000000000000000000, 38.80294036547408609 ) ) ;
#1383 = AXIS2_PLACEMENT_3D ( 'NONE', #464, #1399, #609 ) ;
#1384 = ORIENTED_EDGE ( 'NONE', *, *, #1045, .T. ) ;
#1385 = AXIS2_PLACEMENT_3D ( 'NONE', #700, #1680, #867 ) ;
#1386 = CARTESIAN_POINT ( 'NONE',  ( -16.07270415933366792, 0.4000000000000001887, 38.80294036547408609 ) ) ;
#1387 = CARTESIAN_POINT ( 'NONE',  ( -16.07270415933366792, 0.4000000000000001887, 36.90294036547407330 ) ) ;
#1388 = AXIS2_PLACEMENT_3D ( 'NONE', #1093, #1713, #1878 ) ;
#1389 = EDGE_CURVE ( 'NONE', #2061, #459, #503, .T. ) ;
#1390 = DIRECTION ( 'NONE',  ( 0.000000000000000000, 0.000000000000000000, 1.000000000000000000 ) ) ;
#1391 = ORIENTED_EDGE ( 'NONE', *, *, #1238, .T. ) ;
#1392 = CARTESIAN_POINT ( 'NONE',  ( -25.50000000000000355, 0.4000000000000001887, 3.099999999999999645 ) ) ;
#1393 = FACE_BOUND ( 'NONE', #1360, .T. ) ;
#1394 = VERTEX_POINT ( 'NONE', #1546 ) ;
#1395 = CARTESIAN_POINT ( 'NONE',  ( -24.50000000000000000, 0.000000000000000000, 1.836970198721031167E-16 ) ) ;
#1396 = ADVANCED_FACE ( 'NONE', ( #1726 ), #623, .F. ) ;
#1397 = DIRECTION ( 'NONE',  ( 0.000000000000000000, 0.000000000000000000, 1.000000000000000000 ) ) ;
#1398 = VECTOR ( 'NONE', #1578, 1000.000000000000000 ) ;
#1399 = DIRECTION ( 'NONE',  ( -0.000000000000000000, -1.000000000000000000, -0.000000000000000000 ) ) ;
#1400 = AXIS2_PLACEMENT_3D ( 'NONE', #33, #657, #22 ) ;
#1401 = EDGE_LOOP ( 'NONE', ( #1002, #965, #1633, #470 ) ) ;
#1402 = DIRECTION ( 'NONE',  ( 0.000000000000000000, 0.000000000000000000, 1.000000000000000000 ) ) ;
#1403 = FACE_BOUND ( 'NONE', #1401, .T. ) ;
#1404 = ORIENTED_EDGE ( 'NONE', *, *, #758, .T. ) ;
#1405 = ORIENTED_EDGE ( 'NONE', *, *, #811, .F. ) ;
#1406 = CARTESIAN_POINT ( 'NONE',  ( -25.50000000000000355, 0.4000000000000001887, 3.499999999999999556 ) ) ;
#1407 = AXIS2_PLACEMENT_3D ( 'NONE', #1487, #1370, #597 ) ;
#1408 = AXIS2_PLACEMENT_3D ( 'NONE', #1387, #1057, #437 ) ;
#1409 = LINE ( 'NONE', #942, #743 ) ;
#1410 = AXIS2_PLACEMENT_3D ( 'NONE', #532, #1791, #1761 ) ;
#1411 = EDGE_CURVE ( 'NONE', #1991, #510, #834, .T. ) ;
#1412 = DIRECTION ( 'NONE',  ( 0.000000000000000000, 0.000000000000000000, -1.000000000000000000 ) ) ;
#1413 = EDGE_LOOP ( 'NONE', ( #1543, #734 ) ) ;
#1414 = CARTESIAN_POINT ( 'NONE',  ( 38.80294036547391556, 0.4000000000000001887, -14.57270415933406937 ) ) ;
#1415 = DIRECTION ( 'NONE',  ( 0.000000000000000000, 1.000000000000000000, 0.000000000000000000 ) ) ;
#1416 = VERTEX_POINT ( 'NONE', #354 ) ;
#1417 = DIRECTION ( 'NONE',  ( -0.000000000000000000, -1.000000000000000000, -0.000000000000000000 ) ) ;
#1418 = AXIS2_PLACEMENT_3D ( 'NONE', #551, #850, #1672 ) ;
#1419 = DIRECTION ( 'NONE',  ( 0.000000000000000000, 0.000000000000000000, 1.000000000000000000 ) ) ;
#1420 = EDGE_CURVE ( 'NONE', #1441, #9, #8, .T. ) ;
#1421 = ADVANCED_FACE ( 'NONE', ( #957 ), #1591, .T. ) ;
#1422 = CARTESIAN_POINT ( 'NONE',  ( -38.80294036547402925, 0.000000000000000000, 16.07270415933380292 ) ) ;
#1423 = EDGE_LOOP ( 'NONE', ( #134, #1034, #1220, #145 ) ) ;
#1424 = EDGE_CURVE ( 'NONE', #449, #220, #1159, .T. ) ;
#1425 = VECTOR ( 'NONE', #577, 1000.000000000000000 ) ;
#1426 = DIRECTION ( 'NONE',  ( 0.000000000000000000, -1.000000000000000000, 0.000000000000000000 ) ) ;
#1427 = FACE_BOUND ( 'NONE', #5, .T. ) ;
#1428 = VERTEX_POINT ( 'NONE', #19 ) ;
#1429 = ADVANCED_FACE ( 'NONE', ( #1323 ), #1469, .F. ) ;
#1430 = ORIENTED_EDGE ( 'NONE', *, *, #607, .T. ) ;
#1431 = CYLINDRICAL_SURFACE ( 'NONE', #1474, 2.999999999999999112 ) ;
#1432 = CARTESIAN_POINT ( 'NONE',  ( -38.80294036547402925, 4.000000000000000000, 17.57270415933380647 ) ) ;
#1433 = CARTESIAN_POINT ( 'NONE',  ( -17.67766952966362481, 0.000000000000000000, 14.47766952966374987 ) ) ;
#1434 = VERTEX_POINT ( 'NONE', #1609 ) ;
#1435 = AXIS2_PLACEMENT_3D ( 'NONE', #173, #1459, #1936 ) ;
#1436 = DIRECTION ( 'NONE',  ( 0.000000000000000000, 1.000000000000000000, 0.000000000000000000 ) ) ;
#1437 = DIRECTION ( 'NONE',  ( -0.000000000000000000, -1.000000000000000000, -0.000000000000000000 ) ) ;
#1438 = CIRCLE ( 'NONE', #306, 1.900000000000004130 ) ;
#1439 = EDGE_CURVE ( 'NONE', #2001, #767, #762, .T. ) ;
#1440 = CIRCLE ( 'NONE', #1243, 2.999999999999999112 ) ;
#1441 = VERTEX_POINT ( 'NONE', #1956 ) ;
#1442 = LINE ( 'NONE', #165, #168 ) ;
#1443 = CIRCLE ( 'NONE', #271, 1.900000000000005906 ) ;
#1444 = DIRECTION ( 'NONE',  ( -0.000000000000000000, -1.000000000000000000, 0.000000000000000000 ) ) ;
#1445 = AXIS2_PLACEMENT_3D ( 'NONE', #1955, #1712, #1216 ) ;
#1446 = CARTESIAN_POINT ( 'NONE',  ( 16.07270415933339791, 0.000000000000000000, -38.80294036547419267 ) ) ;
#1447 = AXIS2_PLACEMENT_3D ( 'NONE', #1319, #855, #1950 ) ;
#1448 = VERTEX_POINT ( 'NONE', #988 ) ;
#1449 = DIRECTION ( 'NONE',  ( -1.000000000000000000, 0.000000000000000000, 0.000000000000000000 ) ) ;
#1450 = CARTESIAN_POINT ( 'NONE',  ( -17.67766952966362481, 4.000000000000000000, 14.67766952966375094 ) ) ;
#1451 = EDGE_LOOP ( 'NONE', ( #238, #308, #841, #683 ) ) ;
#1452 = VERTEX_POINT ( 'NONE', #163 ) ;
#1453 = CARTESIAN_POINT ( 'NONE',  ( -25.50000000000000355, 0.4000000000000001887, -3.099999999999999645 ) ) ;
#1454 = DIRECTION ( 'NONE',  ( 0.000000000000000000, 0.000000000000000000, -1.000000000000000000 ) ) ;
#1455 = AXIS2_PLACEMENT_3D ( 'NONE', #1542, #2017, #263 ) ;
#1456 = EDGE_CURVE ( 'NONE', #573, #1548, #303, .T. ) ;
#1457 = CARTESIAN_POINT ( 'NONE',  ( 0.000000000000000000, 0.4000000000000001887, 0.000000000000000000 ) ) ;
#1458 = FACE_OUTER_BOUND ( 'NONE', #141, .T. ) ;
#1459 = DIRECTION ( 'NONE',  ( 1.000000000000000000, -0.000000000000000000, 1.224646799147353207E-16 ) ) ;
#1460 = VECTOR ( 'NONE', #985, 1000.000000000000000 ) ;
#1461 = ORIENTED_EDGE ( 'NONE', *, *, #1886, .T. ) ;
#1462 = ORIENTED_EDGE ( 'NONE', *, *, #1224, .F. ) ;
#1463 = CARTESIAN_POINT ( 'NONE',  ( 17.67766952966350402, 0.000000000000000000, -20.67766952966386995 ) ) ;
#1464 = DIRECTION ( 'NONE',  ( 0.000000000000000000, 0.000000000000000000, 1.000000000000000000 ) ) ;
#1465 = EDGE_CURVE ( 'NONE', #753, #629, #528, .T. ) ;
#1466 = EDGE_CURVE ( 'NONE', #955, #1897, #1471, .T. ) ;
#1467 = DIRECTION ( 'NONE',  ( 0.000000000000000000, 0.000000000000000000, 1.000000000000000000 ) ) ;
#1468 = FILL_AREA_STYLE_COLOUR ( '', #1673 ) ;
#1469 = CYLINDRICAL_SURFACE ( 'NONE', #1562, 1.500000000000004885 ) ;
#1470 = ORIENTED_EDGE ( 'NONE', *, *, #426, .F. ) ;
#1471 = CIRCLE ( 'NONE', #1435, 0.2000000000000005107 ) ;
#1472 = ORIENTED_EDGE ( 'NONE', *, *, #278, .F. ) ;
#1473 = FACE_OUTER_BOUND ( 'NONE', #328, .T. ) ;
#1474 = AXIS2_PLACEMENT_3D ( 'NONE', #1235, #1559, #2054 ) ;
#1475 = LINE ( 'NONE', #525, #126 ) ;
#1476 = FACE_OUTER_BOUND ( 'NONE', #1948, .T. ) ;
#1477 = DIRECTION ( 'NONE',  ( 0.000000000000000000, 0.000000000000000000, 1.000000000000000000 ) ) ;
#1478 = FACE_OUTER_BOUND ( 'NONE', #1947, .T. ) ;
#1479 = ORIENTED_EDGE ( 'NONE', *, *, #929, .T. ) ;
#1480 = EDGE_LOOP ( 'NONE', ( #1461, #314 ) ) ;
#1481 = CYLINDRICAL_SURFACE ( 'NONE', #1400, 1.500000000000004885 ) ;
#1482 = TOROIDAL_SURFACE ( 'NONE', #1345, 1.900000000000004130, 0.4000000000000000222 ) ;
#1483 = DIRECTION ( 'NONE',  ( 0.000000000000000000, 0.000000000000000000, -1.000000000000000000 ) ) ;
#1484 = ADVANCED_FACE ( 'NONE', ( #508 ), #473, .T. ) ;
#1485 = AXIS2_PLACEMENT_3D ( 'NONE', #869, #732, #1830 ) ;
#1486 = CIRCLE ( 'NONE', #119, 0.4000000000000010214 ) ;
#1487 = CARTESIAN_POINT ( 'NONE',  ( -17.67766952966368876, 4.000000000000000000, -17.67766952966368876 ) ) ;
#1488 = DIRECTION ( 'NONE',  ( 0.000000000000000000, 0.000000000000000000, 1.000000000000000000 ) ) ;
#1489 = EDGE_CURVE ( 'NONE', #753, #1120, #103, .T. ) ;
#1490 = VERTEX_POINT ( 'NONE', #39 ) ;
#1491 = CARTESIAN_POINT ( 'NONE',  ( 38.80294036547391556, 0.000000000000000000, -16.07270415933407293 ) ) ;
#1492 = CYLINDRICAL_SURFACE ( 'NONE', #1538, 3.099999999999999645 ) ;
#1493 = DIRECTION ( 'NONE',  ( 0.000000000000000000, 0.000000000000000000, 1.000000000000000000 ) ) ;
#1494 = EDGE_LOOP ( 'NONE', ( #830, #1462, #892, #655 ) ) ;
#1495 = DIRECTION ( 'NONE',  ( 0.000000000000000000, 1.000000000000000000, 0.000000000000000000 ) ) ;
#1496 = CARTESIAN_POINT ( 'NONE',  ( -25.50000000000000355, 0.000000000000000000, 0.000000000000000000 ) ) ;
#1497 = ORIENTED_EDGE ( 'NONE', *, *, #1794, .F. ) ;
#1498 = VERTEX_POINT ( 'NONE', #653 ) ;
#1499 = FACE_OUTER_BOUND ( 'NONE', #991, .T. ) ;
#1500 = EDGE_CURVE ( 'NONE', #50, #1394, #1005, .T. ) ;
#1501 = FACE_OUTER_BOUND ( 'NONE', #1332, .T. ) ;
#1502 = CIRCLE ( 'NONE', #1173, 1.900000000000005906 ) ;
#1503 = ORIENTED_EDGE ( 'NONE', *, *, #1045, .F. ) ;
#1504 = CIRCLE ( 'NONE', #638, 1.500000000000004885 ) ;
#1505 = CYLINDRICAL_SURFACE ( 'NONE', #1650, 1.500000000000001332 ) ;
#1506 = CIRCLE ( 'NONE', #513, 1.900000000000005906 ) ;
#1507 = DIRECTION ( 'NONE',  ( 0.000000000000000000, 1.000000000000000000, 0.000000000000000000 ) ) ;
#1508 = PRESENTATION_LAYER_ASSIGNMENT (  '', '', ( #1144 ) ) ;
#1509 = ORIENTED_EDGE ( 'NONE', *, *, #873, .T. ) ;
#1510 = CIRCLE ( 'NONE', #241, 1.900000000000005906 ) ;
#1511 = DIRECTION ( 'NONE',  ( 0.000000000000000000, 1.000000000000000000, 0.000000000000000000 ) ) ;
#1512 = CARTESIAN_POINT ( 'NONE',  ( 17.67766952966368876, 0.000000000000000000, 17.67766952966368876 ) ) ;
#1513 = EDGE_CURVE ( 'NONE', #1770, #1120, #536, .T. ) ;
#1514 = CARTESIAN_POINT ( 'NONE',  ( 17.67766952966350402, 0.000000000000000000, -17.67766952966387350 ) ) ;
#1515 = EDGE_CURVE ( 'NONE', #245, #32, #1786, .T. ) ;
#1516 = CARTESIAN_POINT ( 'NONE',  ( -16.07270415933366792, 0.4000000000000001887, 40.30294036547408609 ) ) ;
#1517 = VERTEX_POINT ( 'NONE', #999 ) ;
#1518 = AXIS2_PLACEMENT_3D ( 'NONE', #693, #2006, #254 ) ;
#1519 = DIRECTION ( 'NONE',  ( 0.000000000000000000, 0.000000000000000000, 1.000000000000000000 ) ) ;
#1520 = FACE_OUTER_BOUND ( 'NONE', #1738, .T. ) ;
#1521 = DIRECTION ( 'NONE',  ( 0.000000000000000000, 1.000000000000000000, 0.000000000000000000 ) ) ;
#1522 = ADVANCED_FACE ( 'NONE', ( #807 ), #1835, .T. ) ;
#1523 = DIRECTION ( 'NONE',  ( 0.000000000000000000, 0.000000000000000000, 1.000000000000000000 ) ) ;
#1524 = ORIENTED_EDGE ( 'NONE', *, *, #87, .F. ) ;
#1525 = ORIENTED_EDGE ( 'NONE', *, *, #1268, .F. ) ;
#1526 = DIRECTION ( 'NONE',  ( -1.000000000000000000, 0.000000000000000000, 0.000000000000000000 ) ) ;
#1527 = CARTESIAN_POINT ( 'NONE',  ( -17.67766952966362481, 0.000000000000000000, 17.67766952966374916 ) ) ;
#1528 = TOROIDAL_SURFACE ( 'NONE', #1696, 1.900000000000004130, 0.4000000000000000222 ) ;
#1529 = DIRECTION ( 'NONE',  ( -0.7071067811865481278, 0.000000000000000000, -0.7071067811865469066 ) ) ;
#1530 = AXIS2_PLACEMENT_3D ( 'NONE', #131, #763, #1402 ) ;
#1531 = AXIS2_PLACEMENT_3D ( 'NONE', #936, #2050, #1577 ) ;
#1532 = DIRECTION ( 'NONE',  ( 0.000000000000000000, 1.000000000000000000, 0.000000000000000000 ) ) ;
#1533 = VERTEX_POINT ( 'NONE', #1450 ) ;
#1534 = CARTESIAN_POINT ( 'NONE',  ( -17.67766952966368876, 0.000000000000000000, -14.67766952966368876 ) ) ;
#1535 = FACE_BOUND ( 'NONE', #1480, .T. ) ;
#1536 = ORIENTED_EDGE ( 'NONE', *, *, #1149, .T. ) ;
#1537 = DIRECTION ( 'NONE',  ( -0.000000000000000000, -1.000000000000000000, -0.000000000000000000 ) ) ;
#1538 = AXIS2_PLACEMENT_3D ( 'NONE', #1182, #1193, #397 ) ;
#1539 = LINE ( 'NONE', #250, #1979 ) ;
#1540 = AXIS2_PLACEMENT_3D ( 'NONE', #295, #147, #2055 ) ;
#1541 = ADVANCED_FACE ( 'NONE', ( #1478 ), #1528, .T. ) ;
#1542 = CARTESIAN_POINT ( 'NONE',  ( -25.50000000000000355, 0.4000000000000001887, -3.499999999999999556 ) ) ;
#1543 = ORIENTED_EDGE ( 'NONE', *, *, #442, .T. ) ;
#1544 = EDGE_CURVE ( 'NONE', #1789, #133, #935, .T. ) ;
#1545 = FACE_OUTER_BOUND ( 'NONE', #60, .T. ) ;
#1546 = CARTESIAN_POINT ( 'NONE',  ( 16.07270415933394148, 4.000000000000000000, 37.30294036547397241 ) ) ;
#1547 = CIRCLE ( 'NONE', #1485, 1.500000000000004885 ) ;
#1548 = VERTEX_POINT ( 'NONE', #1343 ) ;
#1549 = PRODUCT_RELATED_PRODUCT_CATEGORY ( 'part', '', ( #557 ) ) ;
#1550 = ORIENTED_EDGE ( 'NONE', *, *, #877, .T. ) ;
#1551 = CARTESIAN_POINT ( 'NONE',  ( -24.50000000000000000, 4.000000000000000000, -3.099999999999999645 ) ) ;
#1552 = FACE_OUTER_BOUND ( 'NONE', #1828, .T. ) ;
#1553 = AXIS2_PLACEMENT_3D ( 'NONE', #677, #502, #1483 ) ;
#1554 = CYLINDRICAL_SURFACE ( 'NONE', #1383, 1.500000000000004885 ) ;
#1555 = ORIENTED_EDGE ( 'NONE', *, *, #722, .T. ) ;
#1556 = CARTESIAN_POINT ( 'NONE',  ( -38.80294036547402925, 0.4000000000000001887, 17.57270415933380647 ) ) ;
#1557 = CARTESIAN_POINT ( 'NONE',  ( -25.50000000000000355, 4.000000000000000000, 3.099999999999999645 ) ) ;
#1558 = ORIENTED_EDGE ( 'NONE', *, *, #1424, .F. ) ;
#1559 = DIRECTION ( 'NONE',  ( 0.000000000000000000, 1.000000000000000000, -0.000000000000000000 ) ) ;
#1560 = EDGE_CURVE ( 'NONE', #1434, #767, #167, .T. ) ;
#1561 = CARTESIAN_POINT ( 'NONE',  ( -16.07270415933420438, 8.131516293641283255E-17, -36.90294036547385303 ) ) ;
#1562 = AXIS2_PLACEMENT_3D ( 'NONE', #519, #324, #335 ) ;
#1563 = DIRECTION ( 'NONE',  ( 0.000000000000000000, 0.000000000000000000, 1.000000000000000000 ) ) ;
#1564 = AXIS2_PLACEMENT_3D ( 'NONE', #2033, #1570, #156 ) ;
#1565 = ORIENTED_EDGE ( 'NONE', *, *, #896, .F. ) ;
#1566 = FACE_OUTER_BOUND ( 'NONE', #1364, .T. ) ;
#1567 = DIRECTION ( 'NONE',  ( 0.000000000000000000, 0.000000000000000000, 1.000000000000000000 ) ) ;
#1568 = ORIENTED_EDGE ( 'NONE', *, *, #148, .T. ) ;
#1569 = ORIENTED_EDGE ( 'NONE', *, *, #1637, .F. ) ;
#1570 = DIRECTION ( 'NONE',  ( 0.000000000000000000, -1.000000000000000000, -0.000000000000000000 ) ) ;
#1571 = CYLINDRICAL_SURFACE ( 'NONE', #1119, 1.500000000000004885 ) ;
#1572 = CIRCLE ( 'NONE', #1014, 0.4000000000000010214 ) ;
#1573 = ADVANCED_FACE ( 'NONE', ( #714 ), #1902, .T. ) ;
#1574 = DIRECTION ( 'NONE',  ( 0.000000000000000000, 0.000000000000000000, 1.000000000000000000 ) ) ;
#1575 = EDGE_CURVE ( 'NONE', #1233, #1211, #1191, .T. ) ;
#1576 = VERTEX_POINT ( 'NONE', #90 ) ;
#1577 = DIRECTION ( 'NONE',  ( 1.000000000000000000, 0.000000000000000000, -3.469446951953615372E-15 ) ) ;
#1578 = DIRECTION ( 'NONE',  ( -0.000000000000000000, 1.000000000000000000, -0.000000000000000000 ) ) ;
#1579 = ORIENTED_EDGE ( 'NONE', *, *, #1456, .T. ) ;
#1580 = ORIENTED_EDGE ( 'NONE', *, *, #1362, .T. ) ;
#1581 = CARTESIAN_POINT ( 'NONE',  ( 16.07270415933339791, 4.000000000000000000, -40.30294036547419267 ) ) ;
#1582 = AXIS2_PLACEMENT_3D ( 'NONE', #1457, #1294, #190 ) ;
#1583 = CIRCLE ( 'NONE', #921, 0.1999999999999987899 ) ;
#1584 = CARTESIAN_POINT ( 'NONE',  ( 0.000000000000000000, 2.500000000000000000, 0.000000000000000000 ) ) ;
#1585 = EDGE_CURVE ( 'NONE', #1653, #9, #1547, .T. ) ;
#1586 = DIRECTION ( 'NONE',  ( 0.000000000000000000, 0.000000000000000000, 1.000000000000000000 ) ) ;
#1587 = EDGE_CURVE ( 'NONE', #480, #1708, #586, .T. ) ;
#1588 = EDGE_LOOP ( 'NONE', ( #1071, #1139, #1739, #1643 ) ) ;
#1589 = CIRCLE ( 'NONE', #725, 3.199999999999997957 ) ;
#1590 = DIRECTION ( 'NONE',  ( 0.000000000000000000, 1.000000000000000000, 0.000000000000000000 ) ) ;
#1591 = CYLINDRICAL_SURFACE ( 'NONE', #1, 48.00000000000000711 ) ;
#1592 = EDGE_LOOP ( 'NONE', ( #1100, #788, #949, #1350 ) ) ;
#1593 = DIRECTION ( 'NONE',  ( 0.000000000000000000, 0.000000000000000000, 1.000000000000000000 ) ) ;
#1594 = FACE_OUTER_BOUND ( 'NONE', #1494, .T. ) ;
#1595 = DIRECTION ( 'NONE',  ( 0.000000000000000000, 0.000000000000000000, 1.000000000000000000 ) ) ;
#1596 = EDGE_LOOP ( 'NONE', ( #1162, #297 ) ) ;
#1597 = AXIS2_PLACEMENT_3D ( 'NONE', #2051, #1415, #277 ) ;
#1598 = CYLINDRICAL_SURFACE ( 'NONE', #1074, 2.999999999999999112 ) ;
#1599 = VECTOR ( 'NONE', #1417, 1000.000000000000000 ) ;
#1600 = VECTOR ( 'NONE', #109, 1000.000000000000000 ) ;
#1601 = VERTEX_POINT ( 'NONE', #1516 ) ;
#1602 = DIRECTION ( 'NONE',  ( 1.000000000000000000, -0.000000000000000000, 1.224646799147353207E-16 ) ) ;
#1603 = EDGE_CURVE ( 'NONE', #255, #1899, #524, .T. ) ;
#1604 = CARTESIAN_POINT ( 'NONE',  ( 17.67766952966368876, 4.000000000000000000, 14.67766952966368876 ) ) ;
#1605 = MECHANICAL_DESIGN_GEOMETRIC_PRESENTATION_REPRESENTATION (  '', ( #1144 ), #545 ) ;
#1606 = AXIS2_PLACEMENT_3D ( 'NONE', #1080, #115, #731 ) ;
#1607 = DIRECTION ( 'NONE',  ( -0.000000000000000000, -1.000000000000000000, -0.000000000000000000 ) ) ;
#1608 = EDGE_LOOP ( 'NONE', ( #1380, #934 ) ) ;
#1609 = CARTESIAN_POINT ( 'NONE',  ( -17.67766952966368876, 0.2000000000000000111, -14.67766952966368876 ) ) ;
#1610 = ORIENTED_EDGE ( 'NONE', *, *, #873, .F. ) ;
#1611 = EDGE_LOOP ( 'NONE', ( #195, #404 ) ) ;
#1612 = EDGE_CURVE ( 'NONE', #959, #1374, #1189, .T. ) ;
#1613 = ORIENTED_EDGE ( 'NONE', *, *, #356, .T. ) ;
#1614 = DIRECTION ( 'NONE',  ( 0.000000000000000000, 0.000000000000000000, 1.000000000000000000 ) ) ;
#1615 = PRODUCT_DEFINITION_CONTEXT ( 'detailed design', #228, 'design' ) ;
#1616 = EDGE_CURVE ( 'NONE', #1899, #2061, #1681, .T. ) ;
#1617 = DIRECTION ( 'NONE',  ( 0.000000000000000000, 0.000000000000000000, 1.000000000000000000 ) ) ;
#1618 = AXIS2_PLACEMENT_3D ( 'NONE', #1967, #1507, #539 ) ;
#1619 = CARTESIAN_POINT ( 'NONE',  ( 0.000000000000000000, 0.000000000000000000, 0.000000000000000000 ) ) ;
#1620 = DIRECTION ( 'NONE',  ( -0.000000000000000000, 1.000000000000000000, -0.000000000000000000 ) ) ;
#1621 = CARTESIAN_POINT ( 'NONE',  ( 38.80294036547402925, 4.000000000000000000, 14.57270415933379759 ) ) ;
#1622 = VECTOR ( 'NONE', #85, 1000.000000000000000 ) ;
#1623 = VERTEX_POINT ( 'NONE', #412 ) ;
#1624 = ORIENTED_EDGE ( 'NONE', *, *, #1934, .T. ) ;
#1625 = DIRECTION ( 'NONE',  ( 0.000000000000000000, 0.000000000000000000, 1.000000000000000000 ) ) ;
#1626 = LINE ( 'NONE', #698, #1028 ) ;
#1627 = EDGE_CURVE ( 'NONE', #99, #300, #986, .T. ) ;
#1628 = FACE_OUTER_BOUND ( 'NONE', #69, .T. ) ;
#1629 = CARTESIAN_POINT ( 'NONE',  ( -16.07270415933366792, 4.000000000000000000, 38.80294036547408609 ) ) ;
#1630 = DIRECTION ( 'NONE',  ( 0.000000000000000000, 0.000000000000000000, -1.000000000000000000 ) ) ;
#1631 = ORIENTED_EDGE ( 'NONE', *, *, #76, .T. ) ;
#1632 = AXIS2_PLACEMENT_3D ( 'NONE', #1945, #1767, #1136 ) ;
#1633 = ORIENTED_EDGE ( 'NONE', *, *, #1587, .T. ) ;
#1634 = DIRECTION ( 'NONE',  ( -1.000000000000000000, 0.000000000000000000, 0.000000000000000000 ) ) ;
#1635 = EDGE_CURVE ( 'NONE', #955, #959, #2016, .T. ) ;
#1636 = CARTESIAN_POINT ( 'NONE',  ( -25.50000000000000355, 4.000000000000000000, 3.099999999999999645 ) ) ;
#1637 = EDGE_CURVE ( 'NONE', #1288, #245, #619, .T. ) ;
#1638 = CARTESIAN_POINT ( 'NONE',  ( -17.67766952966368876, 0.000000000000000000, -20.87766952966368450 ) ) ;
#1639 = DIRECTION ( 'NONE',  ( 0.000000000000000000, -1.000000000000000000, 0.000000000000000000 ) ) ;
#1640 = DIRECTION ( 'NONE',  ( 0.000000000000000000, 1.000000000000000000, -0.000000000000000000 ) ) ;
#1641 = CIRCLE ( 'NONE', #2008, 1.500000000000004441 ) ;
#1642 = VERTEX_POINT ( 'NONE', #1821 ) ;
#1643 = ORIENTED_EDGE ( 'NONE', *, *, #1351, .F. ) ;
#1644 = FACE_OUTER_BOUND ( 'NONE', #112, .T. ) ;
#1645 = AXIS2_PLACEMENT_3D ( 'NONE', #1262, #1920, #463 ) ;
#1646 = FACE_OUTER_BOUND ( 'NONE', #268, .T. ) ;
#1647 = ORIENTED_EDGE ( 'NONE', *, *, #967, .T. ) ;
#1648 = CARTESIAN_POINT ( 'NONE',  ( 16.07270415933394148, 0.4000000000000001887, 37.30294036547397241 ) ) ;
#1649 = AXIS2_PLACEMENT_3D ( 'NONE', #562, #221, #284 ) ;
#1650 = AXIS2_PLACEMENT_3D ( 'NONE', #1341, #251, #678 ) ;
#1651 = DIRECTION ( 'NONE',  ( 0.000000000000000000, 0.000000000000000000, 1.000000000000000000 ) ) ;
#1652 = EDGE_CURVE ( 'NONE', #1674, #480, #718, .T. ) ;
#1653 = VERTEX_POINT ( 'NONE', #243 ) ;
#1654 = EDGE_LOOP ( 'NONE', ( #177, #321, #1555, #1405 ) ) ;
#1655 = CARTESIAN_POINT ( 'NONE',  ( 16.07270415933394148, 4.000000000000000000, 38.80294036547397241 ) ) ;
#1656 = VECTOR ( 'NONE', #890, 1000.000000000000000 ) ;
#1657 = APPLICATION_CONTEXT ( 'automotive_design' ) ;
#1658 = UNCERTAINTY_MEASURE_WITH_UNIT (LENGTH_MEASURE( 1.000000000000000082E-05 ), #956, 'distance_accuracy_value', 'NONE');
#1659 = LINE ( 'NONE', #1827, #1622 ) ;
#1660 = ORIENTED_EDGE ( 'NONE', *, *, #72, .F. ) ;
#1661 = CARTESIAN_POINT ( 'NONE',  ( 0.000000000000000000, 0.000000000000000000, -3.499999999999999556 ) ) ;
#1662 = DIRECTION ( 'NONE',  ( 0.000000000000000000, 0.000000000000000000, -1.000000000000000000 ) ) ;
#1663 = VERTEX_POINT ( 'NONE', #230 ) ;
#1664 = ORIENTED_EDGE ( 'NONE', *, *, #550, .F. ) ;
#1665 = CYLINDRICAL_SURFACE ( 'NONE', #1348, 1.500000000000001332 ) ;
#1666 = EDGE_CURVE ( 'NONE', #1012, #573, #918, .T. ) ;
#1667 = FACE_OUTER_BOUND ( 'NONE', #1832, .T. ) ;
#1668 = EDGE_CURVE ( 'NONE', #1601, #541, #217, .T. ) ;
#1669 = AXIS2_PLACEMENT_3D ( 'NONE', #1916, #1003, #1326 ) ;
#1670 = ORIENTED_EDGE ( 'NONE', *, *, #102, .F. ) ;
#1671 = DIRECTION ( 'NONE',  ( -0.000000000000000000, -1.000000000000000000, -0.000000000000000000 ) ) ;
#1672 = DIRECTION ( 'NONE',  ( 0.7071067811865533459, 0.000000000000000000, 0.7071067811865417996 ) ) ;
#1673 = COLOUR_RGB ( '',0.7921568627450980005, 0.8196078431372548767, 0.9333333333333333481 ) ;
#1674 = VERTEX_POINT ( 'NONE', #1009 ) ;
#1675 = CIRCLE ( 'NONE', #481, 2.999999999999999112 ) ;
#1676 = ORIENTED_EDGE ( 'NONE', *, *, #996, .T. ) ;
#1677 = CARTESIAN_POINT ( 'NONE',  ( -17.67766952966368876, 4.000000000000000000, -17.67766952966368876 ) ) ;
#1678 = EDGE_CURVE ( 'NONE', #756, #541, #1990, .T. ) ;
#1679 = CARTESIAN_POINT ( 'NONE',  ( 38.80294036547402925, 4.000000000000000000, 16.07270415933380292 ) ) ;
#1680 = DIRECTION ( 'NONE',  ( 0.000000000000000000, 1.000000000000000000, 0.000000000000000000 ) ) ;
#1681 = LINE ( 'NONE', #702, #1656 ) ;
#1682 = ORIENTED_EDGE ( 'NONE', *, *, #1652, .F. ) ;
#1683 = AXIS2_PLACEMENT_3D ( 'NONE', #381, #56, #690 ) ;
#1684 = ORIENTED_EDGE ( 'NONE', *, *, #529, .F. ) ;
#1685 = FACE_OUTER_BOUND ( 'NONE', #256, .T. ) ;
#1686 = ADVANCED_BREP_SHAPE_REPRESENTATION ( 'Mounter Lower Plate', ( #261, #162 ), #687 ) ;
#1687 = CARTESIAN_POINT ( 'NONE',  ( -17.67766952966368876, 0.2000000000000000111, -20.87766952966368450 ) ) ;
#1688 = AXIS2_PLACEMENT_3D ( 'NONE', #1512, #719, #1064 ) ;
#1689 = FACE_OUTER_BOUND ( 'NONE', #232, .T. ) ;
#1690 = CARTESIAN_POINT ( 'NONE',  ( -17.67766952966362481, 4.000000000000000000, 17.67766952966374916 ) ) ;
#1691 = ORIENTED_EDGE ( 'NONE', *, *, #1779, .T. ) ;
#1692 = LINE ( 'NONE', #1534, #1600 ) ;
#1693 = DIRECTION ( 'NONE',  ( 0.000000000000000000, 0.000000000000000000, 1.000000000000000000 ) ) ;
#1694 = EDGE_LOOP ( 'NONE', ( #900, #689, #1524, #1331 ) ) ;
#1695 = CARTESIAN_POINT ( 'NONE',  ( -38.80294036547402925, 0.4000000000000001887, -14.17270415933379901 ) ) ;
#1696 = AXIS2_PLACEMENT_3D ( 'NONE', #1758, #1049, #1020 ) ;
#1697 = CARTESIAN_POINT ( 'NONE',  ( -16.07270415933366792, 0.000000000000000000, 38.80294036547408609 ) ) ;
#1698 = AXIS2_PLACEMENT_3D ( 'NONE', #280, #917, #293 ) ;
#1699 = AXIS2_PLACEMENT_3D ( 'NONE', #695, #966, #323 ) ;
#1700 = EDGE_CURVE ( 'NONE', #1970, #77, #23, .T. ) ;
#1701 = CIRCLE ( 'NONE', #802, 0.3999999999999975797 ) ;
#1702 = FACE_OUTER_BOUND ( 'NONE', #1862, .T. ) ;
#1703 = EDGE_CURVE ( 'NONE', #1246, #553, #1124, .T. ) ;
#1704 = ORIENTED_EDGE ( 'NONE', *, *, #1067, .T. ) ;
#1705 = DIRECTION ( 'NONE',  ( 0.000000000000000000, 0.000000000000000000, -1.000000000000000000 ) ) ;
#1706 = DIRECTION ( 'NONE',  ( 0.000000000000000000, 1.000000000000000000, 0.000000000000000000 ) ) ;
#1707 = CIRCLE ( 'NONE', #976, 3.199999999999999734 ) ;
#1708 = VERTEX_POINT ( 'NONE', #273 ) ;
#1709 = ORIENTED_EDGE ( 'NONE', *, *, #1200, .F. ) ;
#1710 = DIRECTION ( 'NONE',  ( -1.000000000000000000, 0.000000000000000000, 0.000000000000000000 ) ) ;
#1711 = AXIS2_PLACEMENT_3D ( 'NONE', #349, #338, #984 ) ;
#1712 = DIRECTION ( 'NONE',  ( 0.000000000000000000, -1.000000000000000000, 0.000000000000000000 ) ) ;
#1713 = DIRECTION ( 'NONE',  ( -0.000000000000000000, -1.000000000000000000, -0.000000000000000000 ) ) ;
#1714 = ORIENTED_EDGE ( 'NONE', *, *, #1635, .T. ) ;
#1715 = CARTESIAN_POINT ( 'NONE',  ( -16.07270415933366792, 4.000000000000000000, 40.30294036547408609 ) ) ;
#1716 = CARTESIAN_POINT ( 'NONE',  ( -16.07270415933366792, 0.000000000000000000, 38.80294036547408609 ) ) ;
#1717 = EDGE_CURVE ( 'NONE', #1548, #1152, #89, .T. ) ;
#1718 = EDGE_LOOP ( 'NONE', ( #600, #615, #31, #1497 ) ) ;
#1719 = EDGE_LOOP ( 'NONE', ( #520, #1670 ) ) ;
#1720 = CARTESIAN_POINT ( 'NONE',  ( -24.50000000000000000, 0.000000000000000000, -3.499999999999999556 ) ) ;
#1721 = CARTESIAN_POINT ( 'NONE',  ( 38.80294036547391556, 4.000000000000000000, -17.57270415933408003 ) ) ;
#1722 = AXIS2_PLACEMENT_3D ( 'NONE', #1782, #1165, #1464 ) ;
#1723 = DIRECTION ( 'NONE',  ( 1.000000000000000000, -0.000000000000000000, 1.224646799147353207E-16 ) ) ;
#1724 = VERTEX_POINT ( 'NONE', #1892 ) ;
#1725 = CARTESIAN_POINT ( 'NONE',  ( 17.67766952966368876, 0.000000000000000000, 17.67766952966368876 ) ) ;
#1726 = FACE_OUTER_BOUND ( 'NONE', #1205, .T. ) ;
#1727 = VERTEX_POINT ( 'NONE', #1869 ) ;
#1728 = ORIENTED_EDGE ( 'NONE', *, *, #1500, .F. ) ;
#1729 = EDGE_CURVE ( 'NONE', #721, #831, #749, .T. ) ;
#1730 = LINE ( 'NONE', #1551, #1599 ) ;
#1731 = CARTESIAN_POINT ( 'NONE',  ( -16.07270415933366792, 0.4000000000000001887, 37.30294036547407899 ) ) ;
#1732 = ADVANCED_FACE ( 'NONE', ( #772 ), #1554, .F. ) ;
#1733 = AXIS2_PLACEMENT_3D ( 'NONE', #642, #183, #673 ) ;
#1734 = CIRCLE ( 'NONE', #576, 0.4000000000000001887 ) ;
#1735 = ORIENTED_EDGE ( 'NONE', *, *, #1886, .F. ) ;
#1736 = DIRECTION ( 'NONE',  ( 0.000000000000000000, 0.000000000000000000, 1.000000000000000000 ) ) ;
#1737 = FACE_BOUND ( 'NONE', #1240, .T. ) ;
#1738 = EDGE_LOOP ( 'NONE', ( #1000, #224, #650, #1904 ) ) ;
#1739 = ORIENTED_EDGE ( 'NONE', *, *, #1372, .T. ) ;
#1740 = ORIENTED_EDGE ( 'NONE', *, *, #1943, .F. ) ;
#1741 = CARTESIAN_POINT ( 'NONE',  ( 1.959434878635765131E-15, 0.4000000000000001887, 16.00000000000000000 ) ) ;
#1742 = EDGE_CURVE ( 'NONE', #1374, #1533, #488, .T. ) ;
#1743 = DIRECTION ( 'NONE',  ( 0.000000000000000000, 0.000000000000000000, 1.000000000000000000 ) ) ;
#1744 = AXIS2_PLACEMENT_3D ( 'NONE', #729, #1851, #234 ) ;
#1745 = FACE_BOUND ( 'NONE', #1611, .T. ) ;
#1746 = VECTOR ( 'NONE', #329, 1000.000000000000000 ) ;
#1747 = ORIENTED_EDGE ( 'NONE', *, *, #1923, .T. ) ;
#1748 = DIRECTION ( 'NONE',  ( 0.000000000000000000, 1.000000000000000000, 0.000000000000000000 ) ) ;
#1749 = FACE_BOUND ( 'NONE', #1118, .T. ) ;
#1750 = ORIENTED_EDGE ( 'NONE', *, *, #1251, .T. ) ;
#1751 = ORIENTED_EDGE ( 'NONE', *, *, #630, .T. ) ;
#1752 = CARTESIAN_POINT ( 'NONE',  ( -17.67766952966362481, 0.2000000000000000111, 14.67766952966375094 ) ) ;
#1753 = VECTOR ( 'NONE', #1640, 1000.000000000000000 ) ;
#1754 = AXIS2_PLACEMENT_3D ( 'NONE', #1284, #1495, #888 ) ;
#1755 = CARTESIAN_POINT ( 'NONE',  ( -38.80294036547402925, 4.000000000000000000, -17.57270415933380647 ) ) ;
#1756 = EDGE_LOOP ( 'NONE', ( #620, #1160, #1384, #1089 ) ) ;
#1757 = DIRECTION ( 'NONE',  ( 0.000000000000000000, 0.000000000000000000, 1.000000000000000000 ) ) ;
#1758 = CARTESIAN_POINT ( 'NONE',  ( 16.07270415933339791, 0.4000000000000001887, -38.80294036547419267 ) ) ;
#1759 = ADVANCED_FACE ( 'NONE', ( #1068 ), #2037, .F. ) ;
#1760 = ORIENTED_EDGE ( 'NONE', *, *, #1852, .F. ) ;
#1761 = DIRECTION ( 'NONE',  ( 0.000000000000000000, 0.000000000000000000, 1.000000000000000000 ) ) ;
#1762 = DIRECTION ( 'NONE',  ( 0.000000000000000000, 0.000000000000000000, -1.000000000000000000 ) ) ;
#1763 = CARTESIAN_POINT ( 'NONE',  ( -17.67766952966368876, 0.000000000000000000, -17.67766952966368876 ) ) ;
#1764 = EDGE_CURVE ( 'NONE', #92, #1674, #884, .T. ) ;
#1765 = VERTEX_POINT ( 'NONE', #117 ) ;
#1766 =( NAMED_UNIT ( * ) PLANE_ANGLE_UNIT ( ) SI_UNIT ( $, .RADIAN. ) );
#1767 = DIRECTION ( 'NONE',  ( 0.000000000000000000, 1.000000000000000000, 0.000000000000000000 ) ) ;
#1768 = VECTOR ( 'NONE', #1111, 1000.000000000000000 ) ;
#1769 = ORIENTED_EDGE ( 'NONE', *, *, #967, .F. ) ;
#1770 = VERTEX_POINT ( 'NONE', #2057 ) ;
#1771 = ORIENTED_EDGE ( 'NONE', *, *, #1515, .F. ) ;
#1772 = CARTESIAN_POINT ( 'NONE',  ( 17.67766952966350402, 0.2000000000000000111, -14.47766952966387244 ) ) ;
#1773 = CARTESIAN_POINT ( 'NONE',  ( -38.80294036547402925, 4.000000000000000000, -17.57270415933380647 ) ) ;
#1774 = CIRCLE ( 'NONE', #806, 1.500000000000004885 ) ;
#1775 = DIRECTION ( 'NONE',  ( -1.000000000000000000, 0.000000000000000000, 0.000000000000000000 ) ) ;
#1776 = DIRECTION ( 'NONE',  ( 0.000000000000000000, 0.000000000000000000, 1.000000000000000000 ) ) ;
#1777 = CARTESIAN_POINT ( 'NONE',  ( 2.008420750601659349E-15, 0.4000000000000001887, -16.40000000000000213 ) ) ;
#1778 = ORIENTED_EDGE ( 'NONE', *, *, #1032, .F. ) ;
#1779 = EDGE_CURVE ( 'NONE', #553, #174, #741, .T. ) ;
#1780 = EDGE_LOOP ( 'NONE', ( #590, #487, #563, #1254 ) ) ;
#1781 = FACE_OUTER_BOUND ( 'NONE', #1353, .T. ) ;
#1782 = CARTESIAN_POINT ( 'NONE',  ( -16.07270415933366792, 0.4000000000000001887, 38.80294036547408609 ) ) ;
#1783 = AXIS2_PLACEMENT_3D ( 'NONE', #1811, #384, #1651 ) ;
#1784 = DIRECTION ( 'NONE',  ( 0.000000000000000000, 0.000000000000000000, 1.000000000000000000 ) ) ;
#1785 = DIRECTION ( 'NONE',  ( 0.000000000000000000, 0.000000000000000000, 1.000000000000000000 ) ) ;
#1786 = LINE ( 'NONE', #202, #1069 ) ;
#1787 = EDGE_CURVE ( 'NONE', #1498, #632, #651, .T. ) ;
#1788 = AXIS2_PLACEMENT_3D ( 'NONE', #1806, #378, #1793 ) ;
#1789 = VERTEX_POINT ( 'NONE', #760 ) ;
#1790 = ORIENTED_EDGE ( 'NONE', *, *, #259, .T. ) ;
#1791 = DIRECTION ( 'NONE',  ( -0.000000000000000000, -1.000000000000000000, -0.000000000000000000 ) ) ;
#1792 = ADVANCED_FACE ( 'NONE', ( #1702 ), #1847, .T. ) ;
#1793 = DIRECTION ( 'NONE',  ( 1.000000000000000000, 0.000000000000000000, -9.251858538542940668E-15 ) ) ;
#1794 = EDGE_CURVE ( 'NONE', #403, #449, #684, .T. ) ;
#1795 = CYLINDRICAL_SURFACE ( 'NONE', #1293, 1.500000000000004885 ) ;
#1796 = DIRECTION ( 'NONE',  ( 1.000000000000000000, -0.000000000000000000, 1.224646799147353207E-16 ) ) ;
#1797 = CARTESIAN_POINT ( 'NONE',  ( -25.50000000000000355, 0.4000000000000001887, -3.499999999999999556 ) ) ;
#1798 = ORIENTED_EDGE ( 'NONE', *, *, #1154, .F. ) ;
#1799 = VECTOR ( 'NONE', #498, 1000.000000000000000 ) ;
#1800 = VERTEX_POINT ( 'NONE', #1229 ) ;
#1801 = CARTESIAN_POINT ( 'NONE',  ( -38.80294036547402925, 4.000000000000000000, 16.07270415933380292 ) ) ;
#1802 = CIRCLE ( 'NONE', #627, 2.999999999999999112 ) ;
#1803 = UNCERTAINTY_MEASURE_WITH_UNIT (LENGTH_MEASURE( 1.000000000000000082E-05 ), #1978, 'distance_accuracy_value', 'NONE');
#1804 = CIRCLE ( 'NONE', #903, 1.500000000000004885 ) ;
#1805 = VECTOR ( 'NONE', #265, 1000.000000000000000 ) ;
#1806 = CARTESIAN_POINT ( 'NONE',  ( 16.07270415933339791, 4.000000000000000000, -38.80294036547419267 ) ) ;
#1807 = VERTEX_POINT ( 'NONE', #933 ) ;
#1808 = ADVANCED_FACE ( 'NONE', ( #1858 ), #1022, .T. ) ;
#1809 = CARTESIAN_POINT ( 'NONE',  ( 0.000000000000000000, 2.500000000000000000, -16.00000000000000000 ) ) ;
#1810 = CARTESIAN_POINT ( 'NONE',  ( -16.07270415933366792, 4.000000000000000000, 40.30294036547408609 ) ) ;
#1811 = CARTESIAN_POINT ( 'NONE',  ( 16.07270415933394148, 0.4000000000000001887, 38.80294036547397241 ) ) ;
#1812 = AXIS2_PLACEMENT_3D ( 'NONE', #456, #1706, #1085 ) ;
#1813 = EDGE_LOOP ( 'NONE', ( #870, #1884, #386, #460 ) ) ;
#1814 = ORIENTED_EDGE ( 'NONE', *, *, #259, .F. ) ;
#1815 = CARTESIAN_POINT ( 'NONE',  ( 38.80294036547391556, 4.000000000000000000, -17.57270415933408003 ) ) ;
#1816 = CIRCLE ( 'NONE', #911, 47.60000000000000853 ) ;
#1817 = DIRECTION ( 'NONE',  ( 0.000000000000000000, 0.000000000000000000, 1.000000000000000000 ) ) ;
#1818 = ORIENTED_EDGE ( 'NONE', *, *, #1934, .F. ) ;
#1819 = CARTESIAN_POINT ( 'NONE',  ( 17.67766952966368876, 0.000000000000000000, 17.67766952966368876 ) ) ;
#1820 = AXIS2_PLACEMENT_3D ( 'NONE', #1237, #752, #1390 ) ;
#1821 = CARTESIAN_POINT ( 'NONE',  ( -24.50000000000000000, 0.000000000000000000, 3.499999999999999556 ) ) ;
#1822 = ORIENTED_EDGE ( 'NONE', *, *, #278, .T. ) ;
#1823 = ORIENTED_EDGE ( 'NONE', *, *, #865, .T. ) ;
#1824 = CARTESIAN_POINT ( 'NONE',  ( -38.80294036547402925, 4.000000000000000000, 14.57270415933379759 ) ) ;
#1825 = ADVANCED_FACE ( 'NONE', ( #2048 ), #252, .T. ) ;
#1826 = AXIS2_PLACEMENT_3D ( 'NONE', #1004, #534, #1963 ) ;
#1827 = CARTESIAN_POINT ( 'NONE',  ( -16.07270415933420438, 4.000000000000000000, -40.30294036547385872 ) ) ;
#1828 = EDGE_LOOP ( 'NONE', ( #852, #1210, #614, #1740 ) ) ;
#1829 = DIRECTION ( 'NONE',  ( 0.000000000000000000, 0.000000000000000000, -1.000000000000000000 ) ) ;
#1830 = DIRECTION ( 'NONE',  ( 0.000000000000000000, 0.000000000000000000, 1.000000000000000000 ) ) ;
#1831 = EDGE_CURVE ( 'NONE', #449, #1674, #599, .T. ) ;
#1832 = EDGE_LOOP ( 'NONE', ( #1202, #1127, #1404, #1525 ) ) ;
#1833 = ORIENTED_EDGE ( 'NONE', *, *, #660, .T. ) ;
#1834 = DIRECTION ( 'NONE',  ( 0.000000000000000000, 0.000000000000000000, -1.000000000000000000 ) ) ;
#1835 = TOROIDAL_SURFACE ( 'NONE', #1933, 1.900000000000004130, 0.4000000000000000222 ) ;
#1836 = DIRECTION ( 'NONE',  ( 0.000000000000000000, 1.000000000000000000, 0.000000000000000000 ) ) ;
#1837 = TOROIDAL_SURFACE ( 'NONE', #970, 1.900000000000004130, 0.4000000000000000222 ) ;
#1838 = DIRECTION ( 'NONE',  ( -0.000000000000000000, 1.000000000000000000, -0.000000000000000000 ) ) ;
#1839 = DIRECTION ( 'NONE',  ( 0.000000000000000000, 1.000000000000000000, 0.000000000000000000 ) ) ;
#1840 = ORIENTED_EDGE ( 'NONE', *, *, #426, .T. ) ;
#1841 = CIRCLE ( 'NONE', #242, 0.2000000000000005107 ) ;
#1842 = ORIENTED_EDGE ( 'NONE', *, *, #1560, .T. ) ;
#1843 = CARTESIAN_POINT ( 'NONE',  ( -16.07270415933420438, 4.000000000000000000, -38.80294036547385872 ) ) ;
#1844 = DIRECTION ( 'NONE',  ( 0.000000000000000000, 0.000000000000000000, 1.000000000000000000 ) ) ;
#1845 = FACE_OUTER_BOUND ( 'NONE', #809, .T. ) ;
#1846 = CIRCLE ( 'NONE', #952, 3.199999999999999734 ) ;
#1847 = CYLINDRICAL_SURFACE ( 'NONE', #1455, 0.4000000000000001887 ) ;
#1848 = ORIENTED_EDGE ( 'NONE', *, *, #97, .T. ) ;
#1849 = CIRCLE ( 'NONE', #1919, 1.900000000000005906 ) ;
#1850 = CARTESIAN_POINT ( 'NONE',  ( -24.50000000000000000, 4.000000000000000000, 1.836970198721031167E-16 ) ) ;
#1851 = DIRECTION ( 'NONE',  ( -0.000000000000000000, -1.000000000000000000, -0.000000000000000000 ) ) ;
#1852 = EDGE_CURVE ( 'NONE', #1708, #1642, #1082, .T. ) ;
#1853 = CARTESIAN_POINT ( 'NONE',  ( -16.07270415933366792, 4.000000000000000000, 37.30294036547407899 ) ) ;
#1854 = EDGE_CURVE ( 'NONE', #1135, #1452, #123, .T. ) ;
#1855 = AXIS2_PLACEMENT_3D ( 'NONE', #269, #906, #1844 ) ;
#1856 = CARTESIAN_POINT ( 'NONE',  ( 17.67766952966368876, 0.2000000000000000111, 17.67766952966368876 ) ) ;
#1857 = PRODUCT_DEFINITION_FORMATION_WITH_SPECIFIED_SOURCE ( 'ANY', '', #557, .NOT_KNOWN. ) ;
#1858 = FACE_OUTER_BOUND ( 'NONE', #761, .T. ) ;
#1859 = ORIENTED_EDGE ( 'NONE', *, *, #932, .F. ) ;
#1860 = DIRECTION ( 'NONE',  ( -0.000000000000000000, 1.000000000000000000, -0.000000000000000000 ) ) ;
#1861 = DIRECTION ( 'NONE',  ( -1.000000000000000000, 0.000000000000000000, 0.000000000000000000 ) ) ;
#1862 = EDGE_LOOP ( 'NONE', ( #311, #640, #1479, #1798 ) ) ;
#1863 = CARTESIAN_POINT ( 'NONE',  ( 38.80294036547391556, 0.4000000000000001887, -16.07270415933407293 ) ) ;
#1864 = CARTESIAN_POINT ( 'NONE',  ( -17.67766952966368876, 0.000000000000000000, -17.67766952966368876 ) ) ;
#1865 = CIRCLE ( 'NONE', #603, 3.499999999999999556 ) ;
#1866 = EDGE_CURVE ( 'NONE', #32, #65, #1883, .T. ) ;
#1867 = VECTOR ( 'NONE', #925, 1000.000000000000000 ) ;
#1868 = CIRCLE ( 'NONE', #973, 1.500000000000001332 ) ;
#1869 = CARTESIAN_POINT ( 'NONE',  ( 17.67766952966350402, 0.000000000000000000, -14.47766952966387244 ) ) ;
#1870 = ORIENTED_EDGE ( 'NONE', *, *, #607, .F. ) ;
#1871 = DIRECTION ( 'NONE',  ( 0.000000000000000000, 0.000000000000000000, 1.000000000000000000 ) ) ;
#1872 = DIRECTION ( 'NONE',  ( -0.000000000000000000, 1.000000000000000000, -0.000000000000000000 ) ) ;
#1873 = AXIS2_PLACEMENT_3D ( 'NONE', #977, #1905, #507 ) ;
#1874 = AXIS2_PLACEMENT_3D ( 'NONE', #1864, #383, #370 ) ;
#1875 = ORIENTED_EDGE ( 'NONE', *, *, #1337, .F. ) ;
#1876 = DIRECTION ( 'NONE',  ( 0.000000000000000000, 0.000000000000000000, 1.000000000000000000 ) ) ;
#1877 = DIRECTION ( 'NONE',  ( 0.000000000000000000, 1.000000000000000000, 0.000000000000000000 ) ) ;
#1878 = DIRECTION ( 'NONE',  ( 0.000000000000000000, 0.000000000000000000, -1.000000000000000000 ) ) ;
#1879 = ORIENTED_EDGE ( 'NONE', *, *, #1188, .T. ) ;
#1880 = ADVANCED_FACE ( 'NONE', ( #1476 ), #388, .T. ) ;
#1881 = CYLINDRICAL_SURFACE ( 'NONE', #372, 2.999999999999999112 ) ;
#1882 = FACE_BOUND ( 'NONE', #1299, .T. ) ;
#1883 = CIRCLE ( 'NONE', #392, 1.500000000000004885 ) ;
#1884 = ORIENTED_EDGE ( 'NONE', *, *, #1424, .T. ) ;
#1885 = ORIENTED_EDGE ( 'NONE', *, *, #877, .F. ) ;
#1886 = EDGE_CURVE ( 'NONE', #767, #2001, #1846, .T. ) ;
#1887 = VERTEX_POINT ( 'NONE', #1126 ) ;
#1888 = DIRECTION ( 'NONE',  ( 0.000000000000000000, 1.000000000000000000, 0.000000000000000000 ) ) ;
#1889 = DIRECTION ( 'NONE',  ( -0.000000000000000000, -1.000000000000000000, -0.000000000000000000 ) ) ;
#1890 = APPLICATION_PROTOCOL_DEFINITION ( 'draft international standard', 'automotive_design', 1998, #1657 ) ;
#1891 = AXIS2_PLACEMENT_3D ( 'NONE', #546, #34, #1762 ) ;
#1892 = CARTESIAN_POINT ( 'NONE',  ( -16.07270415933366792, 8.131516293641283255E-17, 40.70294036547409178 ) ) ;
#1893 = VERTEX_POINT ( 'NONE', #341 ) ;
#1894 = ADVANCED_FACE ( 'NONE', ( #1628 ), #974, .F. ) ;
#1895 = CARTESIAN_POINT ( 'NONE',  ( 16.07270415933394148, 0.4000000000000001887, 38.80294036547397241 ) ) ;
#1896 = DIRECTION ( 'NONE',  ( 0.000000000000000000, 0.000000000000000000, 1.000000000000000000 ) ) ;
#1897 = VERTEX_POINT ( 'NONE', #1433 ) ;
#1898 = ORIENTED_EDGE ( 'NONE', *, *, #332, .F. ) ;
#1899 = VERTEX_POINT ( 'NONE', #352 ) ;
#1900 = DIRECTION ( 'NONE',  ( 1.000000000000000000, 0.000000000000000000, 0.000000000000000000 ) ) ;
#1901 = CARTESIAN_POINT ( 'NONE',  ( 0.000000000000000000, 0.000000000000000000, 0.000000000000000000 ) ) ;
#1902 = TOROIDAL_SURFACE ( 'NONE', #1276, 1.900000000000004130, 0.4000000000000000222 ) ;
#1903 = FACE_BOUND ( 'NONE', #1719, .T. ) ;
#1904 = ORIENTED_EDGE ( 'NONE', *, *, #1678, .F. ) ;
#1905 = DIRECTION ( 'NONE',  ( -0.000000000000000000, -1.000000000000000000, -0.000000000000000000 ) ) ;
#1906 = FACE_BOUND ( 'NONE', #365, .T. ) ;
#1907 = ORIENTED_EDGE ( 'NONE', *, *, #1921, .T. ) ;
#1908 = ORIENTED_EDGE ( 'NONE', *, *, #1372, .F. ) ;
#1909 = CARTESIAN_POINT ( 'NONE',  ( -16.07270415933420438, 0.000000000000000000, -38.80294036547385872 ) ) ;
#1910 = DIRECTION ( 'NONE',  ( 0.000000000000000000, 1.000000000000000000, 0.000000000000000000 ) ) ;
#1911 = FACE_BOUND ( 'NONE', #928, .T. ) ;
#1912 = TOROIDAL_SURFACE ( 'NONE', #1645, 47.60000000000000853, 0.4000000000000000222 ) ;
#1913 = ORIENTED_EDGE ( 'NONE', *, *, #1666, .F. ) ;
#1914 = CARTESIAN_POINT ( 'NONE',  ( 16.07270415933394148, 0.4000000000000001887, 38.80294036547397241 ) ) ;
#1915 = ORIENTED_EDGE ( 'NONE', *, *, #618, .F. ) ;
#1916 = CARTESIAN_POINT ( 'NONE',  ( 16.07270415933339791, 0.4000000000000001887, -38.80294036547419267 ) ) ;
#1917 = ADVANCED_FACE ( 'NONE', ( #1924 ), #53, .T. ) ;
#1918 = VECTOR ( 'NONE', #140, 1000.000000000000000 ) ;
#1919 = AXIS2_PLACEMENT_3D ( 'NONE', #1321, #847, #712 ) ;
#1920 = DIRECTION ( 'NONE',  ( 0.000000000000000000, 1.000000000000000000, 0.000000000000000000 ) ) ;
#1921 = EDGE_CURVE ( 'NONE', #1428, #510, #588, .T. ) ;
#1922 = ADVANCED_FACE ( 'NONE', ( #331 ), #55, .T. ) ;
#1923 = EDGE_CURVE ( 'NONE', #1991, #1138, #1194, .T. ) ;
#1924 = FACE_OUTER_BOUND ( 'NONE', #793, .T. ) ;
#1925 = EDGE_LOOP ( 'NONE', ( #1264, #633, #747, #948 ) ) ;
#1926 = DIRECTION ( 'NONE',  ( 0.000000000000000000, -1.000000000000000000, -0.000000000000000000 ) ) ;
#1927 = CARTESIAN_POINT ( 'NONE',  ( -25.50000000000000355, 4.000000000000000000, -3.099999999999999645 ) ) ;
#1928 = ORIENTED_EDGE ( 'NONE', *, *, #287, .T. ) ;
#1929 = ORIENTED_EDGE ( 'NONE', *, *, #1989, .T. ) ;
#1930 = CARTESIAN_POINT ( 'NONE',  ( 16.07270415933339791, 4.000000000000000000, -37.30294036547419267 ) ) ;
#1931 = LINE ( 'NONE', #1636, #1460 ) ;
#1932 = CARTESIAN_POINT ( 'NONE',  ( -17.67766952966362481, 0.2000000000000000111, 17.67766952966374916 ) ) ;
#1933 = AXIS2_PLACEMENT_3D ( 'NONE', #1914, #839, #1129 ) ;
#1934 = EDGE_CURVE ( 'NONE', #1152, #1548, #286, .T. ) ;
#1935 = DIRECTION ( 'NONE',  ( -0.000000000000000000, -1.000000000000000000, -0.000000000000000000 ) ) ;
#1936 = DIRECTION ( 'NONE',  ( 0.000000000000000000, 0.000000000000000000, -1.000000000000000000 ) ) ;
#1937 = CIRCLE ( 'NONE', #1338, 1.500000000000004885 ) ;
#1938 = VERTEX_POINT ( 'NONE', #1143 ) ;
#1939 = ORIENTED_EDGE ( 'NONE', *, *, #1703, .F. ) ;
#1940 = DIRECTION ( 'NONE',  ( -0.000000000000000000, 1.000000000000000000, -0.000000000000000000 ) ) ;
#1941 = CARTESIAN_POINT ( 'NONE',  ( -38.80294036547402925, 0.000000000000000000, 16.07270415933380292 ) ) ;
#1942 = VECTOR ( 'NONE', #645, 1000.000000000000000 ) ;
#1943 = EDGE_CURVE ( 'NONE', #174, #1135, #1486, .T. ) ;
#1944 = FILL_AREA_STYLE ('',( #1468 ) ) ;
#1945 = CARTESIAN_POINT ( 'NONE',  ( 17.67766952966368876, 0.000000000000000000, 17.67766952966368876 ) ) ;
#1946 = ADVANCED_FACE ( 'NONE', ( #954 ), #751, .T. ) ;
#1947 = EDGE_LOOP ( 'NONE', ( #715, #1778, #804, #1280 ) ) ;
#1948 = EDGE_LOOP ( 'NONE', ( #968, #374, #443, #1976 ) ) ;
#1949 = ORIENTED_EDGE ( 'NONE', *, *, #64, .F. ) ;
#1950 = DIRECTION ( 'NONE',  ( 0.000000000000000000, 0.000000000000000000, 1.000000000000000000 ) ) ;
#1951 = ADVANCED_FACE ( 'NONE', ( #15, #997, #199, #837, #628, #963, #1911, #639, #1273, #1903, #159, #1113, #1745, #320 ), #792, .T. ) ;
#1952 = FACE_OUTER_BOUND ( 'NONE', #1451, .T. ) ;
#1953 = VECTOR ( 'NONE', #1206, 1000.000000000000000 ) ;
#1954 = CARTESIAN_POINT ( 'NONE',  ( -16.07270415933420438, 0.4000000000000001887, -37.30294036547385872 ) ) ;
#1955 = CARTESIAN_POINT ( 'NONE',  ( 0.000000000000000000, 2.500000000000000000, 0.000000000000000000 ) ) ;
#1956 = CARTESIAN_POINT ( 'NONE',  ( 38.80294036547402925, 4.000000000000000000, 14.57270415933379759 ) ) ;
#1957 = AXIS2_PLACEMENT_3D ( 'NONE', #517, #25, #1301 ) ;
#1958 = ORIENTED_EDGE ( 'NONE', *, *, #618, .T. ) ;
#1959 = EDGE_CURVE ( 'NONE', #1623, #573, #1997, .T. ) ;
#1960 = EDGE_LOOP ( 'NONE', ( #1430, #419, #916, #1355 ) ) ;
#1961 = LINE ( 'NONE', #1463, #275 ) ;
#1962 = ADVANCED_FACE ( 'NONE', ( #879 ), #654, .T. ) ;
#1963 = DIRECTION ( 'NONE',  ( 0.000000000000000000, 0.000000000000000000, 1.000000000000000000 ) ) ;
#1964 = ORIENTED_EDGE ( 'NONE', *, *, #521, .F. ) ;
#1965 = FACE_OUTER_BOUND ( 'NONE', #727, .T. ) ;
#1966 = DIRECTION ( 'NONE',  ( -0.000000000000000000, -1.000000000000000000, -0.000000000000000000 ) ) ;
#1967 = CARTESIAN_POINT ( 'NONE',  ( 0.000000000000000000, 4.000000000000000000, 0.000000000000000000 ) ) ;
#1968 = ORIENTED_EDGE ( 'NONE', *, *, #1439, .F. ) ;
#1969 = AXIS2_PLACEMENT_3D ( 'NONE', #1304, #1315, #30 ) ;
#1970 = VERTEX_POINT ( 'NONE', #1648 ) ;
#1971 = CARTESIAN_POINT ( 'NONE',  ( 5.878304635907296578E-15, 4.000000000000000000, 48.00000000000000711 ) ) ;
#1972 = AXIS2_PLACEMENT_3D ( 'NONE', #1386, #709, #556 ) ;
#1973 = CIRCLE ( 'NONE', #1340, 1.900000000000005906 ) ;
#1974 = AXIS2_PLACEMENT_3D ( 'NONE', #455, #754, #1255 ) ;
#1975 = FACE_OUTER_BOUND ( 'NONE', #1694, .T. ) ;
#1976 = ORIENTED_EDGE ( 'NONE', *, *, #722, .F. ) ;
#1977 = VECTOR ( 'NONE', #1935, 1000.000000000000000 ) ;
#1978 =( LENGTH_UNIT ( ) NAMED_UNIT ( * ) SI_UNIT ( .MILLI., .METRE. ) );
#1979 = VECTOR ( 'NONE', #49, 1000.000000000000000 ) ;
#1980 = ADVANCED_FACE ( 'NONE', ( #723 ), #1795, .F. ) ;
#1981 = DIRECTION ( 'NONE',  ( 0.000000000000000000, 0.000000000000000000, 1.000000000000000000 ) ) ;
#1982 = AXIS2_PLACEMENT_3D ( 'NONE', #1163, #1170, #1625 ) ;
#1983 = ORIENTED_EDGE ( 'NONE', *, *, #932, .T. ) ;
#1984 = ORIENTED_EDGE ( 'NONE', *, *, #774, .F. ) ;
#1985 = CARTESIAN_POINT ( 'NONE',  ( 38.80294036547402925, 0.4000000000000001887, 17.97270415933380860 ) ) ;
#1986 = CARTESIAN_POINT ( 'NONE',  ( 17.67766952966368876, 0.2000000000000000111, 14.67766952966368876 ) ) ;
#1987 = ORIENTED_EDGE ( 'NONE', *, *, #598, .T. ) ;
#1988 = ADVANCED_FACE ( 'NONE', ( #400 ), #1187, .F. ) ;
#1989 = EDGE_CURVE ( 'NONE', #959, #1663, #1583, .T. ) ;
#1990 = LINE ( 'NONE', #880, #1296 ) ;
#1991 = VERTEX_POINT ( 'NONE', #1048 ) ;
#1992 = ORIENTED_EDGE ( 'NONE', *, *, #771, .T. ) ;
#1993 = FACE_OUTER_BOUND ( 'NONE', #17, .T. ) ;
#1994 = CIRCLE ( 'NONE', #1891, 1.500000000000004885 ) ;
#1995 = CARTESIAN_POINT ( 'NONE',  ( 0.000000000000000000, 0.4000000000000001887, 0.000000000000000000 ) ) ;
#1996 = ORIENTED_EDGE ( 'NONE', *, *, #287, .F. ) ;
#1997 = LINE ( 'NONE', #1809, #1953 ) ;
#1998 = DIRECTION ( 'NONE',  ( 0.000000000000000000, 0.000000000000000000, 1.000000000000000000 ) ) ;
#1999 = ADVANCED_FACE ( 'NONE', ( #229 ), #391, .F. ) ;
#2000 = ORIENTED_EDGE ( 'NONE', *, *, #1054, .F. ) ;
#2001 = VERTEX_POINT ( 'NONE', #1638 ) ;
#2002 = CARTESIAN_POINT ( 'NONE',  ( -38.80294036547402925, 0.000000000000000000, -16.07270415933380292 ) ) ;
#2003 = AXIS2_PLACEMENT_3D ( 'NONE', #490, #212, #1199 ) ;
#2004 = DIRECTION ( 'NONE',  ( -0.000000000000000000, -1.000000000000000000, -0.000000000000000000 ) ) ;
#2005 = DIRECTION ( 'NONE',  ( 0.000000000000000000, 0.000000000000000000, 1.000000000000000000 ) ) ;
#2006 = DIRECTION ( 'NONE',  ( -0.000000000000000000, -1.000000000000000000, -0.000000000000000000 ) ) ;
#2007 = EDGE_LOOP ( 'NONE', ( #1565, #594, #1610, #1814 ) ) ;
#2008 = AXIS2_PLACEMENT_3D ( 'NONE', #1843, #1035, #1024 ) ;
#2009 = CARTESIAN_POINT ( 'NONE',  ( -25.50000000000000355, 0.4000000000000001887, 3.099999999999999645 ) ) ;
#2010 = CARTESIAN_POINT ( 'NONE',  ( -17.67766952966362481, 0.2000000000000000111, 17.67766952966374916 ) ) ;
#2011 = ADVANCED_FACE ( 'NONE', ( #1175 ), #559, .F. ) ;
#2012 = DIRECTION ( 'NONE',  ( 0.000000000000000000, 0.000000000000000000, 1.000000000000000000 ) ) ;
#2013 = AXIS2_PLACEMENT_3D ( 'NONE', #451, #1444, #1122 ) ;
#2014 = CARTESIAN_POINT ( 'NONE',  ( 16.07270415933339791, 4.000000000000000000, -40.30294036547419267 ) ) ;
#2015 = PRODUCT_CONTEXT ( 'NONE', #1657, 'mechanical' ) ;
#2016 = CIRCLE ( 'NONE', #1261, 2.999999999999999112 ) ;
#2017 = DIRECTION ( 'NONE',  ( 1.000000000000000000, -0.000000000000000000, 0.000000000000000000 ) ) ;
#2018 = ORIENTED_EDGE ( 'NONE', *, *, #1587, .F. ) ;
#2019 = AXIS2_PLACEMENT_3D ( 'NONE', #1039, #66, #1018 ) ;
#2020 = CARTESIAN_POINT ( 'NONE',  ( 16.07270415933394148, 0.4000000000000001887, 36.90294036547396672 ) ) ;
#2021 = CARTESIAN_POINT ( 'NONE',  ( -25.50000000000000355, 4.000000000000000000, -3.099999999999999645 ) ) ;
#2022 = ORIENTED_EDGE ( 'NONE', *, *, #35, .F. ) ;
#2023 = DIRECTION ( 'NONE',  ( 0.000000000000000000, 1.000000000000000000, 0.000000000000000000 ) ) ;
#2024 = EDGE_CURVE ( 'NONE', #862, #480, #88, .T. ) ;
#2025 = CARTESIAN_POINT ( 'NONE',  ( 16.07270415933339791, 0.4000000000000001887, -36.90294036547418699 ) ) ;
#2026 = APPLICATION_PROTOCOL_DEFINITION ( 'draft international standard', 'automotive_design', 1998, #228 ) ;
#2027 = DIRECTION ( 'NONE',  ( 1.000000000000000000, -0.000000000000000000, -0.000000000000000000 ) ) ;
#2028 = ORIENTED_EDGE ( 'NONE', *, *, #1337, .T. ) ;
#2029 = PLANE ( 'NONE',  #1974 ) ;
#2030 = FACE_BOUND ( 'NONE', #1201, .T. ) ;
#2031 = ORIENTED_EDGE ( 'NONE', *, *, #1742, .T. ) ;
#2032 = ORIENTED_EDGE ( 'NONE', *, *, #438, .F. ) ;
#2033 = CARTESIAN_POINT ( 'NONE',  ( 16.07270415933394148, 4.000000000000000000, 38.80294036547397241 ) ) ;
#2034 = LINE ( 'NONE', #1755, #16 ) ;
#2035 = AXIS2_PLACEMENT_3D ( 'NONE', #1090, #635, #1593 ) ;
#2036 = ADVANCED_FACE ( 'NONE', ( #569 ), #856, .T. ) ;
#2037 = CYLINDRICAL_SURFACE ( 'NONE', #1388, 1.500000000000001332 ) ;
#2038 = ADVANCED_FACE ( 'NONE', ( #1965 ), #1505, .F. ) ;
#2039 = ORIENTED_EDGE ( 'NONE', *, *, #1612, .T. ) ;
#2040 = FACE_OUTER_BOUND ( 'NONE', #1592, .T. ) ;
#2041 = FACE_BOUND ( 'NONE', #244, .T. ) ;
#2042 = CIRCLE ( 'NONE', #608, 0.3999999999999993006 ) ;
#2043 = AXIS2_PLACEMENT_3D ( 'NONE', #750, #2004, #1477 ) ;
#2044 = ORIENTED_EDGE ( 'NONE', *, *, #682, .F. ) ;
#2045 = ORIENTED_EDGE ( 'NONE', *, *, #40, .F. ) ;
#2046 = CARTESIAN_POINT ( 'NONE',  ( 17.67766952966368876, 4.000000000000000000, 17.67766952966368876 ) ) ;
#2047 = EDGE_CURVE ( 'NONE', #632, #459, #1849, .T. ) ;
#2048 = FACE_OUTER_BOUND ( 'NONE', #716, .T. ) ;
#2049 = EDGE_LOOP ( 'NONE', ( #1660, #1190, #1735, #981 ) ) ;
#2050 = DIRECTION ( 'NONE',  ( 0.000000000000000000, 1.000000000000000000, 0.000000000000000000 ) ) ;
#2051 = CARTESIAN_POINT ( 'NONE',  ( 17.67766952966350402, 4.000000000000000000, -17.67766952966387350 ) ) ;
#2052 = AXIS2_PLACEMENT_3D ( 'NONE', #1219, #1263, #149 ) ;
#2053 = ORIENTED_EDGE ( 'NONE', *, *, #1215, .T. ) ;
#2054 = DIRECTION ( 'NONE',  ( 0.000000000000000000, 0.000000000000000000, 1.000000000000000000 ) ) ;
#2055 = DIRECTION ( 'NONE',  ( 0.000000000000000000, 0.000000000000000000, -1.000000000000000000 ) ) ;
#2056 = AXIS2_PLACEMENT_3D ( 'NONE', #567, #1836, #113 ) ;
#2057 = CARTESIAN_POINT ( 'NONE',  ( 17.67766952966368876, 0.000000000000000000, 20.87766952966368450 ) ) ;
#2058 = ORIENTED_EDGE ( 'NONE', *, *, #1787, .T. ) ;
#2059 = CARTESIAN_POINT ( 'NONE',  ( 17.67766952966350402, 0.000000000000000000, -14.67766952966387350 ) ) ;
#2060 = ORIENTED_EDGE ( 'NONE', *, *, #660, .F. ) ;
#2061 = VERTEX_POINT ( 'NONE', #1954 ) ;
#2062 = ORIENTED_EDGE ( 'NONE', *, *, #771, .F. ) ;
#2063 = DIRECTION ( 'NONE',  ( 0.000000000000000000, 0.000000000000000000, -1.000000000000000000 ) ) ;
ENDSEC;
END-ISO-10303-21;
