# Blender 4.1.1
# www.blender.org
mtllib banana.mtl
o banana
v 0.846955 22.385004 -14.436508
v 0.846955 21.591375 -13.601243
v 0.846955 23.182878 -13.597004
v 0.846955 22.389381 -12.724609
v 0.846955 23.556431 -190.299438
v 0.846955 23.259493 -190.432419
v 0.846955 22.912273 -190.422592
v 0.846955 21.426016 -185.095093
v 0.846955 18.722891 -187.683868
v 0.846955 21.118645 -185.125854
v 0.846955 20.732319 -185.282913
v 0.846955 19.661575 -188.916550
v 0.846955 19.231693 -188.448624
v 0.846955 18.877396 -187.953445
v 0.846955 25.010521 -186.094299
v 0.846955 25.421049 -186.439713
v 0.846955 22.024940 -190.272583
v 0.846955 25.754463 -186.801117
v 0.846955 25.910433 -187.010666
v 0.846955 21.428520 -190.071655
v 0.846955 21.032345 -189.891525
v 0.846955 23.167372 -185.240067
v 0.846955 23.606203 -185.367447
v 0.846955 20.437746 -189.543716
v 0.846955 19.886507 -189.122528
v 0.846955 18.624870 -187.483124
v 0.846955 18.651690 -187.354370
v 0.846955 18.720455 -187.149277
v 0.846955 18.840826 -186.899384
v 0.846955 19.480030 -186.102066
v 0.846955 19.903698 -185.756927
v 0.846955 20.398315 -185.448563
v 0.846955 22.486931 -185.117661
v 0.846955 24.209917 -185.612671
v 0.846955 24.761110 -185.921310
v 0.846955 24.142241 -189.968872
v 0.846955 26.014498 -187.173737
v 0.846955 22.619312 -190.392685
v 0.846955 19.042055 -186.588806
v 0.846955 19.318935 -186.261063
v 0.846955 21.793371 -185.080292
v 0.846955 26.122648 -187.374435
v 0.846955 26.120247 -187.386581
v 0.846955 26.036905 -187.686005
v 0.846955 25.918259 -187.979492
v 0.846955 25.673101 -188.431046
v 0.846955 25.348541 -188.885284
v 0.846955 24.926428 -189.345688
v 0.846955 24.438759 -189.761307
v 57.583324 41.465416 -108.429016
v 55.616966 41.486683 -108.218552
v 55.817005 41.431129 -103.006027
v 57.018017 41.460831 -115.263191
v 58.895607 41.274883 -115.636353
v 57.878475 41.157837 -122.578232
v 24.653433 37.290787 -177.377701
v 19.348835 36.856060 -181.322403
v 18.549667 36.737579 -178.640182
v 60.216373 38.216476 -139.396240
v 57.405457 37.903698 -146.314178
v 54.951599 39.378475 -144.402832
v 65.713440 33.752697 -78.665428
v 67.512993 34.585148 -86.137321
v 64.926231 36.857227 -86.618996
v 68.819595 31.586964 -81.813774
v 67.786865 31.224083 -77.998634
v 69.491341 28.438425 -77.370598
v 68.850899 23.739367 -68.554123
v 69.300018 22.299425 -68.186287
v 70.517204 22.292309 -72.184944
v 10.678638 36.099701 -188.148209
v 10.181992 36.121635 -187.389709
v 13.784663 36.408958 -185.098557
v 9.280723 35.965473 -186.080536
v 8.806697 35.783211 -185.406479
v 13.479127 33.850388 -193.550003
v 12.835140 34.821365 -192.076035
v 14.715368 35.228832 -190.224304
v 12.274828 35.389400 -190.925156
v 11.419583 35.906826 -189.360138
v 14.767404 29.968182 -197.113556
v 14.423669 31.409081 -196.067459
v 15.591202 32.248108 -194.569443
v 14.171563 32.229073 -195.348709
v 13.988887 32.734062 -194.850372
v 15.332245 25.496037 -199.119675
v 15.154735 27.490757 -198.421265
v 16.383545 27.783592 -197.617554
v 14.924587 29.120682 -197.623138
v 11.890198 25.804976 -5.472243
v 11.671254 22.390270 -1.547363
v 11.678869 22.390276 -1.551669
v 74.258896 22.320518 -91.384956
v 74.424492 22.329128 -93.072235
v 74.262764 24.187687 -93.140182
v 74.562729 22.338821 -94.746872
v 74.762329 24.339575 -101.706726
v 74.823326 22.376139 -99.886734
v 73.072334 24.034317 -84.725418
v 73.321922 22.296780 -84.566895
v 73.418808 22.298157 -85.149902
v 72.534309 22.290201 -80.382347
v 73.050529 22.293694 -83.024849
v 72.671463 25.729240 -84.896004
v 73.382744 25.865824 -89.032425
v 66.479134 22.321867 -60.424503
v 68.607681 22.304417 -66.115479
v 68.891052 22.302313 -66.947617
v 63.183922 22.350016 -53.024082
v 65.040565 22.334301 -57.020195
v 65.935928 23.605906 -60.899006
v 65.332039 24.873438 -61.382160
v 58.104488 24.395136 -47.366077
v 59.463593 22.377600 -46.041763
v 60.821888 22.368324 -48.454411
v 68.309883 25.154093 -68.933662
v 69.611633 25.298742 -72.825371
v 71.422722 22.289240 -75.552864
v 70.777847 25.443972 -76.786781
v 71.597359 22.288973 -76.252663
v 72.219643 22.289196 -78.914948
v 71.800476 25.588047 -80.812225
v 70.189903 26.964281 -77.072823
v 67.681557 26.539114 -69.324287
v 64.670486 26.121508 -61.873520
v 61.908752 24.615841 -54.177792
v 62.562134 23.487200 -53.598515
v 62.723045 22.353769 -52.091080
v 55.989826 22.396133 -40.456158
v 43.676083 25.665733 -31.092726
v 46.111031 22.418020 -27.865622
v 48.291935 25.822651 -36.584167
v 50.601704 22.412357 -33.095554
v 16.294994 25.583549 -8.010189
v 17.117195 22.395247 -4.735582
v 22.368139 25.559307 -12.148865
v 22.356043 22.401098 -8.039368
v 28.135817 25.539513 -16.494820
v 30.653511 22.410879 -13.886493
v 33.605026 25.540058 -21.079691
v 35.491199 22.415693 -17.743696
v 37.914124 22.417496 -19.830187
v 38.782780 25.576834 -25.935112
v 40.968487 22.418888 -22.632370
v 44.340927 22.418873 -25.983187
v 66.970474 27.889948 -69.725380
v 63.954273 27.347170 -62.372635
v 65.318375 30.471104 -70.556534
v 45.971561 29.379671 -39.636555
v 41.613632 29.094942 -34.260994
v 36.979610 28.921164 -29.177433
v 32.064461 28.832809 -24.361094
v 26.863153 28.804356 -19.787189
v 21.370655 28.810270 -15.430938
v 15.581941 28.825031 -11.267556
v 60.655800 37.845795 -80.093369
v 58.851665 36.927464 -73.237900
v 61.222393 35.025753 -72.317680
v 58.678162 34.065292 -65.504799
v 60.603222 31.966703 -64.437569
v 57.412743 31.122450 -57.741051
v 59.010620 29.014315 -56.538300
v 55.309319 28.400822 -50.026878
v 56.718807 26.403780 -48.694603
v 52.637348 26.063475 -42.441067
v 53.980545 24.224127 -40.988689
v 53.982063 35.095238 -60.181427
v 50.965759 34.295261 -54.041565
v 52.430023 32.349270 -52.700825
v 57.787296 41.308456 -101.562843
v 55.786865 41.174549 -95.116005
v 57.640808 40.972168 -94.714890
v 55.411514 40.796314 -88.197266
v 57.135921 40.483120 -87.924011
v 55.080814 40.558640 -84.671364
v 56.258652 39.882019 -81.225342
v 59.493595 41.241123 -108.615364
v 59.677265 41.026081 -101.576141
v 59.450771 40.609413 -94.575966
v 58.814964 40.022629 -87.653999
v 57.769630 39.313778 -80.843575
v 54.995037 39.209572 -74.654053
v 56.314556 38.530910 -74.178040
v 53.331100 38.506504 -68.245308
v 54.449532 37.722095 -67.690735
v 51.252880 37.813522 -62.034264
v 50.321770 38.661671 -62.654823
v 49.521687 38.456543 -60.446445
v 52.174347 36.935379 -61.415009
v 49.488785 36.218822 -55.384201
v 54.545170 40.239189 -80.424347
v 53.789207 39.863739 -75.871391
v 53.353809 39.673817 -73.685799
v 51.921288 39.140404 -67.797356
v 50.058414 29.800880 -45.328896
v 48.814003 31.707420 -46.765804
v 43.881199 33.151028 -42.653297
v 47.593826 33.644836 -48.199009
v 43.943516 37.450115 -48.834953
v 46.393559 35.617367 -49.629242
v 45.208847 37.629253 -51.057228
v 42.945755 37.322350 -47.195763
v 40.342480 37.032894 -43.293182
v 39.836903 32.790382 -37.384983
v 12.190134 31.901711 -12.340680
v 14.952601 32.144520 -14.511950
v 20.521433 32.199387 -18.690035
v 25.803198 32.267406 -23.046597
v 30.788979 32.372574 -27.601418
v 35.469856 32.538902 -32.374287
v 38.526314 36.860493 -40.827194
v 36.283092 36.673164 -38.010101
v 33.266647 36.456043 -34.542431
v 29.698057 36.237976 -30.814173
v 27.081690 36.098335 -28.287270
v 19.856800 35.773903 -21.999741
v 12.279778 35.492836 -16.206945
v 48.409115 38.202271 -57.671497
v 48.001877 38.117237 -56.728268
v 46.612835 37.855770 -53.753185
v 50.447193 37.239437 -158.818680
v 54.139954 37.567406 -152.813202
v 56.098709 35.595520 -154.714279
v 59.563774 35.853584 -148.009338
v 62.567677 36.092529 -140.848618
v 65.071297 36.279655 -133.330414
v 51.929703 38.988056 -150.670258
v 48.475193 38.602066 -156.499512
v 44.610577 38.227360 -161.902756
v 59.642166 40.043522 -130.821564
v 61.285133 40.247845 -123.659752
v 64.363785 38.628563 -124.658279
v 64.092041 39.571476 -116.690987
v 65.644974 38.656403 -117.015564
v 64.780312 39.452187 -109.144577
v 66.360924 38.517796 -109.308609
v 64.914551 39.127926 -101.614166
v 66.483986 38.177010 -101.626068
v 64.481354 38.574982 -94.175591
v 65.995857 37.610508 -94.048935
v 63.504280 37.832138 -86.869728
v 63.320076 35.976017 -79.365494
v 63.390152 32.861668 -71.422272
v 62.369965 29.719461 -63.392303
v 60.513470 26.841358 -55.349873
v 57.526703 39.742012 -137.761261
v 62.545036 38.470009 -132.148056
v 65.755455 37.578640 -125.119904
v 67.035515 36.382244 -125.552994
v 67.091400 37.584984 -117.323997
v 68.421204 36.367592 -117.614670
v 67.833923 37.431335 -109.465233
v 69.189255 36.202988 -109.613716
v 67.949188 37.083061 -101.637497
v 69.300529 35.855728 -101.648415
v 67.414566 36.517399 -93.926346
v 68.728722 35.304371 -93.808228
v 68.197586 34.962330 -89.949753
v 70.543915 28.705030 -81.291176
v 69.706467 31.933243 -85.686249
v 38.740540 38.547810 -164.205109
v 42.737614 38.960136 -159.259018
v 32.120960 38.100056 -166.840515
v 35.455414 38.457077 -163.231033
v 37.387569 38.671837 -160.941818
v 62.442753 40.319832 -116.351852
v 60.707226 40.891090 -115.999771
v 61.336571 40.824032 -108.797226
v 63.102169 40.224323 -108.973877
v 61.501556 40.562103 -101.589157
v 63.250530 39.926174 -101.601852
v 61.200027 40.083153 -94.439507
v 62.879814 39.402103 -94.305916
v 60.441082 39.422318 -87.387863
v 62.006710 38.689659 -87.126228
v 59.237385 38.633026 -80.466019
v 57.601624 37.768715 -73.705780
v 56.618893 35.991627 -66.590393
v 55.732376 33.153511 -58.956100
v 53.878799 30.383554 -51.362442
v 51.331417 27.920979 -43.887566
v 52.264114 40.206570 -142.320740
v 49.522297 39.791016 -148.337677
v 47.306114 39.962437 -145.152283
v 50.143776 40.451355 -138.062881
v 54.567539 40.593208 -135.981277
v 49.404922 40.316631 -140.113403
v 48.906792 40.228794 -141.405304
v 55.283836 41.466736 -112.826202
v 51.086060 40.630878 -135.168381
v 51.407761 40.694111 -134.093979
v 56.437389 40.920452 -129.380157
v 52.405201 40.896011 -130.406143
v 52.818378 40.981869 -128.681427
v 53.005417 41.021057 -127.853127
v 54.133533 41.257912 -121.985435
v 55.084599 41.438564 -114.881897
v 39.498154 38.915295 -158.234634
v 41.818642 39.197048 -154.947952
v 46.340504 39.373638 -153.980759
v 43.700333 39.440090 -151.976562
v 46.252258 39.799786 -147.342392
v 29.862816 24.689482 -190.777893
v 26.056520 24.809330 -193.205566
v 23.022728 27.673727 -193.918213
v 25.240076 24.834717 -193.703491
v 19.548489 25.009159 -196.982895
v 16.739464 25.093918 -198.493866
v 15.431640 25.133141 -199.176453
v 15.353699 25.138508 -199.215866
v 15.999598 30.181522 -196.287903
v 41.304935 25.867847 -181.633057
v 41.554161 24.299711 -181.891586
v 39.942749 24.355967 -183.276077
v 35.638664 26.013153 -186.214737
v 38.034801 24.421356 -184.840195
v 35.892307 24.493376 -186.508423
v 51.565399 23.921795 -171.604172
v 48.567680 24.041113 -175.043198
v 46.605270 25.725643 -176.648804
v 46.068398 24.136173 -177.655319
v 43.486546 24.230858 -180.146957
v 55.923637 23.735247 -165.863052
v 53.268951 23.850945 -169.476273
v 51.527561 25.586027 -171.204819
v 51.232544 27.194138 -170.878510
v 46.303032 27.280352 -176.288406
v 41.003006 27.371540 -181.238449
v 35.346748 27.467579 -185.787521
v 22.512310 30.168718 -192.612259
v 29.348560 27.568348 -189.994476
v 33.057964 24.586655 -188.587433
v 28.737440 30.160238 -188.724777
v 21.951384 32.332935 -190.902084
v 15.161932 33.943745 -192.526703
v 21.347260 34.125072 -188.852844
v 28.041584 32.421604 -187.034363
v 34.657043 30.157221 -184.565308
v 40.651409 28.804590 -180.715942
v 45.935955 28.764732 -175.799362
v 50.856197 28.731958 -170.425400
v 25.566916 36.787033 -180.094925
v 30.814024 37.143799 -175.975983
v 31.901684 36.055592 -178.547089
v 37.055233 36.337578 -174.159805
v 38.254971 34.693386 -176.469254
v 43.265209 34.898758 -171.702957
v 44.484879 32.729343 -173.639938
v 49.287743 32.852055 -168.381592
v 49.878941 31.568081 -169.169296
v 45.507950 30.172127 -175.189636
v 40.253197 30.160805 -180.073639
v 39.329071 32.617939 -178.462219
v 33.841057 32.515984 -182.907379
v 32.916653 34.497547 -180.879440
v 27.273123 34.308891 -184.988861
v 26.444193 35.778553 -182.653839
v 20.707253 35.503838 -186.529709
v 20.038673 36.427937 -183.997833
v 14.255085 36.063770 -187.726730
v 50.403378 30.192327 -169.853104
v 60.189610 25.312531 -158.709000
v 60.519272 23.515388 -158.523987
v 56.059715 25.448492 -165.243927
v 57.581104 23.659174 -163.393600
v 63.896606 25.177538 -151.582809
v 67.138283 25.042675 -143.949936
v 67.211800 23.131510 -144.078537
v 64.650803 23.289227 -150.299881
v 64.003334 23.326777 -151.717850
v 61.494377 23.464733 -156.744934
v 69.868790 24.907064 -135.910980
v 72.042297 24.769827 -127.566574
v 72.074341 22.771778 -127.677582
v 71.007866 22.860785 -132.112396
v 69.916054 22.944664 -136.033066
v 68.180557 23.067394 -141.410629
v 73.926453 22.585501 -117.056061
v 73.644913 22.618393 -119.108154
v 73.612953 24.630083 -119.017319
v 73.071838 22.678856 -122.657722
v 72.524406 22.731323 -125.548088
v 74.349617 22.528994 -113.273689
v 74.534912 24.486959 -110.363831
v 74.585999 22.490049 -110.420898
v 74.855865 22.392288 -101.711914
v 74.852455 22.414587 -103.985710
v 74.706116 22.465332 -108.471519
v 73.926270 25.996065 -93.215805
v 73.423798 27.745546 -93.298691
v 74.477837 26.230614 -101.700661
v 74.012039 28.055767 -101.693764
v 74.285522 26.423435 -110.292786
v 73.847916 28.289293 -110.208473
v 73.383293 26.578798 -118.895889
v 72.966080 28.454159 -118.745468
v 71.819717 26.703655 -127.406197
v 71.416466 28.562984 -127.199066
v 69.643326 26.804964 -135.719940
v 69.249001 28.628393 -135.463593
v 66.902687 26.889671 -143.733307
v 66.513626 28.663008 -143.433365
v 63.646336 26.964735 -151.342529
v 63.260262 28.679445 -151.002686
v 59.922832 27.037104 -158.443802
v 59.538857 28.690332 -158.065918
v 55.777248 27.113016 -164.949905
v 55.395916 28.706938 -164.534164
v 72.189148 29.203430 -89.304787
v 72.764107 29.427410 -93.388466
v 71.955986 31.032944 -93.484695
v 73.374550 29.805391 -101.686081
v 72.575020 31.469841 -101.677658
v 73.232162 30.074356 -110.111641
v 72.448349 31.768438 -110.003021
v 72.371437 30.245794 -118.567657
v 71.609489 31.943329 -118.364067
v 70.842407 30.337532 -126.947762
v 70.107422 32.017014 -126.654915
v 68.695152 30.367390 -135.145599
v 67.991119 32.011982 -134.769638
v 65.979706 30.353188 -143.054794
v 65.309540 31.950726 -142.602341
v 62.746128 30.312754 -150.569000
v 62.111675 31.855742 -150.047119
v 59.044476 30.263908 -157.581833
v 58.446480 31.749523 -156.998093
v 54.921535 30.222546 -164.003860
v 54.359936 31.652121 -163.366180
v 25.898106 37.463707 -172.712250
v 28.492064 37.725422 -170.380020
v 29.671528 37.715847 -173.231735
v 34.376205 38.133949 -168.851776
v 35.754200 37.500954 -171.598969
v 40.361649 37.861233 -166.921890
v 41.880333 36.627132 -169.442398
v 46.352489 36.926880 -164.345230
v 47.924496 35.116009 -166.525238
v 52.209957 35.347488 -160.880768
v 53.716923 32.987946 -162.628326
v 56.966808 34.423637 -155.557800
v 57.751663 33.138866 -156.321243
v 60.512756 34.635075 -148.761612
v 61.364639 33.299488 -149.442780
v 63.594917 34.829887 -141.494537
v 64.511749 33.446121 -142.080688
v 66.169853 34.978081 -133.858383
v 67.146240 33.552200 -134.339340
v 68.194107 35.049652 -125.954926
v 69.221367 33.591148 -126.323097
v 69.624237 35.014603 -117.885971
v 70.690384 33.536392 -118.136307
v 70.416809 34.842937 -109.753326
v 71.506531 33.361359 -109.883339
v 70.528366 34.504654 -101.658783
v 71.623085 33.039478 -101.668549
v 69.929512 33.980141 -93.694984
v 71.008194 32.553425 -93.587006
v 70.438881 32.257278 -89.612007
v 71.446129 28.961334 -85.270798
v 36.959061 24.169477 -111.172668
v 37.141003 26.128548 -111.272636
v 37.130733 25.694283 -121.137337
v 37.108727 26.224760 -106.259949
v 37.525993 28.096886 -106.334641
v 38.122295 29.889776 -106.422119
v 38.062416 29.827305 -111.562134
v 37.692268 28.037764 -101.171516
v 38.330299 29.785089 -101.174500
v 37.644047 24.191755 -90.909981
v 37.366577 22.475676 -90.996513
v 37.734894 22.477587 -84.485016
v 38.097950 27.825666 -95.901077
v 38.771381 29.495146 -95.807106
v 20.928909 32.207737 -26.761190
v 25.973402 32.285973 -31.365953
v 24.858505 28.775049 -34.612236
v 30.639452 32.417183 -36.154099
v 39.485081 34.947277 -44.810505
v 45.680981 35.986904 -56.030170
v 15.566383 32.153988 -22.326498
v 6.854242 33.900051 -182.496521
v 6.557693 33.367294 -181.911896
v 9.294039 33.545078 -179.820663
v 5.322784 29.981266 -179.402863
v 5.138759 29.222254 -179.028229
v 8.760845 29.695768 -176.254883
v 4.167295 20.885736 -177.672821
v 4.147623 19.365547 -177.891022
v 4.246443 19.357244 -177.801758
v 4.449869 24.998955 -177.775314
v 4.297067 23.359833 -177.611862
v 8.054660 22.213129 -174.091461
v 4.198362 21.734671 -177.610825
v 5.724900 31.353266 -180.228973
v 7.518700 34.846996 -183.785629
v 8.570782 35.747051 -185.504776
v 8.419654 35.713356 -185.525162
v 8.399891 35.698669 -185.486664
v 6.607533 33.823677 -13.791518
v 7.014528 34.036156 -13.860756
v 9.946239 32.096249 -18.048563
v 7.961656 34.472794 -14.084935
v 8.152513 34.551411 -14.140489
v 9.550006 35.034840 -14.651402
v 11.029464 35.368320 -15.396496
v 5.313169 33.036869 -13.688923
v 9.507071 28.820217 -21.266832
v 5.243028 30.425394 -16.354334
v 9.025028 25.586046 -24.492296
v 5.037081 25.573048 -21.303080
v 8.486384 22.380943 -27.727079
v 4.837216 22.384384 -24.544462
v 50.776344 38.379025 -74.675690
v 50.648506 38.326672 -67.690918
v 48.769051 37.608406 -61.395870
v 46.865795 36.332726 -58.999920
v 47.905602 36.709267 -62.032520
v 49.582508 37.525791 -68.263138
v 53.031799 39.782108 -80.826195
v 53.633465 40.423737 -87.577362
v 53.907021 40.944283 -94.391510
v 52.013920 41.009769 -101.218636
v 50.192043 40.542690 -101.213326
v 50.363579 40.062508 -94.688728
v 48.688805 39.387386 -94.832336
v 48.810005 38.646690 -88.414665
v 45.336460 34.424866 -60.325844
v 46.202938 34.848907 -63.301601
v 47.505402 35.783367 -69.398628
v 48.311760 36.774563 -75.649017
v 48.715473 37.752377 -82.003960
v 51.551754 39.211494 -81.223846
v 51.973389 39.965752 -87.861275
v 52.105900 40.584328 -94.541649
v 42.863857 35.402435 -50.291519
v 40.252403 33.163841 -49.014111
v 35.593521 34.600399 -39.571167
v 34.866642 32.629841 -41.138935
v 44.310913 34.041302 -57.406723
v 41.762783 33.413422 -51.751938
v 42.940281 32.096748 -58.783379
v 44.540474 32.913128 -64.563858
v 45.519287 33.870068 -70.519676
v 45.994526 34.892963 -76.601387
v 46.083996 35.907230 -82.759552
v 45.905506 36.838268 -88.944733
v 45.576862 37.611485 -95.107475
v 38.154118 29.371775 -52.023388
v 40.633705 31.476925 -53.217220
v 29.291336 28.822258 -39.373196
v 33.255001 28.952518 -44.301693
v 36.673298 29.196983 -49.404499
v 38.594555 32.952427 -46.333775
v 37.579491 26.088520 -95.987495
v 38.073631 25.865080 -90.733719
v 36.833462 22.311653 -104.926125
v 36.843746 22.383188 -101.164627
v 36.939392 24.327204 -101.166557
v 36.845413 22.384584 -101.077759
v 37.224751 24.292273 -96.065956
v 37.114990 22.455589 -94.892761
v 37.361492 22.475435 -91.073662
v 38.911961 24.908621 -74.798698
v 37.697472 22.440979 -75.741035
v 38.481846 24.592438 -69.516052
v 37.235222 22.414801 -71.205902
v 37.449524 24.326580 -64.291367
v 39.343964 29.053890 -90.345963
v 39.895020 28.509613 -84.827644
v 38.559395 25.574347 -85.433617
v 40.271538 27.910608 -79.288727
v 38.888325 25.245724 -80.113243
v 40.320507 27.305170 -73.765793
v 39.888901 26.741590 -68.295395
v 38.823711 26.268162 -62.914124
v 37.012455 25.921085 -57.652496
v 37.825260 22.466064 -80.828278
v 37.770782 22.448904 -77.198288
v 27.668688 25.495386 -42.638351
v 31.356247 25.555536 -47.512619
v 34.497070 25.690491 -52.518002
v 36.115353 22.386114 -65.817474
v 34.337334 22.367107 -60.652428
v 35.705387 24.133204 -59.147476
v 34.319294 22.366985 -60.608665
v 34.114876 22.365660 -60.120808
v 32.390480 22.358004 -56.459908
v 23.513088 25.489201 -37.897194
v 21.845394 22.359678 -41.211327
v 18.976002 22.364450 -37.988949
v 20.032715 28.779739 -30.012039
v 18.968149 25.516142 -33.291134
v 17.681299 22.366703 -36.606831
v 14.112562 25.555368 -28.822172
v 13.190372 22.374321 -32.090214
v 12.218334 22.375843 -31.161169
v 14.890168 28.805180 -25.565830
v 28.943148 22.353195 -50.578522
v 25.683603 22.354654 -45.963192
v 24.520514 22.355919 -44.459106
v 39.239353 32.605083 -122.318916
v 41.144829 35.464619 -123.257919
v 38.729908 32.157806 -127.385124
v 40.456978 34.978615 -128.511536
v 37.862740 31.649597 -132.400070
v 39.406349 34.422680 -133.681259
v 36.518795 31.118902 -137.381775
v 37.886272 33.840755 -138.777832
v 34.615139 30.595739 -142.340256
v 35.822483 33.267040 -143.807037
v 32.173622 30.085684 -147.262466
v 33.234730 32.707493 -148.760239
v 29.234991 29.589893 -152.131180
v 30.159721 32.162968 -153.626236
v 25.840004 29.109528 -156.929199
v 26.634178 31.634327 -158.393768
v 22.029415 28.645750 -161.639252
v 22.694805 31.122427 -163.051636
v 17.843977 28.199718 -166.244171
v 18.378319 30.628128 -167.588593
v 13.324444 27.772593 -170.726715
v 13.721427 30.152288 -171.993423
v 8.511570 27.365536 -175.069672
v 4.827461 27.668650 -178.415253
v 38.265133 27.736902 -56.166477
v 39.470020 29.586800 -54.688396
v 40.196815 28.210302 -61.537060
v 41.568958 30.153124 -60.160149
v 41.374001 28.850641 -67.062187
v 42.927677 30.910765 -65.817871
v 41.905483 29.610943 -72.706284
v 43.645531 31.805918 -71.623238
v 41.939953 30.428461 -78.425644
v 43.859104 32.766754 -77.528397
v 41.626106 31.240450 -84.176544
v 43.704987 33.721455 -83.485458
v 41.112625 31.984163 -89.915276
v 43.319759 34.598190 -89.446564
v 40.548206 32.596855 -95.598129
v 42.840015 35.325138 -95.363831
v 40.081539 33.015785 -101.181389
v 42.402328 35.830475 -101.189392
v 39.812164 33.196777 -106.632683
v 42.098648 36.063629 -106.886139
v 39.661400 33.163025 -111.960693
v 41.858967 36.051071 -112.455971
v 39.510155 32.952972 -117.183434
v 41.576591 35.836754 -117.909645
v 37.878136 29.320469 -121.602707
v 37.499290 28.935894 -126.544952
v 36.759670 28.503738 -131.462952
v 35.532089 28.053892 -136.377548
v 33.728516 27.609743 -141.300064
v 31.374575 27.175819 -146.214249
v 28.516376 26.753248 -151.098862
v 25.200045 26.343153 -155.932678
v 21.471693 25.946659 -160.694458
v 17.377441 25.564892 -165.363007
v 12.963406 25.198977 -169.917053
v 8.275707 24.850040 -174.335403
v 4.583657 26.092407 -177.978943
v 8.003385 19.525599 -174.227600
v 12.642115 22.495623 -169.605820
v 12.364371 19.726711 -169.834396
v 13.258967 19.769007 -168.895264
v 16.985979 22.788391 -164.988922
v 16.807880 19.941475 -165.017883
v 21.033363 23.090714 -160.263626
v 19.962025 20.102888 -161.328568
v 24.731369 23.401875 -155.452820
v 25.356216 20.406601 -154.268921
v 28.027103 23.721159 -150.579391
v 27.877968 20.567635 -150.484268
v 30.867670 24.047846 -145.666199
v 37.225433 26.215265 -101.168861
v 37.069569 21.814144 -120.844498
v 36.906403 21.677500 -124.285851
v 36.827312 25.393867 -126.026588
v 36.217316 21.435246 -130.088348
v 36.151112 25.063025 -130.911957
v 34.791149 21.181007 -136.030807
v 34.971729 24.720566 -135.812057
v 32.652840 20.941917 -141.651077
v 33.200176 24.381222 -140.736115
v 30.754320 20.777384 -145.534836
v 29.546717 20.684940 -147.717682
v 9.575154 34.936466 -182.122482
v 25.219688 36.562382 -169.630569
v 20.315409 36.027466 -173.962906
v 15.090022 35.486061 -178.121902
v 37.689610 38.145149 -155.444778
v 33.938419 37.619526 -160.386398
v 29.771235 37.092503 -165.110031
v 47.995045 40.224445 -133.252625
v 46.140720 39.726044 -139.168533
v 43.817509 39.198967 -144.848007
v 40.993183 38.671062 -150.270279
v 49.431343 40.657703 -127.131485
v 50.500496 40.989342 -120.836311
v 51.253387 41.182884 -114.398315
v 51.740902 41.201851 -107.848686
v 53.901382 41.295971 -101.224091
v 44.902054 38.408184 -107.176964
v 48.142704 40.148304 -107.499657
v 44.576141 38.406818 -113.035576
v 47.733944 40.145634 -113.687149
v 44.147377 38.194012 -118.773918
v 47.147137 39.939842 -119.756172
v 43.525017 37.815575 -124.391701
v 46.310371 39.574436 -125.692230
v 42.618317 37.317318 -129.888641
v 45.151737 39.092930 -131.480850
v 41.336533 36.745064 -135.264435
v 43.599312 38.538826 -137.107544
v 39.588940 36.144615 -140.518829
v 41.581207 37.955631 -142.557846
v 37.312981 35.551476 -145.650742
v 39.049065 37.376877 -147.821701
v 34.527817 34.971302 -150.656967
v 36.022804 36.807171 -152.902023
v 31.267351 34.404350 -155.533875
v 32.534657 36.245911 -157.803986
v 27.565489 33.850872 -160.277832
v 28.616867 35.692490 -162.532791
v 23.456133 33.311131 -164.885223
v 24.301672 35.146301 -167.093658
v 18.973186 32.785381 -169.352417
v 19.621307 34.606743 -171.491791
v 14.150553 32.273888 -173.675766
v 14.608018 34.073204 -175.732391
v 9.022135 31.776897 -177.851669
v 6.219984 32.655785 -181.236694
v 48.445335 39.904346 -101.208160
v 45.215870 38.152290 -101.198364
v 37.092541 21.986525 -116.176727
v 36.976131 22.151382 -111.104599
v 36.973381 22.154245 -111.008324
v 57.586182 21.903496 -163.427673
v 70.595665 20.911606 -133.793259
v 74.664597 20.473848 -108.432129
v 65.035812 21.385643 -149.527298
v 68.072693 21.137707 -141.841812
v 61.526672 21.644457 -156.753387
v 53.240891 22.157965 -169.533020
v 48.504333 22.408373 -175.120499
v 48.362076 20.802458 -175.052612
v 43.230648 21.102186 -180.192947
v 70.448341 10.347904 -99.964943
v 69.222527 9.002254 -99.980400
v 69.388298 8.735831 -107.881523
v 70.606758 10.105603 -107.985916
v 68.944466 8.696921 -115.864983
v 70.127228 10.078606 -116.089676
v 67.912453 8.848379 -123.838127
v 69.036896 10.231688 -124.180115
v 66.313713 9.153022 -131.708282
v 67.362923 10.529593 -132.161102
v 64.169701 9.573668 -139.382736
v 62.372688 11.418836 -147.410248
v 61.501854 10.073133 -146.768829
v 58.331623 10.614236 -153.773865
v 59.110744 11.939658 -154.486130
v 54.680710 11.160750 -160.308731
v 55.373863 12.465175 -161.071808
v 50.575703 11.694965 -166.353394
v 62.085777 21.235474 -52.674595
v 64.164024 18.596327 -60.814583
v 63.436317 17.392963 -61.321728
v 66.460594 16.819269 -68.520943
v 74.067162 20.485584 -91.463226
v 69.741707 17.700487 -75.707626
v 69.022202 16.254326 -76.014595
v 70.109802 15.987873 -79.861290
v 67.834610 9.839410 -88.436646
v 67.089516 10.209147 -84.686005
v 64.512558 7.971625 -85.197098
v 12.280085 9.279220 -16.204649
v 14.914804 12.634439 -14.480976
v 12.167664 13.596501 -11.546065
v 15.346461 18.066700 -198.345276
v 15.466225 19.722969 -198.837830
v 18.928858 19.550707 -196.882263
v 15.531053 22.307163 -199.236954
v 15.530664 22.400433 -199.243225
v 19.260263 22.247208 -197.202423
v 15.525433 21.434160 -199.150940
v 14.391809 12.751223 -195.225662
v 14.521312 13.194332 -195.600403
v 18.151579 14.610763 -194.788300
v 14.687391 13.839533 -196.099991
v 14.998177 15.369057 -197.098572
v 13.541298 10.699805 -193.039444
v 14.096565 11.894710 -194.415924
v 17.713243 12.495668 -193.097244
v 12.797600 9.647901 -191.434265
v 13.167235 10.109065 -192.202515
v 17.246805 10.702728 -191.031921
v 11.663454 8.765204 -189.348679
v 12.355565 9.221569 -190.579208
v 16.756035 9.296118 -188.633713
v 49.560379 6.292682 -60.661194
v 51.784389 7.922544 -60.583035
v 47.689999 6.714745 -56.046982
v 49.138058 8.627661 -54.692467
v 47.053654 6.837515 -54.658905
v 49.800552 6.230928 -61.323933
v 49.981472 6.183129 -61.835747
v 54.028534 7.142547 -66.714844
v 51.593773 5.701795 -66.977295
v 51.831051 5.621283 -67.842712
v 52.937702 6.354954 -67.277466
v 52.063927 5.539436 -68.726349
v 54.592739 5.655840 -73.548592
v 59.727863 3.591346 -107.123062
v 61.457870 4.287157 -100.069519
v 59.644325 3.813069 -100.089264
v 60.958866 4.769912 -92.977524
v 59.227745 4.241593 -93.138367
v 60.073238 5.435355 -86.015518
v 58.470100 4.837193 -86.299667
v 58.801388 6.228842 -79.208092
v 58.371376 7.930670 -72.102295
v 60.198238 7.008699 -78.822701
v 61.619637 6.161911 -85.736633
v 62.623371 5.449383 -92.820396
v 43.581451 11.677516 -42.193577
v 41.690048 7.601828 -45.200802
v 47.253456 11.195251 -47.626350
v 43.446590 7.391833 -47.960228
v 44.922630 7.188956 -50.502293
v 46.079849 9.214541 -49.065792
v 43.952690 7.325330 -48.806160
v 39.575142 12.027571 -37.023010
v 35.245560 12.269408 -32.096867
v 34.077091 8.265018 -35.403793
v 36.321674 8.100482 -38.012230
v 39.186523 7.856541 -41.652153
v 40.372459 7.741537 -43.283848
v 20.427313 12.585545 -18.607206
v 16.184025 9.140002 -19.101820
v 20.965176 8.953901 -22.898092
v 25.660624 12.524403 -22.906744
v 24.757795 8.788193 -26.148088
v 30.603712 12.427022 -27.397371
v 28.039709 8.626656 -29.171173
v 31.838877 8.410982 -32.974762
v 50.580135 10.556952 -53.339024
v 53.550114 9.763870 -59.336781
v 56.151264 8.868752 -65.599098
v 55.882717 6.336061 -73.062096
v 57.359165 5.551480 -79.598976
v 68.442551 9.509970 -92.237946
v 62.831886 8.853133 -78.070976
v 65.212296 11.039241 -77.348946
v 60.708843 9.809677 -71.163811
v 62.859768 11.939701 -70.251106
v 58.176323 10.778396 -64.498695
v 60.080799 12.849979 -63.416847
v 55.267212 11.696425 -58.098709
v 56.924252 13.709526 -56.870525
v 52.014397 12.500902 -51.986942
v 53.439007 14.457796 -50.636497
v 48.448479 13.135786 -46.183186
v 49.669975 15.040849 -44.735516
v 45.629986 15.458559 -39.159039
v 69.644470 10.818590 -92.106026
v 70.727982 12.227719 -91.980461
v 70.083588 12.504875 -88.067924
v 69.291138 12.817299 -84.208305
v 72.763649 20.583914 -83.192490
v 72.331009 18.916756 -83.372795
v 71.414917 19.048639 -79.362846
v 70.356071 19.192221 -75.412590
v 70.859329 20.723835 -75.130135
v 68.408623 20.889580 -67.324287
v 57.636459 20.388981 -46.597866
v 61.420628 20.125298 -53.262512
v 64.841530 19.821363 -60.314896
v 67.188980 18.143887 -68.111511
v 65.465965 21.065382 -59.823067
v 67.839798 19.502047 -67.712440
v 60.012394 17.934645 -54.450714
v 56.251877 18.403551 -47.941673
v 52.212563 18.763361 -41.823524
v 53.543743 20.590214 -40.357647
v 47.909660 19.013920 -36.085724
v 43.337639 19.172682 -30.698488
v 38.490814 19.257217 -25.631924
v 16.242048 19.204552 -7.974368
v 15.537942 15.959024 -11.234464
v 22.244810 19.241196 -12.057253
v 21.264605 15.983141 -15.344218
v 27.950075 19.273903 -16.341208
v 26.702833 15.999249 -19.641174
v 33.363522 19.285101 -20.856133
v 31.855558 15.981096 -24.148235
v 36.725708 15.902431 -28.888300
v 41.316208 15.737002 -33.884266
v 50.922989 16.915140 -43.282555
v 54.852108 16.425917 -49.287979
v 58.509792 15.792494 -55.653957
v 61.841766 15.062002 -62.356785
v 64.788803 14.287359 -69.368660
v 67.291672 13.521485 -76.661774
v 68.358040 13.158374 -80.405098
v 11.691566 22.200104 -1.770585
v 52.592762 17.305069 -168.886627
v 52.203289 15.792516 -168.419846
v 47.074009 14.820496 -173.455597
v 71.686852 11.594671 -108.082626
v 71.542961 11.805665 -99.950432
v 72.496864 13.366064 -99.936920
v 71.684448 13.728917 -91.861687
v 72.505226 15.313744 -91.750145
v 71.859192 15.512486 -87.733284
v 70.023987 11.736841 -124.489838
v 71.169853 11.582595 -116.295319
v 72.062416 13.198365 -116.480606
v 72.618668 13.192874 -108.171104
v 73.392273 14.890054 -108.250816
v 73.300568 15.019630 -99.924484
v 73.944565 16.756893 -99.913185
v 73.181694 16.973757 -91.646248
v 73.705215 18.700518 -91.550476
v 73.096909 18.799679 -87.437103
v 71.058090 15.738895 -83.768921
v 53.115925 20.496714 -169.449493
v 52.898430 18.876108 -169.231934
v 47.854839 17.705793 -174.506546
v 31.901278 21.684847 -189.300446
v 25.736450 21.968409 -193.375214
v 43.389584 22.655420 -180.243607
v 37.738197 21.396212 -184.924286
v 65.132462 10.937061 -139.936523
v 65.973816 12.413780 -140.429550
v 68.281288 12.024779 -132.567490
v 69.059814 13.628058 -132.924301
v 70.864113 13.353210 -124.765121
v 71.547691 15.070168 -125.003769
v 72.794968 14.915388 -116.644241
v 73.357582 16.723139 -116.784897
v 73.997749 16.676048 -108.321243
v 74.425163 18.540701 -108.381859
v 74.419350 18.568378 -99.903084
v 74.715439 20.444618 -99.894249
v 57.475643 20.184637 -163.329773
v 56.928879 16.894243 -162.762192
v 57.254780 18.511816 -163.105942
v 61.193386 18.139498 -156.416885
v 61.424255 19.866192 -156.642181
v 64.933228 19.548862 -149.404968
v 15.232190 16.986214 -197.916397
v 18.558041 16.983833 -196.063766
v 24.864994 16.579504 -192.107590
v 25.336937 19.203568 -192.994659
v 30.897505 16.160595 -187.918259
v 31.456165 18.845301 -188.865982
v 36.628132 15.727518 -183.446213
v 37.263950 18.476114 -184.443527
v 42.029446 15.280682 -178.641830
v 42.737705 18.096209 -179.674606
v 73.933258 20.568722 -116.992119
v 59.792747 13.364455 -155.112137
v 63.133617 12.871215 -147.977341
v 63.777397 14.420341 -148.465240
v 66.685562 13.993553 -140.857788
v 67.259514 15.666104 -141.217178
v 69.689514 15.328904 -133.228409
v 70.161392 17.116795 -133.476700
v 72.065109 16.877087 -125.203575
v 72.406769 18.763336 -125.362366
v 73.740326 18.611092 -116.901291
v 72.563072 20.718292 -125.477928
v 51.190399 12.978544 -167.146942
v 55.983131 13.861709 -161.739090
v 60.371368 14.879068 -155.646301
v 64.296761 16.056278 -148.869064
v 67.687477 17.421164 -141.503693
v 70.466431 18.981203 -133.666016
v 24.327635 14.160909 -190.757629
v 30.236431 13.696171 -186.503296
v 35.846802 13.216877 -181.980515
v 41.127583 12.723358 -177.144470
v 46.047604 12.215944 -171.950363
v 51.734379 14.347368 -167.837875
v 56.503235 15.341136 -162.304581
v 60.840336 16.473936 -156.083069
v 64.684464 17.769096 -149.183945
v 67.961273 19.248455 -141.713242
v 32.790367 7.777227 -175.255692
v 37.477585 7.278167 -170.363312
v 34.503525 6.588524 -169.251312
v 32.590580 6.782765 -171.344940
v 31.587612 6.882948 -172.398941
v 27.750080 8.279040 -179.915817
v 28.397316 7.195563 -175.578781
v 22.393160 8.784904 -184.367264
v 21.159922 7.882358 -182.023224
v 16.499565 8.316350 -185.748001
v 45.647125 6.283110 -159.787308
v 41.297897 5.848767 -160.640457
v 41.775314 6.780560 -165.215057
v 39.621281 6.040806 -162.976089
v 37.174999 6.308664 -166.115021
v 49.056587 5.784517 -154.056442
v 44.916142 5.400471 -154.903061
v 44.024094 5.516346 -156.424835
v 23.084705 10.198915 -186.843811
v 23.731867 12.012482 -188.988495
v 28.651583 9.689949 -182.456009
v 29.484079 11.517474 -184.667191
v 33.911858 9.175279 -177.837021
v 34.936020 11.010646 -180.094711
v 38.829933 8.654346 -172.955368
v 40.053841 10.491995 -175.232361
v 43.370228 8.126597 -167.779480
v 44.803665 9.961519 -170.041458
v 47.497150 7.591479 -162.277924
v 49.151653 9.419217 -164.483337
v 51.175125 7.048437 -156.419159
v 53.063934 8.865088 -158.519333
v 54.369270 6.497527 -150.173386
v 51.968300 5.284009 -148.000198
v 47.753796 4.997334 -149.395081
v 46.750645 5.147046 -151.479431
v 54.375317 4.795369 -141.633240
v 50.565960 4.515026 -142.319656
v 49.354313 4.735703 -145.637711
v 57.774639 3.973899 -128.191391
v 53.879520 3.780983 -129.243439
v 56.302071 4.348442 -135.011093
v 52.683838 4.071565 -134.964920
v 51.449566 4.339810 -139.548187
v 58.819080 3.702421 -121.231735
v 54.895618 3.507657 -122.318962
v 54.278866 3.676364 -126.856987
v 53.170719 5.105911 -73.509521
v 53.827126 4.805248 -76.987625
v 55.877533 4.982307 -79.994705
v 55.060612 4.098358 -86.227249
v 56.817646 4.374575 -86.588463
v 55.735909 3.533743 -96.549286
v 57.438641 3.872864 -93.302505
v 55.832619 3.409598 -100.130142
v 57.766075 3.517393 -100.109489
v 55.828594 3.285024 -108.107864
v 57.818813 3.341112 -106.979584
v 55.629795 3.309544 -113.538048
v 59.461472 3.564676 -114.189751
v 55.526806 3.334265 -115.288689
v 55.332550 3.385857 -117.925461
v 58.302517 6.775416 -144.447556
v 57.064648 5.955750 -143.557724
v 60.634823 6.266173 -137.397400
v 59.268307 5.458813 -136.641129
v 62.471031 5.840251 -130.102463
v 60.988430 5.043387 -129.495178
v 63.811035 5.535796 -122.640594
v 62.233192 4.746145 -122.191528
v 64.654732 5.390959 -115.089622
v 63.010792 4.603755 -114.801765
v 65.002045 5.443884 -107.527412
v 66.415283 6.685171 -100.013870
v 66.576012 6.394811 -107.651733
v 66.198288 6.342571 -115.363655
v 65.289925 6.489806 -123.066177
v 63.858780 6.797827 -130.675827
v 61.912689 7.227950 -138.109131
v 59.459511 7.741490 -145.282608
v 56.507088 8.299764 -152.112778
v 53.908974 9.957649 -159.455887
v 57.461647 9.397751 -152.980896
v 60.528374 8.844040 -146.057983
v 63.093712 8.333873 -138.772263
v 65.142670 7.905592 -131.212143
v 66.660263 7.597542 -123.466087
v 67.631508 7.448068 -115.622543
v 68.041412 7.495513 -107.769951
v 67.875008 7.778185 -99.996735
v 67.130844 8.310298 -92.375786
v 63.329407 4.652889 -107.397499
v 64.852852 5.732680 -100.031761
v 65.717987 7.228016 -92.519096
v 61.568039 4.031990 -107.262543
v 63.197212 4.930185 -100.050331
v 64.212624 6.271564 -92.667442
v 11.897711 18.974360 -5.477604
v 42.749535 5.516017 -152.203064
v 47.678589 4.644446 -140.311203
v 45.509342 5.080897 -146.362534
v 51.251358 3.625147 -121.148239
v 51.717590 3.497280 -114.524673
v 48.172009 4.451863 -113.800087
v 45.079842 6.259468 -107.153610
v 45.223885 6.625010 -101.094643
v 42.410629 8.945961 -101.090263
v 41.015926 7.284022 -141.789413
v 38.787956 7.620381 -147.288239
v 40.692017 6.276136 -149.645233
v 34.472912 9.721919 -150.491257
v 31.325781 9.940790 -155.726227
v 32.634773 8.247422 -158.001648
v 18.967936 19.221216 -33.282974
v 23.515228 19.235605 -37.886242
v 31.360565 19.158400 -47.492340
v 37.631084 20.758986 -90.822395
v 38.042797 19.083652 -90.635864
v 38.524982 19.383101 -85.340118
v 9.022554 19.176857 -24.488798
v 4.526609 17.540127 -178.221542
v 4.701228 16.637079 -178.514359
v 8.275854 16.896990 -175.111969
v 6.246650 11.906500 -181.304779
v 6.756114 11.012641 -182.208588
v 9.176898 10.923676 -180.181107
v 6.885416 10.817626 -182.434570
v 7.568613 9.962936 -183.605515
v 9.498606 9.699676 -182.462173
v 8.351507 9.282729 -184.905838
v 8.838723 8.991755 -185.699738
v 9.827734 8.924027 -184.931900
v 11.138044 8.775785 -189.509476
v 11.434721 8.777627 -189.464325
v 10.373755 8.638645 -188.202255
v 5.711724 13.112059 -180.336182
v 5.048013 15.168885 -179.127167
v 5.485775 13.728173 -179.923569
v 8.864566 12.557148 -178.152924
v 4.280137 19.106171 -177.847122
v 6.335482 11.099251 -13.755177
v 5.313246 11.735290 -13.689705
v 9.948416 12.671872 -18.047955
v 5.241946 14.345613 -16.353779
v 9.507462 15.944842 -21.264971
v 5.016190 19.513453 -21.623167
v 4.832505 22.384388 -24.540451
v 10.969324 9.413487 -15.360142
v 9.600326 9.722694 -14.672240
v 9.356820 9.794315 -14.568982
v 7.978940 10.291897 -14.089639
v 6.629016 10.936747 -13.795115
v 15.575732 12.609275 -22.327406
v 36.942669 20.441942 -101.078789
v 37.560829 18.802406 -95.890701
v 37.230072 18.555202 -101.079994
v 38.886059 19.973249 -74.724373
v 38.856400 19.684912 -80.028076
v 38.462971 20.232277 -69.453629
v 37.436142 20.446152 -64.240471
v 35.695114 20.603535 -59.106468
v 34.499226 19.030647 -52.490047
v 27.672670 19.220694 -42.623550
v 42.757469 9.538295 -95.225296
v 45.477295 7.235229 -94.956505
v 43.192200 10.307162 -89.292412
v 48.452438 4.873037 -101.099380
v 48.575508 5.439248 -94.670021
v 46.791046 5.673105 -101.096970
v 46.983433 6.269556 -94.815262
v 40.643314 13.279280 -53.185329
v 39.476593 15.163539 -54.654633
v 42.922108 12.681318 -58.728058
v 41.552853 14.624219 -60.105812
v 44.481377 11.895790 -64.477852
v 42.877827 13.904946 -65.736900
v 45.414429 10.972166 -70.400772
v 43.557636 13.051454 -71.513855
v 45.850906 9.977373 -76.453461
v 43.738895 12.125893 -77.393929
v 45.920444 8.978336 -82.592552
v 43.568211 11.190412 -83.334366
v 45.752697 8.041979 -88.774689
v 50.182369 5.463092 -87.950378
v 50.244869 4.752903 -94.521248
v 50.198475 4.234402 -101.101860
v 51.351929 5.607555 -81.031624
v 51.786541 4.850900 -87.665474
v 51.982864 4.219113 -94.369339
v 52.019558 3.766792 -101.104408
v 49.453197 7.277082 -68.129311
v 50.600368 6.434480 -74.506622
v 51.872738 5.729862 -74.009567
v 52.827267 5.017748 -80.629242
v 53.442253 4.374539 -87.376572
v 53.780827 3.846476 -94.214760
v 53.906101 3.479799 -101.107002
v 45.657379 8.790932 -55.973045
v 47.831753 8.080765 -61.938511
v 48.637100 6.203847 -88.230652
v 48.530560 7.102098 -81.823158
v 48.149246 8.069268 -75.489479
v 47.386517 9.040624 -69.271530
v 46.135719 9.951431 -63.211227
v 44.290215 10.736957 -57.350479
v 41.773926 11.349035 -51.721539
v 14.895075 15.950867 -25.563801
v 14.110479 19.195606 -28.816303
v 42.874897 9.366490 -50.262180
v 38.168194 15.369522 -51.997528
v 36.692654 15.537892 -49.385132
v 40.274166 11.593245 -48.993404
v 38.623844 11.800782 -46.320854
v 39.515999 9.816287 -44.799778
v 34.903088 12.119475 -41.136597
v 33.279240 15.776299 -44.291622
v 29.314562 15.907782 -39.368423
v 30.674774 12.332394 -36.156944
v 26.002033 12.466814 -31.370079
v 24.876835 15.961356 -34.609840
v 20.044270 15.966044 -30.010199
v 20.947979 12.550015 -26.764174
v 14.303505 10.731515 -175.589645
v 14.827864 9.409455 -177.892532
v 19.129177 10.540279 -170.827377
v 19.852123 9.122358 -173.147400
v 23.606434 10.346836 -165.915344
v 24.525373 8.835146 -168.241058
v 27.687794 10.148051 -160.874603
v 28.801596 8.544580 -163.187729
v 30.004381 7.417096 -165.747421
v 25.505337 7.789061 -170.798920
v 20.612928 8.162101 -175.683685
v 15.372083 8.539373 -180.396439
v 37.081715 9.488305 -145.190750
v 35.978901 7.940435 -152.697067
v 39.104698 9.236814 -139.845764
v 40.516594 8.969511 -134.473038
v 41.406242 8.715190 -129.066956
v 42.637161 6.933764 -136.212799
v 43.168293 5.876947 -143.979568
v 50.105053 3.951104 -107.655067
v 48.339184 4.551679 -107.481873
v 31.274570 6.813769 -168.488297
v 26.531185 7.253572 -173.523224
v 21.401993 7.701864 -178.370789
v 15.931028 8.161570 -183.036545
v 10.162328 8.635616 -187.526108
v 9.217736 8.827540 -186.313522
v 35.588116 6.379526 -163.260345
v 34.065128 7.043056 -160.534454
v 37.642654 6.663788 -155.165298
v 39.427780 5.947918 -157.833801
v 50.473511 3.882006 -127.673935
v 47.854939 4.533619 -120.041237
v 44.971104 6.115012 -113.127922
v 42.250828 8.574948 -106.854256
v 49.307953 4.233295 -134.071625
v 46.387230 5.081961 -132.241211
v 47.292000 4.756976 -126.192535
v 44.409138 6.326504 -124.829422
v 44.785069 6.150929 -119.019287
v 42.120480 8.394937 -118.103767
v 42.195923 8.403728 -112.521179
v 45.044643 5.468609 -138.174484
v 43.730701 6.601021 -130.560028
v 41.899063 8.511211 -123.614784
v 51.948292 3.532974 -107.833351
v 53.858829 3.307462 -108.016014
v 12.900970 17.006516 -170.535553
v 31.265392 17.535973 -146.069641
v 28.414240 17.436583 -151.087204
v 25.096148 17.332720 -156.068619
v 21.367189 17.225603 -160.987839
v 17.283440 17.116463 -165.818817
v 37.005486 20.142248 -111.100388
v 37.151520 18.353657 -106.186798
v 37.235199 18.193268 -111.223427
v 37.347034 17.962563 -121.163460
v 37.104065 17.875546 -126.105507
v 36.481098 17.796284 -131.054672
v 35.342590 17.716433 -136.030258
v 33.593533 17.629663 -141.041977
v 38.267300 17.008125 -56.130531
v 37.008957 18.819351 -57.614117
v 40.182243 16.565857 -61.483776
v 38.810078 18.506435 -62.861980
v 41.334175 15.970009 -66.986870
v 39.859520 18.082083 -68.226280
v 41.836842 15.258233 -72.607605
v 40.272751 17.572250 -73.678833
v 41.846775 14.481923 -78.306274
v 40.208088 17.012564 -79.185860
v 41.520477 13.692469 -84.043190
v 39.823864 16.438650 -84.713577
v 41.014477 12.941259 -89.778625
v 39.278385 15.886134 -90.228172
v 40.485283 12.279688 -95.472908
v 38.729988 15.390644 -95.695869
v 40.089420 11.759142 -101.086327
v 38.336987 14.987806 -101.082870
v 39.932728 11.416733 -106.589539
v 38.206100 14.703433 -106.365143
v 39.927517 11.235009 -111.992851
v 38.246925 14.525856 -111.555931
v 39.835922 11.231712 -122.578789
v 38.293865 14.408624 -121.751617
v 39.481735 11.349189 -127.800919
v 38.025051 14.427734 -126.800804
v 38.743420 11.505447 -133.002167
v 37.378098 14.471172 -131.847061
v 37.487087 11.670015 -138.202271
v 36.215565 14.518324 -136.912552
v 35.617653 11.819459 -143.411438
v 34.440136 14.553394 -142.008957
v 33.161072 11.952298 -148.610001
v 32.079773 14.575629 -147.115402
v 30.166872 12.071327 -153.772491
v 29.186783 14.587203 -152.204712
v 26.684563 12.179343 -158.873444
v 25.813486 14.590288 -157.249649
v 22.763660 12.279139 -163.887436
v 22.012199 14.587059 -162.223038
v 18.453684 12.373507 -168.788986
v 17.835239 14.579688 -167.097672
v 13.804147 12.465247 -173.552628
v 13.334924 14.570348 -171.846329
v 8.563566 14.561213 -176.441818
v 0.963008 17.096548 -187.753860
v 1.256092 15.860847 -188.194946
v 1.165257 16.123812 -187.950821
v 0.846989 18.598011 -187.486847
v 1.045603 23.669643 -192.398605
v 1.425624 23.956738 -193.747559
v 1.429616 22.681904 -193.778275
v 2.248598 24.326874 -195.470352
v 3.089330 24.582176 -196.652023
v 3.109700 22.478380 -196.742920
v 4.416093 24.868473 -197.972946
v 5.644299 25.056147 -198.837036
v 5.691422 22.325418 -198.971039
v 10.881209 8.771696 -189.510361
v 9.495106 9.200248 -190.586868
v 9.334069 8.884297 -189.486267
v 8.998822 8.940245 -189.474289
v 12.286361 22.234514 -200.295227
v 12.403998 25.340988 -200.147278
v 13.912276 25.264469 -199.795319
v 10.595056 25.366278 -200.263611
v 12.151229 25.348766 -200.183075
v 12.191356 25.347626 -200.177811
v 8.873931 22.240845 -200.203003
v 9.052728 25.332405 -200.107803
v 7.305505 25.228983 -199.632080
v 8.743555 25.319324 -200.047653
v 8.801597 25.321945 -200.059692
v 5.683653 25.061224 -198.860397
v 5.902329 25.088493 -198.985840
v 3.145543 24.596708 -196.719177
v 3.310144 24.637817 -196.909058
v 1.472909 23.984110 -193.875473
v 1.563500 24.033564 -194.106354
v 0.856999 23.351284 -190.878586
v 0.847007 23.266090 -190.464645
v 1.296036 16.098921 -189.060349
v 2.788908 12.765528 -188.657516
v 2.532492 13.124097 -188.581299
v 2.450024 13.414345 -189.073517
v 2.393243 13.334190 -188.536682
v 1.669795 14.678087 -188.252426
v 5.085300 10.559866 -189.127899
v 4.835537 10.737993 -189.089844
v 4.331055 11.386065 -189.801895
v 4.632621 10.891497 -189.057068
v 4.133034 11.306405 -188.968475
v 3.496158 11.924733 -188.836578
v 7.970875 9.185198 -189.421860
v 7.815927 9.232088 -189.411835
v 6.745265 9.941978 -190.320496
v 7.572318 9.311318 -189.394867
v 6.395664 9.794879 -189.291443
v 6.150452 9.918367 -189.265030
v 10.180806 9.887060 -192.318985
v 10.502408 10.390816 -193.231628
v 10.987044 11.474422 -194.757751
v 1.315318 16.309063 -189.550797
v 1.345085 16.813665 -190.415253
v 1.368877 17.444454 -191.207932
v 1.378443 17.779814 -191.553391
v 1.396771 18.615795 -192.259323
v 1.410964 19.541742 -192.847916
v 1.418023 20.174614 -193.157578
v 1.425517 21.154915 -193.509796
v 1.429259 22.168402 -193.724899
v 3.108357 21.770006 -196.669052
v 3.094258 20.385561 -196.372437
v 3.066004 19.063919 -195.891068
v 3.039368 18.219282 -195.470810
v 2.985761 16.994190 -194.676300
v 2.916411 15.897057 -193.725861
v 2.880163 15.458767 -193.260117
v 2.789850 14.636537 -192.185944
v 2.676533 13.981315 -190.998520
v 2.602942 13.710626 -190.313202
v 5.688698 21.470522 -198.882248
v 5.660082 19.805904 -198.529236
v 5.602675 18.223295 -197.959885
v 5.548481 17.214140 -197.464340
v 5.439193 15.751251 -196.528915
v 5.297377 14.438369 -195.409012
v 5.223058 13.911787 -194.858917
v 5.037313 12.917206 -193.584305
v 4.803091 12.112194 -192.161026
v 4.650295 11.772513 -191.329910
v 8.869775 21.304825 -200.106735
v 8.826092 19.483019 -199.730652
v 8.738315 17.748751 -199.127762
v 8.655272 16.639700 -198.603653
v 8.487280 15.023654 -197.613388
v 8.268250 13.558805 -196.423920
v 8.153001 12.964995 -195.837418
v 7.863567 11.826962 -194.471024
v 7.495794 10.876786 -192.929367
v 7.254207 10.458655 -192.019135
v 12.281116 21.292215 -200.199936
v 12.225942 19.454264 -199.837631
v 12.114789 17.694487 -199.261307
v 12.009288 16.560755 -198.760239
v 11.794845 14.891409 -197.810501
v 11.513232 13.351859 -196.662704
v 11.364150 12.717223 -196.093491
v 6.938368 35.226639 -185.624954
v 5.033667 34.179516 -185.839294
v 5.376625 34.409420 -185.792282
v 4.968072 34.188240 -186.268692
v 5.563198 34.526119 -185.768402
v 2.821195 32.049091 -186.273315
v 2.932495 32.193302 -186.244049
v 3.242275 32.601440 -186.436661
v 3.839807 33.196331 -186.040024
v 1.936600 30.657883 -186.642410
v 1.876006 30.529020 -186.579803
v 2.670820 31.845028 -186.314667
v 0.922594 27.373646 -187.183807
v 1.228879 28.872805 -186.906586
v 1.180474 28.693016 -187.471878
v 1.301776 29.113960 -186.859802
v 0.846985 26.148251 -187.371094
v 1.406227 24.993942 -193.266968
v 3.062673 24.697721 -196.581940
v 3.021487 26.270662 -195.902573
v 5.595903 25.367809 -198.712067
v 8.727947 25.746672 -199.916412
v 12.101636 25.791103 -200.057648
v 8.123532 35.724682 -188.113968
v 7.018650 35.330624 -186.147751
v 8.722721 35.699192 -189.318268
v 9.427744 35.390579 -190.925552
v 9.898325 34.961758 -192.140640
v 10.448695 34.142563 -193.732910
v 10.892350 33.127945 -195.168503
v 11.276938 31.861883 -196.536972
v 1.392379 25.918306 -192.699554
v 2.969155 27.500629 -195.132339
v 1.383107 26.380430 -192.343063
v 2.934072 28.113895 -194.647995
v 1.363324 27.128298 -191.628784
v 2.859104 29.102774 -193.676086
v 1.339199 27.759251 -190.832336
v 2.767471 29.932627 -192.587738
v 1.312072 28.228077 -190.030472
v 2.664155 30.545382 -191.481079
v 1.279393 28.560850 -189.195404
v 2.539308 30.974888 -190.306168
v 1.252249 28.699808 -188.608292
v 2.435280 31.146858 -189.455795
v 1.212851 28.747662 -187.916428
v 2.283765 31.182806 -188.407486
v 2.158783 31.073360 -187.689240
v 1.366761 29.311825 -186.821167
v 11.585401 30.432941 -197.731537
v 11.727843 29.573360 -198.319138
v 11.938073 27.889971 -199.245377
v 8.599365 27.804457 -199.068863
v 8.435008 29.433584 -198.104233
v 8.324212 30.254944 -197.494858
v 8.085801 31.598434 -196.263809
v 7.791344 32.755951 -194.868057
v 7.455311 33.646881 -193.422607
v 7.043554 34.319996 -191.845352
v 6.695700 34.633556 -190.663361
v 6.181309 34.790577 -189.135040
v 5.750089 34.710499 -188.021362
v 5.512060 27.243782 -197.911423
v 5.405279 28.716604 -197.001892
v 5.333539 29.453274 -196.428909
v 5.179819 30.645941 -195.276184
v 4.991160 31.654705 -193.978607
v 4.777429 32.409451 -192.647995
v 4.517731 32.951591 -191.215714
v 4.300151 33.179703 -190.159836
v 3.981326 33.247475 -188.823853
v 3.716626 33.124802 -187.876572
v 5.913538 10.235990 -185.154968
v 1.948424 20.040756 -180.676392
v 2.132386 19.895357 -180.363220
v 2.068446 19.987219 -180.455505
v 0.847045 21.108606 -185.084412
v 2.646945 12.898249 -187.984253
v 7.398921 9.239907 -188.171494
v 4.741722 10.704756 -188.096527
v 1.307560 15.618318 -187.845047
v 1.003763 20.005693 -183.675552
v 0.979037 20.735485 -183.543854
v 1.350122 20.378359 -182.069626
v 1.469268 19.301857 -182.118622
v 2.228872 18.642881 -180.660919
v 3.093338 19.473238 -179.017410
v 2.919089 19.679142 -179.184525
v 3.956908 19.407219 -178.062912
v 1.011739 19.536316 -183.859390
v 1.027744 18.803583 -184.216537
v 1.048267 18.119699 -184.640823
v 1.059004 17.837215 -184.846649
v 1.084834 17.299618 -185.298492
v 1.500661 18.702726 -182.322586
v 1.563573 17.743246 -182.731827
v 1.644096 16.814137 -183.238434
v 1.686159 16.418335 -183.492233
v 1.787153 15.640080 -184.069565
v 2.297608 17.925016 -180.888794
v 2.435067 16.761024 -181.356522
v 2.610455 15.615911 -181.951309
v 2.701822 15.122468 -182.255249
v 2.920498 14.142394 -182.960510
v 3.258752 18.049435 -179.348160
v 3.376313 17.228821 -179.605286
v 3.610717 15.892435 -180.140305
v 3.908434 14.573263 -180.831329
v 4.062918 14.004573 -181.188141
v 4.430951 12.877812 -182.024063
v 4.874851 11.832117 -182.999115
v 3.186199 13.224398 -183.773895
v 1.910483 14.919419 -184.717163
v 1.116469 16.825815 -185.778046
v 5.355283 10.973557 -184.014465
v 3.476254 12.455765 -184.614258
v 2.045912 14.319330 -185.368362
v 1.151326 16.450811 -186.230865
v 3.816688 11.771150 -185.556168
v 2.205943 13.782063 -186.081726
v 1.192678 16.129684 -186.695267
v 6.541651 9.661921 -186.415833
v 4.204310 11.201178 -186.604553
v 2.389620 13.324202 -186.864868
v 1.240359 15.863951 -187.176254
v 2.683544 31.485836 -185.219391
v 1.066294 21.274796 -183.017639
v 2.763694 20.998598 -179.223282
v 1.714688 21.130209 -181.031326
v 1.317157 28.960617 -186.296555
v 1.264569 28.474087 -185.714859
v 4.817622 33.511459 -184.355331
v 1.068469 21.776922 -182.987213
v 1.075396 22.732435 -183.006638
v 1.086171 23.685472 -183.128525
v 1.095656 24.313049 -183.266830
v 1.113066 25.202488 -183.547195
v 1.135535 26.056961 -183.919037
v 1.148947 26.464941 -184.136414
v 1.178600 27.185112 -184.592819
v 1.215784 27.849209 -185.112167
v 1.241594 28.206543 -185.440659
v 4.399117 32.588696 -183.274338
v 4.214277 32.088158 -182.786530
v 4.005179 31.432013 -182.223404
v 3.701235 30.252964 -181.380936
v 3.456550 29.027708 -180.686508
v 3.345204 28.353817 -180.370071
v 3.157730 26.979132 -179.850098
v 3.011658 25.587856 -179.478378
v 2.931778 24.623709 -179.304672
v 2.840781 23.179089 -179.166000
v 2.782132 21.746908 -179.167877
v 2.482533 30.728245 -184.377838
v 2.394363 30.321424 -183.994568
v 2.295063 29.789433 -183.547791
v 2.151538 28.832167 -182.868454
v 2.036685 27.831516 -182.296783
v 1.984620 27.278023 -182.032333
v 1.897236 26.142231 -181.591644
v 1.829389 24.984737 -181.270721
v 1.792374 24.178785 -181.117996
v 1.750283 22.966722 -180.992081
v 1.723197 21.761202 -180.986877
v 6.959024 13.232731 -11.209195
v 9.891004 22.390255 -0.879231
v 9.124490 22.390251 -0.784148
v 9.176004 21.816204 -1.425723
v 11.671252 22.390274 -1.547365
v 11.023540 22.390265 -1.228200
v 9.605022 13.093353 -11.080125
v 4.520621 13.999308 -11.919086
v 4.217341 12.636364 -13.683543
v 1.608413 16.926266 -13.647993
v 2.279538 15.330058 -13.662287
v 2.557939 15.308792 -13.131736
v 3.139953 13.901670 -13.674054
v 3.243540 13.759066 -13.675170
v 1.380289 17.659405 -13.641079
v 1.450310 17.418240 -13.643375
v 2.497777 20.851435 -7.171589
v 0.846964 22.389385 -12.706679
v 0.846966 21.573465 -13.601432
v 0.985550 22.389751 -10.517014
v 1.327634 22.389992 -8.654570
v 0.854687 21.110744 -13.606301
v 1.034802 19.233683 -13.625613
v 1.868977 22.390156 -6.890351
v 2.369493 22.390230 -5.720880
v 3.142560 22.390282 -4.354104
v 4.397575 19.528868 -5.978026
v 4.065298 22.390297 -3.150140
v 6.768939 18.729418 -5.256554
v 5.305505 22.390285 -2.013400
v 4.318790 22.390297 -2.878712
v 7.982612 22.390253 -0.846955
v 7.357107 22.390259 -0.986180
v 6.626539 22.044992 -1.631246
v 6.602675 22.390266 -1.257310
v 6.264557 22.390270 -1.417395
v 9.360541 18.537811 -5.083638
v 2.915277 15.626606 -15.126934
v 1.340296 22.384741 -18.462233
v 1.914060 22.384630 -20.251873
v 2.802563 20.811518 -20.401621
v 2.691487 22.384533 -21.886829
v 3.782012 22.384443 -23.473028
v 2.865096 22.384516 -22.182840
v 0.846964 22.385002 -14.454409
v 0.887252 22.384926 -15.602153
v 1.144557 22.384796 -17.581541
v 6.763710 26.046623 -5.254263
v 9.353785 26.239634 -5.080157
v 4.394200 25.246380 -5.976129
v 2.496130 23.923632 -7.169325
v 2.788367 30.345352 -13.668024
v 2.026788 28.911560 -13.655300
v 1.312767 26.864475 -13.635605
v 1.380966 27.116592 -13.638115
v 1.448052 27.347769 -13.640397
v 0.846966 23.200788 -13.597198
v 0.965488 25.059122 -13.617072
v 3.136522 30.866272 -13.672393
v 4.531022 31.512074 -12.702946
v 4.041452 31.958981 -13.681068
v 5.074783 32.867954 -13.687741
v 6.975040 32.275185 -11.993441
v 9.625525 32.410019 -11.868076
v 2.915819 29.144606 -15.127353
v 4.832506 22.384386 -24.540449
v 2.812959 24.276321 -20.081005
v 1.354560 22.494497 -18.401762
vn -1.0000 -0.0000 -0.0004
vn -1.0000 -0.0004 -0.0000
vn -1.0000 0.0004 -0.0000
vn -1.0000 -0.0000 0.0004
vn -0.9975 0.0483 -0.0510
vn -1.0000 0.0002 -0.0009
vn -0.9974 -0.0241 -0.0677
vn -0.9987 -0.0002 0.0515
vn -0.9979 -0.0493 -0.0408
vn -1.0000 -0.0003 0.0011
vn -0.9990 -0.0200 0.0392
vn -0.9966 -0.0578 -0.0588
vn -0.9967 -0.0625 -0.0518
vn -0.9969 -0.0657 -0.0429
vn -0.9979 0.0401 0.0507
vn -0.9976 0.0483 0.0488
vn -0.9961 -0.0227 -0.0855
vn -0.9974 0.0555 0.0450
vn -0.9973 0.0604 0.0409
vn -0.9962 -0.0318 -0.0813
vn -0.9962 -0.0395 -0.0770
vn -0.9984 0.0134 0.0555
vn -0.9983 0.0198 0.0550
vn -0.9963 -0.0474 -0.0716
vn -0.9965 -0.0535 -0.0644
vn -1.0000 -0.0007 -0.0001
vn -0.9980 -0.0595 0.0205
vn -0.9980 -0.0585 0.0224
vn -0.9983 -0.0520 0.0278
vn -0.9987 -0.0345 0.0372
vn -0.9988 -0.0289 0.0392
vn -0.9989 -0.0229 0.0403
vn -0.9984 0.0069 0.0557
vn -0.9981 0.0272 0.0546
vn -0.9980 0.0336 0.0529
vn -0.9963 0.0454 -0.0728
vn -0.9974 0.0601 0.0395
vn -0.9961 -0.0132 -0.0872
vn -0.9985 -0.0452 0.0322
vn -0.9986 -0.0388 0.0353
vn -0.9985 0.0007 0.0546
vn -1.0000 0.0007 0.0001
vn -0.9984 0.0470 -0.0315
vn -0.9972 0.0707 -0.0249
vn -0.9970 0.0697 -0.0340
vn -0.9968 0.0678 -0.0433
vn -0.9966 0.0637 -0.0525
vn -0.9964 0.0582 -0.0611
vn -0.9964 0.0518 -0.0673
vn 0.0657 0.9978 0.0056
vn -0.0295 0.9996 0.0043
vn -0.0068 0.9997 0.0226
vn 0.0413 0.9990 -0.0183
vn 0.1502 0.9884 -0.0242
vn 0.1315 0.9897 -0.0559
vn -0.0140 0.9958 -0.0903
vn -0.0282 0.9972 -0.0694
vn -0.1951 0.9712 0.1366
vn 0.4873 0.8475 -0.2105
vn 0.4598 0.8524 -0.2491
vn 0.2869 0.9411 -0.1787
vn 0.6613 0.7011 0.2668
vn 0.6792 0.7023 0.2132
vn 0.5779 0.7917 0.1979
vn 0.7648 0.5958 0.2450
vn 0.7477 0.6018 0.2806
vn 0.8257 0.4930 0.2742
vn 0.8723 0.3926 0.2914
vn 0.9535 -0.0199 0.3007
vn 0.9565 0.0012 0.2919
vn -0.0710 0.9857 -0.1528
vn -0.1198 0.9919 -0.0429
vn -0.0357 0.9978 -0.0566
vn -0.1935 0.9795 0.0561
vn -0.2271 0.9520 0.2054
vn 0.1856 0.8200 -0.5415
vn 0.1332 0.8805 -0.4549
vn 0.1824 0.9125 -0.3661
vn 0.0677 0.9361 -0.3451
vn -0.0056 0.9685 -0.2491
vn 0.3140 0.5723 -0.7575
vn 0.3102 0.6325 -0.7098
vn 0.3521 0.6984 -0.6231
vn 0.2610 0.7049 -0.6595
vn 0.2354 0.7546 -0.6125
vn 0.3919 0.3161 -0.8640
vn 0.3559 0.3902 -0.8492
vn 0.4460 0.4097 -0.7958
vn 0.3395 0.4928 -0.8012
vn 0.3122 0.7092 0.6321
vn 0.3272 0.7038 0.6306
vn 0.4995 0.0015 0.8663
vn 0.9921 -0.0008 0.1253
vn 0.9960 -0.0140 0.0882
vn 0.9848 0.1447 0.0959
vn 0.9976 -0.0338 0.0601
vn 0.9940 0.1080 0.0172
vn 0.9990 0.0030 0.0439
vn 0.9574 0.2086 0.1995
vn 0.9857 -0.0151 0.1676
vn 0.9889 -0.0298 0.1454
vn 0.9770 -0.0061 0.2131
vn 0.9820 0.0094 0.1887
vn 0.9337 0.3007 0.1947
vn 0.9540 0.2578 0.1533
vn 0.9287 -0.0195 0.3703
vn 0.9365 -0.0087 0.3506
vn 0.9476 -0.0110 0.3192
vn 0.9013 -0.0149 0.4329
vn 0.9059 -0.0117 0.4233
vn 0.7982 0.4962 0.3415
vn 0.7770 0.5227 0.3508
vn 0.6236 0.6781 0.3890
vn 0.8564 -0.0088 0.5163
vn 0.8769 -0.0224 0.4802
vn 0.8446 0.4318 0.3165
vn 0.8742 0.3898 0.2894
vn 0.9664 0.0142 0.2565
vn 0.9067 0.3358 0.2554
vn 0.9731 -0.0119 0.2299
vn 0.9729 -0.0085 0.2312
vn 0.9192 0.3208 0.2282
vn 0.8639 0.4332 0.2570
vn 0.8083 0.4915 0.3241
vn 0.7468 0.5607 0.3575
vn 0.6969 0.6091 0.3786
vn 0.7134 0.5976 0.3658
vn 0.8836 -0.0138 0.4680
vn 0.8278 -0.0115 0.5610
vn 0.4813 0.7537 0.4475
vn 0.7394 0.0012 0.6733
vn 0.5167 0.7421 0.4270
vn 0.7743 0.0023 0.6328
vn 0.3926 0.6993 0.5974
vn 0.5225 0.0035 0.8527
vn 0.4095 0.7152 0.5664
vn 0.5585 0.0099 0.8294
vn 0.4188 0.7356 0.5325
vn 0.6088 0.0064 0.7933
vn 0.4349 0.7496 0.4989
vn 0.6400 0.0041 0.7684
vn 0.6689 0.0013 0.7433
vn 0.4578 0.7546 0.4701
vn 0.6910 0.0025 0.7228
vn 0.7143 0.0041 0.6998
vn 0.7735 0.5442 0.3248
vn 0.7168 0.5942 0.3648
vn 0.7107 0.6237 0.3254
vn 0.5431 0.7044 0.4570
vn 0.5217 0.7060 0.4790
vn 0.5012 0.7042 0.5029
vn 0.4800 0.7009 0.5276
vn 0.4583 0.6960 0.5528
vn 0.4362 0.6894 0.5783
vn 0.4168 0.6809 0.6022
vn 0.4769 0.8508 0.2205
vn 0.5059 0.8202 0.2672
vn 0.5689 0.7680 0.2941
vn 0.5715 0.7482 0.3371
vn 0.6183 0.7002 0.3568
vn 0.5965 0.7017 0.3896
vn 0.6246 0.6740 0.3946
vn 0.5855 0.6967 0.4144
vn 0.5997 0.6892 0.4067
vn 0.5496 0.7220 0.4203
vn 0.5519 0.7294 0.4043
vn 0.5562 0.7539 0.3497
vn 0.5786 0.7150 0.3923
vn 0.5744 0.7096 0.4080
vn 0.0966 0.9947 0.0348
vn -0.0064 0.9989 0.0459
vn 0.1454 0.9872 0.0656
vn -0.0068 0.9975 0.0708
vn 0.2080 0.9732 0.0986
vn -0.0070 0.9961 0.0883
vn 0.2821 0.9503 0.1319
vn 0.1711 0.9852 0.0072
vn 0.1991 0.9790 0.0437
vn 0.2372 0.9679 0.0834
vn 0.2866 0.9500 0.1237
vn 0.3465 0.9233 0.1655
vn 0.3700 0.9115 0.1796
vn 0.4140 0.8855 0.2109
vn 0.4599 0.8592 0.2242
vn 0.4914 0.8282 0.2696
vn 0.5448 0.7899 0.2814
vn -0.0370 0.9939 0.1035
vn -0.0364 0.9948 0.0955
vn 0.5576 0.7670 0.3174
vn 0.5999 0.7121 0.3648
vn -0.0187 0.9968 0.0774
vn -0.0407 0.9942 0.0991
vn -0.0391 0.9945 0.0968
vn -0.0401 0.9955 0.0855
vn 0.5631 0.7023 0.4354
vn 0.5750 0.6950 0.4317
vn 0.5847 0.6615 0.4695
vn 0.5966 0.6783 0.4290
vn -0.0539 0.9967 0.0607
vn 0.6268 0.6684 0.4004
vn -0.0391 0.9963 0.0769
vn -0.0364 0.9979 0.0540
vn -0.0448 0.9980 0.0451
vn 0.5707 0.6491 0.5030
vn 0.3471 0.6841 0.6415
vn 0.4352 0.6632 0.6089
vn 0.4593 0.6603 0.5941
vn 0.4847 0.6587 0.5756
vn 0.5173 0.6503 0.5564
vn 0.5457 0.6472 0.5322
vn -0.0365 0.9984 0.0424
vn -0.0343 0.9990 0.0300
vn -0.0299 0.9990 0.0342
vn -0.0248 0.9993 0.0274
vn -0.0146 0.9996 0.0233
vn -0.0145 0.9997 0.0189
vn -0.0353 0.9990 0.0280
vn -0.0265 0.9961 0.0842
vn -0.0258 0.9970 0.0733
vn -0.0344 0.9955 0.0885
vn 0.3921 0.8653 -0.3122
vn 0.4277 0.8584 -0.2831
vn 0.5517 0.7589 -0.3460
vn 0.5901 0.7485 -0.3025
vn 0.6225 0.7399 -0.2552
vn 0.6492 0.7323 -0.2059
vn 0.2640 0.9433 -0.2011
vn 0.2388 0.9461 -0.2188
vn 0.2125 0.9492 -0.2320
vn 0.3254 0.9379 -0.1201
vn 0.3398 0.9362 -0.0897
vn 0.5074 0.8537 -0.1171
vn 0.4524 0.8902 -0.0547
vn 0.5424 0.8376 -0.0646
vn 0.4651 0.8852 0.0003
vn 0.5525 0.8335 -0.0044
vn 0.4766 0.8771 0.0603
vn 0.5591 0.8268 0.0621
vn 0.4884 0.8641 0.1219
vn 0.5631 0.8162 0.1296
vn 0.5020 0.8457 0.1812
vn 0.5677 0.7849 0.2485
vn 0.6410 0.6996 0.3157
vn 0.6676 0.6487 0.3655
vn 0.6606 0.6422 0.3887
vn 0.3073 0.9394 -0.1517
vn 0.5074 0.8449 -0.1694
vn 0.6112 0.7798 -0.1357
vn 0.6868 0.7111 -0.1503
vn 0.6252 0.7768 -0.0757
vn 0.7005 0.7084 -0.0866
vn 0.6334 0.7738 -0.0100
vn 0.7074 0.7067 -0.0163
vn 0.6359 0.7693 0.0621
vn 0.7066 0.7051 0.0605
vn 0.6314 0.7641 0.1323
vn 0.6989 0.7035 0.1290
vn 0.6877 0.7033 0.1801
vn 0.8529 0.4618 0.2434
vn 0.7850 0.5823 0.2116
vn 0.0382 0.9922 -0.1186
vn 0.0542 0.9913 -0.1199
vn -0.1680 0.9838 0.0619
vn -0.1590 0.9864 0.0412
vn -0.1532 0.9878 0.0295
vn 0.3568 0.9332 -0.0431
vn 0.2547 0.9664 -0.0343
vn 0.2735 0.9618 0.0063
vn 0.3719 0.9283 0.0039
vn 0.2959 0.9538 0.0512
vn 0.3887 0.9196 0.0567
vn 0.3252 0.9405 0.0988
vn 0.4090 0.9057 0.1116
vn 0.3621 0.9207 0.1454
vn 0.4338 0.8860 0.1640
vn 0.4062 0.8935 0.1914
vn 0.4560 0.8566 0.2414
vn 0.5271 0.7918 0.3087
vn 0.5737 0.7282 0.3751
vn 0.5769 0.7035 0.4151
vn 0.5523 0.7141 0.4302
vn 0.0943 0.9903 -0.1019
vn 0.0820 0.9903 -0.1117
vn -0.1090 0.9937 -0.0274
vn -0.0893 0.9954 -0.0336
vn 0.1066 0.9904 -0.0883
vn -0.0924 0.9952 -0.0310
vn -0.0930 0.9952 -0.0313
vn -0.0347 0.9994 -0.0030
vn -0.0771 0.9962 -0.0407
vn -0.0691 0.9970 -0.0357
vn 0.1194 0.9903 -0.0706
vn -0.0568 0.9975 -0.0426
vn -0.0492 0.9981 -0.0370
vn -0.0448 0.9984 -0.0355
vn -0.0307 0.9991 -0.0304
vn -0.0421 0.9990 -0.0155
vn -0.1420 0.9897 0.0191
vn -0.1413 0.9899 0.0115
vn 0.0689 0.9908 -0.1169
vn -0.1315 0.9913 -0.0033
vn -0.1180 0.9928 -0.0192
vn 0.5447 0.1383 -0.8272
vn 0.5307 0.1664 -0.8310
vn 0.4663 0.3992 -0.7894
vn 0.5067 0.1599 -0.8472
vn 0.4881 0.1851 -0.8530
vn 0.4705 0.1790 -0.8641
vn 0.4578 0.1475 -0.8768
vn 0.4157 0.1466 -0.8976
vn 0.3969 0.5717 -0.7181
vn 0.6370 0.2736 -0.7207
vn 0.6568 0.0986 -0.7476
vn 0.6341 0.0822 -0.7689
vn 0.5766 0.2976 -0.7609
vn 0.6280 0.1198 -0.7690
vn 0.5998 0.0972 -0.7942
vn 0.7590 0.0653 -0.6478
vn 0.7421 0.1207 -0.6594
vn 0.6958 0.2454 -0.6750
vn 0.6974 0.0734 -0.7129
vn 0.6861 0.1314 -0.7156
vn 0.8101 0.0522 -0.5840
vn 0.7963 0.1069 -0.5953
vn 0.7521 0.2172 -0.6222
vn 0.7322 0.3070 -0.6080
vn 0.6736 0.3328 -0.6599
vn 0.6154 0.3564 -0.7031
vn 0.5511 0.3949 -0.7351
vn 0.4244 0.5588 -0.7125
vn 0.5101 0.3933 -0.7650
vn 0.5753 0.1344 -0.8068
vn 0.4625 0.5488 -0.6963
vn 0.3651 0.6955 -0.6189
vn 0.2710 0.8203 -0.5036
vn 0.2906 0.8120 -0.5063
vn 0.3984 0.6871 -0.6076
vn 0.5045 0.5376 -0.6756
vn 0.5876 0.4415 -0.6781
vn 0.6458 0.4197 -0.6378
vn 0.7038 0.3962 -0.5896
vn 0.1136 0.9644 -0.2390
vn 0.1365 0.9601 -0.2443
vn 0.2530 0.8921 -0.3744
vn 0.2844 0.8858 -0.3667
vn 0.3919 0.7875 -0.4757
vn 0.4345 0.7774 -0.4548
vn 0.5296 0.6523 -0.5422
vn 0.5717 0.6534 -0.4962
vn 0.6283 0.5614 -0.5385
vn 0.6024 0.5212 -0.6046
vn 0.5488 0.5404 -0.6378
vn 0.4834 0.6646 -0.5698
vn 0.4381 0.6768 -0.5916
vn 0.3534 0.7964 -0.4908
vn 0.3195 0.8045 -0.5008
vn 0.2248 0.8984 -0.3774
vn 0.1997 0.9050 -0.3756
vn 0.0915 0.9692 -0.2284
vn 0.0753 0.9741 -0.2134
vn 0.6695 0.4810 -0.5661
vn 0.8549 0.1572 -0.4943
vn 0.8622 0.0475 -0.5043
vn 0.8079 0.1895 -0.5580
vn 0.8457 0.0972 -0.5248
vn 0.8961 0.1340 -0.4231
vn 0.9280 0.1116 -0.3555
vn 0.9293 0.0232 -0.3686
vn 0.9176 0.0617 -0.3928
vn 0.8983 0.0346 -0.4381
vn 0.8875 0.0824 -0.4535
vn 0.9534 0.0932 -0.2870
vn 0.9724 0.0822 -0.2184
vn 0.9736 0.0109 -0.2279
vn 0.9698 0.0508 -0.2387
vn 0.9550 0.0180 -0.2962
vn 0.9476 0.0577 -0.3142
vn 0.9925 0.0198 -0.1203
vn 0.9886 0.0011 -0.1508
vn 0.9866 0.0807 -0.1420
vn 0.9851 0.0179 -0.1710
vn 0.9807 0.0278 -0.1934
vn 0.9954 0.0065 -0.0953
vn 0.9941 0.0871 -0.0649
vn 0.9972 -0.0052 -0.0748
vn 0.9999 -0.0107 0.0057
vn 0.9992 -0.0314 -0.0249
vn 0.9992 0.0089 -0.0380
vn 0.9678 0.2313 0.0991
vn 0.9392 0.3250 0.1104
vn 0.9798 0.1983 0.0263
vn 0.9549 0.2949 0.0340
vn 0.9819 0.1805 -0.0582
vn 0.9587 0.2796 -0.0517
vn 0.9749 0.1753 -0.1372
vn 0.9524 0.2750 -0.1315
vn 0.9608 0.1796 -0.2110
vn 0.9381 0.2787 -0.2055
vn 0.9405 0.1910 -0.2811
vn 0.9170 0.2888 -0.2752
vn 0.9138 0.2079 -0.3489
vn 0.8891 0.3042 -0.3419
vn 0.8801 0.2292 -0.4159
vn 0.8541 0.3239 -0.4070
vn 0.8382 0.2537 -0.4828
vn 0.8109 0.3467 -0.4714
vn 0.7881 0.2801 -0.5481
vn 0.7600 0.3714 -0.5334
vn 0.8885 0.4252 0.1726
vn 0.9050 0.4093 0.1159
vn 0.8615 0.4924 0.1241
vn 0.9209 0.3875 0.0412
vn 0.8785 0.4753 0.0477
vn 0.9258 0.3753 -0.0448
vn 0.8837 0.4665 -0.0376
vn 0.9200 0.3715 -0.1245
vn 0.8782 0.4639 -0.1163
vn 0.9058 0.3747 -0.1979
vn 0.8641 0.4667 -0.1885
vn 0.8842 0.3836 -0.2666
vn 0.8425 0.4744 -0.2554
vn 0.8557 0.3973 -0.3316
vn 0.8137 0.4864 -0.3183
vn 0.8198 0.4151 -0.3944
vn 0.7777 0.5021 -0.3781
vn 0.7761 0.4360 -0.4556
vn 0.7341 0.5208 -0.4358
vn 0.7250 0.4586 -0.5139
vn 0.6837 0.5410 -0.4898
vn -0.1809 0.9787 0.0970
vn -0.1768 0.9807 0.0834
vn 0.0051 0.9946 -0.1036
vn 0.0216 0.9934 -0.1125
vn 0.1607 0.9562 -0.2448
vn 0.1861 0.9526 -0.2407
vn 0.3187 0.8793 -0.3539
vn 0.3551 0.8724 -0.3358
vn 0.4797 0.7662 -0.4276
vn 0.5218 0.7559 -0.3954
vn 0.6227 0.6358 -0.4560
vn 0.6290 0.6750 -0.3856
vn 0.6853 0.6005 -0.4121
vn 0.6712 0.6609 -0.3356
vn 0.7281 0.5843 -0.3585
vn 0.7057 0.6496 -0.2828
vn 0.7636 0.5707 -0.3020
vn 0.7334 0.6411 -0.2261
vn 0.7921 0.5605 -0.2418
vn 0.7543 0.6356 -0.1645
vn 0.8135 0.5539 -0.1772
vn 0.7681 0.6330 -0.0971
vn 0.8274 0.5513 -0.1071
vn 0.7740 0.6327 -0.0231
vn 0.8330 0.5525 -0.0303
vn 0.7708 0.6345 0.0575
vn 0.8283 0.5578 0.0531
vn 0.7583 0.6386 0.1307
vn 0.8138 0.5673 0.1262
vn 0.7986 0.5739 0.1814
vn 0.8723 0.4439 0.2052
vn -0.9992 0.0388 -0.0075
vn -0.9861 0.1661 -0.0098
vn -0.9932 0.1133 0.0253
vn -0.9923 0.1235 0.0128
vn -0.9638 0.2665 0.0120
vn -0.9199 0.3912 0.0258
vn -0.9389 0.3441 -0.0018
vn -0.9533 0.2960 0.0592
vn -0.9080 0.4130 0.0704
vn -0.9764 0.2017 0.0777
vn -0.9981 0.0054 0.0613
vn -0.9980 0.0178 0.0607
vn -0.9398 0.3257 0.1032
vn -0.8959 0.4294 0.1139
vn -0.5104 0.6419 -0.5722
vn -0.5411 0.6392 -0.5464
vn -0.5228 0.6819 -0.5116
vn -0.5833 0.6331 -0.5089
vn -0.6753 0.6064 -0.4198
vn -0.7125 0.6602 -0.2377
vn -0.4770 0.6495 -0.5922
vn -0.4569 0.7925 0.4039
vn -0.4980 0.7323 0.4645
vn -0.4328 0.7526 0.4962
vn -0.6062 0.5029 0.6162
vn -0.6278 0.4264 0.6512
vn -0.5788 0.4826 0.6573
vn -0.7017 -0.0589 0.7101
vn -0.6759 -0.1632 0.7187
vn -0.6690 -0.1545 0.7271
vn -0.6884 0.1740 0.7041
vn -0.6999 0.0923 0.7082
vn -0.6847 0.0475 0.7272
vn -0.7078 0.0072 0.7064
vn -0.5739 0.5863 0.5718
vn -0.4050 0.8597 0.3112
vn -0.2301 0.9598 0.1606
vn -0.2830 0.9541 0.0981
vn -0.3092 0.9152 0.2587
vn -0.4817 0.8752 0.0442
vn -0.4253 0.9037 0.0491
vn -0.4541 0.6530 -0.6062
vn -0.3707 0.9262 0.0696
vn -0.3320 0.9405 0.0722
vn -0.2282 0.9711 0.0706
vn -0.1106 0.9922 0.0568
vn -0.5449 0.8376 0.0376
vn -0.4594 0.6582 -0.5964
vn -0.5333 0.6083 -0.5879
vn -0.4787 0.6586 -0.5806
vn -0.5555 0.6092 -0.5659
vn -0.6668 -0.0018 -0.7453
vn -0.6525 -0.0155 -0.7576
vn -0.4952 0.8683 0.0282
vn -0.5639 0.8240 -0.0542
vn -0.6546 0.7421 -0.1443
vn -0.6940 0.6968 -0.1815
vn -0.6746 0.7296 -0.1126
vn -0.6068 0.7945 -0.0242
vn -0.3395 0.9392 0.0507
vn -0.2390 0.9687 0.0670
vn -0.1563 0.9861 0.0562
vn -0.2003 0.9783 0.0534
vn -0.3010 0.9521 0.0531
vn -0.3385 0.9370 0.0860
vn -0.4362 0.8942 0.1003
vn -0.4709 0.8756 0.1079
vn -0.7277 0.6721 -0.1368
vn -0.7192 0.6904 -0.0787
vn -0.6691 0.7432 -0.0008
vn -0.6049 0.7938 0.0629
vn -0.5356 0.8387 0.0988
vn -0.4137 0.9076 0.0722
vn -0.3293 0.9405 0.0840
vn -0.2439 0.9672 0.0715
vn -0.7095 0.6281 -0.3195
vn -0.6873 0.6334 -0.3556
vn -0.6368 0.6004 -0.4837
vn -0.6255 0.6334 -0.4555
vn -0.7234 0.6560 -0.2153
vn -0.7206 0.6292 -0.2913
vn -0.7330 0.6561 -0.1796
vn -0.7459 0.6632 -0.0608
vn -0.7247 0.6887 0.0234
vn -0.6870 0.7215 0.0856
vn -0.6445 0.7550 0.1207
vn -0.6053 0.7853 0.1302
vn -0.5752 0.8098 0.1160
vn -0.6756 0.6671 -0.3141
vn -0.7210 0.6382 -0.2700
vn -0.5600 0.6816 -0.4709
vn -0.6052 0.6768 -0.4191
vn -0.6473 0.6706 -0.3624
vn -0.6647 0.6333 -0.3963
vn -0.9690 0.2314 0.0860
vn -0.9498 0.2935 0.1087
vn -0.9998 0.0166 -0.0132
vn -0.9999 -0.0006 0.0109
vn -0.9943 0.1029 0.0288
vn -0.9994 0.0021 0.0341
vn -0.9875 0.1431 0.0664
vn -0.9977 -0.0079 0.0676
vn -0.9979 0.0055 0.0650
vn -0.8809 0.4732 -0.0083
vn -0.9979 0.0064 -0.0639
vn -0.8222 0.5625 -0.0867
vn -0.9929 0.0187 -0.1173
vn -0.7440 0.6455 -0.1725
vn -0.8938 0.4287 0.1317
vn -0.8850 0.4504 0.1182
vn -0.9360 0.3393 0.0937
vn -0.8715 0.4832 0.0835
vn -0.9177 0.3939 0.0526
vn -0.8494 0.5272 0.0238
vn -0.8112 0.5818 -0.0586
vn -0.7528 0.6396 -0.1556
vn -0.6837 0.6867 -0.2469
vn -0.9994 0.0212 0.0257
vn -0.9997 0.0227 -0.0134
vn -0.5357 0.7278 -0.4281
vn -0.5701 0.7291 -0.3787
vn -0.6146 0.7195 -0.3234
vn -0.9724 0.0113 -0.2329
vn -0.9408 0.0051 -0.3390
vn -0.6621 0.7061 -0.2511
vn -0.9236 -0.0019 -0.3833
vn -0.9143 -0.0021 -0.4051
vn -0.8926 -0.0024 -0.4507
vn -0.5127 0.7172 -0.4720
vn -0.7585 -0.0053 -0.6516
vn -0.7272 -0.0007 -0.6864
vn -0.4943 0.6776 -0.5445
vn -0.4892 0.7050 -0.5134
vn -0.7176 -0.0032 -0.6965
vn -0.4851 0.6815 -0.5480
vn -0.6954 -0.0089 -0.7186
vn -0.6747 -0.0001 -0.7381
vn -0.4745 0.6691 -0.5720
vn -0.8425 -0.0038 -0.5386
vn -0.8044 -0.0045 -0.5940
vn -0.7780 -0.0045 -0.6283
vn -0.8774 0.4788 0.0308
vn -0.7644 0.6441 0.0292
vn -0.8833 0.4623 0.0780
vn -0.7780 0.6245 0.0685
vn -0.8790 0.4533 0.1482
vn -0.7813 0.6106 0.1292
vn -0.8611 0.4515 0.2336
vn -0.7706 0.6036 0.2047
vn -0.8327 0.4528 0.3186
vn -0.7490 0.5999 0.2813
vn -0.8004 0.4527 0.3929
vn -0.7232 0.5953 0.3503
vn -0.7677 0.4490 0.4571
vn -0.6965 0.5878 0.4116
vn -0.7364 0.4403 0.5137
vn -0.6705 0.5764 0.4672
vn -0.7070 0.4258 0.5646
vn -0.6460 0.5603 0.5184
vn -0.6799 0.4046 0.6116
vn -0.6232 0.5393 0.5664
vn -0.6546 0.3763 0.6556
vn -0.6018 0.5132 0.6120
vn -0.6270 0.3426 0.6996
vn -0.6524 0.3459 0.6743
vn -0.6985 0.6712 -0.2483
vn -0.7152 0.6522 -0.2513
vn -0.7548 0.6383 -0.1511
vn -0.7513 0.6409 -0.1578
vn -0.7946 0.6052 -0.0477
vn -0.7732 0.6322 -0.0507
vn -0.8133 0.5806 0.0376
vn -0.7721 0.6344 0.0368
vn -0.8181 0.5666 0.0978
vn -0.7572 0.6458 0.0979
vn -0.8171 0.5611 0.1322
vn -0.7375 0.6623 0.1324
vn -0.8162 0.5604 0.1409
vn -0.7195 0.6800 0.1413
vn -0.8190 0.5603 0.1235
vn -0.7079 0.6952 0.1252
vn -0.8271 0.5559 0.0828
vn -0.7057 0.7031 0.0874
vn -0.8388 0.5431 0.0386
vn -0.7129 0.6997 0.0459
vn -0.8519 0.5236 0.0120
vn -0.7273 0.6860 0.0192
vn -0.8679 0.4966 0.0104
vn -0.7458 0.6660 0.0130
vn -0.9530 0.3015 0.0288
vn -0.9533 0.2896 0.0852
vn -0.9441 0.2864 0.1636
vn -0.9219 0.2896 0.2572
vn -0.8895 0.2953 0.3487
vn -0.8533 0.2995 0.4268
vn -0.8170 0.3000 0.4924
vn -0.7823 0.2952 0.5485
vn -0.7499 0.2836 0.5977
vn -0.7200 0.2640 0.6418
vn -0.6923 0.2353 0.6822
vn -0.6622 0.1961 0.7232
vn -0.6751 0.2552 0.6922
vn -0.6845 -0.1606 0.7111
vn -0.7142 0.0884 0.6943
vn -0.7050 -0.1475 0.6936
vn -0.7198 -0.1427 0.6793
vn -0.7434 0.1156 0.6588
vn -0.7394 -0.1320 0.6602
vn -0.7755 0.1357 0.6166
vn -0.7659 -0.1222 0.6312
vn -0.8049 0.1418 0.5762
vn -0.8124 -0.1036 0.5738
vn -0.8441 0.1387 0.5179
vn -0.8410 -0.0972 0.5323
vn -0.8819 0.1333 0.4522
vn -0.9802 0.1934 0.0435
vn -0.9993 -0.0282 0.0262
vn -0.9965 -0.0334 0.0771
vn -0.9894 0.1109 0.0937
vn -0.9843 -0.0457 0.1704
vn -0.9771 0.1133 0.1798
vn -0.9534 -0.0651 0.2945
vn -0.9531 0.1213 0.2771
vn -0.9129 -0.0790 0.4005
vn -0.9202 0.1324 0.3684
vn -0.8838 -0.0841 0.4603
vn -0.8599 -0.0946 0.5017
vn -0.3469 0.8602 0.3737
vn -0.3498 0.8979 0.2673
vn -0.3506 0.8842 0.3087
vn -0.3469 0.8741 0.3400
vn -0.3395 0.9294 0.1447
vn -0.3474 0.9194 0.1846
vn -0.3491 0.9094 0.2261
vn -0.2538 0.9672 -0.0058
vn -0.2869 0.9577 0.0230
vn -0.3143 0.9477 0.0552
vn -0.3288 0.9393 0.0981
vn -0.2229 0.9747 -0.0169
vn -0.1928 0.9812 -0.0123
vn -0.1764 0.9843 -0.0019
vn -0.1798 0.9835 0.0190
vn -0.0897 0.9950 0.0436
vn -0.5576 0.8288 0.0453
vn -0.3753 0.9261 0.0384
vn -0.5694 0.8218 0.0201
vn -0.3830 0.9236 0.0133
vn -0.5900 0.8073 0.0118
vn -0.4025 0.9154 0.0029
vn -0.6144 0.7887 0.0225
vn -0.4300 0.9028 0.0077
vn -0.6363 0.7696 0.0533
vn -0.4593 0.8878 0.0292
vn -0.6493 0.7535 0.1034
vn -0.4828 0.8732 0.0675
vn -0.6487 0.7424 0.1674
vn -0.4949 0.8608 0.1187
vn -0.6372 0.7343 0.2342
vn -0.4967 0.8503 0.1741
vn -0.6208 0.7258 0.2962
vn -0.4927 0.8399 0.2277
vn -0.6026 0.7156 0.3532
vn -0.4857 0.8286 0.2785
vn -0.5842 0.7027 0.4061
vn -0.4770 0.8158 0.3269
vn -0.5664 0.6867 0.4557
vn -0.4677 0.8014 0.3729
vn -0.5494 0.6674 0.5027
vn -0.4580 0.7852 0.4167
vn -0.5332 0.6450 0.5475
vn -0.4482 0.7678 0.4579
vn -0.5134 0.6216 0.5916
vn -0.5306 0.6726 0.5158
vn -0.4035 0.9126 0.0660
vn -0.5588 0.8252 0.0824
vn -0.9993 -0.0344 -0.0146
vn -0.9996 -0.0126 -0.0246
vn -0.9998 -0.0083 -0.0206
vn 0.8390 -0.0398 -0.5427
vn 0.9632 -0.0359 -0.2664
vn 0.9963 -0.0750 -0.0418
vn 0.9171 -0.0264 -0.3978
vn 0.9422 -0.0328 -0.3334
vn 0.8814 -0.0351 -0.4711
vn 0.7897 -0.0453 -0.6118
vn 0.7358 -0.0483 -0.6755
vn 0.7210 -0.1633 -0.6734
vn 0.6666 -0.1624 -0.7275
vn 0.7680 -0.6361 0.0751
vn 0.7043 -0.7056 0.0776
vn 0.7136 -0.7006 0.0011
vn 0.7793 -0.6266 -0.0050
vn 0.7176 -0.6928 -0.0712
vn 0.7836 -0.6160 -0.0807
vn 0.7167 -0.6835 -0.1386
vn 0.7816 -0.6051 -0.1514
vn 0.7106 -0.6738 -0.2025
vn 0.7735 -0.5949 -0.2184
vn 0.6989 -0.6647 -0.2640
vn 0.7382 -0.5793 -0.3457
vn 0.6808 -0.6570 -0.3239
vn 0.6555 -0.6510 -0.3828
vn 0.7095 -0.5747 -0.4079
vn 0.6192 -0.6491 -0.4419
vn 0.6734 -0.5720 -0.4685
vn 0.5731 -0.6600 -0.4858
vn 0.6975 -0.6049 0.3841
vn 0.7289 -0.5769 0.3687
vn 0.6975 -0.6125 0.3719
vn 0.7542 -0.5668 0.3315
vn 0.9806 -0.1554 0.1193
vn 0.8523 -0.4422 0.2794
vn 0.8028 -0.5216 0.2888
vn 0.8407 -0.4822 0.2463
vn 0.6718 -0.7171 0.1856
vn 0.6721 -0.7054 0.2252
vn 0.5585 -0.8044 0.2026
vn -0.0337 -0.9990 0.0279
vn 0.4346 -0.6651 0.6072
vn 0.3426 -0.6902 0.6373
vn 0.3798 -0.3330 -0.8631
vn 0.3898 -0.2320 -0.8912
vn 0.4863 -0.2454 -0.8386
vn 0.3871 -0.0604 -0.9200
vn -0.1880 -0.0359 -0.9815
vn 0.4946 -0.0701 -0.8663
vn 0.3959 -0.1362 -0.9081
vn 0.2859 -0.6853 -0.6698
vn 0.3104 -0.6508 -0.6929
vn 0.4212 -0.5527 -0.7191
vn 0.3198 -0.6002 -0.7331
vn 0.3515 -0.5080 -0.7864
vn 0.2179 -0.8094 -0.5453
vn 0.2547 -0.7433 -0.6185
vn 0.3655 -0.6883 -0.6266
vn 0.1353 -0.8954 -0.4243
vn 0.1777 -0.8621 -0.4746
vn 0.2940 -0.8042 -0.5165
vn 0.0612 -0.9788 -0.1954
vn 0.0872 -0.9263 -0.3666
vn 0.2021 -0.9024 -0.3805
vn -0.0460 -0.9962 0.0745
vn 0.5541 -0.7692 0.3182
vn -0.0535 -0.9937 0.0982
vn 0.5970 -0.7095 0.3745
vn -0.0441 -0.9969 0.0656
vn -0.0544 -0.9958 0.0735
vn -0.0546 -0.9927 0.1076
vn 0.4933 -0.8293 0.2625
vn -0.0459 -0.9955 0.0829
vn -0.0562 -0.9954 0.0773
vn 0.4729 -0.8485 0.2375
vn -0.0534 -0.9932 0.1030
vn 0.3838 -0.9057 0.1803
vn 0.1843 -0.9827 0.0161
vn 0.2999 -0.9519 0.0625
vn 0.2046 -0.9774 0.0534
vn 0.3249 -0.9394 0.1091
vn 0.2388 -0.9666 0.0926
vn 0.3601 -0.9201 0.1539
vn 0.2867 -0.9490 0.1315
vn 0.4079 -0.8919 0.1952
vn 0.4947 -0.8283 0.2631
vn 0.4688 -0.8546 0.2232
vn 0.4429 -0.8790 0.1765
vn 0.4061 -0.9057 0.1214
vn 0.5881 -0.6552 0.4741
vn -0.0514 -0.9973 0.0521
vn 0.5964 -0.6730 0.4374
vn -0.0490 -0.9974 0.0522
vn -0.0472 -0.9956 0.0812
vn 0.6251 -0.6657 0.4075
vn -0.0490 -0.9977 0.0478
vn 0.5682 -0.6484 0.5066
vn 0.5432 -0.6467 0.5354
vn -0.0287 -0.9990 0.0355
vn -0.0308 -0.9988 0.0388
vn -0.0380 -0.9981 0.0484
vn -0.0421 -0.9984 0.0372
vn 0.4570 -0.6605 0.5957
vn -0.0202 -0.9995 0.0248
vn -0.0164 -0.9997 0.0188
vn 0.4875 -0.6548 0.5776
vn -0.0178 -0.9996 0.0221
vn 0.5163 -0.6512 0.5562
vn -0.0214 -0.9993 0.0293
vn -0.0239 -0.9991 0.0344
vn 0.5816 -0.7091 0.3986
vn 0.5601 -0.7482 0.3555
vn 0.5296 -0.7894 0.3106
vn 0.4208 -0.8802 0.2194
vn 0.3455 -0.9233 0.1680
vn 0.6870 -0.7110 0.1499
vn 0.5624 -0.7873 0.2527
vn 0.6530 -0.7057 0.2749
vn 0.5660 -0.7679 0.3001
vn 0.6341 -0.7030 0.3220
vn 0.5702 -0.7468 0.3424
vn 0.6133 -0.7021 0.3619
vn 0.5739 -0.7254 0.3800
vn 0.5935 -0.7019 0.3938
vn 0.5755 -0.7060 0.4129
vn 0.5759 -0.7021 0.4188
vn 0.5721 -0.6906 0.4424
vn 0.5583 -0.7031 0.4404
vn 0.5447 -0.7021 0.4586
vn 0.7500 -0.6449 0.1470
vn 0.8052 -0.5753 0.1437
vn 0.7885 -0.5825 0.1973
vn 0.7727 -0.5930 0.2265
vn 0.9557 -0.2294 0.1845
vn 0.9249 -0.3245 0.1983
vn 0.9108 -0.3384 0.2366
vn 0.8912 -0.3693 0.2635
vn 0.9204 -0.3206 0.2239
vn 0.8583 -0.4087 0.3103
vn 0.6108 -0.6843 0.3984
vn 0.6738 -0.6281 0.3893
vn 0.7580 -0.5441 0.3597
vn 0.7963 -0.5082 0.3281
vn 0.7871 -0.5100 0.3469
vn 0.8280 -0.4598 0.3209
vn 0.6458 -0.6527 0.3962
vn 0.5948 -0.6921 0.4089
vn 0.5507 -0.7244 0.4146
vn 0.5595 -0.7271 0.3979
vn 0.5094 -0.7441 0.4323
vn 0.4815 -0.7521 0.4500
vn 0.4585 -0.7520 0.4735
vn 0.3905 -0.6978 0.6004
vn 0.4223 -0.6833 0.5956
vn 0.4070 -0.7169 0.5660
vn 0.4357 -0.6900 0.5780
vn 0.4219 -0.7349 0.5311
vn 0.4580 -0.6958 0.5533
vn 0.4390 -0.7464 0.5002
vn 0.4802 -0.6996 0.5291
vn 0.5021 -0.7016 0.5056
vn 0.5236 -0.7020 0.4827
vn 0.5524 -0.7136 0.4309
vn 0.5825 -0.6975 0.4173
vn 0.6188 -0.6771 0.3982
vn 0.6594 -0.6543 0.3704
vn 0.7009 -0.6313 0.3320
vn 0.7370 -0.6100 0.2911
vn 0.7497 -0.6133 0.2487
vn 0.2884 -0.7151 0.6367
vn 0.7347 -0.3252 -0.5953
vn 0.7063 -0.4066 -0.5795
vn 0.6262 -0.4882 -0.6079
vn 0.8375 -0.5463 -0.0117
vn 0.8251 -0.5605 0.0711
vn 0.8752 -0.4793 0.0657
vn 0.8527 -0.5027 0.1424
vn 0.8968 -0.4214 0.1350
vn 0.8780 -0.4387 0.1912
vn 0.8379 -0.5209 -0.1630
vn 0.8413 -0.5330 -0.0899
vn 0.8903 -0.4445 -0.0985
vn 0.8875 -0.4604 -0.0187
vn 0.9290 -0.3693 -0.0260
vn 0.9178 -0.3926 0.0591
vn 0.9522 -0.3010 0.0516
vn 0.9316 -0.3395 0.1299
vn 0.9616 -0.2472 0.1190
vn 0.9524 -0.2438 0.1830
vn 0.8620 -0.4578 0.2179
vn 0.7752 -0.1406 -0.6158
vn 0.7584 -0.2284 -0.6104
vn 0.6861 -0.3216 -0.6526
vn 0.5669 -0.1224 -0.8146
vn 0.5242 -0.1005 -0.8456
vn 0.6803 -0.0486 -0.7313
vn 0.6159 -0.1361 -0.7760
vn 0.7593 -0.5861 -0.2828
vn 0.8114 -0.5022 -0.2989
vn 0.8279 -0.5105 -0.2322
vn 0.8736 -0.4211 -0.2438
vn 0.8854 -0.4315 -0.1731
vn 0.9236 -0.3376 -0.1816
vn 0.9302 -0.3513 -0.1064
vn 0.9605 -0.2541 -0.1132
vn 0.9612 -0.2737 -0.0332
vn 0.9838 -0.1747 -0.0401
vn 0.9777 -0.2054 0.0433
vn 0.9934 -0.1076 0.0389
vn 0.8280 -0.1328 -0.5448
vn 0.7866 -0.3197 -0.5283
vn 0.8109 -0.2277 -0.5390
vn 0.8543 -0.2245 -0.4689
vn 0.8713 -0.1287 -0.4736
vn 0.9064 -0.1268 -0.4030
vn 0.3684 -0.4208 -0.8290
vn 0.4590 -0.4089 -0.7887
vn 0.4756 -0.4340 -0.7651
vn 0.5069 -0.2739 -0.8173
vn 0.5060 -0.4552 -0.7326
vn 0.5444 -0.2950 -0.7852
vn 0.5422 -0.4711 -0.6957
vn 0.5878 -0.3097 -0.7474
vn 0.5833 -0.4819 -0.6539
vn 0.6359 -0.3184 -0.7030
vn 0.9906 -0.0581 -0.1239
vn 0.7566 -0.4934 -0.4292
vn 0.7879 -0.4965 -0.3643
vn 0.8299 -0.4091 -0.3794
vn 0.8552 -0.4137 -0.3122
vn 0.8904 -0.3212 -0.3224
vn 0.9102 -0.3277 -0.2531
vn 0.9376 -0.2310 -0.2599
vn 0.9523 -0.2403 -0.1883
vn 0.9711 -0.1403 -0.1931
vn 0.9809 -0.1540 -0.1189
vn 0.9794 -0.0453 -0.1967
vn 0.6309 -0.5675 -0.5290
vn 0.7174 -0.4924 -0.4928
vn 0.7966 -0.4075 -0.4465
vn 0.8638 -0.3179 -0.3909
vn 0.9168 -0.2256 -0.3296
vn 0.9554 -0.1320 -0.2641
vn 0.4306 -0.5789 -0.6924
vn 0.4536 -0.5990 -0.6599
vn 0.4815 -0.6150 -0.6244
vn 0.5139 -0.6272 -0.5852
vn 0.5476 -0.6369 -0.5427
vn 0.6697 -0.4942 -0.5543
vn 0.7553 -0.4082 -0.5128
vn 0.8292 -0.3177 -0.4598
vn 0.8894 -0.2235 -0.3988
vn 0.9340 -0.1277 -0.3336
vn 0.2059 -0.9291 -0.3072
vn 0.2116 -0.9366 -0.2792
vn 0.0357 -0.9915 -0.1250
vn 0.0430 -0.9903 -0.1321
vn 0.0384 -0.9901 -0.1351
vn 0.1985 -0.9227 -0.3304
vn 0.0505 -0.9873 -0.1505
vn 0.2020 -0.9114 -0.3586
vn 0.0506 -0.9842 -0.1699
vn 0.0568 -0.9805 -0.1881
vn 0.2131 -0.9518 -0.2207
vn 0.0266 -0.9944 -0.1023
vn 0.2106 -0.9448 -0.2510
vn 0.0305 -0.9936 -0.1084
vn 0.0404 -0.9923 -0.1174
vn 0.2103 -0.9588 -0.1910
vn 0.0212 -0.9957 -0.0905
vn 0.0280 -0.9953 -0.0930
vn 0.2952 -0.8207 -0.4892
vn 0.3711 -0.7083 -0.6005
vn 0.3039 -0.8344 -0.4598
vn 0.3867 -0.7259 -0.5688
vn 0.3145 -0.8469 -0.4287
vn 0.4060 -0.7409 -0.5351
vn 0.3268 -0.8581 -0.3961
vn 0.4286 -0.7533 -0.4989
vn 0.3402 -0.8680 -0.3617
vn 0.4538 -0.7634 -0.4597
vn 0.3537 -0.8770 -0.3252
vn 0.4773 -0.7727 -0.4184
vn 0.3659 -0.8854 -0.2867
vn 0.4873 -0.7951 -0.3611
vn 0.3709 -0.8947 -0.2488
vn 0.2039 -0.9657 -0.1610
vn 0.0171 -0.9965 -0.0818
vn 0.0206 -0.9963 -0.0836
vn 0.1942 -0.9720 -0.1324
vn 0.0125 -0.9973 -0.0723
vn 0.0160 -0.9970 -0.0751
vn 0.1768 -0.9812 -0.0776
vn 0.0110 -0.9986 -0.0513
vn 0.1836 -0.9774 -0.1051
vn 0.0117 -0.9981 -0.0609
vn 0.0131 -0.9978 -0.0657
vn 0.1730 -0.9837 -0.0498
vn 0.0104 -0.9994 -0.0342
vn 0.0107 -0.9991 -0.0421
vn -0.0298 -0.9955 0.0902
vn 0.0108 -0.9953 0.0959
vn 0.2851 -0.9489 0.1351
vn -0.0052 -0.9972 0.0749
vn 0.2102 -0.9723 0.1020
vn 0.0143 -0.9988 0.0463
vn 0.1280 -0.9887 0.0780
vn 0.0066 -0.9995 0.0318
vn 0.1059 -0.9935 0.0418
vn 0.0090 -0.9999 0.0048
vn 0.0758 -0.9970 0.0146
vn 0.0102 -0.9998 -0.0142
vn 0.1764 -0.9840 -0.0231
vn 0.0100 -0.9998 -0.0182
vn 0.0078 -0.9997 -0.0240
vn 0.4645 -0.8512 -0.2445
vn 0.3537 -0.9143 -0.1976
vn 0.4706 -0.8611 -0.1927
vn 0.3537 -0.9219 -0.1580
vn 0.4731 -0.8691 -0.1446
vn 0.3526 -0.9283 -0.1178
vn 0.4736 -0.8756 -0.0948
vn 0.3520 -0.9329 -0.0762
vn 0.4736 -0.8797 -0.0424
vn 0.3536 -0.9348 -0.0321
vn 0.4745 -0.8801 0.0141
vn 0.5589 -0.8256 0.0774
vn 0.5607 -0.8279 0.0109
vn 0.5622 -0.8254 -0.0517
vn 0.5623 -0.8196 -0.1101
vn 0.5600 -0.8118 -0.1654
vn 0.5543 -0.8031 -0.2187
vn 0.5394 -0.7965 -0.2733
vn 0.5079 -0.8019 -0.3145
vn 0.5662 -0.7142 -0.4116
vn 0.5949 -0.7217 -0.3539
vn 0.6160 -0.7289 -0.2988
vn 0.6305 -0.7373 -0.2426
vn 0.6393 -0.7464 -0.1848
vn 0.6434 -0.7553 -0.1248
vn 0.6437 -0.7628 -0.0614
vn 0.6406 -0.7679 0.0065
vn 0.6345 -0.7689 0.0784
vn 0.6279 -0.7630 0.1532
vn 0.3781 -0.9257 0.0112
vn 0.4776 -0.8754 0.0745
vn 0.5575 -0.8179 0.1421
vn 0.2889 -0.9573 0.0082
vn 0.3911 -0.9177 0.0696
vn 0.4856 -0.8639 0.1334
vn 0.3116 -0.7049 0.6372
vn -0.1744 -0.9845 0.0196
vn -0.1754 -0.9844 -0.0121
vn -0.1780 -0.9840 0.0034
vn -0.1493 -0.9887 -0.0139
vn -0.1546 -0.9880 -0.0039
vn -0.3609 -0.9325 0.0129
vn -0.5494 -0.8344 0.0438
vn -0.5796 -0.8106 0.0835
vn -0.7040 -0.7047 0.0883
vn -0.5419 -0.8293 0.1364
vn -0.5122 -0.8386 0.1856
vn -0.3534 -0.9291 0.1093
vn -0.6077 -0.7354 0.2996
vn -0.5696 -0.7479 0.3409
vn -0.4486 -0.8559 0.2573
vn -0.4934 -0.7052 -0.5092
vn -0.5082 -0.7215 -0.4702
vn -0.5684 -0.7317 -0.3763
vn -0.9789 -0.1881 0.0801
vn -0.9529 -0.2840 0.1062
vn -0.9416 -0.3251 0.0879
vn -0.4816 -0.6594 -0.5773
vn -0.6655 -0.3064 0.6806
vn -0.6474 -0.3821 0.6595
vn -0.6361 -0.3735 0.6752
vn -0.5014 -0.7055 0.5008
vn -0.4697 -0.7645 0.4416
vn -0.4247 -0.7812 0.4575
vn -0.4272 -0.8110 0.3997
vn -0.3709 -0.8700 0.3249
vn -0.3154 -0.8897 0.3299
vn -0.3116 -0.9275 0.2066
vn -0.2645 -0.9539 0.1422
vn -0.1894 -0.9660 0.1762
vn 0.0210 -0.9710 -0.2383
vn 0.0440 -0.9741 -0.2219
vn -0.0326 -0.9991 -0.0266
vn -0.5393 -0.6316 0.5570
vn -0.6081 -0.4779 0.6339
vn -0.5694 -0.5561 0.6054
vn -0.5157 -0.6564 0.5506
vn -0.6767 -0.2540 0.6911
vn -0.5001 -0.8652 0.0378
vn -0.5665 -0.8237 0.0245
vn -0.4568 -0.6504 -0.6068
vn -0.5285 -0.6097 -0.5908
vn -0.4647 -0.6538 -0.5972
vn -0.5524 -0.6129 -0.5649
vn -0.5155 -0.6316 -0.5791
vn -0.1129 -0.9920 0.0560
vn -0.2150 -0.9748 0.0592
vn -0.2799 -0.9579 0.0633
vn -0.3615 -0.9284 0.0855
vn -0.4270 -0.9020 0.0633
vn -0.4787 -0.6494 -0.5909
vn -0.9942 -0.1019 0.0341
vn -0.9682 -0.2356 0.0844
vn -0.9738 -0.2220 0.0501
vn -0.8824 -0.4703 -0.0156
vn -0.9200 -0.3885 0.0517
vn -0.8196 -0.5655 -0.0916
vn -0.7406 -0.6489 -0.1744
vn -0.6621 -0.7074 -0.2476
vn -0.6125 -0.7219 -0.3220
vn -0.5334 -0.7308 -0.4259
vn -0.7107 -0.6922 0.1256
vn -0.5992 -0.7916 0.1196
vn -0.7245 -0.6747 0.1412
vn -0.3922 -0.9176 0.0651
vn -0.4275 -0.8987 0.0977
vn -0.4732 -0.8782 0.0699
vn -0.5083 -0.8539 0.1115
vn -0.7138 -0.6430 -0.2777
vn -0.7099 -0.6567 -0.2546
vn -0.7395 -0.6497 -0.1759
vn -0.7480 -0.6443 -0.1595
vn -0.7461 -0.6625 -0.0669
vn -0.7722 -0.6332 -0.0524
vn -0.7269 -0.6864 0.0227
vn -0.7739 -0.6323 0.0355
vn -0.6917 -0.7171 0.0852
vn -0.7612 -0.6412 0.0970
vn -0.6507 -0.7497 0.1205
vn -0.7427 -0.6565 0.1319
vn -0.6147 -0.7772 0.1349
vn -0.4111 -0.9060 0.1009
vn -0.3432 -0.9354 0.0856
vn -0.2966 -0.9531 0.0598
vn -0.4419 -0.8937 0.0772
vn -0.3288 -0.9409 0.0810
vn -0.2542 -0.9645 0.0719
vn -0.2002 -0.9785 0.0489
vn -0.6107 -0.7908 -0.0418
vn -0.5375 -0.8423 0.0397
vn -0.4695 -0.8827 0.0225
vn -0.3806 -0.9231 0.0543
vn -0.2485 -0.9664 0.0654
vn -0.1554 -0.9862 0.0565
vn -0.1014 -0.9942 0.0361
vn -0.7097 -0.6646 -0.2337
vn -0.6812 -0.7208 -0.1280
vn -0.4993 -0.8580 0.1203
vn -0.5479 -0.8300 0.1043
vn -0.6103 -0.7897 0.0628
vn -0.6717 -0.7408 -0.0011
vn -0.7142 -0.6939 -0.0920
vn -0.7262 -0.6576 -0.2008
vn -0.7118 -0.6358 -0.2985
vn -0.4769 -0.6671 -0.5723
vn -0.4794 -0.6849 -0.5486
vn -0.7064 -0.6255 -0.3311
vn -0.6736 -0.6701 -0.3119
vn -0.6437 -0.6756 -0.3595
vn -0.6923 -0.6271 -0.3572
vn -0.6671 -0.6310 -0.3960
vn -0.6742 -0.6092 -0.4175
vn -0.6264 -0.6294 -0.4599
vn -0.6019 -0.6805 -0.4178
vn -0.5590 -0.6832 -0.4698
vn -0.5829 -0.6332 -0.5092
vn -0.5431 -0.6394 -0.5442
vn -0.5236 -0.6817 -0.5110
vn -0.4962 -0.6763 -0.5444
vn -0.5063 -0.6461 -0.5712
vn -0.4449 -0.7796 0.4407
vn -0.3409 -0.8826 0.3237
vn -0.4721 -0.7737 0.4226
vn -0.3654 -0.8761 0.3145
vn -0.5017 -0.7667 0.4007
vn -0.3912 -0.8698 0.3007
vn -0.5341 -0.7582 0.3739
vn -0.4189 -0.8632 0.2818
vn -0.2874 -0.9424 0.1710
vn -0.2658 -0.9471 0.1800
vn -0.2448 -0.9520 0.1837
vn -0.2238 -0.9576 0.1817
vn -0.6472 -0.7210 0.2477
vn -0.4801 -0.8477 0.2257
vn -0.6845 -0.7054 0.1841
vn -0.7114 -0.6929 0.1178
vn -0.7232 -0.6877 0.0631
vn -0.5617 -0.8229 0.0856
vn -0.3717 -0.9252 0.0760
vn -0.2662 -0.9636 0.0230
vn -0.3915 -0.9194 0.0374
vn -0.1449 -0.9885 0.0433
vn -0.1310 -0.9905 0.0413
vn -0.1133 -0.9930 0.0322
vn -0.0982 -0.9950 0.0192
vn -0.1738 -0.9839 -0.0417
vn -0.1861 -0.9800 0.0709
vn -0.1568 -0.9868 0.0401
vn -0.3095 -0.9379 0.1566
vn -0.3318 -0.9335 0.1362
vn -0.1677 -0.9853 0.0320
vn -0.1566 -0.9874 -0.0223
vn -0.3623 -0.9321 0.0034
vn -0.5478 -0.8363 0.0217
vn -0.7041 -0.7085 0.0467
vn -0.1671 -0.9857 -0.0217
vn -0.3793 -0.9251 0.0169
vn -0.3710 -0.9286 0.0036
vn -0.5630 -0.8262 0.0198
vn -0.5546 -0.8320 0.0122
vn -0.7172 -0.6967 0.0113
vn -0.7093 -0.7046 0.0198
vn -0.3811 -0.9236 0.0424
vn -0.5674 -0.8222 0.0448
vn -0.7237 -0.6895 0.0286
vn -0.1722 -0.9849 0.0176
vn -0.0629 -0.9980 0.0102
vn -0.6600 -0.3779 0.6492
vn -0.8478 -0.2928 0.4421
vn -0.8030 -0.3196 0.5030
vn -0.7596 -0.3459 0.5507
vn -0.7245 -0.3644 0.5851
vn -0.6892 -0.3734 0.6209
vn -0.9970 -0.0718 -0.0291
vn -0.9819 -0.1891 0.0054
vn -0.9828 -0.1838 -0.0158
vn -0.9857 -0.1666 0.0234
vn -0.9780 -0.1876 0.0913
vn -0.9625 -0.2088 0.1731
vn -0.9335 -0.2361 0.2700
vn -0.8924 -0.2665 0.3642
vn -0.6944 -0.6750 -0.2494
vn -0.6815 -0.6893 -0.2457
vn -0.7513 -0.6420 -0.1528
vn -0.7492 -0.6435 -0.1570
vn -0.7932 -0.6070 -0.0500
vn -0.8091 -0.5844 -0.0617
vn -0.8145 -0.5791 0.0355
vn -0.8498 -0.5267 0.0206
vn -0.8214 -0.5622 0.0963
vn -0.8739 -0.4794 0.0811
vn -0.8214 -0.5551 0.1313
vn -0.8882 -0.4444 0.1168
vn -0.8201 -0.5546 0.1405
vn -0.8986 -0.4200 0.1268
vn -0.8211 -0.5572 0.1236
vn -0.9086 -0.4029 0.1098
vn -0.8256 -0.5581 0.0831
vn -0.9188 -0.3888 0.0684
vn -0.8319 -0.5536 0.0385
vn -0.9267 -0.3751 0.0237
vn -0.8380 -0.5455 0.0131
vn -0.9316 -0.3634 0.0026
vn -0.8461 -0.5322 0.0287
vn -0.9350 -0.3537 0.0238
vn -0.8436 -0.5318 0.0743
vn -0.9287 -0.3618 0.0817
vn -0.8280 -0.5427 0.1411
vn -0.9117 -0.3791 0.1587
vn -0.7973 -0.5617 0.2209
vn -0.8802 -0.4037 0.2494
vn -0.7560 -0.5833 0.2970
vn -0.8379 -0.4304 0.3357
vn -0.7123 -0.6031 0.3590
vn -0.7926 -0.4551 0.4058
vn -0.6700 -0.6200 0.4083
vn -0.7483 -0.4767 0.4613
vn -0.6306 -0.6338 0.4480
vn -0.7068 -0.4945 0.5058
vn -0.5947 -0.6445 0.4806
vn -0.6690 -0.5083 0.5423
vn -0.5624 -0.6522 0.5083
vn -0.6351 -0.5176 0.5733
vn -0.5333 -0.6572 0.5326
vn -0.6051 -0.5220 0.6011
vn -0.5819 -0.5234 0.6224
vn -0.9932 -0.1162 0.0046
vn -0.9500 -0.2991 -0.0896
vn -0.9753 -0.2204 -0.0109
vn -0.9979 -0.0642 0.0091
vn -0.9873 0.0321 -0.1559
vn -0.9515 0.0606 -0.3017
vn -0.9379 -0.0410 -0.3444
vn -0.7980 0.4954 -0.3432
vn -0.7938 0.0962 -0.6005
vn -0.7685 -0.0432 -0.6384
vn -0.6517 0.3298 -0.6830
vn -0.5486 0.1353 -0.8250
vn -0.5109 -0.0452 -0.8584
vn -0.0111 -0.9710 -0.2389
vn -0.1362 -0.9219 -0.3627
vn -0.1331 -0.9738 -0.1843
vn -0.2257 -0.9596 -0.1680
vn 0.1427 -0.0465 -0.9887
vn 0.1970 0.1822 -0.9633
vn 0.3034 0.2831 -0.9098
vn -0.0324 0.2777 -0.9601
vn 0.0935 0.1620 -0.9824
vn 0.1393 0.1646 -0.9765
vn -0.1952 -0.0465 -0.9797
vn -0.1374 0.1871 -0.9727
vn -0.3655 0.2830 -0.8867
vn -0.2449 0.1589 -0.9564
vn -0.1993 0.1628 -0.9663
vn -0.5115 0.1436 -0.8472
vn -0.4540 0.1841 -0.8718
vn -0.7666 0.1132 -0.6321
vn -0.7154 0.2340 -0.6584
vn -0.9364 0.0706 -0.3437
vn -0.9053 0.1001 -0.4129
vn -0.9943 0.0173 -0.1048
vn -0.9999 0.0029 -0.0146
vn -0.9514 -0.2704 -0.1476
vn -0.7759 -0.6156 -0.1383
vn -0.8290 -0.5473 -0.1148
vn -0.8405 -0.4961 -0.2178
vn -0.8674 -0.4912 -0.0802
vn -0.9184 -0.3879 -0.0786
vn -0.5346 -0.8213 -0.1992
vn -0.5974 -0.7820 -0.1779
vn -0.6504 -0.7018 -0.2907
vn -0.6274 -0.7618 -0.1613
vn -0.6842 -0.7179 -0.1285
vn -0.7557 -0.6491 -0.0875
vn -0.2446 -0.9409 -0.2345
vn -0.3017 -0.9271 -0.2224
vn -0.4115 -0.8472 -0.3361
vn -0.3414 -0.9167 -0.2076
vn -0.4342 -0.8858 -0.1635
vn -0.5102 -0.8480 -0.1434
vn -0.0691 -0.8905 -0.4496
vn -0.0321 -0.8422 -0.5382
vn 0.0161 -0.7738 -0.6332
vn -0.9520 -0.2575 -0.1658
vn -0.9489 -0.2442 -0.2000
vn -0.9470 -0.2261 -0.2282
vn -0.9455 -0.2089 -0.2498
vn -0.9433 -0.1842 -0.2761
vn -0.9421 -0.1536 -0.2980
vn -0.9412 -0.1237 -0.3144
vn -0.9400 -0.0879 -0.3296
vn -0.9400 -0.0509 -0.3372
vn -0.7711 -0.0950 -0.6295
vn -0.7719 -0.1640 -0.6142
vn -0.7754 -0.2314 -0.5876
vn -0.7786 -0.2877 -0.5577
vn -0.7834 -0.3454 -0.5166
vn -0.7905 -0.3933 -0.4694
vn -0.7958 -0.4266 -0.4298
vn -0.8037 -0.4611 -0.3761
vn -0.8147 -0.4882 -0.3130
vn -0.8242 -0.5041 -0.2582
vn -0.5133 -0.1279 -0.8486
vn -0.5156 -0.2210 -0.8278
vn -0.5217 -0.3127 -0.7937
vn -0.5281 -0.3894 -0.7546
vn -0.5384 -0.4685 -0.7005
vn -0.5520 -0.5358 -0.6390
vn -0.5623 -0.5826 -0.5868
vn -0.5792 -0.6320 -0.5149
vn -0.6014 -0.6729 -0.4308
vn -0.6206 -0.6981 -0.3571
vn -0.1964 -0.1460 -0.9696
vn -0.2005 -0.2526 -0.9465
vn -0.2092 -0.3585 -0.9098
vn -0.2188 -0.4473 -0.8672
vn -0.2350 -0.5404 -0.8079
vn -0.2552 -0.6215 -0.7407
vn -0.2709 -0.6781 -0.6832
vn -0.2978 -0.7402 -0.6028
vn -0.3322 -0.7946 -0.5082
vn -0.3620 -0.8299 -0.4245
vn 0.1430 -0.1472 -0.9787
vn 0.1373 -0.2553 -0.9571
vn 0.1269 -0.3637 -0.9228
vn 0.1148 -0.4552 -0.8830
vn 0.0939 -0.5534 -0.8276
vn 0.0686 -0.6415 -0.7641
vn 0.0510 -0.7058 -0.7066
vn -0.3138 0.6040 0.7326
vn -0.5988 0.7799 0.1822
vn -0.5457 0.8184 0.1801
vn -0.5949 0.8037 0.0119
vn -0.4710 0.8586 0.2024
vn -0.8054 0.5869 0.0826
vn -0.7783 0.6129 0.1362
vn -0.7586 0.6510 0.0269
vn -0.6988 0.7068 0.1098
vn -0.8788 0.4751 0.0443
vn -0.9072 0.4070 0.1063
vn -0.8321 0.5543 -0.0199
vn -0.9964 0.0712 0.0463
vn -0.9699 0.2371 0.0549
vn -0.9666 0.2532 -0.0399
vn -0.9469 0.3212 0.0141
vn -0.9957 0.0817 -0.0448
vn -0.9385 0.1719 -0.2996
vn -0.7770 0.2378 -0.5828
vn -0.7751 0.2760 -0.5684
vn -0.5245 0.3130 -0.7918
vn -0.2115 0.3542 -0.9109
vn 0.1225 0.3579 -0.9257
vn -0.2940 0.9512 -0.0938
vn -0.3874 0.9212 0.0354
vn -0.2058 0.9582 -0.1988
vn -0.1386 0.9405 -0.3103
vn -0.0896 0.9015 -0.4233
vn -0.0366 0.8492 -0.5269
vn 0.0028 0.7800 -0.6257
vn 0.0374 0.6897 -0.7231
vn -0.9433 0.1764 -0.2811
vn -0.7840 0.3304 -0.5255
vn -0.9445 0.2012 -0.2598
vn -0.7883 0.3771 -0.4862
vn -0.9457 0.2254 -0.2341
vn -0.7944 0.4219 -0.4370
vn -0.9481 0.2469 -0.2005
vn -0.8033 0.4629 -0.3746
vn -0.9507 0.2630 -0.1644
vn -0.8135 0.4938 -0.3073
vn -0.9539 0.2713 -0.1281
vn -0.8256 0.5106 -0.2400
vn -0.9567 0.2762 -0.0920
vn -0.8365 0.5202 -0.1723
vn -0.9599 0.2744 -0.0568
vn -0.8505 0.5152 -0.1061
vn -0.8612 0.5075 -0.0292
vn -0.8475 0.3814 -0.3691
vn 0.0736 0.6119 -0.7875
vn 0.0903 0.5302 -0.8431
vn 0.1100 0.4292 -0.8965
vn -0.2216 0.4209 -0.8796
vn -0.2376 0.5172 -0.8222
vn -0.2506 0.5936 -0.7647
vn -0.2724 0.6688 -0.6918
vn -0.3012 0.7417 -0.5993
vn -0.3344 0.8006 -0.4972
vn -0.3741 0.8395 -0.3941
vn -0.4103 0.8658 -0.2863
vn -0.4591 0.8699 -0.1801
vn -0.5045 0.8621 -0.0478
vn -0.5289 0.3662 -0.7656
vn -0.5399 0.4482 -0.7125
vn -0.5485 0.5126 -0.6606
vn -0.5619 0.5748 -0.5948
vn -0.5804 0.6333 -0.5120
vn -0.6015 0.6786 -0.4217
vn -0.6266 0.7054 -0.3312
vn -0.6493 0.7220 -0.2390
vn -0.6793 0.7187 -0.1485
vn -0.7071 0.7061 -0.0388
vn -0.4899 -0.8455 0.2125
vn -0.8993 -0.1057 0.4243
vn -0.8444 -0.0920 0.5277
vn -0.8707 -0.0966 0.4822
vn -0.9985 -0.0086 0.0539
vn -0.8081 -0.5890 0.0041
vn -0.3394 -0.9404 -0.0200
vn -0.6004 -0.7996 -0.0088
vn -0.9437 -0.3291 -0.0325
vn -0.9833 -0.0712 0.1674
vn -0.9871 -0.0216 0.1585
vn -0.9564 -0.0327 0.2901
vn -0.9384 -0.1412 0.3154
vn -0.8608 -0.2073 0.4649
vn -0.7674 -0.1771 0.6162
vn -0.8039 -0.1752 0.5684
vn -0.7160 -0.1898 0.6718
vn -0.9833 -0.0893 0.1588
vn -0.9817 -0.1119 0.1540
vn -0.9800 -0.1346 0.1466
vn -0.9786 -0.1516 0.1392
vn -0.9763 -0.1756 0.1267
vn -0.9340 -0.1743 0.3118
vn -0.9279 -0.2181 0.3023
vn -0.9209 -0.2627 0.2879
vn -0.9153 -0.2958 0.2733
vn -0.9060 -0.3420 0.2494
vn -0.8540 -0.2536 0.4544
vn -0.8405 -0.3165 0.4398
vn -0.8250 -0.3806 0.4179
vn -0.8130 -0.4273 0.3956
vn -0.7925 -0.4921 0.3603
vn -0.7589 -0.2626 0.5959
vn -0.7457 -0.3246 0.5818
vn -0.7228 -0.4034 0.5612
vn -0.6959 -0.4832 0.5313
vn -0.6761 -0.5404 0.5009
vn -0.6367 -0.6239 0.4532
vn -0.5922 -0.6996 0.3998
vn -0.7666 -0.5625 0.3098
vn -0.8942 -0.3927 0.2152
vn -0.9734 -0.2017 0.1091
vn -0.5496 -0.7763 0.3086
vn -0.7376 -0.6278 0.2487
vn -0.8807 -0.4408 0.1734
vn -0.9700 -0.2267 0.0874
vn -0.7038 -0.6887 0.1743
vn -0.8649 -0.4869 0.1219
vn -0.9660 -0.2513 0.0612
vn -0.4248 -0.8988 0.1086
vn -0.6631 -0.7442 0.0804
vn -0.8453 -0.5313 0.0560
vn -0.9552 -0.2920 0.0474
vn -0.8045 0.5326 0.2631
vn -0.9725 -0.0471 0.2279
vn -0.8059 -0.0423 0.5905
vn -0.9140 -0.0248 0.4049
vn -0.9451 0.2835 0.1623
vn -0.9555 0.2569 0.1449
vn -0.5797 0.7390 0.3433
vn -0.9771 0.0021 0.2127
vn -0.9761 0.0259 0.2156
vn -0.9752 0.0509 0.2154
vn -0.9740 0.0755 0.2135
vn -0.9720 0.1030 0.2111
vn -0.9701 0.1286 0.2056
vn -0.9683 0.1532 0.1971
vn -0.9650 0.1825 0.1885
vn -0.9616 0.2114 0.1749
vn -0.9593 0.2327 0.1600
vn -0.6388 0.6709 0.3767
vn -0.6612 0.6176 0.4258
vn -0.6822 0.5623 0.4674
vn -0.7108 0.4880 0.5066
vn -0.7352 0.4149 0.5360
vn -0.7488 0.3505 0.5626
vn -0.7660 0.2803 0.5785
vn -0.7809 0.2070 0.5894
vn -0.7898 0.1404 0.5971
vn -0.7984 0.0710 0.5979
vn -0.8047 0.0053 0.5937
vn -0.8318 0.4839 0.2719
vn -0.8433 0.4425 0.3051
vn -0.8530 0.4015 0.3335
vn -0.8663 0.3466 0.3596
vn -0.8782 0.2929 0.3781
vn -0.8848 0.2466 0.3955
vn -0.8926 0.1968 0.4057
vn -0.8997 0.1448 0.4118
vn -0.9040 0.0979 0.4162
vn -0.9079 0.0495 0.4163
vn -0.9110 0.0038 0.4124
vn -0.2283 -0.7152 0.6606
vn 0.2223 -0.0258 0.9746
vn 0.0302 -0.0002 0.9995
vn 0.0397 -0.7597 0.6491
vn 0.2605 -0.7460 0.6128
vn 0.3783 -0.1014 0.9201
vn 0.0902 -0.7289 0.6787
vn -0.5380 -0.6093 0.5825
vn -0.6890 -0.7246 -0.0149
vn -0.9341 -0.3487 -0.0772
vn -0.8941 -0.4477 -0.0111
vn -0.7664 -0.4628 0.4455
vn -0.8184 -0.5736 0.0336
vn -0.7761 -0.6306 -0.0047
vn -0.9618 -0.2737 -0.0100
vn -0.9469 -0.3191 -0.0408
vn -0.7872 -0.4672 0.4026
vn -0.9988 -0.0000 0.0484
vn -0.9993 -0.0368 -0.0003
vn -0.9855 0.0007 0.1699
vn -0.9587 -0.0000 0.2845
vn -0.9981 -0.0623 -0.0020
vn -0.9844 -0.1759 -0.0023
vn -0.9387 -0.0000 0.3448
vn -0.8792 0.0287 0.4755
vn -0.8239 0.0065 0.5667
vn -0.5552 -0.6229 0.5511
vn -0.7533 -0.0000 0.6577
vn -0.2576 -0.7186 0.6460
vn -0.5703 -0.0037 0.8214
vn -0.6843 0.0001 0.7292
vn -0.1599 -0.0423 0.9862
vn -0.2588 -0.0324 0.9654
vn -0.2498 -0.7347 0.6307
vn -0.3643 0.0150 0.9312
vn -0.4806 -0.0153 0.8768
vn 0.0640 -0.7399 0.6697
vn -0.7304 -0.4805 -0.4854
vn -0.9559 -0.0458 -0.2899
vn -0.9313 -0.0088 -0.3641
vn -0.7437 -0.4929 -0.4515
vn -0.8629 -0.0449 -0.5033
vn -0.7603 -0.0011 -0.6496
vn -0.8296 -0.0252 -0.5577
vn -0.9989 0.0279 -0.0382
vn -0.9934 -0.0463 -0.1050
vn -0.9620 -0.1889 -0.1973
vn -0.2564 0.7196 0.6453
vn 0.0604 0.7444 0.6650
vn -0.5578 0.6198 0.5521
vn -0.7832 0.4629 0.4152
vn -0.8335 0.5519 0.0277
vn -0.9099 0.4129 -0.0391
vn -0.9444 0.2392 -0.2258
vn -0.9611 0.2757 -0.0149
vn -0.9414 0.3358 -0.0302
vn -0.9984 0.0546 0.0152
vn -0.9805 0.1578 -0.1169
vn -0.7960 0.6038 0.0422
vn -0.5262 0.6110 0.5915
vn -0.7165 0.6974 -0.0148
vn -0.6049 0.7963 0.0038
vn -0.2319 0.7023 0.6730
vn 0.0987 0.7209 0.6860
vn -0.7307 0.4820 -0.4834
vn -0.5257 0.6225 -0.5798
vn -0.7478 0.4904 -0.4476
vn -0.9132 0.3036 -0.2718
vt 0.684330 0.910108
vt 0.682060 0.910014
vt 0.684336 0.907879
vt 0.682087 0.907676
vt 0.631842 0.886625
vt 0.631416 0.885876
vt 0.631353 0.884954
vt 0.645024 0.879962
vt 0.637656 0.873326
vt 0.644887 0.879160
vt 0.644402 0.878174
vt 0.634596 0.876064
vt 0.635742 0.874830
vt 0.636976 0.873790
vt 0.643008 0.889456
vt 0.642194 0.890573
vt 0.631534 0.882584
vt 0.641332 0.891496
vt 0.640828 0.891937
vt 0.631929 0.880971
vt 0.632317 0.879887
vt 0.644917 0.884542
vt 0.644656 0.885705
vt 0.633106 0.878244
vt 0.634099 0.876701
vt 0.638168 0.873026
vt 0.638514 0.873072
vt 0.639071 0.873213
vt 0.639757 0.873483
vt 0.641997 0.875022
vt 0.642992 0.876077
vt 0.643901 0.877324
vt 0.645132 0.882748
vt 0.644116 0.887308
vt 0.643410 0.888782
vt 0.632845 0.888072
vt 0.640435 0.892236
vt 0.631360 0.884177
vt 0.640620 0.873956
vt 0.641543 0.874626
vt 0.645123 0.880925
vt 0.639952 0.892554
vt 0.639921 0.892551
vt 0.639144 0.892408
vt 0.638373 0.892175
vt 0.637166 0.891655
vt 0.635928 0.890931
vt 0.634644 0.889954
vt 0.633454 0.888792
vt 0.786404 0.571874
vt 0.780855 0.571522
vt 0.780909 0.556816
vt 0.785856 0.591177
vt 0.791226 0.591893
vt 0.789813 0.611641
vt 0.729550 0.797316
vt 0.719067 0.814632
vt 0.713547 0.807998
vt 0.803475 0.659080
vt 0.798837 0.680146
vt 0.789921 0.675549
vt 0.814806 0.485221
vt 0.818565 0.507301
vt 0.808785 0.509282
vt 0.826405 0.493755
vt 0.824180 0.482346
vt 0.833519 0.479263
vt 0.840403 0.449934
vt 0.844618 0.447836
vt 0.848555 0.459946
vt 0.703277 0.844177
vt 0.700946 0.842716
vt 0.708157 0.831928
vt 0.696721 0.840271
vt 0.694494 0.838983
vt 0.718466 0.856514
vt 0.714382 0.852753
vt 0.717142 0.845295
vt 0.711218 0.850044
vt 0.706832 0.846628
vt 0.729675 0.867813
vt 0.726007 0.864013
vt 0.726711 0.857979
vt 0.723734 0.861688
vt 0.722222 0.860167
vt 0.739660 0.878504
vt 0.735324 0.873864
vt 0.737507 0.870004
vt 0.731678 0.869936
vt 0.695432 0.238897
vt 0.699314 0.223731
vt 0.699334 0.223750
vt 0.861575 0.517927
vt 0.862312 0.522923
vt 0.856921 0.523853
vt 0.862938 0.527879
vt 0.859289 0.548882
vt 0.864479 0.543046
vt 0.853073 0.498998
vt 0.858169 0.497638
vt 0.858504 0.499385
vt 0.855500 0.484931
vt 0.857230 0.492975
vt 0.848013 0.500323
vt 0.849917 0.512544
vt 0.836149 0.424232
vt 0.842444 0.441565
vt 0.843324 0.444085
vt 0.826936 0.401397
vt 0.832046 0.413769
vt 0.832271 0.426462
vt 0.828342 0.428666
vt 0.810208 0.384290
vt 0.817110 0.379499
vt 0.820644 0.387104
vt 0.836144 0.451978
vt 0.839618 0.463879
vt 0.851637 0.470188
vt 0.842849 0.475931
vt 0.852232 0.472310
vt 0.854423 0.480450
vt 0.845657 0.488097
vt 0.838190 0.477629
vt 0.831849 0.453956
vt 0.824363 0.430833
vt 0.819650 0.406045
vt 0.823313 0.403727
vt 0.825693 0.398492
vt 0.808309 0.361680
vt 0.772494 0.330247
vt 0.784212 0.320074
vt 0.783371 0.348917
vt 0.795053 0.337623
vt 0.707122 0.247990
vt 0.713881 0.236070
vt 0.722019 0.263053
vt 0.727043 0.248796
vt 0.735813 0.278776
vt 0.747205 0.270618
vt 0.748746 0.295242
vt 0.758792 0.284670
vt 0.764588 0.292132
vt 0.760954 0.312383
vt 0.771886 0.302019
vt 0.779968 0.313641
vt 0.827508 0.455886
vt 0.820339 0.432969
vt 0.818744 0.459592
vt 0.771320 0.359205
vt 0.761317 0.340776
vt 0.750608 0.323093
vt 0.739227 0.306105
vt 0.727183 0.289796
vt 0.714459 0.274249
vt 0.700776 0.259604
vt 0.795976 0.490462
vt 0.792060 0.469660
vt 0.800985 0.466460
vt 0.795584 0.445088
vt 0.803911 0.441174
vt 0.796977 0.419590
vt 0.804631 0.415142
vt 0.796239 0.393837
vt 0.803248 0.389067
vt 0.793628 0.368494
vt 0.800166 0.363574
vt 0.781551 0.428296
vt 0.775021 0.408134
vt 0.782118 0.403367
vt 0.786330 0.552585
vt 0.780260 0.534492
vt 0.785538 0.533245
vt 0.778981 0.514609
vt 0.784033 0.513759
vt 0.778060 0.504306
vt 0.781785 0.494084
vt 0.791816 0.572152
vt 0.791681 0.552452
vt 0.790760 0.532736
vt 0.789046 0.512901
vt 0.786524 0.492895
vt 0.778706 0.474259
vt 0.783144 0.472745
vt 0.774804 0.454404
vt 0.778924 0.452583
vt 0.770031 0.434683
vt 0.766235 0.436794
vt 0.764343 0.429722
vt 0.773847 0.432565
vt 0.767907 0.412906
vt 0.776597 0.491724
vt 0.774660 0.478002
vt 0.773564 0.471326
vt 0.770053 0.453060
vt 0.780633 0.378454
vt 0.774138 0.383507
vt 0.759327 0.369848
vt 0.767616 0.388624
vt 0.751519 0.391652
vt 0.761041 0.393799
vt 0.754395 0.399044
vt 0.749270 0.386158
vt 0.743419 0.372923
vt 0.750244 0.351744
vt 0.688657 0.263883
vt 0.694851 0.270907
vt 0.706973 0.285379
vt 0.718604 0.301021
vt 0.729802 0.317341
vt 0.740373 0.334250
vt 0.739384 0.364448
vt 0.734426 0.354655
vt 0.727800 0.342411
vt 0.720034 0.329034
vt 0.714366 0.319869
vt 0.699201 0.296837
vt 0.684551 0.276409
vt 0.761750 0.420755
vt 0.760805 0.417691
vt 0.757598 0.407953
vt 0.786826 0.720278
vt 0.793292 0.700611
vt 0.801777 0.705560
vt 0.807738 0.684518
vt 0.812768 0.662765
vt 0.816832 0.640563
vt 0.784797 0.695391
vt 0.778758 0.714585
vt 0.771787 0.733180
vt 0.797523 0.634624
vt 0.800006 0.613919
vt 0.809964 0.616088
vt 0.806721 0.593909
vt 0.811779 0.594534
vt 0.807463 0.572871
vt 0.812568 0.573071
vt 0.807250 0.551960
vt 0.812344 0.551756
vt 0.806066 0.531119
vt 0.811096 0.530533
vt 0.803881 0.510220
vt 0.805411 0.487923
vt 0.809891 0.463111
vt 0.812178 0.437137
vt 0.812201 0.410628
vt 0.794157 0.655221
vt 0.807195 0.637654
vt 0.814919 0.617137
vt 0.819884 0.618159
vt 0.816823 0.595140
vt 0.821873 0.595731
vt 0.817656 0.573252
vt 0.822743 0.573415
vt 0.817419 0.551530
vt 0.822488 0.551280
vt 0.816111 0.529917
vt 0.821104 0.529282
vt 0.819977 0.518309
vt 0.835987 0.491038
vt 0.828308 0.505157
vt 0.756618 0.744739
vt 0.764041 0.726848
vt 0.739796 0.758823
vt 0.746119 0.744964
vt 0.749726 0.736400
vt 0.801627 0.593258
vt 0.796470 0.592590
vt 0.797111 0.572412
vt 0.802318 0.572652
vt 0.796938 0.552306
vt 0.802121 0.552143
vt 0.795912 0.532216
vt 0.801009 0.531679
vt 0.794019 0.512030
vt 0.798962 0.511138
vt 0.791253 0.491690
vt 0.787595 0.471211
vt 0.787242 0.448890
vt 0.789272 0.423972
vt 0.789193 0.398603
vt 0.787123 0.373448
vt 0.780822 0.670715
vt 0.776135 0.689892
vt 0.767687 0.681781
vt 0.772579 0.659221
vt 0.784633 0.651165
vt 0.771315 0.665628
vt 0.770476 0.669718
vt 0.780574 0.584575
vt 0.774118 0.650208
vt 0.774645 0.646909
vt 0.787628 0.631443
vt 0.776286 0.635738
vt 0.776953 0.630562
vt 0.777246 0.628096
vt 0.779007 0.610834
vt 0.780329 0.590429
vt 0.753676 0.726533
vt 0.757937 0.714879
vt 0.770550 0.708595
vt 0.761297 0.704549
vt 0.765857 0.688972
vt 0.773633 0.840450
vt 0.764979 0.851240
vt 0.752205 0.852669
vt 0.763125 0.853496
vt 0.750201 0.868586
vt 0.743727 0.875882
vt 0.740621 0.879139
vt 0.740429 0.879322
vt 0.731900 0.864049
vt 0.794806 0.800992
vt 0.799021 0.803391
vt 0.795558 0.808858
vt 0.782813 0.819521
vt 0.791446 0.815141
vt 0.786847 0.822049
vt 0.820121 0.765362
vt 0.813780 0.777587
vt 0.805802 0.782028
vt 0.808590 0.787208
vt 0.803092 0.796600
vt 0.829208 0.745614
vt 0.823622 0.757892
vt 0.815870 0.762477
vt 0.811432 0.760227
vt 0.801553 0.779650
vt 0.790738 0.798490
vt 0.778937 0.816901
vt 0.745923 0.846836
vt 0.766117 0.834989
vt 0.780616 0.830840
vt 0.759248 0.829295
vt 0.740083 0.840785
vt 0.721808 0.851732
vt 0.734578 0.834521
vt 0.752840 0.823345
vt 0.771621 0.811420
vt 0.786815 0.795904
vt 0.797448 0.777186
vt 0.807140 0.757893
vt 0.735240 0.804111
vt 0.745583 0.786693
vt 0.751826 0.793252
vt 0.761902 0.775571
vt 0.768722 0.781757
vt 0.778368 0.763596
vt 0.785782 0.769279
vt 0.794898 0.750382
vt 0.798892 0.752972
vt 0.793463 0.774637
vt 0.783016 0.793233
vt 0.775726 0.787651
vt 0.764742 0.805641
vt 0.758178 0.799577
vt 0.746770 0.817149
vt 0.740938 0.810730
vt 0.729317 0.828061
vt 0.724193 0.821425
vt 0.712647 0.838683
vt 0.802967 0.755475
vt 0.833337 0.720680
vt 0.838750 0.721473
vt 0.825054 0.742083
vt 0.832570 0.737319
vt 0.840824 0.698087
vt 0.847298 0.674430
vt 0.852780 0.675947
vt 0.847393 0.695294
vt 0.846078 0.699794
vt 0.840741 0.715698
vt 0.852607 0.649968
vt 0.856597 0.624963
vt 0.862421 0.625901
vt 0.860279 0.639239
vt 0.858288 0.651240
vt 0.854672 0.667643
vt 0.865274 0.593977
vt 0.864972 0.600122
vt 0.859129 0.599595
vt 0.864041 0.610755
vt 0.863138 0.619427
vt 0.865698 0.582718
vt 0.860035 0.574170
vt 0.865843 0.574228
vt 0.864940 0.548437
vt 0.865316 0.555166
vt 0.865739 0.568438
vt 0.851583 0.524746
vt 0.846368 0.525594
vt 0.853738 0.549294
vt 0.848330 0.549683
vt 0.854356 0.574091
vt 0.848844 0.574005
vt 0.853427 0.599052
vt 0.847902 0.598511
vt 0.850973 0.624004
vt 0.845523 0.623047
vt 0.847126 0.648676
vt 0.841814 0.647372
vt 0.842008 0.672866
vt 0.836881 0.671271
vt 0.835753 0.696307
vt 0.830840 0.694475
vt 0.828499 0.718730
vt 0.823810 0.716711
vt 0.820414 0.739982
vt 0.815925 0.737799
vt 0.839834 0.514626
vt 0.841228 0.526402
vt 0.836150 0.527171
vt 0.843034 0.550049
vt 0.837822 0.550392
vt 0.843464 0.573912
vt 0.838188 0.573808
vt 0.842520 0.597969
vt 0.837250 0.597423
vt 0.840215 0.622089
vt 0.835021 0.621124
vt 0.836640 0.646052
vt 0.831577 0.644714
vt 0.831886 0.669643
vt 0.826998 0.667980
vt 0.826053 0.692592
vt 0.821370 0.690655
vt 0.819243 0.714621
vt 0.814776 0.712461
vt 0.811558 0.735534
vt 0.807289 0.733188
vt 0.727876 0.782547
vt 0.732888 0.772967
vt 0.739317 0.779920
vt 0.748374 0.762415
vt 0.755161 0.769118
vt 0.763905 0.751310
vt 0.771112 0.757600
vt 0.779428 0.739221
vt 0.787095 0.744959
vt 0.794900 0.725671
vt 0.803100 0.730762
vt 0.806059 0.707932
vt 0.810387 0.710232
vt 0.812230 0.686619
vt 0.816769 0.688664
vt 0.817459 0.664542
vt 0.822196 0.666280
vt 0.821693 0.641972
vt 0.826602 0.643355
vt 0.824876 0.619162
vt 0.829915 0.620149
vt 0.826948 0.596306
vt 0.832067 0.596870
vt 0.827848 0.573561
vt 0.832990 0.573691
vt 0.827568 0.551007
vt 0.832674 0.550711
vt 0.826101 0.528608
vt 0.831112 0.527909
vt 0.829877 0.516547
vt 0.838096 0.502833
vt 0.698412 0.580814
vt 0.704386 0.581280
vt 0.702615 0.611426
vt 0.705203 0.566288
vt 0.710877 0.566714
vt 0.716449 0.567139
vt 0.715839 0.582400
vt 0.711418 0.551414
vt 0.716906 0.551664
vt 0.702319 0.519993
vt 0.697079 0.519807
vt 0.699010 0.500261
vt 0.712055 0.535749
vt 0.717402 0.535777
vt 0.693741 0.313222
vt 0.703896 0.330344
vt 0.693757 0.340822
vt 0.713498 0.347745
vt 0.736859 0.378036
vt 0.751117 0.415042
vt 0.683480 0.296447
vt 0.683972 0.832976
vt 0.681843 0.831537
vt 0.686745 0.822223
vt 0.670485 0.824419
vt 0.668184 0.823115
vt 0.675066 0.810853
vt 0.866039 0.551362
vt 0.865843 0.546787
vt 0.866240 0.546787
vt 0.655941 0.817162
vt 0.651242 0.815345
vt 0.653660 0.799410
vt 0.646546 0.813760
vt 0.644061 0.813011
vt 0.674807 0.826996
vt 0.688298 0.835968
vt 0.693951 0.839550
vt 0.693544 0.839794
vt 0.693432 0.839711
vt 0.673088 0.266353
vt 0.674089 0.266907
vt 0.673712 0.280235
vt 0.676245 0.268270
vt 0.676665 0.268581
vt 0.679385 0.270860
vt 0.682202 0.273574
vt 0.669614 0.264693
vt 0.665370 0.289570
vt 0.662971 0.271896
vt 0.656802 0.299050
vt 0.650663 0.286420
vt 0.647911 0.308736
vt 0.642370 0.296160
vt 0.764634 0.473892
vt 0.765429 0.452434
vt 0.760677 0.432499
vt 0.754055 0.424597
vt 0.756710 0.434283
vt 0.761217 0.453958
vt 0.771850 0.492768
vt 0.773711 0.512772
vt 0.774827 0.532500
vt 0.769934 0.552085
vt 0.764584 0.552197
vt 0.764342 0.533457
vt 0.759136 0.533904
vt 0.758591 0.515087
vt 0.746308 0.428433
vt 0.748689 0.437855
vt 0.752646 0.457012
vt 0.755532 0.476445
vt 0.757463 0.495879
vt 0.767085 0.493819
vt 0.768674 0.513570
vt 0.769570 0.532993
vt 0.744494 0.396315
vt 0.734097 0.391912
vt 0.728344 0.360054
vt 0.722390 0.365303
vt 0.743645 0.419136
vt 0.737534 0.400903
vt 0.736187 0.423202
vt 0.740594 0.441417
vt 0.743946 0.460051
vt 0.746282 0.478949
vt 0.747735 0.497842
vt 0.748490 0.516481
vt 0.748765 0.534682
vt 0.720936 0.401197
vt 0.730653 0.405394
vt 0.702609 0.358123
vt 0.710671 0.375379
vt 0.717774 0.392584
vt 0.730423 0.382998
vt 0.706649 0.535663
vt 0.707537 0.519874
vt 0.693547 0.561823
vt 0.694284 0.550447
vt 0.700130 0.550793
vt 0.694304 0.550186
vt 0.701164 0.535511
vt 0.695921 0.531552
vt 0.697056 0.520039
vt 0.708976 0.471528
vt 0.700487 0.473952
vt 0.708201 0.455307
vt 0.700341 0.460143
vt 0.706353 0.439083
vt 0.717880 0.519424
vt 0.718229 0.502700
vt 0.708396 0.503866
vt 0.718223 0.485771
vt 0.708958 0.487730
vt 0.717633 0.468792
vt 0.716237 0.451898
vt 0.713800 0.435162
vt 0.710079 0.418509
vt 0.699850 0.489301
vt 0.700365 0.478354
vt 0.691543 0.368061
vt 0.698849 0.385031
vt 0.705087 0.401830
vt 0.698969 0.443440
vt 0.696108 0.427025
vt 0.703143 0.422785
vt 0.696077 0.426884
vt 0.695726 0.425310
vt 0.692667 0.413375
vt 0.683377 0.350910
vt 0.672422 0.360700
vt 0.666798 0.348771
vt 0.684339 0.323552
vt 0.674631 0.333624
vt 0.664349 0.343570
vt 0.665608 0.316279
vt 0.656018 0.326139
vt 0.654283 0.322519
vt 0.674707 0.306419
vt 0.686201 0.393678
vt 0.679908 0.377703
vt 0.677633 0.372386
vt 0.725100 0.615046
vt 0.735753 0.617593
vt 0.723548 0.630908
vt 0.734072 0.633989
vt 0.721394 0.647012
vt 0.731719 0.650583
vt 0.718523 0.663464
vt 0.728574 0.667448
vt 0.714853 0.680358
vt 0.724557 0.684644
vt 0.710386 0.697653
vt 0.719690 0.702137
vt 0.705123 0.715268
vt 0.714002 0.719875
vt 0.699076 0.733150
vt 0.707524 0.737823
vt 0.692289 0.751263
vt 0.700310 0.755952
vt 0.684873 0.769541
vt 0.692445 0.774220
vt 0.676885 0.787876
vt 0.683998 0.792548
vt 0.668428 0.806186
vt 0.663619 0.820685
vt 0.716955 0.414193
vt 0.723801 0.409824
vt 0.721255 0.431209
vt 0.728716 0.427224
vt 0.724338 0.448444
vt 0.732469 0.444947
vt 0.726385 0.465959
vt 0.735174 0.463041
vt 0.727570 0.483642
vt 0.736942 0.481359
vt 0.728083 0.501288
vt 0.737930 0.499658
vt 0.728136 0.518685
vt 0.738338 0.517694
vt 0.727943 0.535646
vt 0.738381 0.535273
vt 0.727651 0.552067
vt 0.738236 0.552301
vt 0.727331 0.568009
vt 0.738003 0.568839
vt 0.726868 0.583698
vt 0.737591 0.585117
vt 0.726180 0.599361
vt 0.736887 0.601336
vt 0.714070 0.612948
vt 0.712643 0.628435
vt 0.710692 0.644177
vt 0.708106 0.660311
vt 0.704794 0.676962
vt 0.700743 0.694091
vt 0.695910 0.711590
vt 0.690278 0.729398
vt 0.683880 0.747483
vt 0.676883 0.765756
vt 0.669315 0.784066
vt 0.661279 0.802339
vt 0.659077 0.818515
vt 0.639669 0.811405
vt 0.645835 0.796877
vt 0.661334 0.781218
vt 0.652959 0.779384
vt 0.654410 0.775701
vt 0.668525 0.762969
vt 0.660049 0.760684
vt 0.675123 0.744714
vt 0.664889 0.746572
vt 0.681189 0.726660
vt 0.673197 0.720360
vt 0.686417 0.708944
vt 0.676827 0.706896
vt 0.690811 0.691565
vt 0.705828 0.551124
vt 0.690649 0.610252
vt 0.689937 0.620873
vt 0.701328 0.626691
vt 0.688387 0.638953
vt 0.699619 0.642199
vt 0.686141 0.657893
vt 0.697353 0.658109
vt 0.683238 0.676450
vt 0.694417 0.674571
vt 0.680755 0.689629
vt 0.679076 0.697131
vt 0.691845 0.828738
vt 0.721894 0.774258
vt 0.712509 0.792468
vt 0.702470 0.810638
vt 0.745489 0.719708
vt 0.738463 0.737933
vt 0.730586 0.756106
vt 0.764100 0.645755
vt 0.760893 0.664431
vt 0.756743 0.682998
vt 0.751602 0.701419
vt 0.766537 0.627056
vt 0.768224 0.608348
vt 0.769317 0.589656
vt 0.769838 0.570935
vt 0.775348 0.551954
vt 0.748571 0.569606
vt 0.759142 0.570303
vt 0.748150 0.586602
vt 0.758673 0.588121
vt 0.747375 0.603533
vt 0.757767 0.605886
vt 0.746124 0.620497
vt 0.756329 0.623675
vt 0.744268 0.637560
vt 0.754229 0.641514
vt 0.741688 0.654759
vt 0.751369 0.659412
vt 0.738255 0.672123
vt 0.747610 0.677349
vt 0.733889 0.689679
vt 0.742875 0.695315
vt 0.728625 0.707404
vt 0.737201 0.713306
vt 0.722507 0.725280
vt 0.730642 0.731342
vt 0.715585 0.743292
vt 0.723255 0.749427
vt 0.707911 0.761429
vt 0.715090 0.767570
vt 0.699567 0.779675
vt 0.706239 0.785791
vt 0.690624 0.797968
vt 0.696765 0.804029
vt 0.681166 0.816233
vt 0.679217 0.829796
vt 0.759276 0.552292
vt 0.748750 0.552371
vt 0.691490 0.595942
vt 0.692281 0.580441
vt 0.692298 0.580148
vt 0.450168 0.349613
vt 0.446210 0.357789
vt 0.451032 0.360023
vt 0.417691 0.444047
vt 0.415055 0.456072
vt 0.421889 0.452287
vt 0.407531 0.522540
vt 0.407311 0.528547
vt 0.413360 0.528833
vt 0.431546 0.395363
vt 0.429990 0.399837
vt 0.434515 0.404192
vt 0.424104 0.419151
vt 0.421652 0.427406
vt 0.427595 0.427767
vt 0.439547 0.373652
vt 0.437179 0.379387
vt 0.442255 0.381516
vt 0.460126 0.330146
vt 0.456111 0.337436
vt 0.460688 0.339742
vt 0.471193 0.320431
vt 0.475380 0.322857
vt 0.486576 0.304377
vt 0.446396 0.553144
vt 0.451606 0.553008
vt 0.451609 0.530639
vt 0.446390 0.530352
vt 0.452686 0.508119
vt 0.447520 0.507398
vt 0.454846 0.485517
vt 0.449798 0.484373
vt 0.458068 0.462979
vt 0.453188 0.461437
vt 0.462306 0.440689
vt 0.463081 0.416643
vt 0.467522 0.418854
vt 0.473678 0.397681
vt 0.469470 0.395208
vt 0.480819 0.377358
vt 0.476834 0.374681
vt 0.488941 0.357912
vt 0.441323 0.700591
vt 0.442472 0.703606
vt 0.446261 0.701369
vt 0.446319 0.674123
vt 0.450493 0.672100
vt 0.444083 0.648909
vt 0.409726 0.575427
vt 0.410228 0.580636
vt 0.415817 0.579864
vt 0.433942 0.626832
vt 0.438731 0.625322
vt 0.436516 0.613434
vt 0.453578 0.586366
vt 0.454748 0.597512
vt 0.464763 0.595771
vt 0.584726 0.832387
vt 0.574410 0.837999
vt 0.579646 0.847821
vt 0.558620 0.237739
vt 0.555767 0.233779
vt 0.547414 0.241576
vt 0.551319 0.227646
vt 0.551142 0.227425
vt 0.541698 0.235857
vt 0.546345 0.220633
vt 0.542686 0.223538
vt 0.552823 0.229731
vt 0.568807 0.251666
vt 0.567839 0.250361
vt 0.557307 0.253545
vt 0.566493 0.248529
vt 0.563517 0.244446
vt 0.574031 0.258260
vt 0.570809 0.254280
vt 0.561723 0.259828
vt 0.577737 0.262379
vt 0.575964 0.260466
vt 0.565897 0.266308
vt 0.582734 0.267048
vt 0.579744 0.264377
vt 0.569925 0.273031
vt 0.506327 0.673390
vt 0.497578 0.673624
vt 0.510269 0.688747
vt 0.502874 0.693425
vt 0.511616 0.693416
vt 0.505827 0.671210
vt 0.505452 0.669531
vt 0.493231 0.653487
vt 0.502110 0.652791
vt 0.501624 0.650012
vt 0.497443 0.651741
vt 0.501148 0.647182
vt 0.494216 0.631774
vt 0.483096 0.532733
vt 0.477739 0.552675
vt 0.483101 0.552668
vt 0.478415 0.573000
vt 0.483655 0.572620
vt 0.479876 0.593423
vt 0.484957 0.592688
vt 0.482059 0.613988
vt 0.480564 0.636061
vt 0.477234 0.615095
vt 0.474821 0.594177
vt 0.473218 0.573400
vt 0.510135 0.736921
vt 0.523088 0.725901
vt 0.502308 0.717838
vt 0.519313 0.716304
vt 0.516158 0.707551
vt 0.509193 0.712731
vt 0.518233 0.713384
vt 0.518899 0.755390
vt 0.528549 0.773286
vt 0.539498 0.761026
vt 0.534662 0.751519
vt 0.528474 0.738423
vt 0.525914 0.732648
vt 0.562056 0.823220
vt 0.577387 0.822186
vt 0.567648 0.807948
vt 0.550222 0.807332
vt 0.559607 0.795626
vt 0.539016 0.790625
vt 0.552562 0.784205
vt 0.544337 0.769989
vt 0.495480 0.698099
vt 0.489628 0.677756
vt 0.484682 0.657010
vt 0.489684 0.633185
vt 0.486879 0.612893
vt 0.452643 0.575275
vt 0.467586 0.617398
vt 0.457941 0.619855
vt 0.471393 0.639045
vt 0.462228 0.642164
vt 0.476084 0.660617
vt 0.467488 0.664325
vt 0.481644 0.681927
vt 0.473664 0.686145
vt 0.488098 0.702757
vt 0.480731 0.707405
vt 0.495483 0.722890
vt 0.488683 0.727883
vt 0.497524 0.747537
vt 0.447518 0.575818
vt 0.442372 0.576387
vt 0.443400 0.587886
vt 0.444716 0.599418
vt 0.419304 0.605022
vt 0.424459 0.603803
vt 0.426610 0.616140
vt 0.429158 0.628408
vt 0.424381 0.630062
vt 0.430761 0.654454
vt 0.413321 0.601462
vt 0.414075 0.606245
vt 0.415593 0.614519
vt 0.416561 0.619116
vt 0.418526 0.627442
vt 0.413042 0.599673
vt 0.426413 0.656394
vt 0.427194 0.658997
vt 0.458766 0.721327
vt 0.450090 0.699150
vt 0.442186 0.676175
vt 0.439607 0.650708
vt 0.438100 0.678259
vt 0.432908 0.676932
vt 0.436638 0.687758
vt 0.435166 0.652557
vt 0.419062 0.629621
vt 0.421824 0.640076
vt 0.425283 0.652521
vt 0.457851 0.694754
vt 0.466058 0.716687
vt 0.475056 0.737706
vt 0.468179 0.742546
vt 0.471491 0.767274
vt 0.484848 0.757788
vt 0.482116 0.785750
vt 0.495401 0.777010
vt 0.486324 0.792541
vt 0.506773 0.795475
vt 0.562009 0.861449
vt 0.568211 0.849413
vt 0.546447 0.846331
vt 0.554231 0.834694
vt 0.532221 0.830203
vt 0.541236 0.818824
vt 0.519021 0.813222
vt 0.529066 0.802077
vt 0.517720 0.784590
vt 0.507203 0.766418
vt 0.481882 0.732820
vt 0.473383 0.712047
vt 0.465722 0.690419
vt 0.458942 0.668149
vt 0.453112 0.645445
vt 0.448323 0.622480
vt 0.446392 0.610942
vt 0.570314 0.885599
vt 0.570525 0.884742
vt 0.555268 0.873630
vt 0.541053 0.860885
vt 0.519749 0.838078
vt 0.507698 0.823236
vt 0.501766 0.815322
vt 0.494388 0.804831
vt 0.447114 0.715462
vt 0.450413 0.723383
vt 0.458694 0.742036
vt 0.473436 0.347075
vt 0.477432 0.349670
vt 0.490787 0.333371
vt 0.441128 0.530078
vt 0.441157 0.553303
vt 0.435870 0.553487
vt 0.437194 0.576999
vt 0.431974 0.577644
vt 0.433171 0.589565
vt 0.444692 0.483235
vt 0.442304 0.506683
vt 0.437013 0.505972
vt 0.435803 0.529816
vt 0.430392 0.529563
vt 0.430516 0.553693
vt 0.425073 0.553923
vt 0.426687 0.578333
vt 0.421321 0.579071
vt 0.422843 0.591414
vt 0.434661 0.601513
vt 0.465090 0.342113
vt 0.469330 0.344561
vt 0.483285 0.327936
vt 0.511872 0.269020
vt 0.526161 0.252137
vt 0.519187 0.246977
vt 0.535210 0.230318
vt 0.521172 0.244828
vt 0.482588 0.301918
vt 0.490905 0.281534
vt 0.486627 0.287680
vt 0.498669 0.286446
vt 0.466834 0.318081
vt 0.482948 0.292982
vt 0.478431 0.299540
vt 0.472664 0.308730
vt 0.510185 0.257356
vt 0.502517 0.266426
vt 0.495948 0.274902
vt 0.457634 0.438787
vt 0.452902 0.436911
vt 0.448250 0.459907
vt 0.443233 0.458386
vt 0.439509 0.482099
vt 0.434225 0.480960
vt 0.431626 0.505260
vt 0.426115 0.504541
vt 0.424870 0.529317
vt 0.419205 0.529075
vt 0.419513 0.554175
vt 0.413803 0.554449
vt 0.455666 0.362305
vt 0.464459 0.367058
vt 0.460133 0.364650
vt 0.451849 0.385871
vt 0.447141 0.383669
vt 0.439614 0.406179
vt 0.560534 0.240376
vt 0.552589 0.247477
vt 0.538334 0.263403
vt 0.532508 0.257616
vt 0.525005 0.280093
vt 0.518679 0.274383
vt 0.512635 0.297345
vt 0.505882 0.291713
vt 0.501253 0.315091
vt 0.494128 0.309550
vt 0.409216 0.495980
vt 0.408578 0.502264
vt 0.414584 0.503060
vt 0.407897 0.513842
vt 0.465201 0.392792
vt 0.458581 0.414474
vt 0.454005 0.412345
vt 0.448091 0.435056
vt 0.443181 0.433218
vt 0.438115 0.456869
vt 0.432872 0.455351
vt 0.428813 0.479812
vt 0.423242 0.478650
vt 0.420447 0.503810
vt 0.412656 0.469705
vt 0.411563 0.476240
vt 0.417477 0.477466
vt 0.410409 0.485126
vt 0.485169 0.355087
vt 0.472791 0.372073
vt 0.460854 0.390431
vt 0.449333 0.410254
vt 0.438148 0.431394
vt 0.427474 0.453826
vt 0.543747 0.269477
vt 0.530953 0.286140
vt 0.519039 0.303336
vt 0.508064 0.320993
vt 0.498002 0.339153
vt 0.481338 0.352338
vt 0.468672 0.369532
vt 0.456411 0.388125
vt 0.444545 0.408199
vt 0.432963 0.429579
vt 0.536988 0.323385
vt 0.527483 0.340827
vt 0.537007 0.342061
vt 0.540849 0.334616
vt 0.542884 0.330821
vt 0.547316 0.306218
vt 0.549344 0.319229
vt 0.558371 0.289393
vt 0.564042 0.295066
vt 0.573414 0.280819
vt 0.511046 0.376544
vt 0.523309 0.371628
vt 0.518800 0.358528
vt 0.526687 0.363772
vt 0.531560 0.353027
vt 0.504304 0.394941
vt 0.516019 0.390492
vt 0.517781 0.385548
vt 0.553682 0.282464
vt 0.548837 0.275832
vt 0.542027 0.299201
vt 0.536602 0.292512
vt 0.531130 0.316354
vt 0.525178 0.309674
vt 0.521090 0.333855
vt 0.514650 0.327249
vt 0.511916 0.351719
vt 0.505020 0.345267
vt 0.503687 0.369997
vt 0.496359 0.363795
vt 0.496449 0.388775
vt 0.488665 0.382926
vt 0.490255 0.408169
vt 0.498620 0.413811
vt 0.510409 0.408061
vt 0.512396 0.401470
vt 0.493944 0.433148
vt 0.504908 0.429986
vt 0.507271 0.419783
vt 0.487272 0.472735
vt 0.498403 0.469115
vt 0.490186 0.452835
vt 0.500799 0.452173
vt 0.503182 0.438415
vt 0.485149 0.492739
vt 0.496363 0.489282
vt 0.497610 0.476102
vt 0.498956 0.632031
vt 0.497553 0.621187
vt 0.491700 0.611824
vt 0.495317 0.593195
vt 0.490075 0.591964
vt 0.494199 0.562945
vt 0.488952 0.572253
vt 0.494138 0.552686
vt 0.488560 0.552673
vt 0.494274 0.529944
vt 0.488576 0.533145
vt 0.494778 0.514494
vt 0.483782 0.512767
vt 0.495001 0.509496
vt 0.495395 0.501953
vt 0.480663 0.425761
vt 0.485046 0.428165
vt 0.476151 0.446580
vt 0.480777 0.448618
vt 0.472551 0.467725
vt 0.477398 0.469359
vt 0.469859 0.489030
vt 0.474892 0.490240
vt 0.468076 0.510357
vt 0.473243 0.511139
vt 0.467196 0.531599
vt 0.461996 0.552807
vt 0.461994 0.531262
vt 0.462943 0.509595
vt 0.464856 0.487842
vt 0.467728 0.466119
vt 0.471546 0.444582
vt 0.476297 0.423406
vt 0.481979 0.402804
vt 0.484757 0.380108
vt 0.477842 0.400212
vt 0.471922 0.421107
vt 0.466937 0.442619
vt 0.462908 0.464539
vt 0.459859 0.486672
vt 0.457820 0.508850
vt 0.456804 0.530942
vt 0.456801 0.552896
vt 0.457780 0.574752
vt 0.472432 0.531956
vt 0.467206 0.552742
vt 0.462911 0.574272
vt 0.477725 0.532337
vt 0.472448 0.552698
vt 0.468055 0.573828
vt 0.574084 0.870420
vt 0.407596 0.542147
vt 0.407756 0.549069
vt 0.407918 0.554694
vt 0.409262 0.570316
vt 0.523998 0.397234
vt 0.514229 0.434931
vt 0.518505 0.415999
vt 0.507060 0.492336
vt 0.506046 0.511521
vt 0.516764 0.513537
vt 0.527025 0.532935
vt 0.526771 0.550559
vt 0.537442 0.550969
vt 0.535680 0.427995
vt 0.540051 0.410043
vt 0.531913 0.403793
vt 0.553449 0.398041
vt 0.559380 0.379976
vt 0.552020 0.373704
vt 0.606062 0.764199
vt 0.603618 0.758936
vt 0.595513 0.774202
vt 0.598138 0.746832
vt 0.586796 0.756547
vt 0.590868 0.729502
vt 0.584866 0.713181
vt 0.571757 0.721644
vt 0.573551 0.584787
vt 0.568198 0.584793
vt 0.566882 0.601078
vt 0.622887 0.799511
vt 0.616299 0.785549
vt 0.613590 0.809639
vt 0.624794 0.292616
vt 0.622209 0.291315
vt 0.617129 0.305186
vt 0.607612 0.282780
vt 0.604295 0.280632
vt 0.600191 0.288782
vt 0.603509 0.280117
vt 0.599713 0.277603
vt 0.595797 0.282681
vt 0.595854 0.275010
vt 0.593621 0.273471
vt 0.591869 0.276475
vt 0.583918 0.266150
vt 0.583208 0.266539
vt 0.587102 0.268707
vt 0.611639 0.285313
vt 0.617939 0.289023
vt 0.613587 0.286494
vt 0.605143 0.294646
vt 0.629250 0.294693
vt 0.629094 0.812890
vt 0.596793 0.843179
vt 0.599535 0.844491
vt 0.596037 0.828694
vt 0.606817 0.837934
vt 0.604586 0.819394
vt 0.621052 0.822180
vt 0.629105 0.812908
vt 0.587224 0.835430
vt 0.589866 0.838018
vt 0.590362 0.838475
vt 0.593065 0.840725
vt 0.596051 0.842767
vt 0.586009 0.811958
vt 0.582005 0.554096
vt 0.576113 0.553593
vt 0.580208 0.572917
vt 0.578960 0.584595
vt 0.569321 0.568777
vt 0.570294 0.553106
vt 0.564860 0.633938
vt 0.573633 0.631566
vt 0.573967 0.627084
vt 0.565654 0.617498
vt 0.575076 0.615971
vt 0.576433 0.604774
vt 0.578933 0.584830
vt 0.573023 0.645572
vt 0.564840 0.650364
vt 0.573605 0.662498
vt 0.565970 0.666798
vt 0.575846 0.679161
vt 0.568577 0.683348
vt 0.575873 0.679304
vt 0.565901 0.704462
vt 0.578885 0.693069
vt 0.576174 0.680906
vt 0.578786 0.739010
vt 0.593050 0.734928
vt 0.614527 0.781848
vt 0.537050 0.568307
vt 0.526458 0.568586
vt 0.536670 0.586172
vt 0.516051 0.550255
vt 0.515850 0.569018
vt 0.521418 0.550392
vt 0.521158 0.568788
vt 0.539980 0.700052
vt 0.547112 0.695784
vt 0.535031 0.681874
vt 0.542786 0.678042
vt 0.531303 0.663333
vt 0.539732 0.660021
vt 0.528722 0.644390
vt 0.537801 0.641653
vt 0.527150 0.625204
vt 0.536798 0.623066
vt 0.526399 0.606020
vt 0.536502 0.604491
vt 0.526265 0.587085
vt 0.510725 0.588782
vt 0.510527 0.569278
vt 0.510655 0.550142
vt 0.506377 0.609466
vt 0.505555 0.589386
vt 0.505178 0.569563
vt 0.505213 0.550049
vt 0.510825 0.650000
vt 0.508160 0.629738
vt 0.503528 0.630896
vt 0.501426 0.610370
vt 0.500387 0.590005
vt 0.499789 0.569863
vt 0.499706 0.549971
vt 0.519475 0.689673
vt 0.514565 0.670046
vt 0.515897 0.588184
vt 0.516354 0.607689
vt 0.517582 0.627440
vt 0.519711 0.647182
vt 0.522901 0.666680
vt 0.527261 0.685752
vt 0.532818 0.704407
vt 0.595102 0.801929
vt 0.604578 0.791903
vt 0.525568 0.708852
vt 0.549737 0.704608
vt 0.552678 0.713426
vt 0.536017 0.713611
vt 0.539478 0.722783
vt 0.532767 0.727648
vt 0.547219 0.740989
vt 0.559435 0.731077
vt 0.567270 0.748797
vt 0.555928 0.759074
vt 0.565474 0.777010
vt 0.576014 0.766568
vt 0.585418 0.784320
vt 0.575643 0.794714
vt 0.591094 0.306821
vt 0.586124 0.300562
vt 0.582222 0.325074
vt 0.576637 0.318724
vt 0.573888 0.343412
vt 0.567702 0.337032
vt 0.566240 0.361737
vt 0.559465 0.355376
vt 0.553075 0.348678
vt 0.561917 0.330354
vt 0.571478 0.312120
vt 0.581609 0.294107
vt 0.548535 0.415871
vt 0.545515 0.391941
vt 0.544693 0.433418
vt 0.541948 0.450619
vt 0.540115 0.467545
vt 0.532466 0.445746
vt 0.526995 0.422151
vt 0.510921 0.531275
vt 0.516321 0.531821
vt 0.546950 0.341735
vt 0.556407 0.323461
vt 0.566618 0.305331
vt 0.577423 0.287522
vt 0.588291 0.270212
vt 0.591950 0.272305
vt 0.538285 0.360143
vt 0.545027 0.367058
vt 0.537933 0.385436
vt 0.530580 0.378634
vt 0.508691 0.473147
vt 0.517500 0.495314
vt 0.527333 0.515519
vt 0.537698 0.534091
vt 0.511011 0.454001
vt 0.520587 0.458791
vt 0.518729 0.477067
vt 0.528765 0.480802
vt 0.527853 0.498181
vt 0.538290 0.500898
vt 0.537927 0.517450
vt 0.523274 0.440483
vt 0.530235 0.463334
vt 0.538964 0.484289
vt 0.505463 0.530734
vt 0.499926 0.530205
vt 0.629963 0.295008
vt 0.624306 0.309595
vt 0.617494 0.327023
vt 0.609641 0.323304
vt 0.579929 0.412487
vt 0.591289 0.408151
vt 0.584297 0.395203
vt 0.593607 0.398649
vt 0.589617 0.377522
vt 0.597355 0.385308
vt 0.595663 0.359539
vt 0.605537 0.359452
vt 0.602401 0.341455
vt 0.610465 0.345596
vt 0.616087 0.330687
vt 0.582023 0.553834
vt 0.582606 0.542374
vt 0.577158 0.523245
vt 0.583281 0.523838
vt 0.583287 0.523545
vt 0.583418 0.508029
vt 0.570795 0.537741
vt 0.571195 0.522570
vt 0.571570 0.492280
vt 0.583403 0.493743
vt 0.572012 0.477021
vt 0.583487 0.483204
vt 0.572809 0.461555
vt 0.583909 0.465318
vt 0.574244 0.445716
vt 0.585098 0.446667
vt 0.576586 0.429346
vt 0.587366 0.428481
vt 0.589725 0.415552
vt 0.554230 0.691580
vt 0.561376 0.687439
vt 0.550528 0.674254
vt 0.558257 0.670507
vt 0.548155 0.656753
vt 0.556537 0.653534
vt 0.546888 0.638992
vt 0.555927 0.636418
vt 0.546468 0.621057
vt 0.556104 0.619196
vt 0.546633 0.603140
vt 0.556765 0.601996
vt 0.547118 0.585468
vt 0.557615 0.585001
vt 0.547688 0.568234
vt 0.558422 0.568387
vt 0.548180 0.551527
vt 0.559082 0.552240
vt 0.548471 0.535295
vt 0.559462 0.536526
vt 0.548670 0.519295
vt 0.559720 0.521023
vt 0.549495 0.487409
vt 0.560293 0.490115
vt 0.550345 0.471311
vt 0.560951 0.474512
vt 0.551812 0.454974
vt 0.562091 0.458667
vt 0.554110 0.438282
vt 0.563961 0.442431
vt 0.557438 0.421134
vt 0.566789 0.425675
vt 0.561810 0.403598
vt 0.570634 0.408461
vt 0.567187 0.385744
vt 0.575485 0.390864
vt 0.573487 0.367638
vt 0.581266 0.372943
vt 0.580569 0.349380
vt 0.587812 0.354802
vt 0.588330 0.331063
vt 0.595037 0.336568
vt 0.596616 0.312779
vt 0.602775 0.318317
vt 0.610754 0.300153
vt 0.637116 0.869038
vt 0.635650 0.865803
vt 0.636373 0.866481
vt 0.638153 0.872956
vt 0.626348 0.887500
vt 0.622765 0.888671
vt 0.622276 0.885267
vt 0.617778 0.890266
vt 0.613950 0.891822
vt 0.612513 0.885694
vt 0.578435 0.203169
vt 0.573924 0.204695
vt 0.577248 0.212377
vt 0.584568 0.265909
vt 0.586955 0.261739
vt 0.588414 0.264453
vt 0.589267 0.264134
vt 0.559604 0.222065
vt 0.554150 0.214403
vt 0.550216 0.217268
vt 0.546549 0.220455
vt 0.558920 0.211292
vt 0.554793 0.213960
vt 0.554692 0.214030
vt 0.568218 0.217048
vt 0.563265 0.209019
vt 0.568454 0.206624
vt 0.564140 0.208592
vt 0.563976 0.208672
vt 0.573789 0.204742
vt 0.573048 0.205005
vt 0.613704 0.891917
vt 0.612999 0.892193
vt 0.608685 0.893982
vt 0.622411 0.888792
vt 0.621771 0.889011
vt 0.630266 0.886235
vt 0.631333 0.885902
vt 0.633402 0.866609
vt 0.633437 0.856658
vt 0.633798 0.857853
vt 0.632513 0.858817
vt 0.634001 0.858533
vt 0.635190 0.862484
vt 0.600509 0.259972
vt 0.601383 0.259643
vt 0.602438 0.256495
vt 0.602115 0.259367
vt 0.629215 0.851381
vt 0.631200 0.849389
vt 0.631751 0.851235
vt 0.632496 0.853682
vt 0.591949 0.263157
vt 0.592368 0.262998
vt 0.594360 0.259129
vt 0.593031 0.262746
vt 0.596324 0.261497
vt 0.597057 0.261224
vt 0.583527 0.257704
vt 0.581750 0.255368
vt 0.578742 0.251124
vt 0.632139 0.867264
vt 0.629943 0.868769
vt 0.627957 0.870604
vt 0.627100 0.871571
vt 0.625384 0.873947
vt 0.623999 0.876552
vt 0.623303 0.878328
vt 0.622581 0.881056
vt 0.622267 0.883856
vt 0.612526 0.883602
vt 0.613055 0.879405
vt 0.614325 0.875499
vt 0.615413 0.873044
vt 0.617481 0.869490
vt 0.619971 0.866293
vt 0.621198 0.865003
vt 0.624057 0.862570
vt 0.627256 0.860599
vt 0.629121 0.859762
vt 0.586717 0.207791
vt 0.578462 0.214663
vt 0.587728 0.209759
vt 0.581096 0.219056
vt 0.589989 0.213562
vt 0.584020 0.223308
vt 0.605182 0.872057
vt 0.606609 0.869080
vt 0.609287 0.864683
vt 0.612527 0.860694
vt 0.614104 0.859114
vt 0.617837 0.856044
vt 0.622088 0.853559
vt 0.624561 0.852543
vt 0.569582 0.219442
vt 0.572377 0.224033
vt 0.575274 0.228488
vt 0.577289 0.231476
vt 0.585982 0.226185
vt 0.580604 0.236233
vt 0.871030 0.487927
vt 0.866328 0.497802
vt 0.865843 0.487927
vt 0.590673 0.233338
vt 0.583263 0.241402
vt 0.592754 0.238367
vt 0.584431 0.243579
vt 0.593744 0.240519
vt 0.586966 0.248089
vt 0.595974 0.245138
vt 0.589687 0.252546
vt 0.598361 0.249753
vt 0.591289 0.254974
vt 0.599764 0.252189
vt 0.561078 0.224376
vt 0.563975 0.228813
vt 0.566841 0.233117
vt 0.568767 0.235996
vt 0.571743 0.240444
vt 0.574660 0.244910
vt 0.575953 0.246917
vt 0.647791 0.921254
vt 0.649341 0.925388
vt 0.648462 0.928415
vt 0.646333 0.915517
vt 0.646641 0.916573
vt 0.645201 0.915568
vt 0.646809 0.917139
vt 0.644182 0.907929
vt 0.644306 0.908370
vt 0.643971 0.909693
vt 0.645256 0.911669
vt 0.642809 0.904009
vt 0.642927 0.903644
vt 0.644009 0.907319
vt 0.640691 0.895709
vt 0.641690 0.899360
vt 0.640225 0.899030
vt 0.641872 0.899982
vt 0.639966 0.892618
vt 0.624358 0.891269
vt 0.614226 0.892116
vt 0.616773 0.896264
vt 0.573784 0.203644
vt 0.723230 0.890413
vt 0.724002 0.891509
vt 0.720149 0.893866
vt 0.728702 0.888457
vt 0.724802 0.891002
vt 0.724153 0.891414
vt 0.733135 0.885285
vt 0.732617 0.885674
vt 0.731588 0.884726
vt 0.732520 0.885747
vt 0.736829 0.882390
vt 0.696123 0.847542
vt 0.641294 0.926102
vt 0.646435 0.921842
vt 0.699374 0.850105
vt 0.703457 0.853751
vt 0.706456 0.856683
vt 0.710419 0.860810
vt 0.714253 0.864738
vt 0.718058 0.868864
vt 0.626142 0.893516
vt 0.619438 0.899313
vt 0.627225 0.894607
vt 0.621047 0.900758
vt 0.629312 0.896307
vt 0.624118 0.902949
vt 0.631551 0.897664
vt 0.627372 0.904621
vt 0.633727 0.898598
vt 0.630520 0.905696
vt 0.635920 0.899179
vt 0.633711 0.906264
vt 0.637423 0.899355
vt 0.635937 0.906328
vt 0.639145 0.899283
vt 0.638585 0.905983
vt 0.640341 0.905425
vt 0.642037 0.900485
vt 0.721706 0.872982
vt 0.723715 0.875292
vt 0.727351 0.879573
vt 0.719224 0.885098
vt 0.715559 0.880701
vt 0.713570 0.878308
vt 0.709917 0.874028
vt 0.706149 0.869793
vt 0.702430 0.865898
vt 0.622211 0.931229
vt 0.624335 0.921648
vt 0.629741 0.921667
vt 0.628216 0.930661
vt 0.633415 0.921209
vt 0.632453 0.929787
vt 0.637828 0.920005
vt 0.637686 0.927981
vt 0.640831 0.918636
vt 0.714605 0.895798
vt 0.710956 0.890817
vt 0.707554 0.886765
vt 0.605723 0.913948
vt 0.612415 0.905936
vt 0.614702 0.907642
vt 0.608464 0.915704
vt 0.618915 0.910200
vt 0.613620 0.918447
vt 0.623264 0.912087
vt 0.619047 0.920492
vt 0.627437 0.913209
vt 0.631651 0.913645
vt 0.634595 0.913512
vt 0.638130 0.912799
vt 0.640517 0.911880
vt 0.605182 0.896770
vt 0.608737 0.902040
vt 0.602519 0.271775
vt 0.657089 0.875536
vt 0.658074 0.875088
vt 0.657775 0.875359
vt 0.644994 0.879126
vt 0.635385 0.856968
vt 0.594784 0.265677
vt 0.602918 0.262260
vt 0.633945 0.848393
vt 0.636540 0.865056
vt 0.648557 0.875968
vt 0.649019 0.877891
vt 0.653017 0.876703
vt 0.652804 0.873764
vt 0.657258 0.871517
vt 0.662652 0.873694
vt 0.662009 0.874323
vt 0.630142 0.294646
vt 0.630558 0.293976
vt 0.647990 0.874743
vt 0.646908 0.872842
vt 0.645643 0.871088
vt 0.645033 0.870370
vt 0.643713 0.869022
vt 0.652171 0.872138
vt 0.650899 0.869545
vt 0.649333 0.867058
vt 0.648553 0.866009
vt 0.646801 0.863966
vt 0.656540 0.869450
vt 0.655030 0.866096
vt 0.653109 0.862833
vt 0.652158 0.861443
vt 0.649929 0.858654
vt 0.632150 0.290400
vt 0.631447 0.284249
vt 0.628123 0.288467
vt 0.629432 0.283114
vt 0.625807 0.287248
vt 0.626138 0.281078
vt 0.622006 0.285089
vt 0.622818 0.278829
vt 0.618153 0.282713
vt 0.621356 0.277788
vt 0.616433 0.281594
vt 0.618335 0.275505
vt 0.612872 0.279197
vt 0.666335 0.873307
vt 0.609276 0.276679
vt 0.615288 0.273093
vt 0.647380 0.856038
vt 0.644861 0.862095
vt 0.642330 0.867856
vt 0.605932 0.274277
vt 0.612469 0.270791
vt 0.644772 0.853822
vt 0.642934 0.860552
vt 0.641040 0.866951
vt 0.609595 0.268371
vt 0.641861 0.851798
vt 0.640847 0.859180
vt 0.639731 0.866193
vt 0.599083 0.269161
vt 0.606676 0.265815
vt 0.638617 0.850036
vt 0.638580 0.858019
vt 0.638391 0.865585
vt 0.646670 0.906294
vt 0.650507 0.879253
vt 0.661810 0.878037
vt 0.656073 0.878574
vt 0.643268 0.899477
vt 0.644621 0.898178
vt 0.650097 0.913348
vt 0.649440 0.925308
vt 0.650655 0.880577
vt 0.650726 0.883094
vt 0.650525 0.885601
vt 0.650242 0.887251
vt 0.649628 0.889583
vt 0.648784 0.891819
vt 0.648284 0.892890
vt 0.647228 0.894775
vt 0.646024 0.896517
vt 0.645260 0.897463
vt 0.653658 0.920925
vt 0.652613 0.910392
vt 0.656729 0.917036
vt 0.653742 0.908871
vt 0.658073 0.915108
vt 0.655052 0.906938
vt 0.659648 0.912676
vt 0.657029 0.903572
vt 0.662051 0.908442
vt 0.658663 0.900156
vt 0.664015 0.904187
vt 0.659406 0.898294
vt 0.664887 0.901921
vt 0.660629 0.894510
vt 0.666346 0.897298
vt 0.661482 0.890690
vt 0.667345 0.892663
vt 0.661858 0.888043
vt 0.667777 0.889490
vt 0.662113 0.884066
vt 0.668067 0.884728
vt 0.662006 0.880111
vt 0.667931 0.880025
vt 0.667709 0.877592
vt 0.865843 0.542185
vt 0.866613 0.542273
vt 0.648620 0.904174
vt 0.649510 0.903058
vt 0.650548 0.901619
vt 0.652130 0.899072
vt 0.653463 0.896428
vt 0.654079 0.894964
vt 0.655099 0.891965
vt 0.655821 0.888900
vt 0.656144 0.886756
vt 0.656362 0.883521
vt 0.656258 0.880281
vt 0.594084 0.851409
vt 0.694078 0.221456
vt 0.692054 0.220837
vt 0.692944 0.218216
vt 0.570335 0.885616
vt 0.578059 0.886890
vt 0.866807 0.522668
vt 0.866807 0.530310
vt 0.865843 0.528385
vt 0.697549 0.222439
vt 0.586714 0.849843
vt 0.601949 0.852391
vt 0.602869 0.845973
vt 0.683341 0.868653
vt 0.686419 0.868667
vt 0.686661 0.869727
vt 0.689403 0.868706
vt 0.690581 0.872726
vt 0.689733 0.868704
vt 0.606781 0.847620
vt 0.681934 0.868630
vt 0.682397 0.868626
vt 0.676824 0.881100
vt 0.682063 0.907650
vt 0.682034 0.910039
vt 0.679457 0.904703
vt 0.677033 0.901964
vt 0.673426 0.878034
vt 0.674691 0.868707
vt 0.675549 0.868698
vt 0.678990 0.868661
vt 0.673682 0.881493
vt 0.673963 0.883867
vt 0.674453 0.886775
vt 0.680568 0.884246
vt 0.675137 0.889542
vt 0.684325 0.887385
vt 0.676215 0.892515
vt 0.675343 0.890209
vt 0.689173 0.220285
vt 0.687433 0.219861
vt 0.685118 0.217858
vt 0.685198 0.219445
vt 0.684088 0.219313
vt 0.581559 0.872516
vt 0.589151 0.874510
vt 0.866280 0.423677
vt 0.873499 0.438323
vt 0.865843 0.438323
vt 0.865843 0.408457
vt 0.869912 0.422533
vt 0.865843 0.423677
vt 0.865843 0.555589
vt 0.865843 0.551362
vt 0.867049 0.552446
vt 0.686499 0.865655
vt 0.865843 0.497802
vt 0.869260 0.502242
vt 0.865843 0.506430
vt 0.865843 0.530310
vt 0.870172 0.533545
vt 0.865843 0.536768
vt 0.630703 0.817131
vt 0.631935 0.821734
vt 0.673426 0.859544
vt 0.677053 0.855482
vt 0.684354 0.910133
vt 0.685833 0.911642
vt 0.688387 0.914256
vt 0.689539 0.915513
vt 0.612795 0.843793
vt 0.627649 0.827493
vt 0.632150 0.822735
vt 0.680622 0.234611
vt 0.688083 0.236732
vt 0.680749 0.219580
vt 0.673160 0.232441
vt 0.865843 0.453138
vt 0.868769 0.450541
vt 0.865843 0.477720
vt 0.870524 0.477720
vt 0.868152 0.487928
vt 0.869741 0.477720
vt 0.865843 0.467993
vt 0.869741 0.465701
vt 0.865843 0.453138
vt 0.866785 0.465120
vt 0.865843 0.465701
vt 0.673426 0.897319
vt 0.677410 0.897390
vt 0.674848 0.899253
vt 0.677985 0.892515
vt 0.694187 0.898508
vt 0.692125 0.900609
vt 0.689290 0.903345
vt 0.689670 0.903024
vt 0.690000 0.902724
vt 0.684361 0.907857
vt 0.686822 0.905560
vt 0.865843 0.536768
vt 0.868592 0.538971
vt 0.665404 0.263067
vt 0.666997 0.259834
vt 0.668895 0.264425
vt 0.674696 0.260433
vt 0.681864 0.261899
vt 0.695075 0.894273
vt 0.695027 0.897691
vt 0.695053 0.901992
vt 0.642363 0.296145
vt 0.640854 0.292205
vt 0.639669 0.287915
vt 0.695075 0.915279
vt 0.689624 0.915286
vt 0.866620 0.507095
vt 0.865843 0.514862
vt 0.865843 0.522668
vt 0.870148 0.518117
vt 0.692109 0.918043
vt 0.644402 0.281518
vt 0.656765 0.266717
vt 0.661490 0.262496
s 1
usemtl 材质
f 1/1/1 2/2/2 3/3/3
f 3/3/3 2/2/2 4/4/4
f 5/5/5 6/6/6 7/7/7
f 8/8/8 9/9/9 10/10/10
f 10/10/10 9/9/9 11/11/11
f 12/12/12 13/13/13 8/8/8
f 8/8/8 13/13/13 14/14/14
f 8/8/8 14/14/14 9/9/9
f 15/15/15 16/16/16 17/17/17
f 17/17/17 16/16/16 18/18/18
f 17/17/17 18/18/18 19/19/19
f 8/8/8 20/20/20 21/21/21
f 22/22/22 23/23/23 17/17/17
f 21/21/21 24/24/24 8/8/8
f 8/8/8 24/24/24 25/25/25
f 8/8/8 25/25/25 12/12/12
f 26/26/26 27/27/27 9/9/9
f 9/9/9 27/27/27 28/28/28
f 9/9/9 28/28/28 29/29/29
f 30/30/30 31/31/31 9/9/9
f 9/9/9 31/31/31 32/32/32
f 9/9/9 32/32/32 11/11/11
f 22/22/22 17/17/17 33/33/33
f 23/23/23 34/34/34 17/17/17
f 17/17/17 34/34/34 35/35/35
f 17/17/17 35/35/35 15/15/15
f 36/36/36 5/5/5 37/37/37
f 37/37/37 5/5/5 7/7/7
f 37/37/37 7/7/7 19/19/19
f 19/19/19 7/7/7 38/38/38
f 19/19/19 38/38/38 17/17/17
f 29/29/29 39/39/39 9/9/9
f 9/9/9 39/39/39 40/40/40
f 9/9/9 40/40/40 30/30/30
f 20/20/20 8/8/8 17/17/17
f 17/17/17 8/8/8 41/41/41
f 17/17/17 41/41/41 33/33/33
f 42/42/42 43/43/43 37/37/37
f 37/37/37 43/43/43 44/44/44
f 44/44/44 45/45/45 37/37/37
f 37/37/37 45/45/45 46/46/46
f 37/37/37 46/46/46 47/47/47
f 47/47/47 48/48/48 37/37/37
f 37/37/37 48/48/48 49/49/49
f 37/37/37 49/49/49 36/36/36
f 50/50/50 51/51/51 52/52/52
f 53/53/53 54/54/54 55/55/55
f 56/56/56 57/57/57 58/58/58
f 59/59/59 60/60/60 61/61/61
f 62/62/62 63/63/63 64/64/64
f 65/65/65 66/66/66 67/67/67
f 68/68/68 69/69/69 70/70/70
f 71/71/71 72/72/72 73/73/73
f 74/74/74 75/75/75 58/58/58
f 74/74/74 58/58/58 72/72/72
f 76/76/76 77/77/77 78/78/78
f 78/78/78 77/77/77 79/79/79
f 78/78/78 79/79/79 80/80/80
f 81/81/81 82/82/82 83/83/83
f 83/83/83 82/82/82 84/84/84
f 83/83/83 84/84/84 85/85/85
f 86/86/86 87/87/87 88/88/88
f 88/88/88 87/87/87 89/89/89
f 90/90/90 91/91/91 92/92/92
f 93/93/93 94/94/94 95/95/95
f 95/95/95 94/94/94 96/96/96
f 95/95/95 96/96/96 97/97/97
f 97/97/97 96/96/96 98/98/98
f 99/99/99 100/100/100 101/101/101
f 102/102/102 103/103/103 104/104/104
f 100/100/100 99/99/99 103/103/103
f 105/105/105 99/99/99 95/95/95
f 95/95/95 99/99/99 101/101/101
f 95/95/95 101/101/101 93/93/93
f 106/106/106 107/107/107 68/68/68
f 68/68/68 107/107/107 108/108/108
f 68/68/68 108/108/108 69/69/69
f 109/109/109 110/110/110 111/111/111
f 110/110/110 106/106/106 111/111/111
f 111/111/111 106/106/106 68/68/68
f 111/111/111 68/68/68 112/112/112
f 113/113/113 114/114/114 115/115/115
f 112/112/112 68/68/68 116/116/116
f 116/116/116 68/68/68 70/70/70
f 116/116/116 70/70/70 117/117/117
f 117/117/117 70/70/70 118/118/118
f 117/117/117 118/118/118 119/119/119
f 119/119/119 118/118/118 120/120/120
f 119/119/119 120/120/120 121/121/121
f 121/121/121 122/122/122 119/119/119
f 119/119/119 122/122/122 123/123/123
f 119/119/119 123/123/123 117/117/117
f 117/117/117 123/123/123 124/124/124
f 117/117/117 124/124/124 116/116/116
f 116/116/116 124/124/124 125/125/125
f 116/116/116 125/125/125 112/112/112
f 112/112/112 125/125/125 126/126/126
f 112/112/112 126/126/126 111/111/111
f 111/111/111 126/126/126 127/127/127
f 111/111/111 127/127/127 109/109/109
f 109/109/109 127/127/127 128/128/128
f 114/114/114 113/113/113 129/129/129
f 130/130/130 131/131/131 132/132/132
f 132/132/132 131/131/131 133/133/133
f 90/90/90 92/92/92 134/134/134
f 134/134/134 92/92/92 135/135/135
f 134/134/134 135/135/135 136/136/136
f 136/136/136 135/135/135 137/137/137
f 136/136/136 137/137/137 138/138/138
f 138/138/138 137/137/137 139/139/139
f 138/138/138 139/139/139 140/140/140
f 139/139/139 141/141/141 140/140/140
f 140/140/140 141/141/141 142/142/142
f 140/140/140 142/142/142 143/143/143
f 143/143/143 142/142/142 144/144/144
f 143/143/143 144/144/144 130/130/130
f 130/130/130 144/144/144 145/145/145
f 130/130/130 145/145/145 131/131/131
f 67/67/67 66/66/66 146/146/146
f 147/147/147 146/146/146 148/148/148
f 148/148/148 146/146/146 66/66/66
f 148/148/148 66/66/66 62/62/62
f 62/62/62 66/66/66 65/65/65
f 62/62/62 65/65/65 63/63/63
f 132/132/132 149/149/149 130/130/130
f 130/130/130 149/149/149 150/150/150
f 130/130/130 150/150/150 143/143/143
f 143/143/143 150/150/150 151/151/151
f 143/143/143 151/151/151 140/140/140
f 140/140/140 151/151/151 152/152/152
f 140/140/140 152/152/152 138/138/138
f 138/138/138 152/152/152 153/153/153
f 138/138/138 153/153/153 136/136/136
f 136/136/136 153/153/153 154/154/154
f 136/136/136 154/154/154 134/134/134
f 134/134/134 154/154/154 155/155/155
f 134/134/134 155/155/155 90/90/90
f 156/156/156 157/157/157 158/158/158
f 158/158/158 157/157/157 159/159/159
f 158/158/158 159/159/159 160/160/160
f 160/160/160 159/159/159 161/161/161
f 160/160/160 161/161/161 162/162/162
f 162/162/162 161/161/161 163/163/163
f 162/162/162 163/163/163 164/164/164
f 164/164/164 163/163/163 165/165/165
f 164/164/164 165/165/165 166/166/166
f 167/167/167 168/168/168 169/169/169
f 170/170/170 171/171/171 172/172/172
f 172/172/172 171/171/171 173/173/173
f 172/172/172 173/173/173 174/174/174
f 174/174/174 173/173/173 175/175/175
f 174/174/174 175/175/175 176/176/176
f 177/177/177 170/170/170 178/178/178
f 178/178/178 170/170/170 172/172/172
f 178/178/178 172/172/172 179/179/179
f 179/179/179 172/172/172 174/174/174
f 179/179/179 174/174/174 180/180/180
f 180/180/180 174/174/174 176/176/176
f 180/180/180 176/176/176 181/181/181
f 181/181/181 176/176/176 182/182/182
f 181/181/181 182/182/182 183/183/183
f 183/183/183 182/182/182 184/184/184
f 183/183/183 184/184/184 185/185/185
f 186/186/186 187/187/187 188/188/188
f 186/186/186 188/188/188 189/189/189
f 189/189/189 188/188/188 190/190/190
f 189/189/189 190/190/190 168/168/168
f 168/168/168 167/167/167 189/189/189
f 189/189/189 167/167/167 185/185/185
f 189/189/189 185/185/185 186/186/186
f 186/186/186 185/185/185 184/184/184
f 186/186/186 184/184/184 187/187/187
f 175/175/175 191/191/191 176/176/176
f 176/176/176 191/191/191 192/192/192
f 176/176/176 192/192/192 182/182/182
f 182/182/182 192/192/192 193/193/193
f 182/182/182 193/193/193 184/184/184
f 184/184/184 193/193/193 194/194/194
f 184/184/184 194/194/194 187/187/187
f 195/195/195 196/196/196 197/197/197
f 197/197/197 196/196/196 198/198/198
f 197/197/197 198/198/198 199/199/199
f 199/199/199 198/198/198 200/200/200
f 199/199/199 200/200/200 201/201/201
f 199/199/199 202/202/202 197/197/197
f 197/197/197 202/202/202 203/203/203
f 197/197/197 203/203/203 204/204/204
f 205/205/205 90/90/90 206/206/206
f 206/206/206 90/90/90 155/155/155
f 206/206/206 155/155/155 207/207/207
f 207/207/207 155/155/155 154/154/154
f 207/207/207 154/154/154 208/208/208
f 208/208/208 154/154/154 153/153/153
f 208/208/208 153/153/153 209/209/209
f 209/209/209 153/153/153 152/152/152
f 209/209/209 152/152/152 210/210/210
f 210/210/210 152/152/152 151/151/151
f 210/210/210 151/151/151 204/204/204
f 204/204/204 151/151/151 150/150/150
f 204/204/204 150/150/150 197/197/197
f 197/197/197 150/150/150 149/149/149
f 197/197/197 149/149/149 195/195/195
f 203/203/203 211/211/211 204/204/204
f 204/204/204 211/211/211 212/212/212
f 204/204/204 212/212/212 210/210/210
f 210/210/210 212/212/212 213/213/213
f 210/210/210 213/213/213 209/209/209
f 209/209/209 213/213/213 214/214/214
f 209/209/209 214/214/214 208/208/208
f 208/208/208 214/214/214 215/215/215
f 208/208/208 215/215/215 207/207/207
f 207/207/207 215/215/215 216/216/216
f 207/207/207 216/216/216 206/206/206
f 206/206/206 216/216/216 217/217/217
f 206/206/206 217/217/217 205/205/205
f 188/188/188 218/218/218 190/190/190
f 190/190/190 218/218/218 219/219/219
f 190/190/190 219/219/219 220/220/220
f 195/195/195 169/169/169 196/196/196
f 196/196/196 169/169/169 168/168/168
f 196/196/196 168/168/168 198/198/198
f 198/198/198 168/168/168 190/190/190
f 198/198/198 190/190/190 200/200/200
f 200/200/200 190/190/190 220/220/220
f 200/200/200 220/220/220 201/201/201
f 221/221/221 222/222/222 223/223/223
f 223/223/223 222/222/222 224/224/224
f 224/224/224 222/222/222 60/60/60
f 224/224/224 60/60/60 225/225/225
f 225/225/225 60/60/60 59/59/59
f 225/225/225 59/59/59 226/226/226
f 61/61/61 60/60/60 227/227/227
f 227/227/227 60/60/60 222/222/222
f 227/227/227 222/222/222 228/228/228
f 228/228/228 222/222/222 221/221/221
f 228/228/228 221/221/221 229/229/229
f 230/230/230 231/231/231 232/232/232
f 232/232/232 231/231/231 233/233/233
f 232/232/232 233/233/233 234/234/234
f 234/234/234 233/233/233 235/235/235
f 234/234/234 235/235/235 236/236/236
f 236/236/236 235/235/235 237/237/237
f 236/236/236 237/237/237 238/238/238
f 238/238/238 237/237/237 239/239/239
f 238/238/238 239/239/239 240/240/240
f 240/240/240 239/239/239 241/241/241
f 240/240/240 241/241/241 64/64/64
f 64/64/64 241/241/241 242/242/242
f 64/64/64 242/242/242 62/62/62
f 62/62/62 242/242/242 243/243/243
f 62/62/62 243/243/243 148/148/148
f 148/148/148 243/243/243 244/244/244
f 148/148/148 244/244/244 147/147/147
f 147/147/147 244/244/244 245/245/245
f 61/61/61 246/246/246 59/59/59
f 59/59/59 246/246/246 247/247/247
f 59/59/59 247/247/247 226/226/226
f 226/226/226 247/247/247 248/248/248
f 226/226/226 248/248/248 249/249/249
f 249/249/249 248/248/248 250/250/250
f 249/249/249 250/250/250 251/251/251
f 251/251/251 250/250/250 252/252/252
f 251/251/251 252/252/252 253/253/253
f 253/253/253 252/252/252 254/254/254
f 253/253/253 254/254/254 255/255/255
f 255/255/255 254/254/254 256/256/256
f 255/255/255 256/256/256 257/257/257
f 257/257/257 256/256/256 258/258/258
f 67/67/67 259/259/259 65/65/65
f 65/65/65 259/259/259 260/260/260
f 65/65/65 260/260/260 63/63/63
f 63/63/63 260/260/260 258/258/258
f 63/63/63 258/258/258 64/64/64
f 64/64/64 258/258/258 256/256/256
f 64/64/64 256/256/256 240/240/240
f 240/240/240 256/256/256 254/254/254
f 240/240/240 254/254/254 238/238/238
f 238/238/238 254/254/254 252/252/252
f 238/238/238 252/252/252 236/236/236
f 236/236/236 252/252/252 250/250/250
f 236/236/236 250/250/250 234/234/234
f 234/234/234 250/250/250 248/248/248
f 234/234/234 248/248/248 232/232/232
f 232/232/232 248/248/248 247/247/247
f 232/232/232 247/247/247 230/230/230
f 230/230/230 247/247/247 246/246/246
f 261/261/261 262/262/262 229/229/229
f 263/263/263 264/264/264 261/261/261
f 261/261/261 264/264/264 265/265/265
f 261/261/261 265/265/265 262/262/262
f 266/266/266 267/267/267 268/268/268
f 266/266/266 268/268/268 269/269/269
f 269/269/269 268/268/268 270/270/270
f 269/269/269 270/270/270 271/271/271
f 271/271/271 270/270/270 272/272/272
f 271/271/271 272/272/272 273/273/273
f 273/273/273 272/272/272 274/274/274
f 273/273/273 274/274/274 275/275/275
f 275/275/275 274/274/274 276/276/276
f 275/275/275 276/276/276 156/156/156
f 156/156/156 276/276/276 277/277/277
f 156/156/156 277/277/277 157/157/157
f 157/157/157 277/277/277 278/278/278
f 157/157/157 278/278/278 159/159/159
f 159/159/159 278/278/278 279/279/279
f 159/159/159 279/279/279 161/161/161
f 161/161/161 279/279/279 280/280/280
f 161/161/161 280/280/280 163/163/163
f 163/163/163 280/280/280 281/281/281
f 163/163/163 281/281/281 165/165/165
f 282/282/282 283/283/283 284/284/284
f 285/285/285 286/286/286 287/287/287
f 287/287/287 286/286/286 282/282/282
f 287/287/287 282/282/282 288/288/288
f 288/288/288 282/282/282 284/284/284
f 54/54/54 53/53/53 50/50/50
f 50/50/50 53/53/53 289/289/289
f 50/50/50 289/289/289 51/51/51
f 285/285/285 290/290/290 286/286/286
f 286/286/286 290/290/290 291/291/291
f 286/286/286 291/291/291 292/292/292
f 292/292/292 291/291/291 293/293/293
f 293/293/293 294/294/294 292/292/292
f 292/292/292 294/294/294 295/295/295
f 292/292/292 295/295/295 55/55/55
f 55/55/55 295/295/295 296/296/296
f 55/55/55 296/296/296 53/53/53
f 53/53/53 296/296/296 297/297/297
f 53/53/53 297/297/297 289/289/289
f 133/133/133 166/166/166 132/132/132
f 132/132/132 166/166/166 165/165/165
f 132/132/132 165/165/165 149/149/149
f 149/149/149 165/165/165 281/281/281
f 149/149/149 281/281/281 195/195/195
f 195/195/195 281/281/281 280/280/280
f 195/195/195 280/280/280 169/169/169
f 169/169/169 280/280/280 279/279/279
f 169/169/169 279/279/279 167/167/167
f 167/167/167 279/279/279 278/278/278
f 167/167/167 278/278/278 185/185/185
f 185/185/185 278/278/278 277/277/277
f 185/185/185 277/277/277 183/183/183
f 183/183/183 277/277/277 276/276/276
f 183/183/183 276/276/276 181/181/181
f 181/181/181 276/276/276 274/274/274
f 181/181/181 274/274/274 180/180/180
f 180/180/180 274/274/274 272/272/272
f 180/180/180 272/272/272 179/179/179
f 179/179/179 272/272/272 270/270/270
f 179/179/179 270/270/270 178/178/178
f 178/178/178 270/270/270 268/268/268
f 178/178/178 268/268/268 177/177/177
f 177/177/177 268/268/268 267/267/267
f 265/265/265 298/298/298 262/262/262
f 262/262/262 298/298/298 299/299/299
f 262/262/262 299/299/299 300/300/300
f 300/300/300 299/299/299 301/301/301
f 300/300/300 301/301/301 283/283/283
f 283/283/283 301/301/301 302/302/302
f 283/283/283 302/302/302 284/284/284
f 133/133/133 129/129/129 166/166/166
f 166/166/166 129/129/129 113/113/113
f 166/166/166 113/113/113 164/164/164
f 164/164/164 113/113/113 245/245/245
f 164/164/164 245/245/245 162/162/162
f 162/162/162 245/245/245 244/244/244
f 162/162/162 244/244/244 160/160/160
f 160/160/160 244/244/244 243/243/243
f 160/160/160 243/243/243 158/158/158
f 158/158/158 243/243/243 242/242/242
f 158/158/158 242/242/242 156/156/156
f 156/156/156 242/242/242 241/241/241
f 156/156/156 241/241/241 275/275/275
f 275/275/275 241/241/241 239/239/239
f 275/275/275 239/239/239 273/273/273
f 273/273/273 239/239/239 237/237/237
f 273/273/273 237/237/237 271/271/271
f 271/271/271 237/237/237 235/235/235
f 271/271/271 235/235/235 269/269/269
f 269/269/269 235/235/235 233/233/233
f 269/269/269 233/233/233 266/266/266
f 266/266/266 233/233/233 231/231/231
f 266/266/266 231/231/231 267/267/267
f 303/303/303 304/304/304 305/305/305
f 306/306/306 307/307/307 88/88/88
f 88/88/88 307/307/307 308/308/308
f 88/88/88 308/308/308 86/86/86
f 86/86/86 308/308/308 309/309/309
f 86/86/86 309/309/309 310/310/310
f 304/304/304 306/306/306 305/305/305
f 305/305/305 306/306/306 88/88/88
f 305/305/305 88/88/88 311/311/311
f 311/311/311 88/88/88 89/89/89
f 311/311/311 89/89/89 81/81/81
f 312/312/312 313/313/313 314/314/314
f 312/312/312 314/314/314 315/315/315
f 315/315/315 314/314/314 316/316/316
f 315/315/315 316/316/316 317/317/317
f 318/318/318 319/319/319 320/320/320
f 320/320/320 319/319/319 321/321/321
f 320/320/320 321/321/321 312/312/312
f 312/312/312 321/321/321 322/322/322
f 312/312/312 322/322/322 313/313/313
f 323/323/323 324/324/324 325/325/325
f 324/324/324 318/318/318 325/325/325
f 325/325/325 318/318/318 320/320/320
f 325/325/325 320/320/320 326/326/326
f 326/326/326 320/320/320 327/327/327
f 327/327/327 320/320/320 312/312/312
f 327/327/327 312/312/312 328/328/328
f 328/328/328 312/312/312 315/315/315
f 328/328/328 315/315/315 329/329/329
f 81/81/81 83/83/83 311/311/311
f 311/311/311 83/83/83 330/330/330
f 311/311/311 330/330/330 305/305/305
f 305/305/305 330/330/330 331/331/331
f 305/305/305 331/331/331 303/303/303
f 317/317/317 332/332/332 315/315/315
f 315/315/315 332/332/332 303/303/303
f 315/315/315 303/303/303 329/329/329
f 329/329/329 303/303/303 331/331/331
f 329/329/329 331/331/331 333/333/333
f 333/333/333 331/331/331 330/330/330
f 333/333/333 330/330/330 334/334/334
f 334/334/334 330/330/330 83/83/83
f 334/334/334 83/83/83 335/335/335
f 335/335/335 83/83/83 85/85/85
f 335/335/335 85/85/85 76/76/76
f 76/76/76 78/78/78 335/335/335
f 335/335/335 78/78/78 336/336/336
f 335/335/335 336/336/336 334/334/334
f 334/334/334 336/336/336 337/337/337
f 334/334/334 337/337/337 333/333/333
f 333/333/333 337/337/337 338/338/338
f 333/333/333 338/338/338 329/329/329
f 329/329/329 338/338/338 339/339/339
f 329/329/329 339/339/339 328/328/328
f 328/328/328 339/339/339 340/340/340
f 328/328/328 340/340/340 327/327/327
f 327/327/327 340/340/340 341/341/341
f 327/327/327 341/341/341 326/326/326
f 57/57/57 56/56/56 342/342/342
f 342/342/342 56/56/56 343/343/343
f 342/342/342 343/343/343 344/344/344
f 344/344/344 343/343/343 345/345/345
f 344/344/344 345/345/345 346/346/346
f 346/346/346 345/345/345 347/347/347
f 346/346/346 347/347/347 348/348/348
f 348/348/348 347/347/347 349/349/349
f 348/348/348 349/349/349 350/350/350
f 351/351/351 352/352/352 353/353/353
f 353/353/353 352/352/352 354/354/354
f 353/353/353 354/354/354 355/355/355
f 355/355/355 354/354/354 356/356/356
f 355/355/355 356/356/356 357/357/357
f 357/357/357 356/356/356 358/358/358
f 357/357/357 358/358/358 359/359/359
f 359/359/359 358/358/358 360/360/360
f 359/359/359 360/360/360 73/73/73
f 72/72/72 58/58/58 73/73/73
f 73/73/73 58/58/58 57/57/57
f 73/73/73 57/57/57 359/359/359
f 359/359/359 57/57/57 342/342/342
f 359/359/359 342/342/342 357/357/357
f 357/357/357 342/342/342 344/344/344
f 357/357/357 344/344/344 355/355/355
f 355/355/355 344/344/344 346/346/346
f 355/355/355 346/346/346 353/353/353
f 353/353/353 346/346/346 348/348/348
f 353/353/353 348/348/348 351/351/351
f 351/351/351 348/348/348 350/350/350
f 351/351/351 350/350/350 361/361/361
f 71/71/71 73/73/73 80/80/80
f 80/80/80 73/73/73 360/360/360
f 80/80/80 360/360/360 78/78/78
f 78/78/78 360/360/360 358/358/358
f 78/78/78 358/358/358 336/336/336
f 336/336/336 358/358/358 356/356/356
f 336/336/336 356/356/356 337/337/337
f 337/337/337 356/356/356 354/354/354
f 337/337/337 354/354/354 338/338/338
f 338/338/338 354/354/354 352/352/352
f 338/338/338 352/352/352 339/339/339
f 339/339/339 352/352/352 351/351/351
f 339/339/339 351/351/351 340/340/340
f 340/340/340 351/351/351 361/361/361
f 340/340/340 361/361/361 341/341/341
f 362/362/362 363/363/363 364/364/364
f 364/364/364 363/363/363 365/365/365
f 366/366/366 367/367/367 368/368/368
f 368/368/368 369/369/369 366/366/366
f 366/366/366 369/369/369 370/370/370
f 366/366/366 370/370/370 362/362/362
f 362/362/362 370/370/370 371/371/371
f 362/362/362 371/371/371 363/363/363
f 372/372/372 373/373/373 374/374/374
f 374/374/374 375/375/375 372/372/372
f 372/372/372 375/375/375 376/376/376
f 372/372/372 376/376/376 367/367/367
f 367/367/367 376/376/376 377/377/377
f 367/367/367 377/377/377 368/368/368
f 378/378/378 379/379/379 380/380/380
f 380/380/380 379/379/379 381/381/381
f 380/380/380 381/381/381 373/373/373
f 373/373/373 381/381/381 382/382/382
f 373/373/373 382/382/382 374/374/374
f 378/378/378 380/380/380 383/383/383
f 383/383/383 380/380/380 384/384/384
f 383/383/383 384/384/384 385/385/385
f 98/98/98 386/386/386 97/97/97
f 97/97/97 386/386/386 387/387/387
f 97/97/97 387/387/387 384/384/384
f 384/384/384 387/387/387 388/388/388
f 384/384/384 388/388/388 385/385/385
f 105/105/105 389/389/389 390/390/390
f 390/390/390 389/389/389 391/391/391
f 390/390/390 391/391/391 392/392/392
f 392/392/392 391/391/391 393/393/393
f 392/392/392 393/393/393 394/394/394
f 394/394/394 393/393/393 395/395/395
f 394/394/394 395/395/395 396/396/396
f 396/396/396 395/395/395 397/397/397
f 396/396/396 397/397/397 398/398/398
f 398/398/398 397/397/397 399/399/399
f 398/398/398 399/399/399 400/400/400
f 400/400/400 399/399/399 401/401/401
f 400/400/400 401/401/401 402/402/402
f 402/402/402 401/401/401 403/403/403
f 402/402/402 403/403/403 404/404/404
f 404/404/404 403/403/403 405/405/405
f 404/404/404 405/405/405 406/406/406
f 406/406/406 405/405/405 407/407/407
f 406/406/406 407/407/407 408/408/408
f 105/105/105 95/95/95 389/389/389
f 389/389/389 95/95/95 97/97/97
f 389/389/389 97/97/97 391/391/391
f 391/391/391 97/97/97 384/384/384
f 391/391/391 384/384/384 393/393/393
f 393/393/393 384/384/384 380/380/380
f 393/393/393 380/380/380 395/395/395
f 395/395/395 380/380/380 373/373/373
f 395/395/395 373/373/373 397/397/397
f 397/397/397 373/373/373 372/372/372
f 397/397/397 372/372/372 399/399/399
f 399/399/399 372/372/372 367/367/367
f 399/399/399 367/367/367 401/401/401
f 401/401/401 367/367/367 366/366/366
f 401/401/401 366/366/366 403/403/403
f 403/403/403 366/366/366 362/362/362
f 403/403/403 362/362/362 405/405/405
f 405/405/405 362/362/362 364/364/364
f 405/405/405 364/364/364 407/407/407
f 409/409/409 410/410/410 411/411/411
f 411/411/411 410/410/410 412/412/412
f 411/411/411 412/412/412 413/413/413
f 413/413/413 412/412/412 414/414/414
f 413/413/413 414/414/414 415/415/415
f 415/415/415 414/414/414 416/416/416
f 415/415/415 416/416/416 417/417/417
f 417/417/417 416/416/416 418/418/418
f 417/417/417 418/418/418 419/419/419
f 419/419/419 418/418/418 420/420/420
f 419/419/419 420/420/420 421/421/421
f 421/421/421 420/420/420 422/422/422
f 421/421/421 422/422/422 423/423/423
f 423/423/423 422/422/422 424/424/424
f 423/423/423 424/424/424 425/425/425
f 425/425/425 424/424/424 426/426/426
f 425/425/425 426/426/426 427/427/427
f 427/427/427 426/426/426 428/428/428
f 427/427/427 428/428/428 429/429/429
f 430/430/430 431/431/431 432/432/432
f 432/432/432 431/431/431 433/433/433
f 432/432/432 433/433/433 434/434/434
f 434/434/434 433/433/433 435/435/435
f 434/434/434 435/435/435 436/436/436
f 436/436/436 435/435/435 437/437/437
f 436/436/436 437/437/437 438/438/438
f 438/438/438 437/437/437 439/439/439
f 438/438/438 439/439/439 440/440/440
f 440/440/440 439/439/439 441/441/441
f 440/440/440 441/441/441 442/442/442
f 442/442/442 441/441/441 443/443/443
f 442/442/442 443/443/443 444/444/444
f 444/444/444 443/443/443 445/445/445
f 444/444/444 445/445/445 446/446/446
f 446/446/446 445/445/445 447/447/447
f 446/446/446 447/447/447 448/448/448
f 448/448/448 447/447/447 449/449/449
f 448/448/448 449/449/449 450/450/450
f 450/450/450 449/449/449 451/451/451
f 450/450/450 451/451/451 452/452/452
f 452/452/452 451/451/451 453/453/453
f 452/452/452 453/453/453 454/454/454
f 454/454/454 453/453/453 455/455/455
f 454/454/454 455/455/455 456/456/456
f 456/456/456 455/455/455 457/457/457
f 456/456/456 457/457/457 458/458/458
f 458/458/458 457/457/457 459/459/459
f 121/121/121 102/102/102 122/122/122
f 122/122/122 102/102/102 104/104/104
f 122/122/122 104/104/104 460/460/460
f 460/460/460 104/104/104 409/409/409
f 460/460/460 409/409/409 459/459/459
f 459/459/459 409/409/409 411/411/411
f 459/459/459 411/411/411 458/458/458
f 458/458/458 411/411/411 413/413/413
f 458/458/458 413/413/413 456/456/456
f 456/456/456 413/413/413 415/415/415
f 456/456/456 415/415/415 454/454/454
f 454/454/454 415/415/415 417/417/417
f 454/454/454 417/417/417 452/452/452
f 452/452/452 417/417/417 419/419/419
f 452/452/452 419/419/419 450/450/450
f 450/450/450 419/419/419 421/421/421
f 450/450/450 421/421/421 448/448/448
f 448/448/448 421/421/421 423/423/423
f 448/448/448 423/423/423 446/446/446
f 446/446/446 423/423/423 425/425/425
f 446/446/446 425/425/425 444/444/444
f 444/444/444 425/425/425 427/427/427
f 444/444/444 427/427/427 442/442/442
f 442/442/442 427/427/427 429/429/429
f 442/442/442 429/429/429 440/440/440
f 103/103/103 99/99/99 104/104/104
f 104/104/104 99/99/99 105/105/105
f 104/104/104 105/105/105 409/409/409
f 409/409/409 105/105/105 390/390/390
f 409/409/409 390/390/390 410/410/410
f 410/410/410 390/390/390 392/392/392
f 410/410/410 392/392/392 412/412/412
f 412/412/412 392/392/392 394/394/394
f 412/412/412 394/394/394 414/414/414
f 414/414/414 394/394/394 396/396/396
f 414/414/414 396/396/396 416/416/416
f 416/416/416 396/396/396 398/398/398
f 416/416/416 398/398/398 418/418/418
f 418/418/418 398/398/398 400/400/400
f 418/418/418 400/400/400 420/420/420
f 420/420/420 400/400/400 402/402/402
f 420/420/420 402/402/402 422/422/422
f 422/422/422 402/402/402 404/404/404
f 422/422/422 404/404/404 424/424/424
f 424/424/424 404/404/404 406/406/406
f 424/424/424 406/406/406 426/426/426
f 426/426/426 406/406/406 408/408/408
f 426/426/426 408/408/408 428/428/428
f 58/58/58 430/430/430 56/56/56
f 56/56/56 430/430/430 432/432/432
f 56/56/56 432/432/432 343/343/343
f 343/343/343 432/432/432 434/434/434
f 343/343/343 434/434/434 345/345/345
f 345/345/345 434/434/434 436/436/436
f 345/345/345 436/436/436 347/347/347
f 347/347/347 436/436/436 438/438/438
f 347/347/347 438/438/438 349/349/349
f 349/349/349 438/438/438 440/440/440
f 349/349/349 440/440/440 350/350/350
f 350/350/350 440/440/440 429/429/429
f 350/350/350 429/429/429 361/361/361
f 361/361/361 429/429/429 428/428/428
f 361/361/361 428/428/428 341/341/341
f 341/341/341 428/428/428 408/408/408
f 341/341/341 408/408/408 326/326/326
f 326/326/326 408/408/408 407/407/407
f 326/326/326 407/407/407 325/325/325
f 325/325/325 407/407/407 364/364/364
f 325/325/325 364/364/364 323/323/323
f 323/323/323 364/364/364 365/365/365
f 229/229/229 262/262/262 228/228/228
f 228/228/228 262/262/262 300/300/300
f 228/228/228 300/300/300 227/227/227
f 227/227/227 300/300/300 283/283/283
f 227/227/227 283/283/283 61/61/61
f 61/61/61 283/283/283 282/282/282
f 61/61/61 282/282/282 246/246/246
f 246/246/246 282/282/282 286/286/286
f 246/246/246 286/286/286 230/230/230
f 230/230/230 286/286/286 292/292/292
f 230/230/230 292/292/292 231/231/231
f 231/231/231 292/292/292 55/55/55
f 231/231/231 55/55/55 267/267/267
f 267/267/267 55/55/55 54/54/54
f 267/267/267 54/54/54 177/177/177
f 177/177/177 54/54/54 50/50/50
f 177/177/177 50/50/50 170/170/170
f 170/170/170 50/50/50 52/52/52
f 170/170/170 52/52/52 171/171/171
f 431/431/431 263/263/263 433/433/433
f 433/433/433 263/263/263 261/261/261
f 433/433/433 261/261/261 435/435/435
f 435/435/435 261/261/261 229/229/229
f 435/435/435 229/229/229 437/437/437
f 437/437/437 229/229/229 221/221/221
f 437/437/437 221/221/221 439/439/439
f 439/439/439 221/221/221 223/223/223
f 439/439/439 223/223/223 441/441/441
f 441/441/441 223/223/223 224/224/224
f 441/441/441 224/224/224 443/443/443
f 443/443/443 224/224/224 225/225/225
f 443/443/443 225/225/225 445/445/445
f 445/445/445 225/225/225 226/226/226
f 445/445/445 226/226/226 447/447/447
f 447/447/447 226/226/226 249/249/249
f 447/447/447 249/249/249 449/449/449
f 449/449/449 249/249/249 251/251/251
f 449/449/449 251/251/251 451/451/451
f 451/451/451 251/251/251 253/253/253
f 451/451/451 253/253/253 453/453/453
f 453/453/453 253/253/253 255/255/255
f 453/453/453 255/255/255 455/455/455
f 455/455/455 255/255/255 257/257/257
f 455/455/455 257/257/257 457/457/457
f 457/457/457 257/257/257 258/258/258
f 457/457/457 258/258/258 459/459/459
f 459/459/459 258/258/258 260/260/260
f 459/459/459 260/260/260 460/460/460
f 460/460/460 260/260/260 259/259/259
f 460/460/460 259/259/259 122/122/122
f 122/122/122 259/259/259 67/67/67
f 122/122/122 67/67/67 123/123/123
f 123/123/123 67/67/67 146/146/146
f 123/123/123 146/146/146 124/124/124
f 124/124/124 146/146/146 147/147/147
f 124/124/124 147/147/147 125/125/125
f 125/125/125 147/147/147 245/245/245
f 125/125/125 245/245/245 126/126/126
f 126/126/126 245/245/245 113/113/113
f 126/126/126 113/113/113 127/127/127
f 127/127/127 113/113/113 115/115/115
f 127/127/127 115/115/115 128/128/128
f 461/461/461 462/462/462 463/463/463
f 462/462/462 461/461/461 464/464/464
f 465/465/465 466/466/466 467/467/467
f 468/468/468 469/469/469 466/466/466
f 470/470/470 471/471/471 472/472/472
f 473/473/473 474/474/474 469/469/469
f 475/475/475 476/476/476 477/477/477
f 214/214/214 213/213/213 478/478/478
f 211/211/211 203/203/203 479/479/479
f 201/201/201 220/220/220 480/480/480
f 217/217/217 216/216/216 481/481/481
f 482/482/482 483/483/483 484/484/484
f 485/485/485 486/486/486 487/487/487
f 488/488/488 489/489/489 490/490/490
f 491/491/491 492/492/492 493/493/493
f 493/493/493 492/492/492 494/494/494
f 493/493/493 494/494/494 488/495/488
f 485/485/485 487/487/487 495/496/495
f 482/482/482 484/484/484 496/497/496
f 497/498/497 498/499/498 499/500/499
f 500/501/500 501/502/501 502/503/502
f 502/503/502 501/502/501 503/504/503
f 502/503/502 503/504/503 504/505/504
f 504/505/504 505/506/505 502/503/502
f 502/503/502 505/506/505 506/507/506
f 502/503/502 506/507/506 217/217/217
f 500/501/500 502/503/502 507/508/507
f 507/508/507 502/503/502 508/509/508
f 507/508/507 508/509/508 509/510/509
f 509/510/509 508/509/508 510/511/510
f 509/510/509 510/511/510 511/512/511
f 511/512/511 510/511/510 512/513/512
f 511/512/511 512/513/512 513/514/513
f 193/193/193 514/515/514 515/516/515
f 218/218/218 188/188/188 516/517/516
f 516/517/516 188/188/188 187/187/187
f 516/517/516 187/187/187 515/516/515
f 515/516/515 187/187/187 194/194/194
f 515/516/515 194/194/194 193/193/193
f 220/220/220 219/219/219 517/518/517
f 219/219/219 218/218/218 517/518/517
f 517/518/517 218/218/218 516/517/516
f 517/518/517 516/517/516 518/519/518
f 518/519/518 516/517/516 515/516/515
f 518/519/518 515/516/515 519/520/519
f 519/520/519 515/516/515 514/515/514
f 192/192/192 191/191/191 520/521/520
f 520/521/520 191/191/191 175/175/175
f 520/521/520 175/175/175 521/522/521
f 521/522/521 175/175/175 173/173/173
f 521/522/521 173/173/173 522/523/522
f 523/524/523 524/525/524 525/526/525
f 525/526/525 524/525/524 526/527/526
f 525/526/525 526/527/526 527/528/527
f 528/529/528 517/518/517 529/530/529
f 529/530/529 517/518/517 518/519/518
f 529/530/529 518/519/518 530/531/530
f 530/531/530 518/519/518 519/520/519
f 530/531/530 519/520/519 531/532/531
f 531/532/531 519/520/519 514/515/514
f 531/532/531 514/515/514 532/533/532
f 532/533/532 514/515/514 533/534/533
f 532/533/532 533/534/533 527/528/527
f 527/528/527 533/534/533 534/535/534
f 527/528/527 534/535/534 525/526/525
f 525/526/525 534/535/534 535/536/535
f 525/526/525 535/536/535 523/524/523
f 536/537/536 199/199/199 201/201/201
f 537/538/537 202/202/202 199/199/199
f 213/213/213 212/212/212 478/478/478
f 478/478/478 212/212/212 538/539/538
f 478/478/478 538/539/538 539/540/539
f 476/476/476 215/215/215 214/214/214
f 201/201/201 480/480/480 536/537/536
f 536/537/536 480/480/480 540/541/540
f 536/537/536 540/541/540 541/542/541
f 542/543/542 528/529/528 543/544/543
f 543/544/543 528/529/528 529/530/529
f 543/544/543 529/530/529 544/545/544
f 544/545/544 529/530/529 530/531/530
f 544/545/544 530/531/530 545/546/545
f 545/546/545 530/531/530 531/532/531
f 545/546/545 531/532/531 546/547/546
f 546/547/546 531/532/531 532/533/532
f 546/547/546 532/533/532 547/548/547
f 547/548/547 532/533/532 527/528/527
f 547/548/547 527/528/527 548/549/548
f 548/549/548 527/528/527 526/527/526
f 199/199/199 536/537/536 537/538/537
f 537/538/537 536/537/536 541/542/541
f 537/538/537 541/542/541 549/550/549
f 220/220/220 517/518/517 480/480/480
f 480/480/480 517/518/517 528/529/528
f 480/480/480 528/529/528 540/541/540
f 540/541/540 528/529/528 542/543/542
f 540/541/540 542/543/542 541/542/541
f 541/542/541 542/543/542 550/551/550
f 541/542/541 550/551/550 549/550/549
f 551/552/551 478/478/478 552/553/552
f 552/553/552 478/478/478 539/540/539
f 552/553/552 539/540/539 553/554/553
f 212/212/212 211/211/211 538/539/538
f 538/539/538 211/211/211 479/479/479
f 538/539/538 479/479/479 539/540/539
f 539/540/539 479/479/479 554/555/554
f 539/540/539 554/555/554 553/554/553
f 469/469/469 468/468/468 473/473/473
f 473/473/473 468/468/468 555/556/555
f 473/473/473 555/556/555 556/557/556
f 557/558/557 558/559/558 559/560/559
f 559/560/559 558/559/558 560/561/560
f 561/562/561 562/563/562 470/470/470
f 470/470/470 562/563/562 563/564/563
f 470/470/470 563/564/563 471/471/471
f 564/565/564 565/566/565 566/567/566
f 566/567/566 565/566/565 567/568/567
f 566/567/566 567/568/567 568/569/568
f 474/474/474 473/473/473 569/570/569
f 569/570/569 473/473/473 556/557/556
f 569/570/569 556/557/556 570/571/570
f 570/571/570 556/557/556 571/572/571
f 570/571/570 571/572/571 572/573/572
f 572/573/572 571/572/571 573/574/573
f 572/573/572 573/574/573 574/575/574
f 574/575/574 573/574/573 564/565/564
f 574/575/574 564/565/564 575/576/575
f 575/576/575 564/565/564 566/567/566
f 575/576/575 566/567/566 576/577/576
f 576/577/576 566/567/566 568/569/568
f 576/577/576 568/569/568 577/578/577
f 555/556/555 561/562/561 556/557/556
f 556/557/556 561/562/561 470/470/470
f 556/557/556 470/470/470 571/572/571
f 571/572/571 470/470/470 472/472/472
f 571/572/571 472/472/472 573/574/573
f 573/574/573 472/472/472 578/579/578
f 573/574/573 578/579/578 564/565/564
f 564/565/564 578/579/578 579/580/579
f 564/565/564 579/580/579 565/566/565
f 580/581/580 551/552/551 581/582/581
f 581/582/581 551/552/551 552/553/552
f 581/582/581 552/553/552 582/583/582
f 582/583/582 552/553/552 553/554/553
f 582/583/582 553/554/553 549/550/549
f 549/550/549 553/554/553 554/555/554
f 549/550/549 554/555/554 537/538/537
f 537/538/537 554/555/554 479/479/479
f 537/538/537 479/479/479 202/202/202
f 202/202/202 479/479/479 203/203/203
f 583/584/583 584/585/584 585/586/585
f 585/586/585 584/585/584 586/587/586
f 586/587/586 587/588/587 585/586/585
f 585/586/585 587/588/587 588/589/588
f 585/586/585 588/589/588 582/583/582
f 589/590/589 590/591/590 591/592/591
f 475/475/475 477/477/477 592/593/592
f 592/593/592 477/477/477 589/590/589
f 592/593/592 589/590/589 593/594/593
f 593/594/593 589/590/589 591/592/591
f 593/594/593 591/592/591 594/595/594
f 595/596/595 596/597/596 597/598/597
f 217/217/217 481/481/481 502/503/502
f 502/503/502 481/481/481 598/599/598
f 502/503/502 598/599/598 508/509/508
f 508/509/508 598/599/598 595/596/595
f 508/509/508 595/596/595 510/511/510
f 510/511/510 595/596/595 597/598/597
f 510/511/510 597/598/597 512/513/512
f 215/215/215 476/476/476 216/216/216
f 216/216/216 476/476/476 475/475/475
f 216/216/216 475/475/475 481/481/481
f 481/481/481 475/475/475 592/593/592
f 481/481/481 592/593/592 598/599/598
f 598/599/598 592/593/592 593/594/593
f 598/599/598 593/594/593 595/596/595
f 595/596/595 593/594/593 594/595/594
f 595/596/595 594/595/594 596/597/596
f 582/583/582 588/589/588 581/582/581
f 581/582/581 588/589/588 599/600/599
f 581/582/581 599/600/599 580/581/580
f 580/581/580 599/600/599 600/601/600
f 580/581/580 600/601/600 601/602/601
f 214/214/214 478/478/478 476/476/476
f 476/476/476 478/478/478 551/552/551
f 476/476/476 551/552/551 477/477/477
f 477/477/477 551/552/551 580/581/580
f 477/477/477 580/581/580 589/590/589
f 589/590/589 580/581/580 601/602/601
f 589/590/589 601/602/601 590/591/590
f 602/603/602 603/604/603 604/605/604
f 604/605/604 603/604/603 605/606/605
f 604/605/604 605/606/605 606/607/606
f 606/607/606 605/606/605 607/608/607
f 606/607/606 607/608/607 608/609/608
f 608/609/608 607/608/607 609/610/609
f 608/609/608 609/610/609 610/611/610
f 610/611/610 609/610/609 611/612/611
f 610/611/610 611/612/611 612/613/612
f 612/613/612 611/612/611 613/614/613
f 612/613/612 613/614/613 614/615/614
f 614/615/614 613/614/613 615/616/615
f 614/615/614 615/616/615 616/617/616
f 616/617/616 615/616/615 617/618/617
f 616/617/616 617/618/617 618/619/618
f 618/619/618 617/618/617 619/620/619
f 618/619/618 619/620/619 620/621/620
f 620/621/620 619/620/619 621/622/621
f 620/621/620 621/622/621 622/623/622
f 622/623/622 621/622/621 623/624/623
f 622/623/622 623/624/623 624/625/624
f 624/625/624 623/624/623 487/487/487
f 624/625/624 487/487/487 625/626/625
f 625/626/625 487/487/487 486/486/486
f 626/627/626 627/628/627 628/629/628
f 628/629/628 627/628/627 629/630/629
f 628/629/628 629/630/629 630/631/630
f 630/631/630 629/630/629 631/632/631
f 630/631/630 631/632/631 632/633/632
f 632/633/632 631/632/631 633/634/633
f 632/633/632 633/634/633 634/635/634
f 634/635/634 633/634/633 635/636/635
f 634/635/634 635/636/635 636/637/636
f 636/637/636 635/636/635 637/638/637
f 636/637/636 637/638/637 638/639/638
f 638/639/638 637/638/637 639/640/639
f 638/639/638 639/640/639 640/641/640
f 640/641/640 639/640/639 641/642/641
f 640/641/640 641/642/641 642/643/642
f 642/643/642 641/642/641 643/644/643
f 642/643/642 643/644/643 644/645/644
f 644/645/644 643/644/643 645/646/645
f 644/645/644 645/646/645 646/647/646
f 646/647/646 645/646/645 647/648/647
f 646/647/646 647/648/647 648/649/648
f 648/649/648 647/648/647 649/650/649
f 650/651/650 602/603/602 651/652/651
f 651/652/651 602/603/602 604/605/604
f 651/652/651 604/605/604 652/653/652
f 652/653/652 604/605/604 606/607/606
f 652/653/652 606/607/606 653/654/653
f 653/654/653 606/607/606 608/609/608
f 653/654/653 608/609/608 654/655/654
f 654/655/654 608/609/608 610/611/610
f 654/655/654 610/611/610 655/656/655
f 655/656/655 610/611/610 612/613/612
f 655/656/655 612/613/612 656/657/656
f 656/657/656 612/613/612 614/615/614
f 656/657/656 614/615/614 657/658/657
f 657/658/657 614/615/614 616/617/616
f 657/658/657 616/617/616 658/659/658
f 658/659/658 616/617/616 618/619/618
f 658/659/658 618/619/618 659/660/659
f 659/660/659 618/619/618 620/621/620
f 659/660/659 620/621/620 660/661/660
f 660/661/660 620/621/620 622/623/622
f 660/661/660 622/623/622 661/662/661
f 661/662/661 622/623/622 624/625/624
f 661/662/661 624/625/624 662/663/662
f 662/663/662 624/625/624 625/626/625
f 488/495/488 490/664/490 493/493/493
f 493/493/493 490/664/490 663/665/663
f 493/493/493 663/665/663 664/666/664
f 663/665/663 665/667/665 664/666/664
f 664/666/664 665/667/665 666/668/666
f 664/666/664 666/668/666 667/669/667
f 667/669/667 666/668/666 668/670/668
f 667/669/667 668/670/668 669/671/669
f 669/671/669 668/670/668 670/672/670
f 669/671/669 670/672/670 671/673/671
f 671/673/671 670/672/670 672/674/672
f 671/673/671 672/674/672 673/675/673
f 673/675/673 672/674/672 674/676/674
f 673/675/673 674/676/674 675/677/675
f 466/466/466 465/465/465 468/468/468
f 468/468/468 465/465/465 676/678/676
f 468/468/468 676/678/676 555/556/555
f 555/556/555 676/678/676 559/560/559
f 555/556/555 559/560/559 561/562/561
f 561/562/561 559/560/559 560/561/560
f 561/562/561 560/561/560 562/563/562
f 677/679/677 463/463/463 678/680/678
f 678/680/678 463/463/463 679/681/679
f 678/680/678 679/681/679 680/682/680
f 680/682/680 679/681/679 681/683/681
f 680/682/680 681/683/681 682/684/682
f 682/684/682 681/683/681 683/685/683
f 682/684/682 683/685/683 684/686/684
f 684/686/684 683/685/683 685/687/685
f 684/686/684 685/687/685 686/688/686
f 686/688/686 685/687/685 675/677/675
f 686/688/686 675/677/675 687/689/687
f 687/689/687 675/677/675 674/676/674
f 577/578/577 626/627/626 576/577/576
f 576/577/576 626/627/626 628/629/628
f 576/577/576 628/629/628 575/576/575
f 575/576/575 628/629/628 630/631/630
f 575/576/575 630/631/630 574/575/574
f 574/575/574 630/631/630 632/633/632
f 574/575/574 632/633/632 572/573/572
f 572/573/572 632/633/632 634/635/634
f 572/573/572 634/635/634 570/571/570
f 570/571/570 634/635/634 636/637/636
f 570/571/570 636/637/636 569/570/569
f 569/570/569 636/637/636 638/639/638
f 569/570/569 638/639/638 474/474/474
f 474/474/474 638/639/638 640/641/640
f 474/474/474 640/641/640 469/469/469
f 469/469/469 640/641/640 642/643/642
f 469/469/469 642/643/642 466/466/466
f 466/466/466 642/643/642 644/645/644
f 466/466/466 644/645/644 467/467/467
f 467/467/467 644/645/644 646/647/646
f 467/467/467 646/647/646 650/651/650
f 650/651/650 646/647/646 648/649/648
f 650/651/650 648/649/648 602/603/602
f 602/603/602 648/649/648 649/650/649
f 602/603/602 649/650/649 603/604/603
f 497/498/497 499/500/499 75/75/75
f 75/75/75 499/500/499 688/690/688
f 75/75/75 688/690/688 58/58/58
f 689/691/689 430/430/430 690/692/690
f 690/692/690 430/430/430 58/58/58
f 690/692/690 58/58/58 691/693/691
f 691/693/691 58/58/58 688/690/688
f 692/694/692 298/298/298 265/265/265
f 692/694/692 265/265/265 693/695/693
f 693/695/693 265/265/265 264/264/264
f 693/695/693 264/264/264 694/696/694
f 694/696/694 264/264/264 263/263/263
f 694/696/694 263/263/263 689/691/689
f 689/691/689 263/263/263 431/431/431
f 689/691/689 431/431/431 430/430/430
f 695/697/695 290/290/290 696/698/696
f 696/698/696 290/290/290 285/285/285
f 696/698/696 285/285/285 287/287/287
f 287/287/287 288/288/288 696/698/696
f 696/698/696 288/288/288 284/284/284
f 696/698/696 284/284/284 697/699/697
f 697/699/697 284/284/284 302/302/302
f 697/699/697 302/302/302 698/700/698
f 698/700/698 302/302/302 301/301/301
f 698/700/698 301/301/301 692/694/692
f 692/694/692 301/301/301 299/299/299
f 692/694/692 299/299/299 298/298/298
f 699/701/699 293/293/293 695/697/695
f 695/697/695 293/293/293 291/291/291
f 695/697/695 291/291/291 290/290/290
f 700/702/700 295/295/295 699/701/699
f 699/701/699 295/295/295 294/294/294
f 699/701/699 294/294/294 293/293/293
f 51/51/51 289/289/289 701/703/701
f 701/703/701 289/289/289 297/297/297
f 701/703/701 297/297/297 700/702/700
f 700/702/700 297/297/297 296/296/296
f 700/702/700 296/296/296 295/295/295
f 701/703/701 702/704/702 51/51/51
f 51/51/51 702/704/702 703/705/703
f 51/51/51 703/705/703 52/52/52
f 52/52/52 703/705/703 522/523/522
f 52/52/52 522/523/522 171/171/171
f 171/171/171 522/523/522 173/173/173
f 704/706/704 705/707/705 706/708/706
f 706/708/706 705/707/705 707/709/707
f 706/708/706 707/709/707 708/710/708
f 708/710/708 707/709/707 709/711/709
f 708/710/708 709/711/709 710/712/710
f 710/712/710 709/711/709 711/713/711
f 710/712/710 711/713/711 712/714/712
f 712/714/712 711/713/711 713/715/713
f 712/714/712 713/715/713 714/716/714
f 714/716/714 713/715/713 715/717/715
f 714/716/714 715/717/715 716/718/716
f 716/718/716 715/717/715 717/719/717
f 716/718/716 717/719/717 718/720/718
f 718/720/718 717/719/717 719/721/719
f 718/720/718 719/721/719 720/722/720
f 720/722/720 719/721/719 721/723/721
f 720/722/720 721/723/721 722/724/722
f 722/724/722 721/723/721 723/725/723
f 722/724/722 723/725/723 724/726/724
f 724/726/724 723/725/723 725/727/725
f 724/726/724 725/727/725 726/728/726
f 726/728/726 725/727/725 727/729/727
f 726/728/726 727/729/727 728/730/728
f 728/730/728 727/729/727 729/731/729
f 728/730/728 729/731/729 730/732/730
f 730/732/730 729/731/729 731/733/731
f 730/732/730 731/733/731 732/734/732
f 732/734/732 731/733/731 484/484/484
f 732/734/732 484/484/484 733/735/733
f 733/735/733 484/484/484 483/483/483
f 499/500/499 496/497/496 688/690/688
f 688/690/688 496/497/496 484/484/484
f 688/690/688 484/484/484 691/693/691
f 691/693/691 484/484/484 731/733/731
f 691/693/691 731/733/731 690/692/690
f 690/692/690 731/733/731 729/731/729
f 690/692/690 729/731/729 689/691/689
f 689/691/689 729/731/729 727/729/727
f 689/691/689 727/729/727 694/696/694
f 694/696/694 727/729/727 725/727/725
f 694/696/694 725/727/725 693/695/693
f 693/695/693 725/727/725 723/725/723
f 693/695/693 723/725/723 692/694/692
f 692/694/692 723/725/723 721/723/721
f 692/694/692 721/723/721 698/700/698
f 698/700/698 721/723/721 719/721/719
f 698/700/698 719/721/719 697/699/697
f 697/699/697 719/721/719 717/719/717
f 697/699/697 717/719/717 696/698/696
f 696/698/696 717/719/717 715/717/715
f 696/698/696 715/717/715 695/697/695
f 695/697/695 715/717/715 713/715/713
f 695/697/695 713/715/713 699/701/699
f 699/701/699 713/715/713 711/713/711
f 699/701/699 711/713/711 700/702/700
f 700/702/700 711/713/711 709/711/709
f 700/702/700 709/711/709 701/703/701
f 701/703/701 709/711/709 707/709/707
f 701/703/701 707/709/707 702/704/702
f 702/704/702 707/709/707 705/707/705
f 702/704/702 705/707/705 734/736/734
f 734/736/734 705/707/705 704/706/704
f 734/736/734 704/706/704 735/737/735
f 193/193/193 192/192/192 514/515/514
f 514/515/514 192/192/192 520/521/520
f 514/515/514 520/521/520 533/534/533
f 533/534/533 520/521/520 521/522/521
f 533/534/533 521/522/521 534/535/534
f 534/535/534 521/522/521 522/523/522
f 534/535/534 522/523/522 535/536/535
f 535/536/535 522/523/522 703/705/703
f 535/536/535 703/705/703 523/524/523
f 523/524/523 703/705/703 702/704/702
f 523/524/523 702/704/702 524/525/524
f 524/525/524 702/704/702 734/736/734
f 524/525/524 734/736/734 526/527/526
f 526/527/526 734/736/734 735/737/735
f 526/527/526 735/737/735 548/549/548
f 677/679/677 736/738/736 463/463/463
f 463/463/463 736/738/736 737/739/737
f 463/463/463 737/739/737 461/461/461
f 461/461/461 737/739/737 738/740/738
f 662/663/662 491/491/491 661/662/661
f 661/662/661 491/491/491 493/493/493
f 661/662/661 493/493/493 660/661/660
f 660/661/660 493/493/493 664/666/664
f 660/661/660 664/666/664 659/660/659
f 659/660/659 664/666/664 667/669/667
f 659/660/659 667/669/667 658/659/658
f 658/659/658 667/669/667 669/671/669
f 658/659/658 669/671/669 657/658/657
f 657/658/657 669/671/669 671/673/671
f 657/658/657 671/673/671 656/657/656
f 656/657/656 671/673/671 673/675/673
f 656/657/656 673/675/673 655/656/655
f 655/656/655 673/675/673 675/677/675
f 655/656/655 675/677/675 654/655/654
f 654/655/654 675/677/675 685/687/685
f 654/655/654 685/687/685 653/654/653
f 653/654/653 685/687/685 683/685/683
f 653/654/653 683/685/683 652/653/652
f 652/653/652 683/685/683 681/683/681
f 652/653/652 681/683/681 651/652/651
f 651/652/651 681/683/681 679/681/679
f 651/652/651 679/681/679 650/651/650
f 650/651/650 679/681/679 463/463/463
f 650/651/650 463/463/463 467/467/467
f 467/467/467 463/463/463 462/462/462
f 467/467/467 462/462/462 465/465/465
f 465/465/465 462/462/462 464/464/464
f 465/465/465 464/464/464 676/678/676
f 676/678/676 464/464/464 461/461/461
f 676/678/676 461/461/461 559/560/559
f 559/560/559 461/461/461 738/740/738
f 559/560/559 738/740/738 557/558/557
f 567/568/567 583/584/583 568/569/568
f 568/569/568 583/584/583 585/586/585
f 568/569/568 585/586/585 577/578/577
f 577/578/577 585/586/585 582/583/582
f 577/578/577 582/583/582 626/627/626
f 626/627/626 582/583/582 549/550/549
f 626/627/626 549/550/549 627/628/627
f 627/628/627 549/550/549 550/551/550
f 627/628/627 550/551/550 629/630/629
f 629/630/629 550/551/550 542/543/542
f 629/630/629 542/543/542 631/632/631
f 631/632/631 542/543/542 543/544/543
f 631/632/631 543/544/543 633/634/633
f 633/634/633 543/544/543 544/545/544
f 633/634/633 544/545/544 635/636/635
f 635/636/635 544/545/544 545/546/545
f 635/636/635 545/546/545 637/638/637
f 637/638/637 545/546/545 546/547/546
f 637/638/637 546/547/546 639/640/639
f 639/640/639 546/547/546 547/548/547
f 639/640/639 547/548/547 641/642/641
f 641/642/641 547/548/547 548/549/548
f 641/642/641 548/549/548 643/644/643
f 643/644/643 548/549/548 735/737/735
f 643/644/643 735/737/735 645/646/645
f 645/646/645 735/737/735 704/706/704
f 645/646/645 704/706/704 647/648/647
f 647/648/647 704/706/704 706/708/706
f 647/648/647 706/708/706 649/650/649
f 649/650/649 706/708/706 708/710/708
f 649/650/649 708/710/708 603/604/603
f 603/604/603 708/710/708 710/712/710
f 603/604/603 710/712/710 605/606/605
f 605/606/605 710/712/710 712/714/712
f 605/606/605 712/714/712 607/608/607
f 607/608/607 712/714/712 714/716/714
f 607/608/607 714/716/714 609/610/609
f 609/610/609 714/716/714 716/718/716
f 609/610/609 716/718/716 611/612/611
f 611/612/611 716/718/716 718/720/718
f 611/612/611 718/720/718 613/614/613
f 613/614/613 718/720/718 720/722/720
f 613/614/613 720/722/720 615/616/615
f 615/616/615 720/722/720 722/724/722
f 615/616/615 722/724/722 617/618/617
f 617/618/617 722/724/722 724/726/724
f 617/618/617 724/726/724 619/620/619
f 619/620/619 724/726/724 726/728/726
f 619/620/619 726/728/726 621/622/621
f 621/622/621 726/728/726 728/730/728
f 621/622/621 728/730/728 623/624/623
f 623/624/623 728/730/728 730/732/730
f 623/624/623 730/732/730 487/487/487
f 487/487/487 730/732/730 732/734/732
f 487/487/487 732/734/732 495/496/495
f 495/496/495 732/734/732 733/735/733
f 323/741/323 365/742/365 739/743/739
f 376/744/376 375/745/375 740/746/740
f 385/747/385 388/748/388 741/749/741
f 370/750/370 369/751/369 742/752/742
f 368/753/368 377/754/377 743/755/743
f 363/756/363 371/757/371 744/758/744
f 318/759/318 324/760/324 745/761/745
f 746/762/746 747/763/747 748/764/748
f 749/765/749 750/766/750 751/767/751
f 752/768/752 751/767/751 753/769/753
f 754/770/754 753/769/753 755/771/755
f 756/772/756 755/771/755 757/773/757
f 758/774/758 757/773/757 759/775/759
f 760/776/760 761/777/761 762/778/762
f 763/779/763 762/778/762 764/780/764
f 765/781/765 764/780/764 766/782/766
f 109/783/109 128/784/128 767/785/767
f 768/786/768 769/787/769 770/788/770
f 94/789/94 93/790/93 771/791/771
f 772/792/772 773/793/773 774/794/774
f 775/795/775 776/796/776 777/797/777
f 778/798/778 779/799/779 780/800/780
f 781/801/781 782/802/782 783/803/783
f 784/804/784 785/805/785 786/806/786
f 785/805/785 309/807/309 308/808/308
f 784/804/784 786/806/786 787/809/787
f 788/810/788 789/811/789 790/812/790
f 790/812/790 789/811/789 791/813/791
f 790/812/790 791/813/791 792/814/792
f 793/815/793 794/816/794 795/817/795
f 796/818/796 797/819/797 798/820/798
f 799/821/799 800/822/800 801/823/801
f 802/824/802 803/825/803 804/826/804
f 804/826/804 803/825/803 805/827/805
f 804/826/804 805/827/805 806/828/806
f 802/824/802 807/829/807 803/825/803
f 803/825/803 807/829/807 808/830/808
f 803/825/803 808/830/808 809/831/809
f 809/831/809 808/830/808 810/832/810
f 810/832/810 811/833/811 812/834/812
f 812/834/812 811/833/811 813/835/813
f 812/834/812 813/835/813 814/836/814
f 815/837/815 816/838/816 817/839/817
f 817/839/817 816/838/816 818/840/818
f 817/839/817 818/840/818 819/841/819
f 819/841/819 818/840/818 820/842/820
f 819/841/819 820/842/820 821/843/821
f 821/843/821 820/842/820 822/844/822
f 823/845/823 822/844/822 824/846/824
f 824/846/824 822/844/822 820/842/820
f 824/846/824 820/842/820 825/847/825
f 825/847/825 820/842/820 818/840/818
f 825/847/825 818/840/818 826/848/826
f 826/848/826 818/840/818 816/838/816
f 827/849/827 828/850/828 829/851/829
f 829/851/829 828/850/828 830/852/830
f 806/828/806 805/827/805 831/853/831
f 831/853/831 805/827/805 832/854/832
f 831/853/831 832/854/832 833/855/833
f 834/856/834 835/857/835 836/858/836
f 836/858/836 837/859/837 834/856/834
f 834/856/834 837/859/837 838/860/838
f 834/856/834 838/860/838 827/849/827
f 827/849/827 838/860/838 839/861/839
f 827/849/827 839/861/839 828/850/828
f 779/799/779 778/798/778 840/862/840
f 778/798/778 841/863/841 840/862/840
f 840/862/840 841/863/841 842/864/842
f 840/862/840 842/864/842 843/865/843
f 843/865/843 842/864/842 844/866/844
f 843/865/843 844/866/844 845/867/845
f 845/867/845 844/866/844 846/868/846
f 845/867/845 846/868/846 835/857/835
f 835/857/835 846/868/846 847/869/847
f 835/857/835 847/869/847 836/858/836
f 830/852/830 833/855/833 829/851/829
f 829/851/829 833/855/833 832/854/832
f 829/851/829 832/854/832 848/870/848
f 848/870/848 832/854/832 805/827/805
f 848/870/848 805/827/805 849/871/849
f 849/871/849 805/827/805 803/825/803
f 849/871/849 803/825/803 850/872/850
f 850/872/850 803/825/803 809/831/809
f 850/872/850 809/831/809 823/845/823
f 823/845/823 809/831/809 851/873/851
f 823/845/823 851/873/851 822/844/822
f 822/844/822 851/873/851 852/874/852
f 822/844/822 852/874/852 821/843/821
f 775/795/775 777/797/777 853/875/853
f 854/876/854 855/877/855 856/878/856
f 856/878/856 855/877/855 857/879/857
f 856/878/856 857/879/857 858/880/858
f 858/880/858 857/879/857 859/881/859
f 858/880/858 859/881/859 860/882/860
f 860/882/860 859/881/859 861/883/861
f 860/882/860 861/883/861 862/884/862
f 862/884/862 861/883/861 863/885/863
f 862/884/862 863/885/863 864/886/864
f 864/886/864 863/885/863 865/887/865
f 864/886/864 865/887/865 866/888/866
f 750/766/750 749/765/749 867/889/867
f 867/889/867 749/765/749 868/890/868
f 867/889/867 868/890/868 869/891/869
f 870/892/870 855/877/855 776/796/776
f 776/796/776 855/877/855 854/876/854
f 776/796/776 854/876/854 777/797/777
f 870/892/870 776/796/776 869/891/869
f 869/891/869 776/796/776 775/795/775
f 869/891/869 775/795/775 867/889/867
f 867/889/867 775/795/775 853/875/853
f 867/889/867 853/875/853 750/766/750
f 771/791/771 871/893/871 872/894/872
f 872/894/872 871/893/871 873/895/873
f 874/896/874 875/897/875 876/898/876
f 100/899/100 103/900/103 871/893/871
f 871/893/871 103/900/103 102/901/102
f 871/893/871 102/901/102 873/895/873
f 873/895/873 102/901/102 121/902/121
f 873/895/873 121/902/121 874/896/874
f 874/896/874 121/902/121 120/903/120
f 874/896/874 120/903/120 875/897/875
f 771/791/771 93/790/93 871/893/871
f 871/893/871 93/790/93 101/904/101
f 871/893/871 101/904/101 100/899/100
f 876/898/876 108/905/108 107/906/107
f 128/784/128 877/907/877 767/785/767
f 767/785/767 877/907/877 878/908/878
f 767/785/767 878/908/878 879/909/879
f 879/909/879 878/908/878 768/786/768
f 879/909/879 768/786/768 880/910/880
f 880/910/880 768/786/768 770/788/770
f 880/910/880 770/788/770 773/793/773
f 881/911/881 106/912/106 110/913/110
f 773/793/773 772/792/772 880/910/880
f 880/910/880 772/792/772 882/914/882
f 880/910/880 882/914/882 879/909/879
f 879/909/879 882/914/882 881/911/881
f 879/909/879 881/911/881 767/785/767
f 767/785/767 881/911/881 110/913/110
f 767/785/767 110/913/110 109/783/109
f 120/903/120 118/915/118 875/897/875
f 875/897/875 118/915/118 70/916/70
f 875/897/875 70/916/70 876/898/876
f 876/898/876 70/916/70 69/917/69
f 876/898/876 69/917/69 108/905/108
f 769/787/769 768/786/768 883/918/883
f 883/918/883 768/786/768 878/908/878
f 883/918/883 878/908/878 884/919/884
f 884/919/884 878/908/878 877/907/877
f 884/919/884 877/907/877 885/920/885
f 885/920/885 877/907/877 886/921/886
f 885/920/885 886/921/886 133/922/133
f 887/923/887 131/924/131 888/925/888
f 888/925/888 131/924/131 145/926/145
f 888/925/888 145/926/145 889/927/889
f 890/928/890 891/929/891 892/930/892
f 892/930/892 891/929/891 893/931/893
f 892/930/892 893/931/893 894/932/894
f 894/932/894 893/931/893 895/933/895
f 894/932/894 895/933/895 896/934/896
f 896/934/896 895/933/895 897/935/897
f 896/934/896 897/935/897 889/927/889
f 889/927/889 897/935/897 898/936/898
f 889/927/889 898/936/898 888/925/888
f 888/925/888 898/936/898 899/937/899
f 888/925/888 899/937/899 887/923/887
f 887/923/887 899/937/899 866/888/866
f 887/923/887 866/888/866 900/938/900
f 900/938/900 866/888/866 865/887/865
f 900/938/900 865/887/865 901/939/901
f 901/939/901 865/887/865 863/885/863
f 901/939/901 863/885/863 902/940/902
f 902/940/902 863/885/863 861/883/861
f 902/940/902 861/883/861 903/941/903
f 903/941/903 861/883/861 859/881/859
f 903/941/903 859/881/859 904/942/904
f 904/942/904 859/881/859 857/879/857
f 904/942/904 857/879/857 905/943/905
f 905/943/905 857/879/857 855/877/855
f 905/943/905 855/877/855 906/944/906
f 906/944/906 855/877/855 870/892/870
f 92/945/92 907/946/907 135/947/135
f 135/947/135 907/946/907 890/928/890
f 135/947/135 890/928/890 137/948/137
f 137/948/137 890/928/890 892/930/892
f 137/948/137 892/930/892 139/949/139
f 139/949/139 892/930/892 894/932/894
f 139/949/139 894/932/894 141/950/141
f 141/950/141 894/932/894 896/934/896
f 141/950/141 896/934/896 142/951/142
f 142/951/142 896/934/896 889/927/889
f 142/951/142 889/927/889 144/952/144
f 144/952/144 889/927/889 145/926/145
f 128/784/128 115/953/115 877/907/877
f 877/907/877 115/953/115 114/954/114
f 877/907/877 114/954/114 886/921/886
f 886/921/886 114/954/114 129/955/129
f 886/921/886 129/955/129 133/922/133
f 908/956/908 909/957/909 910/958/910
f 753/769/753 754/770/754 752/768/752
f 752/768/752 754/770/754 911/959/911
f 752/768/752 911/959/911 912/960/912
f 912/960/912 911/959/911 913/961/913
f 912/960/912 913/961/913 914/962/914
f 914/962/914 913/961/913 915/963/915
f 914/962/914 915/963/915 916/964/916
f 757/773/757 758/774/758 756/772/756
f 756/772/756 758/774/758 917/965/917
f 756/772/756 917/965/917 918/966/918
f 918/966/918 917/965/917 919/967/919
f 918/966/918 919/967/919 920/968/920
f 920/968/920 919/967/919 921/969/921
f 920/968/920 921/969/921 922/970/922
f 922/970/922 921/969/921 923/971/923
f 922/970/922 923/971/923 924/972/924
f 924/972/924 923/971/923 925/973/925
f 924/972/924 925/973/925 926/974/926
f 751/767/751 752/768/752 749/765/749
f 749/765/749 752/768/752 912/960/912
f 749/765/749 912/960/912 868/890/868
f 868/890/868 912/960/912 914/962/914
f 868/890/868 914/962/914 869/891/869
f 869/891/869 914/962/914 916/964/916
f 869/891/869 916/964/916 870/892/870
f 870/892/870 916/964/916 927/975/927
f 870/892/870 927/975/927 906/944/906
f 906/944/906 927/975/927 774/794/774
f 906/944/906 774/794/774 905/943/905
f 905/943/905 774/794/774 773/793/773
f 905/943/905 773/793/773 904/942/904
f 904/942/904 773/793/773 770/788/770
f 904/942/904 770/788/770 903/941/903
f 903/941/903 770/788/770 769/787/769
f 903/941/903 769/787/769 902/940/902
f 902/940/902 769/787/769 883/918/883
f 902/940/902 883/918/883 901/939/901
f 901/939/901 883/918/883 884/919/884
f 901/939/901 884/919/884 900/938/900
f 900/938/900 884/919/884 885/920/885
f 900/938/900 885/920/885 887/923/887
f 887/923/887 885/920/885 133/922/133
f 887/923/887 133/922/133 131/924/131
f 928/976/928 929/977/929 930/978/930
f 931/979/931 932/980/932 304/981/304
f 785/805/785 308/808/308 786/806/786
f 786/806/786 308/808/308 307/982/307
f 786/806/786 307/982/307 932/980/932
f 932/980/932 307/982/307 306/983/306
f 932/980/932 306/983/306 304/981/304
f 933/984/933 316/985/316 314/986/314
f 746/762/746 748/764/748 933/984/933
f 933/984/933 748/764/748 934/987/934
f 933/984/933 934/987/934 316/985/316
f 747/763/747 746/762/746 745/761/745
f 745/761/745 746/762/746 319/988/319
f 745/761/745 319/988/319 318/759/318
f 314/986/314 313/989/313 933/984/933
f 933/984/933 313/989/313 322/990/322
f 933/984/933 322/990/322 746/762/746
f 746/762/746 322/990/322 321/991/321
f 746/762/746 321/991/321 319/988/319
f 304/981/304 303/992/303 931/979/931
f 931/979/931 303/992/303 332/993/332
f 931/979/931 332/993/332 934/987/934
f 934/987/934 332/993/332 317/994/317
f 934/987/934 317/994/317 316/985/316
f 761/777/761 760/776/760 935/995/935
f 935/995/935 760/776/760 936/996/936
f 935/995/935 936/996/936 937/997/937
f 937/997/937 936/996/936 938/998/938
f 937/997/937 938/998/938 939/999/939
f 939/999/939 938/998/938 940/1000/940
f 939/999/939 940/1000/940 941/1001/941
f 941/1001/941 940/1000/940 942/1002/942
f 941/1001/941 942/1002/942 943/1003/943
f 943/1003/943 942/1002/942 944/1004/944
f 943/1003/943 944/1004/944 945/1005/945
f 945/1005/945 944/1004/944 946/1006/946
f 945/1005/945 946/1006/946 771/791/771
f 929/977/929 928/976/928 947/1007/947
f 947/1007/947 928/976/928 739/743/739
f 947/1007/947 739/743/739 744/758/744
f 744/758/744 739/743/739 365/742/365
f 744/758/744 365/742/365 363/756/363
f 909/957/909 908/956/908 948/1008/948
f 948/1008/948 908/956/908 949/1009/949
f 948/1008/948 949/1009/949 950/1010/950
f 950/1010/950 949/1009/949 951/1011/951
f 950/1010/950 951/1011/951 952/1012/952
f 952/1012/952 951/1011/951 742/752/742
f 952/1012/952 742/752/742 743/755/743
f 743/755/743 742/752/742 369/751/369
f 743/755/743 369/751/369 368/753/368
f 953/1013/953 781/801/781 954/1014/954
f 954/1014/954 781/801/781 783/803/783
f 954/1014/954 783/803/783 955/1015/955
f 955/1015/955 783/803/783 956/1016/956
f 955/1015/955 956/1016/956 957/1017/957
f 957/1017/957 956/1016/956 958/1018/958
f 957/1017/957 958/1018/958 959/1019/959
f 959/1019/959 958/1018/958 960/1020/960
f 959/1019/959 960/1020/960 961/1021/961
f 961/1021/961 960/1020/960 962/1022/962
f 961/1021/961 962/1022/962 910/958/910
f 910/958/910 962/1022/962 930/978/930
f 910/958/910 930/978/930 908/956/908
f 908/956/908 930/978/930 929/977/929
f 908/956/908 929/977/929 949/1009/949
f 949/1009/949 929/977/929 947/1007/947
f 949/1009/949 947/1007/947 951/1011/951
f 951/1011/951 947/1007/947 744/758/744
f 951/1011/951 744/758/744 742/752/742
f 742/752/742 744/758/744 371/757/371
f 742/752/742 371/757/371 370/750/370
f 379/1023/379 378/1024/378 963/1025/963
f 963/1025/963 378/1024/378 383/1026/383
f 764/780/764 765/781/765 763/779/763
f 763/779/763 765/781/765 964/1027/964
f 763/779/763 964/1027/964 965/1028/965
f 965/1028/965 964/1027/964 966/1029/966
f 965/1028/965 966/1029/966 967/1030/967
f 967/1030/967 966/1029/966 968/1031/968
f 967/1030/967 968/1031/968 969/1032/969
f 969/1032/969 968/1031/968 970/1033/970
f 969/1032/969 970/1033/970 971/1034/971
f 971/1034/971 970/1033/970 972/1035/972
f 971/1034/971 972/1035/972 973/1036/973
f 973/1036/973 972/1035/972 963/1025/963
f 973/1036/973 963/1025/963 741/749/741
f 741/749/741 963/1025/963 383/1026/383
f 741/749/741 383/1026/383 385/747/385
f 374/1037/374 382/1038/382 974/1039/974
f 974/1039/974 382/1038/382 381/1040/381
f 766/782/766 975/1041/975 765/781/765
f 765/781/765 975/1041/975 976/1042/976
f 765/781/765 976/1042/976 964/1027/964
f 964/1027/964 976/1042/976 977/1043/977
f 964/1027/964 977/1043/977 966/1029/966
f 966/1029/966 977/1043/977 978/1044/978
f 966/1029/966 978/1044/978 968/1031/968
f 968/1031/968 978/1044/978 979/1045/979
f 968/1031/968 979/1045/979 970/1033/970
f 970/1033/970 979/1045/979 980/1046/980
f 970/1033/970 980/1046/980 972/1035/972
f 972/1035/972 980/1046/980 974/1039/974
f 972/1035/972 974/1039/974 963/1025/963
f 963/1025/963 974/1039/974 381/1040/381
f 963/1025/963 381/1040/381 379/1023/379
f 792/814/792 953/1013/953 790/812/790
f 790/812/790 953/1013/953 954/1014/954
f 790/812/790 954/1014/954 981/1047/981
f 981/1047/981 954/1014/954 955/1015/955
f 981/1047/981 955/1015/955 982/1048/982
f 982/1048/982 955/1015/955 957/1017/957
f 982/1048/982 957/1017/957 983/1049/983
f 983/1049/983 957/1017/957 959/1019/959
f 983/1049/983 959/1019/959 984/1050/984
f 984/1050/984 959/1019/959 961/1021/961
f 984/1050/984 961/1021/961 985/1051/985
f 985/1051/985 961/1021/961 910/958/910
f 985/1051/985 910/958/910 986/1052/986
f 986/1052/986 910/958/910 909/957/909
f 986/1052/986 909/957/909 987/1053/987
f 987/1053/987 909/957/909 948/1008/948
f 987/1053/987 948/1008/948 988/1054/988
f 988/1054/988 948/1008/948 950/1010/950
f 988/1054/988 950/1010/950 989/1055/989
f 989/1055/989 950/1010/950 952/1012/952
f 989/1055/989 952/1012/952 990/1056/990
f 990/1056/990 952/1012/952 743/755/743
f 990/1056/990 743/755/743 740/746/740
f 740/746/740 743/755/743 377/754/377
f 740/746/740 377/754/377 376/744/376
f 872/894/872 926/974/926 771/791/771
f 771/791/771 926/974/926 925/973/925
f 771/791/771 925/973/925 945/1005/945
f 945/1005/945 925/973/925 923/971/923
f 945/1005/945 923/971/923 943/1003/943
f 943/1003/943 923/971/923 921/969/921
f 943/1003/943 921/969/921 941/1001/941
f 941/1001/941 921/969/921 919/967/919
f 941/1001/941 919/967/919 939/999/939
f 939/999/939 919/967/919 917/965/917
f 939/999/939 917/965/917 937/997/937
f 937/997/937 917/965/917 758/774/758
f 937/997/937 758/774/758 935/995/935
f 935/995/935 758/774/758 759/775/759
f 935/995/935 759/775/759 761/777/761
f 782/802/782 787/809/787 783/803/783
f 783/803/783 787/809/787 786/806/786
f 783/803/783 786/806/786 956/1016/956
f 956/1016/956 786/806/786 932/980/932
f 956/1016/956 932/980/932 958/1018/958
f 958/1018/958 932/980/932 931/979/931
f 958/1018/958 931/979/931 960/1020/960
f 960/1020/960 931/979/931 934/987/934
f 960/1020/960 934/987/934 962/1022/962
f 962/1022/962 934/987/934 748/764/748
f 962/1022/962 748/764/748 930/978/930
f 930/978/930 748/764/748 747/763/747
f 930/978/930 747/763/747 928/976/928
f 928/976/928 747/763/747 745/761/745
f 928/976/928 745/761/745 739/743/739
f 739/743/739 745/761/745 324/760/324
f 739/743/739 324/760/324 323/741/323
f 755/771/755 756/772/756 754/770/754
f 754/770/754 756/772/756 918/966/918
f 754/770/754 918/966/918 911/959/911
f 911/959/911 918/966/918 920/968/920
f 911/959/911 920/968/920 913/961/913
f 913/961/913 920/968/920 922/970/922
f 913/961/913 922/970/922 915/963/915
f 915/963/915 922/970/922 924/972/924
f 915/963/915 924/972/924 916/964/916
f 916/964/916 924/972/924 926/974/926
f 916/964/916 926/974/926 927/975/927
f 927/975/927 926/974/926 872/894/872
f 927/975/927 872/894/872 774/794/774
f 774/794/774 872/894/872 873/895/873
f 774/794/774 873/895/873 772/792/772
f 772/792/772 873/895/873 874/896/874
f 772/792/772 874/896/874 882/914/882
f 882/914/882 874/896/874 876/898/876
f 882/914/882 876/898/876 881/911/881
f 881/911/881 876/898/876 107/906/107
f 881/911/881 107/906/107 106/912/106
f 991/1057/991 992/1058/992 993/1059/993
f 993/1059/993 994/1060/994 991/1057/991
f 991/1057/991 994/1060/994 995/1061/995
f 991/1057/991 995/1061/995 996/1062/996
f 996/1062/996 995/1061/995 997/1063/997
f 996/1062/996 997/1063/997 998/1064/998
f 998/1064/998 997/1063/997 999/1065/999
f 998/1064/998 999/1065/999 801/823/801
f 801/823/801 999/1065/999 1000/1066/1000
f 801/823/801 1000/1066/1000 799/821/799
f 1001/1067/1001 1002/1068/1002 1003/1069/1003
f 1003/1069/1003 1002/1068/1002 1004/1070/1004
f 1003/1069/1003 1004/1070/1004 992/1058/992
f 992/1058/992 1004/1070/1004 1005/1071/1005
f 992/1058/992 1005/1071/1005 993/1059/993
f 1006/1072/1006 1007/1073/1007 1001/1067/1001
f 1001/1067/1001 1007/1073/1007 1008/1074/1008
f 1001/1067/1001 1008/1074/1008 1002/1068/1002
f 797/819/797 793/815/793 798/820/798
f 798/820/798 793/815/793 795/817/795
f 798/820/798 795/817/795 1009/1075/1009
f 1009/1075/1009 795/817/795 1010/1076/1010
f 1009/1075/1009 1010/1076/1010 1011/1077/1011
f 1011/1077/1011 1010/1076/1010 1012/1078/1012
f 1011/1077/1011 1012/1078/1012 1013/1079/1013
f 1013/1079/1013 1012/1078/1012 1014/1080/1014
f 1013/1079/1013 1014/1080/1014 1015/1081/1015
f 1015/1081/1015 1014/1080/1014 1016/1082/1016
f 1015/1081/1015 1016/1082/1016 1017/1083/1017
f 1017/1083/1017 1016/1082/1016 1018/1084/1018
f 1017/1083/1017 1018/1084/1018 1019/1085/1019
f 1019/1085/1019 1018/1084/1018 1020/1086/1020
f 1019/1085/1019 1020/1086/1020 1021/1087/1021
f 1021/1087/1021 1020/1086/1020 1022/1088/1022
f 1021/1087/1021 1022/1088/1022 1023/1089/1023
f 794/816/794 788/810/788 795/817/795
f 795/817/795 788/810/788 790/812/790
f 795/817/795 790/812/790 1010/1076/1010
f 1010/1076/1010 790/812/790 981/1047/981
f 1010/1076/1010 981/1047/981 1012/1078/1012
f 1012/1078/1012 981/1047/981 982/1048/982
f 1012/1078/1012 982/1048/982 1014/1080/1014
f 1014/1080/1014 982/1048/982 983/1049/983
f 1014/1080/1014 983/1049/983 1016/1082/1016
f 1016/1082/1016 983/1049/983 984/1050/984
f 1016/1082/1016 984/1050/984 1018/1084/1018
f 1018/1084/1018 984/1050/984 985/1051/985
f 1018/1084/1018 985/1051/985 1020/1086/1020
f 1024/1090/1024 1025/1091/1025 1006/1072/1006
f 1006/1072/1006 1025/1091/1025 1026/1092/1026
f 1006/1072/1006 1026/1092/1026 1007/1073/1007
f 1027/1093/1027 1028/1094/1028 1024/1090/1024
f 1024/1090/1024 1028/1094/1028 1029/1095/1029
f 1024/1090/1024 1029/1095/1029 1025/1091/1025
f 1030/1096/1030 1031/1097/1031 1032/1098/1032
f 1032/1098/1032 1031/1097/1031 1033/1099/1033
f 1032/1098/1032 1033/1099/1033 1027/1093/1027
f 1027/1093/1027 1033/1099/1033 1034/1100/1034
f 1027/1093/1027 1034/1100/1034 1028/1094/1028
f 1035/1101/1035 1036/1102/1036 1030/1096/1030
f 1030/1096/1030 1036/1102/1036 1037/1103/1037
f 1030/1096/1030 1037/1103/1037 1031/1097/1031
f 813/835/813 1038/1104/1038 814/836/814
f 814/836/814 1038/1104/1038 1039/1105/1039
f 814/836/814 1039/1105/1039 1040/1106/1040
f 1040/1106/1040 1039/1105/1039 1041/1107/1041
f 1040/1106/1040 1041/1107/1041 1042/1108/1042
f 1042/1108/1042 1041/1107/1041 1043/1109/1043
f 1042/1108/1042 1043/1109/1043 1044/1110/1044
f 1044/1110/1044 1043/1109/1043 1045/1111/1045
f 1044/1110/1044 1045/1111/1045 1046/1112/1046
f 1046/1112/1046 1045/1111/1045 1047/1113/1047
f 1046/1112/1046 1047/1113/1047 1048/1114/1048
f 1048/1114/1048 1047/1113/1047 1049/1115/1049
f 1048/1114/1048 1049/1115/1049 1050/1116/1050
f 1050/1116/1050 1049/1115/1049 1051/1117/1051
f 1050/1116/1050 1051/1117/1051 1035/1101/1035
f 1035/1101/1035 1051/1117/1051 1052/1118/1052
f 1035/1101/1035 1052/1118/1052 1036/1102/1036
f 1023/1089/1023 1053/1119/1053 1054/1120/1054
f 1054/1120/1054 1053/1119/1053 1055/1121/1055
f 1054/1120/1054 1055/1121/1055 1056/1122/1056
f 1056/1122/1056 1055/1121/1055 1057/1123/1057
f 1056/1122/1056 1057/1123/1057 1058/1124/1058
f 1058/1124/1058 1057/1123/1057 1059/1125/1059
f 1058/1124/1058 1059/1125/1059 1060/1126/1060
f 1060/1126/1060 1059/1125/1059 1061/1127/1061
f 1060/1126/1060 1061/1127/1061 1062/1128/1062
f 1062/1128/1062 1061/1127/1061 1063/1129/1063
f 1064/1130/1064 1063/1129/1063 1065/1131/1065
f 1065/1131/1065 1063/1129/1063 1061/1127/1061
f 1065/1131/1065 1061/1127/1061 1066/1132/1066
f 1066/1132/1066 1061/1127/1061 1059/1125/1059
f 1066/1132/1066 1059/1125/1059 1067/1133/1067
f 1067/1133/1067 1059/1125/1059 1057/1123/1057
f 1067/1133/1067 1057/1123/1057 1068/1134/1068
f 1068/1134/1068 1057/1123/1057 1055/1121/1055
f 1068/1134/1068 1055/1121/1055 1069/1135/1069
f 1069/1135/1069 1055/1121/1055 1053/1119/1053
f 1069/1135/1069 1053/1119/1053 1070/1136/1070
f 1070/1136/1070 1053/1119/1053 1023/1089/1023
f 1070/1136/1070 1023/1089/1023 1071/1137/1071
f 1071/1137/1071 1023/1089/1023 1022/1088/1022
f 1020/1086/1020 1072/1138/1072 1022/1088/1022
f 1022/1088/1022 1072/1138/1072 1073/1139/1073
f 1022/1088/1022 1073/1139/1073 1071/1137/1071
f 1071/1137/1071 1073/1139/1073 1074/1140/1074
f 1071/1137/1071 1074/1140/1074 1070/1136/1070
f 1070/1136/1070 1074/1140/1074 1075/1141/1075
f 1070/1136/1070 1075/1141/1075 1069/1135/1069
f 1069/1135/1069 1075/1141/1075 1076/1142/1076
f 1069/1135/1069 1076/1142/1076 1068/1134/1068
f 1068/1134/1068 1076/1142/1076 1077/1143/1077
f 1068/1134/1068 1077/1143/1077 1067/1133/1067
f 1067/1133/1067 1077/1143/1077 1078/1144/1078
f 1067/1133/1067 1078/1144/1078 1066/1132/1066
f 1066/1132/1066 1078/1144/1078 1079/1145/1079
f 1066/1132/1066 1079/1145/1079 1065/1131/1065
f 1065/1131/1065 1079/1145/1079 1080/1146/1080
f 1065/1131/1065 1080/1146/1080 1064/1130/1064
f 1064/1130/1064 1080/1146/1080 1081/1147/1081
f 800/822/800 796/818/796 801/823/801
f 801/823/801 796/818/796 798/820/798
f 801/823/801 798/820/798 998/1064/998
f 998/1064/998 798/820/798 1009/1075/1009
f 998/1064/998 1009/1075/1009 996/1062/996
f 996/1062/996 1009/1075/1009 1011/1077/1011
f 996/1062/996 1011/1077/1011 991/1057/991
f 991/1057/991 1011/1077/1011 1013/1079/1013
f 991/1057/991 1013/1079/1013 992/1058/992
f 992/1058/992 1013/1079/1013 1015/1081/1015
f 992/1058/992 1015/1081/1015 1003/1069/1003
f 1003/1069/1003 1015/1081/1015 1017/1083/1017
f 1003/1069/1003 1017/1083/1017 1001/1067/1001
f 1001/1067/1001 1017/1083/1017 1019/1085/1019
f 1001/1067/1001 1019/1085/1019 1006/1072/1006
f 1006/1072/1006 1019/1085/1019 1021/1087/1021
f 1006/1072/1006 1021/1087/1021 1024/1090/1024
f 1024/1090/1024 1021/1087/1021 1023/1089/1023
f 1024/1090/1024 1023/1089/1023 1027/1093/1027
f 1027/1093/1027 1023/1089/1023 1054/1120/1054
f 1027/1093/1027 1054/1120/1054 1032/1098/1032
f 1032/1098/1032 1054/1120/1054 1056/1122/1056
f 1032/1098/1032 1056/1122/1056 1030/1096/1030
f 1030/1096/1030 1056/1122/1056 1058/1124/1058
f 1030/1096/1030 1058/1124/1058 1035/1101/1035
f 1035/1101/1035 1058/1124/1058 1060/1126/1060
f 1035/1101/1035 1060/1126/1060 1050/1116/1050
f 1050/1116/1050 1060/1126/1060 1062/1128/1062
f 1050/1116/1050 1062/1128/1062 1082/1148/1082
f 1082/1148/1082 1062/1128/1062 1063/1129/1063
f 1082/1148/1082 1063/1129/1063 1083/1149/1083
f 1083/1149/1083 1063/1129/1063 1064/1130/1064
f 1083/1149/1083 1064/1130/1064 1084/1150/1084
f 1084/1150/1084 1064/1130/1064 1081/1147/1081
f 815/837/815 1085/1151/1085 816/838/816
f 816/838/816 1085/1151/1085 1086/1152/1086
f 816/838/816 1086/1152/1086 826/848/826
f 826/848/826 1086/1152/1086 1087/1153/1087
f 826/848/826 1087/1153/1087 825/847/825
f 825/847/825 1087/1153/1087 777/797/777
f 825/847/825 777/797/777 824/846/824
f 824/846/824 777/797/777 854/876/854
f 824/846/824 854/876/854 823/845/823
f 823/845/823 854/876/854 856/878/856
f 823/845/823 856/878/856 850/872/850
f 850/872/850 856/878/856 858/880/858
f 850/872/850 858/880/858 849/871/849
f 849/871/849 858/880/858 860/882/860
f 849/871/849 860/882/860 848/870/848
f 848/870/848 860/882/860 862/884/862
f 848/870/848 862/884/862 829/851/829
f 829/851/829 862/884/862 864/886/864
f 829/851/829 864/886/864 827/849/827
f 827/849/827 864/886/864 866/888/866
f 827/849/827 866/888/866 834/856/834
f 834/856/834 866/888/866 899/937/899
f 834/856/834 899/937/899 835/857/835
f 835/857/835 899/937/899 898/936/898
f 835/857/835 898/936/898 845/867/845
f 845/867/845 898/936/898 897/935/897
f 845/867/845 897/935/897 843/865/843
f 843/865/843 897/935/897 895/933/895
f 843/865/843 895/933/895 840/862/840
f 840/862/840 895/933/895 893/931/893
f 840/862/840 893/931/893 779/799/779
f 779/799/779 893/931/893 891/929/891
f 779/799/779 891/929/891 780/800/780
f 780/800/780 891/929/891 890/928/890
f 780/800/780 890/928/890 1088/1154/1088
f 1088/1154/1088 890/928/890 907/946/907
f 762/778/762 763/779/763 760/776/760
f 760/776/760 763/779/763 965/1028/965
f 760/776/760 965/1028/965 936/996/936
f 936/996/936 965/1028/965 967/1030/967
f 936/996/936 967/1030/967 938/998/938
f 938/998/938 967/1030/967 969/1032/969
f 938/998/938 969/1032/969 940/1000/940
f 940/1000/940 969/1032/969 971/1034/971
f 940/1000/940 971/1034/971 942/1002/942
f 942/1002/942 971/1034/971 973/1036/973
f 942/1002/942 973/1036/973 944/1004/944
f 944/1004/944 973/1036/973 741/749/741
f 944/1004/944 741/749/741 946/1006/946
f 946/1006/946 741/749/741 388/748/388
f 946/1006/946 388/748/388 387/1155/387
f 387/1155/387 386/1156/386 946/1006/946
f 946/1006/946 386/1156/386 98/1157/98
f 946/1006/946 98/1157/98 771/791/771
f 771/791/771 98/1157/98 96/1158/96
f 771/791/771 96/1158/96 94/789/94
f 810/832/810 812/834/812 809/831/809
f 809/831/809 812/834/812 814/836/814
f 809/831/809 814/836/814 851/873/851
f 851/873/851 814/836/814 1040/1106/1040
f 851/873/851 1040/1106/1040 852/874/852
f 852/874/852 1040/1106/1040 1042/1108/1042
f 852/874/852 1042/1108/1042 821/843/821
f 821/843/821 1042/1108/1042 1044/1110/1044
f 821/843/821 1044/1110/1044 819/841/819
f 819/841/819 1044/1110/1044 1046/1112/1046
f 819/841/819 1046/1112/1046 817/839/817
f 817/839/817 1046/1112/1046 1048/1114/1048
f 817/839/817 1048/1114/1048 815/837/815
f 815/837/815 1048/1114/1048 1050/1116/1050
f 815/837/815 1050/1116/1050 1085/1151/1085
f 1085/1151/1085 1050/1116/1050 1082/1148/1082
f 1085/1151/1085 1082/1148/1082 1086/1152/1086
f 1086/1152/1086 1082/1148/1082 1083/1149/1083
f 1086/1152/1086 1083/1149/1083 1087/1153/1087
f 1087/1153/1087 1083/1149/1083 1084/1150/1084
f 1087/1153/1087 1084/1150/1084 777/797/777
f 777/797/777 1084/1150/1084 1081/1147/1081
f 777/797/777 1081/1147/1081 853/875/853
f 853/875/853 1081/1147/1081 1080/1146/1080
f 853/875/853 1080/1146/1080 750/766/750
f 750/766/750 1080/1146/1080 1079/1145/1079
f 750/766/750 1079/1145/1079 751/767/751
f 751/767/751 1079/1145/1079 1078/1144/1078
f 751/767/751 1078/1144/1078 753/769/753
f 753/769/753 1078/1144/1078 1077/1143/1077
f 753/769/753 1077/1143/1077 755/771/755
f 755/771/755 1077/1143/1077 1076/1142/1076
f 755/771/755 1076/1142/1076 757/773/757
f 757/773/757 1076/1142/1076 1075/1141/1075
f 757/773/757 1075/1141/1075 759/775/759
f 759/775/759 1075/1141/1075 1074/1140/1074
f 759/775/759 1074/1140/1074 761/777/761
f 761/777/761 1074/1140/1074 1073/1139/1073
f 761/777/761 1073/1139/1073 762/778/762
f 762/778/762 1073/1139/1073 1072/1138/1072
f 762/778/762 1072/1138/1072 764/780/764
f 764/780/764 1072/1138/1072 1020/1086/1020
f 764/780/764 1020/1086/1020 766/782/766
f 766/782/766 1020/1086/1020 985/1051/985
f 766/782/766 985/1051/985 975/1041/975
f 975/1041/975 985/1051/985 986/1052/986
f 975/1041/975 986/1052/986 976/1042/976
f 976/1042/976 986/1052/986 987/1053/987
f 976/1042/976 987/1053/987 977/1043/977
f 977/1043/977 987/1053/987 988/1054/988
f 977/1043/977 988/1054/988 978/1044/978
f 978/1044/978 988/1054/988 989/1055/989
f 978/1044/978 989/1055/989 979/1045/979
f 979/1045/979 989/1055/989 990/1056/990
f 979/1045/979 990/1056/990 980/1046/980
f 980/1046/980 990/1056/990 740/746/740
f 980/1046/980 740/746/740 974/1039/974
f 974/1039/974 740/746/740 375/745/375
f 974/1039/974 375/745/375 374/1037/374
f 1008/1074/1008 1007/1073/1007 1089/1159/1089
f 1029/1095/1029 1028/1094/1028 1090/1160/1090
f 1026/1092/1026 1025/1091/1025 1091/1161/1091
f 1092/1162/1092 1093/1163/1093 1094/1164/1094
f 1095/1165/1095 1096/1166/1096 1097/1167/1097
f 1098/1168/1098 1099/1169/1099 1100/1170/1100
f 1101/1171/1101 1102/1172/1102 1103/1173/1103
f 594/1174/594 591/1175/591 1104/1176/1104
f 591/1175/591 590/1177/590 1105/1178/1105
f 600/1179/600 599/1180/599 1106/1181/1106
f 1107/1182/1107 1108/1183/1108 1109/1184/1109
f 512/1185/512 597/1186/597 1110/1187/1110
f 1111/1188/1111 1112/1189/1112 1113/1190/1113
f 1114/1191/1114 1115/1192/1115 1116/1193/1116
f 1117/1194/1117 1118/1195/1118 1119/1196/1119
f 1120/1197/1120 1121/1198/1121 1122/1199/1122
f 1123/1200/1123 1124/1201/1124 1125/1202/1125
f 1125/1202/1125 1124/1201/1124 799/821/799
f 1114/1191/1114 1116/1193/1116 1126/1203/1126
f 1127/1204/1127 1128/1205/1128 1129/1206/1129
f 1111/1188/1111 1113/1190/1113 1130/1207/1130
f 512/1185/512 1110/1187/1110 513/1208/513
f 1131/1209/1131 1132/1210/1132 1133/1211/1133
f 1133/1211/1133 1132/1210/1132 1134/1212/1134
f 1133/1211/1133 1134/1212/1134 1135/1213/1135
f 1135/1213/1135 1134/1212/1134 1136/1214/1136
f 1135/1213/1135 1136/1214/1136 1110/1187/1110
f 1110/1187/1110 1136/1214/1136 1137/1215/1137
f 1110/1187/1110 1137/1215/1137 513/1208/513
f 778/798/778 1138/1216/1138 1133/1211/1133
f 1133/1211/1133 1138/1216/1138 1139/1217/1139
f 1133/1211/1133 1139/1217/1139 1140/1218/1140
f 1140/1218/1140 1141/1219/1141 1133/1211/1133
f 1133/1211/1133 1141/1219/1141 1142/1220/1142
f 1133/1211/1133 1142/1220/1142 1131/1209/1131
f 1143/1221/1143 841/863/841 778/798/778
f 560/1222/560 1144/1223/1144 562/1224/562
f 562/1224/562 1144/1223/1144 1107/1182/1107
f 562/1224/562 1107/1182/1107 563/1225/563
f 1108/1183/1108 1107/1182/1107 1145/1226/1145
f 1145/1226/1145 1107/1182/1107 1144/1223/1144
f 1145/1226/1145 1144/1223/1144 1146/1227/1146
f 1147/1228/1147 565/1229/565 579/1230/579
f 1147/1228/1147 579/1230/579 1148/1231/1148
f 1148/1231/1148 579/1230/579 578/1232/578
f 1148/1231/1148 578/1232/578 1109/1184/1109
f 1109/1184/1109 578/1232/578 472/1233/472
f 1109/1184/1109 472/1233/472 1107/1182/1107
f 1107/1182/1107 472/1233/472 471/1234/471
f 1107/1182/1107 471/1234/471 563/1225/563
f 565/1229/565 1147/1228/1147 567/1235/567
f 567/1235/567 1147/1228/1147 1149/1236/1149
f 567/1235/567 1149/1236/1149 583/1237/583
f 583/1237/583 1149/1236/1149 1150/1238/1150
f 583/1237/583 1150/1238/1150 584/1239/584
f 584/1239/584 1150/1238/1150 1151/1240/1151
f 584/1239/584 1151/1240/1151 586/1241/586
f 1152/1242/1152 588/1243/588 1151/1240/1151
f 1151/1240/1151 588/1243/588 587/1244/587
f 1151/1240/1151 587/1244/587 586/1241/586
f 1153/1245/1153 601/1246/601 600/1179/600
f 594/1174/594 1104/1176/1104 596/1247/596
f 601/1246/601 1153/1245/1153 590/1177/590
f 1097/1167/1097 1096/1166/1096 1154/1248/1154
f 1154/1248/1154 1096/1166/1096 1155/1249/1155
f 1154/1248/1154 1155/1249/1155 1156/1250/1156
f 1157/1251/1157 1158/1252/1158 1159/1253/1159
f 1159/1253/1159 1158/1252/1158 1160/1254/1160
f 1161/1255/1161 1162/1256/1162 1163/1257/1163
f 1163/1257/1163 1162/1256/1162 1164/1258/1164
f 1163/1257/1163 1164/1258/1164 1165/1259/1165
f 1165/1259/1165 1164/1258/1164 1166/1260/1166
f 1165/1259/1165 1166/1260/1166 1167/1261/1167
f 1167/1261/1167 1166/1260/1166 1168/1262/1168
f 1167/1261/1167 1168/1262/1168 1169/1263/1169
f 1169/1263/1169 1168/1262/1168 1170/1264/1170
f 1169/1263/1169 1170/1264/1170 1171/1265/1171
f 1171/1265/1171 1170/1264/1170 1172/1266/1172
f 1171/1265/1171 1172/1266/1172 1173/1267/1173
f 1174/1268/1174 1158/1252/1158 1175/1269/1175
f 1175/1269/1175 1158/1252/1158 1157/1251/1157
f 1175/1269/1175 1157/1251/1157 1176/1270/1176
f 1177/1271/1177 1174/1268/1174 1178/1272/1178
f 1178/1272/1178 1174/1268/1174 1175/1269/1175
f 1178/1272/1178 1175/1269/1175 1179/1273/1179
f 1179/1273/1179 1175/1269/1175 1176/1270/1176
f 1179/1273/1179 1176/1270/1176 1180/1274/1180
f 1181/1275/1181 1182/1276/1182 1183/1277/1183
f 1183/1277/1183 1182/1276/1182 1177/1271/1177
f 1183/1277/1183 1177/1271/1177 1184/1278/1184
f 1184/1278/1184 1177/1271/1177 1178/1272/1178
f 1184/1278/1184 1178/1272/1178 1185/1279/1185
f 1185/1279/1185 1178/1272/1178 1179/1273/1179
f 1185/1279/1185 1179/1273/1179 1186/1280/1186
f 1186/1280/1186 1179/1273/1179 1180/1274/1180
f 1186/1280/1186 1180/1274/1180 1187/1281/1187
f 806/828/806 1188/1282/1188 804/826/804
f 804/826/804 1188/1282/1188 1189/1283/1189
f 804/826/804 1189/1283/1189 802/824/802
f 811/833/811 810/832/810 1181/1275/1181
f 1181/1275/1181 810/832/810 808/830/808
f 1181/1275/1181 808/830/808 1189/1283/1189
f 1189/1283/1189 808/830/808 807/829/807
f 1189/1283/1189 807/829/807 802/824/802
f 1160/1254/1160 1158/1252/1158 1190/1284/1190
f 1190/1284/1190 1158/1252/1158 1174/1268/1174
f 1190/1284/1190 1174/1268/1174 1191/1285/1191
f 1191/1285/1191 1174/1268/1174 1177/1271/1177
f 1191/1285/1191 1177/1271/1177 1192/1286/1192
f 1192/1286/1192 1177/1271/1177 1182/1276/1182
f 1192/1286/1192 1182/1276/1182 1193/1287/1193
f 1193/1287/1193 1182/1276/1182 1181/1275/1181
f 1193/1287/1193 1181/1275/1181 1194/1288/1194
f 1194/1288/1194 1181/1275/1181 1189/1283/1189
f 1194/1288/1194 1189/1283/1189 1195/1289/1195
f 1195/1289/1195 1189/1283/1189 1188/1282/1188
f 1195/1289/1195 1188/1282/1188 1196/1290/1196
f 811/833/811 1181/1275/1181 813/835/813
f 813/835/813 1181/1275/1181 1183/1277/1183
f 813/835/813 1183/1277/1183 1038/1104/1038
f 1038/1104/1038 1183/1277/1183 1184/1278/1184
f 1038/1104/1038 1184/1278/1184 1039/1105/1039
f 1039/1105/1039 1184/1278/1184 1185/1279/1185
f 1039/1105/1039 1185/1279/1185 1041/1107/1041
f 1041/1107/1041 1185/1279/1185 1186/1280/1186
f 1041/1107/1041 1186/1280/1186 1043/1109/1043
f 1043/1109/1043 1186/1280/1186 1187/1281/1187
f 1043/1109/1043 1187/1281/1187 1045/1111/1045
f 1196/1290/1196 1161/1255/1161 1195/1289/1195
f 1195/1289/1195 1161/1255/1161 1163/1257/1163
f 1195/1289/1195 1163/1257/1163 1194/1288/1194
f 1194/1288/1194 1163/1257/1163 1165/1259/1165
f 1194/1288/1194 1165/1259/1165 1193/1287/1193
f 1193/1287/1193 1165/1259/1165 1167/1261/1167
f 1193/1287/1193 1167/1261/1167 1192/1286/1192
f 1192/1286/1192 1167/1261/1167 1169/1263/1169
f 1192/1286/1192 1169/1263/1169 1191/1285/1191
f 1191/1285/1191 1169/1263/1169 1171/1265/1171
f 1191/1285/1191 1171/1265/1171 1190/1284/1190
f 1190/1284/1190 1171/1265/1171 1173/1267/1173
f 1190/1284/1190 1173/1267/1173 1160/1254/1160
f 778/798/778 1133/1211/1133 1143/1221/1143
f 1143/1221/1143 1133/1211/1133 1135/1213/1135
f 1143/1221/1143 1135/1213/1135 1197/1291/1197
f 1197/1291/1197 1135/1213/1135 1110/1187/1110
f 1197/1291/1197 1110/1187/1110 1198/1292/1198
f 1198/1292/1198 1110/1187/1110 597/1186/597
f 1198/1292/1198 597/1186/597 596/1247/596
f 831/853/831 833/855/833 1199/1293/1199
f 1199/1293/1199 833/855/833 830/852/830
f 1152/1242/1152 1200/1294/1200 1201/1295/1201
f 1201/1295/1201 1200/1294/1200 1202/1296/1202
f 1201/1295/1201 1202/1296/1202 1203/1297/1203
f 1203/1297/1203 1202/1296/1202 1199/1293/1199
f 1203/1297/1203 1199/1293/1199 1204/1298/1204
f 1204/1298/1204 1199/1293/1199 830/852/830
f 1205/1299/1205 837/859/837 836/858/836
f 600/1179/600 1106/1181/1106 1153/1245/1153
f 1153/1245/1153 1106/1181/1106 1206/1300/1206
f 1153/1245/1153 1206/1300/1206 1207/1301/1207
f 1207/1301/1207 1206/1300/1206 1205/1299/1205
f 1207/1301/1207 1205/1299/1205 1208/1302/1208
f 1208/1302/1208 1205/1299/1205 836/858/836
f 1208/1302/1208 836/858/836 847/869/847
f 1204/1298/1204 1205/1299/1205 1203/1297/1203
f 1203/1297/1203 1205/1299/1205 1206/1300/1206
f 1203/1297/1203 1206/1300/1206 1201/1295/1201
f 1201/1295/1201 1206/1300/1206 1106/1181/1106
f 1201/1295/1201 1106/1181/1106 1152/1242/1152
f 1152/1242/1152 1106/1181/1106 599/1180/599
f 1152/1242/1152 599/1180/599 588/1243/588
f 830/852/830 828/850/828 1204/1298/1204
f 1204/1298/1204 828/850/828 839/861/839
f 1204/1298/1204 839/861/839 1205/1299/1205
f 1205/1299/1205 839/861/839 838/860/838
f 1205/1299/1205 838/860/838 837/859/837
f 1209/1303/1209 846/868/846 844/866/844
f 591/1175/591 1105/1178/1105 1104/1176/1104
f 1104/1176/1104 1105/1178/1105 1210/1304/1210
f 1104/1176/1104 1210/1304/1210 1211/1305/1211
f 1211/1305/1211 1210/1304/1210 1209/1303/1209
f 1211/1305/1211 1209/1303/1209 1212/1306/1212
f 1212/1306/1212 1209/1303/1209 844/866/844
f 1212/1306/1212 844/866/844 842/864/842
f 596/1247/596 1104/1176/1104 1198/1292/1198
f 1198/1292/1198 1104/1176/1104 1211/1305/1211
f 1198/1292/1198 1211/1305/1211 1197/1291/1197
f 1197/1291/1197 1211/1305/1211 1212/1306/1212
f 1197/1291/1197 1212/1306/1212 1143/1221/1143
f 1143/1221/1143 1212/1306/1212 842/864/842
f 1143/1221/1143 842/864/842 841/863/841
f 590/1177/590 1153/1245/1153 1105/1178/1105
f 1105/1178/1105 1153/1245/1153 1207/1301/1207
f 1105/1178/1105 1207/1301/1207 1210/1304/1210
f 1210/1304/1210 1207/1301/1207 1208/1302/1208
f 1210/1304/1210 1208/1302/1208 1209/1303/1209
f 1209/1303/1209 1208/1302/1208 847/869/847
f 1209/1303/1209 847/869/847 846/868/846
f 1115/1192/1115 1117/1194/1117 1116/1193/1116
f 1116/1193/1116 1117/1194/1117 1119/1196/1119
f 1116/1193/1116 1119/1196/1119 1213/1307/1213
f 1213/1307/1213 1119/1196/1119 1214/1308/1214
f 1213/1307/1213 1214/1308/1214 1215/1309/1215
f 1215/1309/1215 1214/1308/1214 1216/1310/1216
f 1215/1309/1215 1216/1310/1216 1217/1311/1217
f 1217/1311/1217 1216/1310/1216 1218/1312/1218
f 1217/1311/1217 1218/1312/1218 1219/1313/1219
f 1219/1313/1219 1218/1312/1218 1220/1314/1220
f 1219/1313/1219 1220/1314/1220 1102/1172/1102
f 1221/1315/1221 1220/1314/1220 1222/1316/1222
f 1222/1316/1222 1220/1314/1220 1218/1312/1218
f 1222/1316/1222 1218/1312/1218 1223/1317/1223
f 1223/1317/1223 1218/1312/1218 1216/1310/1216
f 1223/1317/1223 1216/1310/1216 1224/1318/1224
f 1224/1318/1224 1216/1310/1216 1214/1308/1214
f 1224/1318/1224 1214/1308/1214 1122/1199/1122
f 1122/1199/1122 1214/1308/1214 1119/1196/1119
f 1122/1199/1122 1119/1196/1119 1120/1197/1120
f 1120/1197/1120 1119/1196/1119 1118/1195/1118
f 1225/1319/1225 1101/1171/1101 1226/1320/1226
f 1225/1319/1225 1099/1169/1099 1227/1321/1227
f 1227/1321/1227 1099/1169/1099 1098/1168/1098
f 1227/1321/1227 1098/1168/1098 1228/1322/1228
f 1229/1323/1229 1228/1322/1228 1230/1324/1230
f 1230/1324/1230 1228/1322/1228 1098/1168/1098
f 1230/1324/1230 1098/1168/1098 1231/1325/1231
f 1231/1325/1231 1098/1168/1098 1100/1170/1100
f 1231/1325/1231 1100/1170/1100 1089/1159/1089
f 1232/1326/1232 1233/1327/1233 1094/1164/1094
f 1094/1164/1094 1233/1327/1233 1095/1165/1095
f 1234/1328/1234 1221/1315/1221 1235/1329/1235
f 1235/1329/1235 1221/1315/1221 1222/1316/1222
f 1235/1329/1235 1222/1316/1222 1236/1330/1236
f 1236/1330/1236 1222/1316/1222 1223/1317/1223
f 1236/1330/1236 1223/1317/1223 1237/1331/1237
f 1237/1331/1237 1223/1317/1223 1224/1318/1224
f 1237/1331/1237 1224/1318/1224 1238/1332/1238
f 1238/1332/1238 1224/1318/1224 1122/1199/1122
f 1238/1332/1238 1122/1199/1122 1239/1333/1239
f 1239/1333/1239 1122/1199/1122 1121/1198/1121
f 1240/1334/1240 1005/1071/1005 1004/1070/1004
f 1101/1171/1101 1103/1173/1103 1226/1320/1226
f 1226/1320/1226 1103/1173/1103 1241/1335/1241
f 1226/1320/1226 1241/1335/1241 1242/1336/1242
f 1242/1336/1242 1241/1335/1241 1240/1334/1240
f 1242/1336/1242 1240/1334/1240 1243/1337/1243
f 1243/1337/1243 1240/1334/1240 1004/1070/1004
f 1243/1337/1243 1004/1070/1004 1002/1068/1002
f 1234/1328/1234 994/1060/994 993/1059/993
f 1102/1172/1102 1220/1314/1220 1103/1173/1103
f 1103/1173/1103 1220/1314/1220 1221/1315/1221
f 1103/1173/1103 1221/1315/1221 1241/1335/1241
f 1241/1335/1241 1221/1315/1221 1234/1328/1234
f 1241/1335/1241 1234/1328/1234 1240/1334/1240
f 1240/1334/1240 1234/1328/1234 993/1059/993
f 1240/1334/1240 993/1059/993 1005/1071/1005
f 1239/1333/1239 1125/1202/1125 1238/1332/1238
f 1238/1332/1238 1125/1202/1125 799/821/799
f 1238/1332/1238 799/821/799 1237/1331/1237
f 1237/1331/1237 799/821/799 1000/1066/1000
f 1237/1331/1237 1000/1066/1000 1236/1330/1236
f 1236/1330/1236 1000/1066/1000 999/1065/999
f 1236/1330/1236 999/1065/999 1235/1329/1235
f 1235/1329/1235 999/1065/999 997/1063/997
f 1235/1329/1235 997/1063/997 1234/1328/1234
f 1234/1328/1234 997/1063/997 995/1061/995
f 1234/1328/1234 995/1061/995 994/1060/994
f 1244/1338/1244 1092/1162/1092 1245/1339/1245
f 1245/1339/1245 1092/1162/1092 1094/1164/1094
f 1245/1339/1245 1094/1164/1094 1246/1340/1246
f 1246/1340/1246 1094/1164/1094 1095/1165/1095
f 1246/1340/1246 1095/1165/1095 1247/1341/1247
f 1247/1341/1247 1095/1165/1095 1097/1167/1097
f 1028/1094/1028 1034/1100/1034 1090/1160/1090
f 1090/1160/1090 1034/1100/1034 1248/1342/1248
f 1090/1160/1090 1248/1342/1248 1249/1343/1249
f 1249/1343/1249 1248/1342/1248 1250/1344/1250
f 1249/1343/1249 1250/1344/1250 1251/1345/1251
f 1251/1345/1251 1250/1344/1250 1252/1346/1252
f 1251/1345/1251 1252/1346/1252 1253/1347/1253
f 1253/1347/1253 1252/1346/1252 1254/1348/1254
f 1025/1091/1025 1029/1095/1029 1091/1161/1091
f 1091/1161/1091 1029/1095/1029 1090/1160/1090
f 1091/1161/1091 1090/1160/1090 1255/1349/1255
f 1255/1349/1255 1090/1160/1090 1249/1343/1249
f 1255/1349/1255 1249/1343/1249 1256/1350/1256
f 1256/1350/1256 1249/1343/1249 1251/1345/1251
f 1256/1350/1256 1251/1345/1251 1257/1351/1257
f 1257/1351/1257 1251/1345/1251 1253/1347/1253
f 1093/1163/1093 1051/1117/1051 1049/1115/1049
f 1232/1326/1232 1094/1164/1094 1258/1352/1258
f 1258/1352/1258 1094/1164/1094 1093/1163/1093
f 1258/1352/1258 1093/1163/1093 1259/1353/1259
f 1259/1353/1259 1093/1163/1093 1049/1115/1049
f 1259/1353/1259 1049/1115/1049 1047/1113/1047
f 1033/1099/1033 1031/1097/1031 1244/1338/1244
f 1244/1338/1244 1031/1097/1031 1037/1103/1037
f 1244/1338/1244 1037/1103/1037 1092/1162/1092
f 1092/1162/1092 1037/1103/1037 1036/1102/1036
f 1092/1162/1092 1036/1102/1036 1093/1163/1093
f 1093/1163/1093 1036/1102/1036 1052/1118/1052
f 1093/1163/1093 1052/1118/1052 1051/1117/1051
f 1034/1100/1034 1033/1099/1033 1248/1342/1248
f 1248/1342/1248 1033/1099/1033 1244/1338/1244
f 1248/1342/1248 1244/1338/1244 1250/1344/1250
f 1250/1344/1250 1244/1338/1244 1245/1339/1245
f 1250/1344/1250 1245/1339/1245 1252/1346/1252
f 1252/1346/1252 1245/1339/1245 1246/1340/1246
f 1252/1346/1252 1246/1340/1246 1254/1348/1254
f 1254/1348/1254 1246/1340/1246 1247/1341/1247
f 1225/1319/1225 1226/1320/1226 1099/1169/1099
f 1099/1169/1099 1226/1320/1226 1242/1336/1242
f 1099/1169/1099 1242/1336/1242 1100/1170/1100
f 1100/1170/1100 1242/1336/1242 1243/1337/1243
f 1100/1170/1100 1243/1337/1243 1089/1159/1089
f 1089/1159/1089 1243/1337/1243 1002/1068/1002
f 1089/1159/1089 1002/1068/1002 1008/1074/1008
f 490/1354/490 1130/1207/1130 663/1355/663
f 663/1355/663 1130/1207/1130 1113/1190/1113
f 663/1355/663 1113/1190/1113 665/1356/665
f 665/1356/665 1113/1190/1113 1260/1357/1260
f 1261/1358/1261 687/1359/687 1262/1360/1262
f 1262/1360/1262 687/1359/687 674/1361/674
f 1262/1360/1262 674/1361/674 1263/1362/1263
f 1263/1362/1263 674/1361/674 672/1363/672
f 1263/1362/1263 672/1363/672 1264/1364/1264
f 1264/1364/1264 672/1363/672 670/1365/670
f 1264/1364/1264 670/1365/670 1265/1366/1265
f 1265/1366/1265 670/1365/670 668/1367/668
f 1265/1366/1265 668/1367/668 1260/1357/1260
f 1260/1357/1260 668/1367/668 666/1368/666
f 1260/1357/1260 666/1368/666 665/1356/665
f 560/1222/560 558/1369/558 1144/1223/1144
f 1144/1223/1144 558/1369/558 557/1370/557
f 1144/1223/1144 557/1370/557 1266/1371/1266
f 557/1370/557 738/1372/738 1266/1371/1266
f 1266/1371/1266 738/1372/738 737/1373/737
f 1266/1371/1266 737/1373/737 736/1374/736
f 1146/1227/1146 1144/1223/1144 1267/1375/1267
f 1267/1375/1267 1144/1223/1144 1266/1371/1266
f 1267/1375/1267 1266/1371/1266 1268/1376/1268
f 1268/1376/1268 1266/1371/1266 736/1374/736
f 1268/1376/1268 736/1374/736 1269/1377/1269
f 1269/1377/1269 736/1374/736 677/1378/677
f 1269/1377/1269 677/1378/677 1270/1379/1270
f 1270/1379/1270 677/1378/677 678/1380/678
f 1270/1379/1270 678/1380/678 1271/1381/1271
f 1271/1381/1271 678/1380/678 680/1382/680
f 1271/1381/1271 680/1382/680 1272/1383/1272
f 1272/1383/1272 680/1382/680 682/1384/682
f 1272/1383/1272 682/1384/682 1273/1385/1273
f 1273/1385/1273 682/1384/682 684/1386/684
f 1273/1385/1273 684/1386/684 1261/1358/1261
f 1261/1358/1261 684/1386/684 686/1387/686
f 1261/1358/1261 686/1387/686 687/1359/687
f 1274/1388/1274 1275/1389/1275 1276/1390/1276
f 1276/1390/1276 1275/1389/1275 1277/1391/1277
f 1276/1390/1276 1277/1391/1277 1278/1392/1278
f 1278/1392/1278 1277/1391/1277 1279/1393/1279
f 1278/1392/1278 1279/1393/1279 1280/1394/1280
f 1280/1394/1280 1279/1393/1279 1281/1395/1281
f 1280/1394/1280 1281/1395/1281 1282/1396/1282
f 1282/1396/1282 1281/1395/1281 1283/1397/1283
f 1282/1396/1282 1283/1397/1283 1284/1398/1284
f 1284/1398/1284 1283/1397/1283 1285/1399/1285
f 1284/1398/1284 1285/1399/1285 1286/1400/1286
f 1286/1400/1286 1285/1399/1285 1287/1401/1287
f 1286/1400/1286 1287/1401/1287 1288/1402/1288
f 1288/1402/1288 1287/1401/1287 1289/1403/1289
f 1288/1402/1288 1289/1403/1289 1290/1404/1290
f 1290/1404/1290 1289/1403/1289 1291/1405/1291
f 1290/1404/1290 1291/1405/1291 1292/1406/1292
f 1292/1406/1292 1291/1405/1291 1293/1407/1293
f 1292/1406/1292 1293/1407/1293 1294/1408/1294
f 1294/1408/1294 1293/1407/1293 1295/1409/1295
f 1294/1408/1294 1295/1409/1295 1296/1410/1296
f 1296/1410/1296 1295/1409/1295 1297/1411/1297
f 1296/1410/1296 1297/1411/1297 1298/1412/1298
f 1298/1412/1298 1297/1411/1297 1299/1413/1299
f 1298/1412/1298 1299/1413/1299 1300/1414/1300
f 1300/1414/1300 1299/1413/1299 1301/1415/1301
f 1300/1414/1300 1301/1415/1301 1302/1416/1302
f 1302/1416/1302 1301/1415/1301 1303/1417/1303
f 1302/1416/1302 1303/1417/1303 1304/1418/1304
f 1304/1418/1304 1303/1417/1303 1305/1419/1305
f 1304/1418/1304 1305/1419/1305 1306/1420/1306
f 1306/1420/1306 1305/1419/1305 1307/1421/1307
f 1306/1420/1306 1307/1421/1307 1308/1422/1308
f 1308/1422/1308 1307/1421/1307 1309/1423/1309
f 1308/1422/1308 1309/1423/1309 1310/1424/1310
f 1310/1424/1310 1309/1423/1309 1311/1425/1311
f 1310/1424/1310 1311/1425/1311 1312/1426/1312
f 1312/1426/1312 1311/1425/1311 1313/1427/1313
f 1312/1426/1312 1313/1427/1313 1314/1428/1314
f 1314/1428/1314 1313/1427/1313 1315/1429/1315
f 1314/1428/1314 1315/1429/1315 1316/1430/1316
f 1316/1430/1316 1315/1429/1315 1317/1431/1317
f 1316/1430/1316 1317/1431/1317 1129/1206/1129
f 1129/1206/1129 1317/1431/1317 1318/1432/1318
f 1129/1206/1129 1318/1432/1318 1127/1204/1127
f 1112/1189/1112 1127/1204/1127 1113/1190/1113
f 1113/1190/1113 1127/1204/1127 1318/1432/1318
f 1113/1190/1113 1318/1432/1318 1260/1357/1260
f 1260/1357/1260 1318/1432/1318 1317/1431/1317
f 1260/1357/1260 1317/1431/1317 1265/1366/1265
f 1265/1366/1265 1317/1431/1317 1315/1429/1315
f 1265/1366/1265 1315/1429/1315 1264/1364/1264
f 1264/1364/1264 1315/1429/1315 1313/1427/1313
f 1264/1364/1264 1313/1427/1313 1263/1362/1263
f 1263/1362/1263 1313/1427/1313 1311/1425/1311
f 1263/1362/1263 1311/1425/1311 1262/1360/1262
f 1262/1360/1262 1311/1425/1311 1309/1423/1309
f 1262/1360/1262 1309/1423/1309 1261/1358/1261
f 1261/1358/1261 1309/1423/1309 1307/1421/1307
f 1261/1358/1261 1307/1421/1307 1273/1385/1273
f 1273/1385/1273 1307/1421/1307 1305/1419/1305
f 1273/1385/1273 1305/1419/1305 1272/1383/1272
f 1272/1383/1272 1305/1419/1305 1303/1417/1303
f 1272/1383/1272 1303/1417/1303 1271/1381/1271
f 1271/1381/1271 1303/1417/1303 1301/1415/1301
f 1271/1381/1271 1301/1415/1301 1270/1379/1270
f 1270/1379/1270 1301/1415/1301 1299/1413/1299
f 1270/1379/1270 1299/1413/1299 1269/1377/1269
f 1269/1377/1269 1299/1413/1299 1297/1411/1297
f 1269/1377/1269 1297/1411/1297 1268/1376/1268
f 1268/1376/1268 1297/1411/1297 1295/1409/1295
f 1268/1376/1268 1295/1409/1295 1267/1375/1267
f 1267/1375/1267 1295/1409/1295 1293/1407/1293
f 1267/1375/1267 1293/1407/1293 1146/1227/1146
f 1146/1227/1146 1293/1407/1293 1291/1405/1291
f 1146/1227/1146 1291/1405/1291 1145/1226/1145
f 1145/1226/1145 1291/1405/1291 1289/1403/1289
f 1145/1226/1145 1289/1403/1289 1108/1183/1108
f 1108/1183/1108 1289/1403/1289 1287/1401/1287
f 1108/1183/1108 1287/1401/1287 1109/1184/1109
f 1109/1184/1109 1287/1401/1287 1285/1399/1285
f 1109/1184/1109 1285/1399/1285 1148/1231/1148
f 1148/1231/1148 1285/1399/1285 1283/1397/1283
f 1148/1231/1148 1283/1397/1283 1147/1228/1147
f 1147/1228/1147 1283/1397/1283 1281/1395/1281
f 1147/1228/1147 1281/1395/1281 1149/1236/1149
f 1149/1236/1149 1281/1395/1281 1279/1393/1279
f 1149/1236/1149 1279/1393/1279 1150/1238/1150
f 1150/1238/1150 1279/1393/1279 1277/1391/1277
f 1150/1238/1150 1277/1391/1277 1151/1240/1151
f 1151/1240/1151 1277/1391/1277 1275/1389/1275
f 1151/1240/1151 1275/1389/1275 1152/1242/1152
f 1152/1242/1152 1275/1389/1275 1274/1388/1274
f 1152/1242/1152 1274/1388/1274 1200/1294/1200
f 1128/1205/1128 1126/1203/1126 1129/1206/1129
f 1129/1206/1129 1126/1203/1126 1116/1193/1116
f 1129/1206/1129 1116/1193/1116 1316/1430/1316
f 1316/1430/1316 1116/1193/1116 1213/1307/1213
f 1316/1430/1316 1213/1307/1213 1314/1428/1314
f 1314/1428/1314 1213/1307/1213 1215/1309/1215
f 1314/1428/1314 1215/1309/1215 1312/1426/1312
f 1312/1426/1312 1215/1309/1215 1217/1311/1217
f 1312/1426/1312 1217/1311/1217 1310/1424/1310
f 1310/1424/1310 1217/1311/1217 1219/1313/1219
f 1310/1424/1310 1219/1313/1219 1308/1422/1308
f 1308/1422/1308 1219/1313/1219 1102/1172/1102
f 1308/1422/1308 1102/1172/1102 1306/1420/1306
f 1306/1420/1306 1102/1172/1102 1101/1171/1101
f 1306/1420/1306 1101/1171/1101 1304/1418/1304
f 1304/1418/1304 1101/1171/1101 1225/1319/1225
f 1304/1418/1304 1225/1319/1225 1302/1416/1302
f 1302/1416/1302 1225/1319/1225 1227/1321/1227
f 1302/1416/1302 1227/1321/1227 1300/1414/1300
f 1300/1414/1300 1227/1321/1227 1228/1322/1228
f 1300/1414/1300 1228/1322/1228 1298/1412/1298
f 1298/1412/1298 1228/1322/1228 1229/1323/1229
f 1298/1412/1298 1229/1323/1229 1296/1410/1296
f 1047/1113/1047 1045/1111/1045 1259/1353/1259
f 1259/1353/1259 1045/1111/1045 1187/1281/1187
f 1259/1353/1259 1187/1281/1187 1258/1352/1258
f 1258/1352/1258 1187/1281/1187 1180/1274/1180
f 1258/1352/1258 1180/1274/1180 1232/1326/1232
f 1232/1326/1232 1180/1274/1180 1176/1270/1176
f 1232/1326/1232 1176/1270/1176 1233/1327/1233
f 1233/1327/1233 1176/1270/1176 1157/1251/1157
f 1233/1327/1233 1157/1251/1157 1095/1165/1095
f 1095/1165/1095 1157/1251/1157 1159/1253/1159
f 1095/1165/1095 1159/1253/1159 1096/1166/1096
f 1096/1166/1096 1159/1253/1159 1160/1254/1160
f 1096/1166/1096 1160/1254/1160 1155/1249/1155
f 1155/1249/1155 1160/1254/1160 1173/1267/1173
f 1155/1249/1155 1173/1267/1173 1156/1250/1156
f 1156/1250/1156 1173/1267/1173 1172/1266/1172
f 806/828/806 831/853/831 1188/1282/1188
f 1188/1282/1188 831/853/831 1199/1293/1199
f 1188/1282/1188 1199/1293/1199 1196/1290/1196
f 1196/1290/1196 1199/1293/1199 1202/1296/1202
f 1196/1290/1196 1202/1296/1202 1161/1255/1161
f 1161/1255/1161 1202/1296/1202 1200/1294/1200
f 1161/1255/1161 1200/1294/1200 1162/1256/1162
f 1162/1256/1162 1200/1294/1200 1274/1388/1274
f 1162/1256/1162 1274/1388/1274 1164/1258/1164
f 1164/1258/1164 1274/1388/1274 1276/1390/1276
f 1164/1258/1164 1276/1390/1276 1166/1260/1166
f 1166/1260/1166 1276/1390/1276 1278/1392/1278
f 1166/1260/1166 1278/1392/1278 1168/1262/1168
f 1168/1262/1168 1278/1392/1278 1280/1394/1280
f 1168/1262/1168 1280/1394/1280 1170/1264/1170
f 1170/1264/1170 1280/1394/1280 1282/1396/1282
f 1170/1264/1170 1282/1396/1282 1172/1266/1172
f 1172/1266/1172 1282/1396/1282 1284/1398/1284
f 1172/1266/1172 1284/1398/1284 1156/1250/1156
f 1156/1250/1156 1284/1398/1284 1286/1400/1286
f 1156/1250/1156 1286/1400/1286 1154/1248/1154
f 1154/1248/1154 1286/1400/1286 1288/1402/1288
f 1154/1248/1154 1288/1402/1288 1097/1167/1097
f 1097/1167/1097 1288/1402/1288 1290/1404/1290
f 1097/1167/1097 1290/1404/1290 1247/1341/1247
f 1247/1341/1247 1290/1404/1290 1292/1406/1292
f 1247/1341/1247 1292/1406/1292 1254/1348/1254
f 1254/1348/1254 1292/1406/1292 1294/1408/1294
f 1254/1348/1254 1294/1408/1294 1253/1347/1253
f 1253/1347/1253 1294/1408/1294 1296/1410/1296
f 1253/1347/1253 1296/1410/1296 1257/1351/1257
f 1257/1351/1257 1296/1410/1296 1229/1323/1229
f 1257/1351/1257 1229/1323/1229 1256/1350/1256
f 1256/1350/1256 1229/1323/1229 1230/1324/1230
f 1256/1350/1256 1230/1324/1230 1255/1349/1255
f 1255/1349/1255 1230/1324/1230 1231/1325/1231
f 1255/1349/1255 1231/1325/1231 1091/1161/1091
f 1091/1161/1091 1231/1325/1231 1089/1159/1089
f 1091/1161/1091 1089/1159/1089 1026/1092/1026
f 1026/1092/1026 1089/1159/1089 1007/1073/1007
f 1319/1433/1319 1320/1434/1320 1321/1435/1321
f 1322/1436/1322 26/26/26 9/9/9
f 1323/1437/1323 1324/1438/1324 1325/1439/1325
f 1326/1440/1326 1327/1441/1327 1328/1442/1328
f 1329/1443/1329 1330/1444/1330 1331/1445/1331
f 800/822/800 799/821/799 1124/1201/1124
f 1123/1200/1123 1332/1446/1332 1333/1447/1333
f 1333/1447/1333 1332/1446/1332 1334/1448/1334
f 1333/1447/1333 1334/1448/1334 1335/1449/1335
f 1336/1450/1336 1337/1451/1337 1338/1452/1338
f 784/804/784 310/1453/310 785/805/785
f 785/805/785 310/1453/310 309/807/309
f 1339/1454/1339 1340/1455/1340 1336/1450/1336
f 1336/1450/1336 1340/1455/1340 1341/1456/1341
f 1336/1450/1336 1341/1456/1341 1337/1451/1337
f 1342/1457/1342 1343/1458/1343 1339/1454/1339
f 1344/1459/1344 1345/1460/1345 1342/1457/1342
f 1342/1457/1342 1345/1460/1345 1346/1461/1346
f 1342/1457/1342 1346/1461/1346 1343/1458/1343
f 1330/1444/1330 1347/1462/1347 1331/1445/1331
f 1331/1445/1331 1347/1462/1347 1348/1463/1348
f 1331/1445/1331 1348/1463/1348 1344/1459/1344
f 1327/1441/1327 1349/1464/1349 1328/1442/1328
f 1328/1442/1328 1349/1464/1349 1350/1465/1350
f 1328/1442/1328 1350/1465/1350 1329/1466/1329
f 1324/1438/1324 1351/1467/1351 1325/1439/1325
f 1325/1439/1325 1351/1467/1351 1352/1468/1352
f 1325/1439/1325 1352/1468/1352 1326/1440/1326
f 1353/1469/1353 7/7/7 1354/1470/1354
f 1354/1470/1354 7/7/7 6/6/6
f 1322/1436/1322 9/9/9 1319/1433/1319
f 1320/1434/1320 1319/1433/1319 1355/1471/1355
f 1356/1472/1356 1357/1473/1357 1358/1474/1358
f 1358/1474/1358 1357/1473/1357 1359/1475/1359
f 1358/1474/1358 1359/1475/1359 1360/1476/1360
f 1361/1477/1361 1362/1478/1362 1363/1479/1363
f 1362/1478/1362 1364/1480/1364 1363/1479/1363
f 1363/1481/1363 1364/1482/1364 1365/1483/1365
f 1363/1481/1363 1365/1483/1365 1366/1484/1366
f 1367/1485/1367 1368/1486/1368 1369/1487/1369
f 1368/1486/1368 1370/1488/1370 1369/1487/1369
f 1369/1487/1369 1370/1488/1370 1371/1489/1371
f 1369/1487/1369 1371/1489/1371 1372/1490/1372
f 1124/1201/1124 1123/1200/1123 800/822/800
f 800/822/800 1123/1200/1123 1333/1447/1333
f 800/822/800 1333/1447/1333 796/818/796
f 796/818/796 1333/1447/1333 1373/1491/1373
f 796/818/796 1373/1491/1373 797/819/797
f 797/819/797 1373/1491/1373 1374/1492/1374
f 797/819/797 1374/1492/1374 793/815/793
f 793/815/793 1374/1492/1374 1375/1493/1375
f 793/815/793 1375/1493/1375 794/816/794
f 1319/1433/1319 9/9/9 1355/1471/1355
f 1355/1471/1355 9/9/9 14/14/14
f 1355/1471/1355 14/14/14 1376/1494/1376
f 1376/1494/1376 14/14/14 13/13/13
f 1376/1494/1376 13/13/13 1377/1495/1377
f 1377/1495/1377 13/13/13 12/12/12
f 1377/1495/1377 12/12/12 1378/1496/1378
f 1378/1496/1378 12/12/12 25/25/25
f 1378/1496/1378 25/25/25 1379/1497/1379
f 1379/1497/1379 25/25/25 24/24/24
f 1379/1497/1379 24/24/24 1380/1498/1380
f 1380/1498/1380 24/24/24 21/21/21
f 1380/1498/1380 21/21/21 1381/1499/1381
f 1381/1499/1381 21/21/21 20/20/20
f 1381/1499/1381 20/20/20 1382/1500/1382
f 1382/1500/1382 20/20/20 17/17/17
f 1382/1500/1382 17/17/17 1383/1501/1383
f 1383/1501/1383 17/17/17 38/38/38
f 1383/1501/1383 38/38/38 1384/1502/1384
f 1384/1502/1384 38/38/38 7/7/7
f 1384/1502/1384 7/7/7 1325/1439/1325
f 1325/1439/1325 7/7/7 1353/1469/1353
f 1325/1439/1325 1353/1469/1353 1323/1437/1323
f 1326/1440/1326 1328/1442/1328 1325/1439/1325
f 1325/1439/1325 1328/1442/1328 1385/1503/1385
f 1325/1439/1325 1385/1503/1385 1384/1502/1384
f 1384/1502/1384 1385/1503/1385 1386/1504/1386
f 1384/1502/1384 1386/1504/1386 1383/1501/1383
f 1383/1501/1383 1386/1504/1386 1387/1505/1387
f 1383/1501/1383 1387/1505/1387 1382/1500/1382
f 1382/1500/1382 1387/1505/1387 1388/1506/1388
f 1382/1500/1382 1388/1506/1388 1381/1499/1381
f 1381/1499/1381 1388/1506/1388 1389/1507/1389
f 1381/1499/1381 1389/1507/1389 1380/1498/1380
f 1380/1498/1380 1389/1507/1389 1390/1508/1390
f 1380/1498/1380 1390/1508/1390 1379/1497/1379
f 1379/1497/1379 1390/1508/1390 1391/1509/1391
f 1379/1497/1379 1391/1509/1391 1378/1496/1378
f 1378/1496/1378 1391/1509/1391 1392/1510/1392
f 1378/1496/1378 1392/1510/1392 1377/1495/1377
f 1377/1495/1377 1392/1510/1392 1393/1511/1393
f 1377/1495/1377 1393/1511/1393 1376/1494/1376
f 1376/1494/1376 1393/1511/1393 1394/1512/1394
f 1376/1494/1376 1394/1512/1394 1355/1471/1355
f 1355/1471/1355 1394/1512/1394 1358/1474/1358
f 1355/1471/1355 1358/1474/1358 1320/1434/1320
f 1320/1434/1320 1358/1474/1358 1360/1476/1360
f 1320/1434/1320 1360/1476/1360 1321/1435/1321
f 1329/1443/1329 1331/1445/1331 1328/1513/1328
f 1328/1513/1328 1331/1445/1331 1395/1514/1395
f 1328/1513/1328 1395/1514/1395 1385/1515/1385
f 1385/1515/1385 1395/1514/1395 1396/1516/1396
f 1385/1515/1385 1396/1516/1396 1386/1517/1386
f 1386/1517/1386 1396/1516/1396 1397/1518/1397
f 1386/1504/1386 1397/1519/1397 1387/1505/1387
f 1387/1505/1387 1397/1519/1397 1398/1520/1398
f 1387/1505/1387 1398/1520/1398 1388/1506/1388
f 1388/1506/1388 1398/1520/1398 1399/1521/1399
f 1388/1506/1388 1399/1521/1399 1389/1507/1389
f 1389/1507/1389 1399/1521/1399 1400/1522/1400
f 1389/1507/1389 1400/1522/1400 1390/1508/1390
f 1390/1508/1390 1400/1522/1400 1401/1523/1401
f 1390/1508/1390 1401/1523/1401 1391/1509/1391
f 1391/1509/1391 1401/1523/1401 1402/1524/1402
f 1391/1509/1391 1402/1524/1402 1392/1510/1392
f 1392/1510/1392 1402/1524/1402 1403/1525/1403
f 1392/1510/1392 1403/1525/1403 1393/1511/1393
f 1393/1511/1393 1403/1525/1403 1404/1526/1404
f 1393/1511/1393 1404/1526/1404 1394/1512/1394
f 1394/1512/1394 1404/1526/1404 1363/1481/1363
f 1394/1512/1394 1363/1481/1363 1358/1474/1358
f 1358/1474/1358 1363/1481/1363 1366/1484/1366
f 1358/1474/1358 1366/1484/1366 1356/1472/1356
f 1344/1459/1344 1342/1457/1342 1331/1445/1331
f 1331/1445/1331 1342/1457/1342 1405/1527/1405
f 1331/1445/1331 1405/1527/1405 1395/1514/1395
f 1395/1514/1395 1405/1527/1405 1406/1528/1406
f 1395/1514/1395 1406/1528/1406 1396/1516/1396
f 1396/1516/1396 1406/1528/1406 1407/1529/1407
f 1396/1516/1396 1407/1529/1407 1397/1518/1397
f 1397/1518/1397 1407/1529/1407 1408/1530/1408
f 1397/1518/1397 1408/1530/1408 1398/1531/1398
f 1398/1531/1398 1408/1530/1408 1409/1532/1409
f 1398/1533/1398 1409/1534/1409 1399/1535/1399
f 1399/1536/1399 1409/1532/1409 1410/1537/1410
f 1399/1536/1399 1410/1537/1410 1400/1538/1400
f 1400/1538/1400 1410/1537/1410 1411/1539/1411
f 1400/1538/1400 1411/1539/1411 1401/1540/1401
f 1401/1540/1401 1411/1539/1411 1412/1541/1412
f 1401/1540/1401 1412/1541/1412 1402/1542/1402
f 1402/1542/1402 1412/1541/1412 1413/1543/1413
f 1402/1542/1402 1413/1543/1413 1403/1544/1403
f 1403/1544/1403 1413/1543/1413 1414/1545/1414
f 1403/1544/1403 1414/1545/1414 1404/1546/1404
f 1404/1546/1404 1414/1545/1414 1369/1487/1369
f 1404/1546/1404 1369/1487/1369 1363/1479/1363
f 1363/1479/1363 1369/1487/1369 1372/1490/1372
f 1363/1479/1363 1372/1490/1372 1361/1477/1361
f 1339/1454/1339 1336/1450/1336 1342/1457/1342
f 1342/1457/1342 1336/1450/1336 1415/1547/1415
f 1342/1457/1342 1415/1547/1415 1405/1527/1405
f 1405/1527/1405 1415/1547/1415 1416/1548/1416
f 1405/1527/1405 1416/1548/1416 1406/1528/1406
f 1406/1528/1406 1416/1548/1416 1417/1549/1417
f 1406/1528/1406 1417/1549/1417 1407/1529/1407
f 1407/1529/1407 1417/1549/1417 1418/1550/1418
f 1407/1529/1407 1418/1550/1418 1408/1530/1408
f 1408/1530/1408 1418/1550/1418 1419/1551/1419
f 1408/1530/1408 1419/1551/1419 1409/1532/1409
f 1409/1532/1409 1419/1551/1419 1420/1552/1420
f 1409/1532/1409 1420/1552/1420 1410/1537/1410
f 1410/1537/1410 1420/1552/1420 1421/1553/1421
f 1410/1537/1410 1421/1553/1421 1411/1539/1411
f 1411/1539/1411 1421/1553/1421 1375/1493/1375
f 1411/1539/1411 1375/1493/1375 1412/1541/1412
f 1412/1541/1412 1375/1493/1375 1374/1492/1374
f 1412/1541/1412 1374/1492/1374 1413/1543/1413
f 1413/1543/1413 1374/1492/1374 1373/1491/1373
f 1413/1543/1413 1373/1491/1373 1414/1545/1414
f 1414/1545/1414 1373/1491/1373 1333/1447/1333
f 1414/1545/1414 1333/1447/1333 1369/1487/1369
f 1369/1487/1369 1333/1447/1333 1335/1449/1335
f 1369/1487/1369 1335/1449/1335 1367/1485/1367
f 794/816/794 1375/1493/1375 788/810/788
f 788/810/788 1375/1493/1375 1421/1553/1421
f 788/810/788 1421/1553/1421 789/811/789
f 789/811/789 1421/1553/1421 1420/1552/1420
f 789/811/789 1420/1552/1420 791/813/791
f 791/813/791 1420/1552/1420 1419/1551/1419
f 791/813/791 1419/1551/1419 792/814/792
f 792/814/792 1419/1551/1419 1418/1550/1418
f 792/814/792 1418/1550/1418 953/1013/953
f 953/1013/953 1418/1550/1418 1417/1549/1417
f 953/1013/953 1417/1549/1417 781/801/781
f 781/801/781 1417/1549/1417 1416/1548/1416
f 781/801/781 1416/1548/1416 782/802/782
f 782/802/782 1416/1548/1416 1415/1547/1415
f 782/802/782 1415/1547/1415 787/809/787
f 787/809/787 1415/1547/1415 1336/1450/1336
f 787/809/787 1336/1450/1336 784/804/784
f 784/804/784 1336/1450/1336 1338/1452/1338
f 784/804/784 1338/1452/1338 310/1453/310
f 1354/1470/1354 6/6/6 5/5/5
f 1422/1554/1422 498/1555/498 74/1556/74
f 74/74/74 498/499/498 497/498/497
f 74/74/74 497/498/497 75/75/75
f 1423/1557/1423 1424/1558/1424 1425/1559/1425
f 1425/1559/1425 1424/1558/1424 1426/1560/1426
f 1427/1561/1427 1428/1562/1428 1429/1563/1429
f 1429/1563/1429 1428/1562/1428 1430/1564/1430
f 1431/1565/1431 1432/1566/1432 1433/1567/1433
f 1434/1568/1434 1435/1569/1435 1436/1570/1436
f 1436/1570/1436 1435/1569/1435 1437/1571/1437
f 43/43/43 42/42/42 1438/1572/1438
f 1354/1470/1354 5/5/5 1353/1469/1353
f 1352/1468/1352 1351/1467/1351 1439/1573/1439
f 1439/1573/1439 1351/1467/1351 1324/1438/1324
f 1439/1573/1439 1324/1438/1324 1323/1437/1323
f 1327/1441/1327 1326/1440/1326 1440/1574/1440
f 1440/1574/1440 1326/1440/1326 1352/1468/1352
f 1440/1574/1440 1352/1468/1352 1441/1575/1441
f 1329/1466/1329 1350/1465/1350 1440/1574/1440
f 1440/1574/1440 1350/1465/1350 1349/1464/1349
f 1440/1574/1440 1349/1464/1349 1327/1441/1327
f 1442/1576/1442 1330/1444/1330 1329/1443/1329
f 1344/1459/1344 1348/1463/1348 1442/1576/1442
f 1442/1576/1442 1348/1463/1348 1347/1462/1347
f 1442/1576/1442 1347/1462/1347 1330/1444/1330
f 1443/1577/1443 1345/1578/1345 1344/1579/1344
f 1339/1580/1339 1343/1581/1343 1443/1577/1443
f 1443/1577/1443 1343/1581/1343 1346/1582/1346
f 1443/1577/1443 1346/1582/1346 1345/1578/1345
f 1337/1583/1337 1341/1584/1341 1444/1585/1444
f 1444/1585/1444 1341/1584/1341 1340/1586/1340
f 1444/1585/1444 1340/1586/1340 1339/1580/1339
f 86/86/86 310/310/310 1338/1587/1338
f 72/72/72 1445/1588/1445 74/74/74
f 74/1556/74 1445/1589/1445 1446/1590/1446
f 74/1556/74 1446/1590/1446 1422/1554/1422
f 72/72/72 71/71/71 1445/1588/1445
f 1445/1588/1445 71/71/71 80/80/80
f 1445/1588/1445 80/80/80 1447/1591/1447
f 1447/1591/1447 80/80/80 79/79/79
f 1447/1591/1447 79/79/79 1448/1592/1448
f 1448/1592/1448 79/79/79 77/77/77
f 1448/1592/1448 77/77/77 1449/1593/1449
f 1449/1593/1449 77/77/77 76/76/76
f 1449/1593/1449 76/76/76 1450/1594/1450
f 1450/1594/1450 76/76/76 85/85/85
f 1450/1594/1450 85/85/85 1451/1595/1451
f 1451/1595/1451 85/85/85 84/84/84
f 1451/1595/1451 84/84/84 1452/1596/1452
f 1352/1468/1352 1439/1573/1439 1441/1575/1441
f 1441/1575/1441 1439/1573/1439 1453/1597/1453
f 1441/1575/1441 1453/1597/1453 1454/1598/1454
f 1454/1598/1454 1453/1597/1453 1455/1599/1455
f 1454/1598/1454 1455/1599/1455 1456/1600/1456
f 1456/1600/1456 1455/1599/1455 1457/1601/1457
f 1456/1600/1456 1457/1601/1457 1458/1602/1458
f 1458/1602/1458 1457/1601/1457 1459/1603/1459
f 1458/1602/1458 1459/1603/1459 1460/1604/1460
f 1460/1604/1460 1459/1603/1459 1461/1605/1461
f 1460/1604/1460 1461/1605/1461 1462/1606/1462
f 1462/1606/1462 1461/1605/1461 1463/1607/1463
f 1462/1606/1462 1463/1607/1463 1464/1608/1464
f 1464/1608/1464 1463/1607/1463 1465/1609/1465
f 1464/1608/1464 1465/1609/1465 1466/1610/1466
f 1466/1610/1466 1465/1609/1465 1467/1611/1467
f 1466/1610/1466 1467/1611/1467 1468/1612/1468
f 1468/1612/1468 1467/1611/1467 1436/1570/1436
f 1468/1612/1468 1436/1570/1436 1469/1613/1469
f 1469/1613/1469 1436/1570/1436 1437/1571/1437
f 1469/1613/1469 1437/1571/1437 1431/1565/1431
f 1431/1565/1431 1437/1571/1437 1470/1614/1470
f 1431/1565/1431 1470/1614/1470 1432/1566/1432
f 1434/1568/1434 1436/1570/1436 1438/1572/1438
f 1438/1572/1438 1436/1570/1436 1467/1611/1467
f 1438/1572/1438 1467/1611/1467 43/43/43
f 43/43/43 1467/1611/1467 1465/1609/1465
f 43/43/43 1465/1609/1465 44/44/44
f 44/44/44 1465/1609/1465 1463/1607/1463
f 44/44/44 1463/1607/1463 45/45/45
f 45/45/45 1463/1607/1463 1461/1605/1461
f 45/45/45 1461/1605/1461 46/46/46
f 46/46/46 1461/1605/1461 1459/1603/1459
f 46/46/46 1459/1603/1459 47/47/47
f 47/47/47 1459/1603/1459 1457/1601/1457
f 47/47/47 1457/1601/1457 48/48/48
f 48/48/48 1457/1601/1457 1455/1599/1455
f 48/48/48 1455/1599/1455 49/49/49
f 49/49/49 1455/1599/1455 1453/1597/1453
f 49/49/49 1453/1597/1453 36/36/36
f 36/36/36 1453/1597/1453 1439/1573/1439
f 36/36/36 1439/1573/1439 5/5/5
f 5/5/5 1439/1573/1439 1323/1437/1323
f 5/5/5 1323/1437/1323 1353/1469/1353
f 84/84/84 82/82/82 1452/1596/1452
f 1452/1596/1452 82/82/82 81/81/81
f 1452/1596/1452 81/81/81 1471/1615/1471
f 1471/1615/1471 81/81/81 89/89/89
f 1471/1615/1471 89/89/89 1472/1616/1472
f 1472/1616/1472 89/89/89 87/87/87
f 1472/1616/1472 87/87/87 1473/1617/1473
f 1473/1617/1473 87/87/87 86/86/86
f 1473/1617/1473 86/86/86 1444/1585/1444
f 1444/1585/1444 86/86/86 1338/1587/1338
f 1444/1585/1444 1338/1587/1338 1337/1583/1337
f 1339/1580/1339 1443/1577/1443 1444/1585/1444
f 1444/1585/1444 1443/1577/1443 1474/1618/1474
f 1444/1585/1444 1474/1618/1474 1473/1617/1473
f 1473/1617/1473 1474/1618/1474 1475/1619/1475
f 1473/1617/1473 1475/1619/1475 1472/1616/1472
f 1472/1616/1472 1475/1619/1475 1476/1620/1476
f 1472/1616/1472 1476/1620/1476 1471/1615/1471
f 1471/1615/1471 1476/1620/1476 1477/1621/1477
f 1471/1615/1471 1477/1621/1477 1452/1596/1452
f 1452/1596/1452 1477/1621/1477 1478/1622/1478
f 1452/1596/1452 1478/1622/1478 1451/1595/1451
f 1451/1595/1451 1478/1622/1478 1479/1623/1479
f 1451/1595/1451 1479/1623/1479 1450/1594/1450
f 1450/1624/1450 1479/1625/1479 1480/1626/1480
f 1450/1624/1450 1480/1626/1480 1449/1627/1449
f 1449/1627/1449 1480/1626/1480 1481/1628/1481
f 1449/1627/1449 1481/1628/1481 1448/1629/1448
f 1448/1629/1448 1481/1628/1481 1482/1630/1482
f 1448/1629/1448 1482/1630/1482 1447/1631/1447
f 1447/1631/1447 1482/1630/1482 1483/1632/1483
f 1447/1631/1447 1483/1632/1483 1445/1589/1445
f 1445/1589/1445 1483/1632/1483 1425/1559/1425
f 1445/1589/1445 1425/1559/1425 1446/1590/1446
f 1446/1590/1446 1425/1559/1425 1426/1560/1426
f 1446/1590/1446 1426/1560/1426 1422/1554/1422
f 1344/1579/1344 1442/1633/1442 1443/1577/1443
f 1443/1577/1443 1442/1633/1442 1484/1634/1484
f 1443/1577/1443 1484/1634/1484 1474/1618/1474
f 1474/1618/1474 1484/1634/1484 1485/1635/1485
f 1474/1618/1474 1485/1635/1485 1475/1619/1475
f 1475/1636/1475 1485/1637/1485 1486/1638/1486
f 1475/1636/1475 1486/1638/1486 1476/1639/1476
f 1476/1639/1476 1486/1638/1486 1487/1640/1487
f 1476/1639/1476 1487/1640/1487 1477/1641/1477
f 1477/1641/1477 1487/1640/1487 1488/1642/1488
f 1477/1641/1477 1488/1642/1488 1478/1643/1478
f 1478/1643/1478 1488/1642/1488 1489/1644/1489
f 1478/1643/1478 1489/1644/1489 1479/1625/1479
f 1479/1625/1479 1489/1644/1489 1490/1645/1490
f 1479/1625/1479 1490/1645/1490 1480/1626/1480
f 1480/1626/1480 1490/1645/1490 1491/1646/1491
f 1480/1626/1480 1491/1646/1491 1481/1628/1481
f 1481/1628/1481 1491/1646/1491 1492/1647/1492
f 1481/1628/1481 1492/1647/1492 1482/1630/1482
f 1482/1630/1482 1492/1647/1492 1493/1648/1493
f 1482/1630/1482 1493/1648/1493 1483/1632/1483
f 1483/1632/1483 1493/1648/1493 1429/1563/1429
f 1483/1632/1483 1429/1563/1429 1425/1559/1425
f 1425/1559/1425 1429/1563/1429 1430/1564/1430
f 1425/1559/1425 1430/1564/1430 1423/1557/1423
f 1329/1466/1329 1440/1574/1440 1442/1649/1442
f 1442/1649/1442 1440/1574/1440 1441/1575/1441
f 1442/1649/1442 1441/1575/1441 1484/1650/1484
f 1484/1650/1484 1441/1575/1441 1454/1598/1454
f 1484/1650/1484 1454/1598/1454 1485/1637/1485
f 1485/1637/1485 1454/1598/1454 1456/1600/1456
f 1485/1637/1485 1456/1600/1456 1486/1638/1486
f 1486/1638/1486 1456/1600/1456 1458/1602/1458
f 1486/1638/1486 1458/1602/1458 1487/1640/1487
f 1487/1640/1487 1458/1602/1458 1460/1604/1460
f 1487/1640/1487 1460/1604/1460 1488/1642/1488
f 1488/1642/1488 1460/1604/1460 1462/1606/1462
f 1488/1642/1488 1462/1606/1462 1489/1644/1489
f 1489/1644/1489 1462/1606/1462 1464/1608/1464
f 1489/1644/1489 1464/1608/1464 1490/1645/1490
f 1490/1645/1490 1464/1608/1464 1466/1610/1466
f 1490/1645/1490 1466/1610/1466 1491/1646/1491
f 1491/1646/1491 1466/1610/1466 1468/1612/1468
f 1491/1646/1491 1468/1612/1468 1492/1647/1492
f 1492/1647/1492 1468/1612/1468 1469/1613/1469
f 1492/1647/1492 1469/1613/1469 1493/1648/1493
f 1493/1648/1493 1469/1613/1469 1431/1565/1431
f 1493/1648/1493 1431/1565/1431 1429/1563/1429
f 1429/1563/1429 1431/1565/1431 1433/1567/1433
f 1429/1563/1429 1433/1567/1433 1427/1561/1427
f 1121/1198/1121 1120/1197/1120 1494/1651/1494
f 1495/1652/1495 1496/1653/1496 1497/1654/1497
f 1498/1655/1498 10/10/10 11/11/11
f 1357/1473/1357 1356/1472/1356 1499/1656/1499
f 1368/1486/1368 1367/1485/1367 1500/1657/1500
f 1332/1446/1332 1123/1200/1123 1125/1202/1125
f 1332/1446/1332 1125/1202/1125 1334/1448/1334
f 1500/1657/1500 1367/1485/1367 1125/1202/1125
f 1125/1202/1125 1367/1485/1367 1335/1449/1335
f 1125/1202/1125 1335/1449/1335 1334/1448/1334
f 1501/1658/1501 1361/1477/1361 1500/1657/1500
f 1500/1657/1500 1361/1477/1361 1372/1490/1372
f 1372/1490/1372 1371/1489/1371 1500/1657/1500
f 1500/1657/1500 1371/1489/1371 1370/1488/1370
f 1500/1657/1500 1370/1488/1370 1368/1486/1368
f 1365/1483/1365 1364/1482/1364 1501/1659/1501
f 1501/1658/1501 1364/1480/1364 1362/1478/1362
f 1501/1658/1501 1362/1478/1362 1361/1477/1361
f 1499/1656/1499 1356/1472/1356 1501/1659/1501
f 1501/1659/1501 1356/1472/1356 1366/1484/1366
f 1501/1659/1501 1366/1484/1366 1365/1483/1365
f 1319/1433/1319 1321/1435/1321 1502/1660/1502
f 1502/1660/1502 1321/1435/1321 1360/1476/1360
f 1502/1660/1502 1360/1476/1360 1499/1656/1499
f 1499/1656/1499 1360/1476/1360 1359/1475/1359
f 1499/1656/1499 1359/1475/1359 1357/1473/1357
f 1503/1661/1503 1504/1662/1504 1498/1655/1498
f 1495/1652/1495 1505/1663/1505 1506/1664/1506
f 1506/1664/1506 1505/1663/1505 1504/1662/1504
f 1496/1653/1496 1495/1652/1495 1507/1665/1507
f 1508/1666/1508 1509/1667/1509 1497/1654/1497
f 490/1354/490 489/1668/489 1130/1207/1130
f 1130/1207/1130 489/1668/489 1510/1669/1510
f 1498/1655/1498 11/11/11 1503/1661/1503
f 1503/1661/1503 11/11/11 32/32/32
f 1503/1661/1503 32/32/32 1511/1670/1511
f 1511/1670/1511 32/32/32 31/31/31
f 1511/1670/1511 31/31/31 1512/1671/1512
f 1512/1671/1512 31/31/31 30/30/30
f 1512/1671/1512 30/30/30 1513/1672/1513
f 1513/1672/1513 30/30/30 40/40/40
f 1513/1672/1513 40/40/40 1514/1673/1514
f 1514/1673/1514 40/40/40 39/39/39
f 1514/1673/1514 39/39/39 1515/1674/1515
f 1504/1662/1504 1503/1661/1503 1506/1664/1506
f 1506/1664/1506 1503/1661/1503 1511/1670/1511
f 1506/1664/1506 1511/1670/1511 1516/1675/1516
f 1516/1675/1516 1511/1670/1511 1512/1671/1512
f 1516/1675/1516 1512/1671/1512 1517/1676/1517
f 1517/1676/1517 1512/1671/1512 1513/1672/1513
f 1517/1676/1517 1513/1672/1513 1518/1677/1518
f 1518/1677/1518 1513/1672/1513 1514/1673/1514
f 1518/1677/1518 1514/1673/1514 1519/1678/1519
f 1519/1678/1519 1514/1673/1514 1515/1674/1515
f 1519/1678/1519 1515/1674/1515 1520/1679/1520
f 1495/1652/1495 1506/1664/1506 1507/1665/1507
f 1507/1665/1507 1506/1664/1506 1516/1675/1516
f 1507/1665/1507 1516/1675/1516 1521/1680/1521
f 1521/1680/1521 1516/1675/1516 1517/1676/1517
f 1521/1680/1521 1517/1676/1517 1522/1681/1522
f 1522/1681/1522 1517/1676/1517 1518/1677/1518
f 1522/1681/1522 1518/1677/1518 1523/1682/1523
f 1523/1682/1523 1518/1677/1518 1519/1678/1519
f 1523/1682/1523 1519/1678/1519 1524/1683/1524
f 1524/1683/1524 1519/1678/1519 1520/1679/1520
f 1524/1683/1524 1520/1679/1520 1525/1684/1525
f 1497/1654/1497 1496/1653/1496 1508/1666/1508
f 1508/1666/1508 1496/1653/1496 1507/1665/1507
f 1508/1685/1508 1507/1686/1507 1526/1687/1526
f 1526/1687/1526 1507/1686/1507 1521/1688/1521
f 1526/1687/1526 1521/1688/1521 1527/1689/1527
f 1527/1689/1527 1521/1688/1521 1522/1690/1522
f 1527/1689/1527 1522/1690/1522 1528/1691/1528
f 1528/1691/1528 1522/1690/1522 1523/1692/1523
f 1528/1691/1528 1523/1692/1523 1529/1693/1529
f 1529/1693/1529 1523/1692/1523 1524/1694/1524
f 1529/1693/1529 1524/1694/1524 1530/1695/1530
f 1530/1695/1530 1524/1694/1524 1525/1696/1525
f 1530/1695/1530 1525/1696/1525 1531/1697/1531
f 1115/1192/1115 1114/1191/1114 1531/1697/1531
f 1531/1697/1531 1114/1191/1114 1126/1203/1126
f 1531/1697/1531 1126/1203/1126 1530/1695/1530
f 1530/1695/1530 1126/1203/1126 1128/1205/1128
f 1530/1695/1530 1128/1205/1128 1529/1693/1529
f 1529/1693/1529 1128/1205/1128 1127/1204/1127
f 1529/1693/1529 1127/1204/1127 1528/1691/1528
f 1528/1691/1528 1127/1204/1127 1112/1189/1112
f 1528/1691/1528 1112/1189/1112 1527/1689/1527
f 1527/1689/1527 1112/1189/1112 1111/1188/1111
f 1527/1689/1527 1111/1188/1111 1526/1687/1526
f 1526/1687/1526 1111/1188/1111 1130/1207/1130
f 1526/1687/1526 1130/1207/1130 1508/1685/1508
f 1508/1685/1508 1130/1207/1130 1510/1669/1510
f 1508/1666/1508 1510/1698/1510 1509/1667/1509
f 1117/1194/1117 1115/1192/1115 1532/1699/1532
f 1532/1699/1532 1115/1192/1115 1531/1697/1531
f 1532/1699/1532 1531/1697/1531 1533/1700/1533
f 1533/1700/1533 1531/1697/1531 1525/1696/1525
f 1533/1701/1533 1525/1684/1525 1534/1702/1534
f 1534/1702/1534 1525/1684/1525 1520/1679/1520
f 1534/1702/1534 1520/1679/1520 1535/1703/1535
f 1535/1703/1535 1520/1679/1520 1515/1674/1515
f 1535/1703/1535 1515/1674/1515 29/29/29
f 29/29/29 1515/1674/1515 39/39/39
f 1118/1195/1118 1117/1194/1117 1536/1704/1536
f 1536/1704/1536 1117/1194/1117 1532/1699/1532
f 1536/1704/1536 1532/1699/1532 1537/1705/1537
f 1537/1705/1537 1532/1699/1532 1533/1700/1533
f 1537/1706/1537 1533/1701/1533 1538/1707/1538
f 1538/1707/1538 1533/1701/1533 1534/1702/1534
f 1538/1707/1538 1534/1702/1534 1539/1708/1539
f 1539/1708/1539 1534/1702/1534 1535/1703/1535
f 1539/1708/1539 1535/1703/1535 28/28/28
f 28/28/28 1535/1703/1535 29/29/29
f 1120/1197/1120 1118/1195/1118 1494/1651/1494
f 1494/1651/1494 1118/1195/1118 1536/1704/1536
f 1494/1651/1494 1536/1704/1536 1540/1709/1540
f 1540/1709/1540 1536/1704/1536 1537/1705/1537
f 1540/1710/1540 1537/1706/1537 1541/1711/1541
f 1541/1711/1541 1537/1706/1537 1538/1707/1538
f 1541/1711/1541 1538/1707/1538 1542/1712/1542
f 1542/1712/1542 1538/1707/1538 1539/1708/1539
f 1542/1712/1542 1539/1708/1539 27/27/27
f 27/27/27 1539/1708/1539 28/28/28
f 1239/1333/1239 1121/1198/1121 1543/1713/1543
f 1543/1713/1543 1121/1198/1121 1494/1651/1494
f 1543/1713/1543 1494/1651/1494 1544/1714/1544
f 1544/1714/1544 1494/1651/1494 1540/1709/1540
f 1544/1715/1544 1540/1710/1540 1545/1716/1545
f 1545/1716/1545 1540/1710/1540 1541/1711/1541
f 1545/1716/1545 1541/1711/1541 1546/1717/1546
f 1546/1717/1546 1541/1711/1541 1542/1712/1542
f 1546/1717/1546 1542/1712/1542 1322/1436/1322
f 1322/1436/1322 1542/1712/1542 27/27/27
f 1322/1436/1322 27/27/27 26/26/26
f 1125/1202/1125 1239/1333/1239 1500/1657/1500
f 1500/1657/1500 1239/1333/1239 1543/1713/1543
f 1500/1657/1500 1543/1713/1543 1501/1658/1501
f 1501/1658/1501 1543/1713/1543 1544/1714/1544
f 1501/1659/1501 1544/1715/1544 1499/1656/1499
f 1499/1656/1499 1544/1715/1544 1545/1716/1545
f 1499/1656/1499 1545/1716/1545 1502/1660/1502
f 1502/1660/1502 1545/1716/1545 1546/1717/1546
f 1502/1660/1502 1546/1717/1546 1319/1433/1319
f 1319/1433/1319 1546/1717/1546 1322/1436/1322
f 1430/1564/1430 1428/1562/1428 1547/1718/1547
f 1498/1655/1498 1504/1662/1504 1548/1719/1548
f 1549/1720/1549 1509/1667/1509 1510/1698/1510
f 1505/1663/1505 1495/1652/1495 1550/1721/1550
f 1550/1721/1550 1495/1652/1495 1497/1654/1497
f 8/8/8 10/10/10 1498/1655/1498
f 1432/1566/1432 1470/1614/1470 1551/1722/1551
f 1551/1722/1551 1470/1614/1470 1437/1571/1437
f 1551/1722/1551 1437/1571/1437 1435/1569/1435
f 1435/1569/1435 1434/1568/1434 1551/1722/1551
f 1551/1722/1551 1434/1568/1434 1438/1572/1438
f 1551/1722/1551 1438/1572/1438 1552/1723/1552
f 1428/1562/1428 1427/1561/1427 1547/1718/1547
f 1547/1718/1547 1427/1561/1427 1433/1567/1433
f 1547/1718/1547 1433/1567/1433 1432/1566/1432
f 1426/1560/1426 1424/1558/1424 1553/1724/1553
f 1553/1724/1553 1424/1558/1424 1423/1557/1423
f 1553/1724/1553 1423/1557/1423 1430/1564/1430
f 499/1725/499 498/1555/498 1422/1554/1422
f 1498/1655/1498 1548/1719/1548 8/8/8
f 8/8/8 1548/1719/1548 1554/1726/1554
f 8/8/8 1554/1726/1554 41/41/41
f 41/41/41 1554/1726/1554 1555/1727/1555
f 41/41/41 1555/1727/1555 33/33/33
f 33/33/33 1555/1727/1555 1556/1728/1556
f 33/33/33 1556/1728/1556 22/22/22
f 22/22/22 1556/1728/1556 1557/1729/1557
f 22/22/22 1557/1729/1557 23/23/23
f 23/23/23 1557/1729/1557 1558/1730/1558
f 23/23/23 1558/1730/1558 34/34/34
f 34/34/34 1558/1730/1558 1559/1731/1559
f 34/34/34 1559/1731/1559 35/35/35
f 35/35/35 1559/1731/1559 1560/1732/1560
f 35/35/35 1560/1732/1560 15/15/15
f 15/15/15 1560/1732/1560 1561/1733/1561
f 15/15/15 1561/1733/1561 16/16/16
f 16/16/16 1561/1733/1561 1562/1734/1562
f 16/16/16 1562/1734/1562 18/18/18
f 18/18/18 1562/1734/1562 1563/1735/1563
f 18/18/18 1563/1735/1563 19/19/19
f 19/19/19 1563/1735/1563 1552/1723/1552
f 19/19/19 1552/1723/1552 37/37/37
f 37/37/37 1552/1723/1552 1438/1572/1438
f 37/37/37 1438/1572/1438 42/42/42
f 1422/1554/1422 1426/1560/1426 499/1725/499
f 499/1725/499 1426/1560/1426 1553/1724/1553
f 499/1725/499 1553/1724/1553 496/1736/496
f 496/1736/496 1553/1724/1553 1564/1737/1564
f 496/1736/496 1564/1737/1564 482/1738/482
f 482/1738/482 1564/1737/1564 1565/1739/1565
f 482/1738/482 1565/1739/1565 483/1740/483
f 483/1740/483 1565/1739/1565 1566/1741/1566
f 483/1740/483 1566/1741/1566 733/1742/733
f 733/1742/733 1566/1741/1566 1567/1743/1567
f 733/1742/733 1567/1743/1567 495/1744/495
f 495/1744/495 1567/1743/1567 1568/1745/1568
f 495/1744/495 1568/1745/1568 485/1746/485
f 485/1746/485 1568/1745/1568 1569/1747/1569
f 485/1746/485 1569/1747/1569 486/1748/486
f 486/1748/486 1569/1747/1569 1570/1749/1570
f 486/1748/486 1570/1749/1570 625/1750/625
f 625/1750/625 1570/1749/1570 1571/1751/1571
f 625/1750/625 1571/1751/1571 662/1752/662
f 662/1752/662 1571/1751/1571 1572/1753/1572
f 662/1752/662 1572/1753/1572 491/1754/491
f 491/1754/491 1572/1753/1572 1573/1755/1573
f 491/1754/491 1573/1755/1573 492/1756/492
f 492/1756/492 1573/1755/1573 1574/1757/1574
f 492/1756/492 1574/1757/1574 494/1758/494
f 494/1758/494 1574/1757/1574 1549/1720/1549
f 494/1758/494 1549/1720/1549 488/1759/488
f 488/1759/488 1549/1720/1549 1510/1698/1510
f 488/489/488 1510/1760/1510 489/1761/489
f 1430/1564/1430 1547/1718/1547 1553/1724/1553
f 1553/1724/1553 1547/1718/1547 1575/1762/1575
f 1553/1724/1553 1575/1762/1575 1564/1737/1564
f 1564/1737/1564 1575/1762/1575 1576/1763/1576
f 1564/1737/1564 1576/1763/1576 1565/1739/1565
f 1565/1739/1565 1576/1763/1576 1577/1764/1577
f 1565/1739/1565 1577/1764/1577 1566/1741/1566
f 1566/1741/1566 1577/1764/1577 1578/1765/1578
f 1566/1741/1566 1578/1765/1578 1567/1743/1567
f 1567/1743/1567 1578/1765/1578 1579/1766/1579
f 1567/1743/1567 1579/1766/1579 1568/1745/1568
f 1568/1745/1568 1579/1766/1579 1580/1767/1580
f 1568/1745/1568 1580/1767/1580 1569/1747/1569
f 1569/1747/1569 1580/1767/1580 1581/1768/1581
f 1569/1747/1569 1581/1768/1581 1570/1749/1570
f 1570/1749/1570 1581/1768/1581 1582/1769/1582
f 1570/1749/1570 1582/1769/1582 1571/1751/1571
f 1571/1751/1571 1582/1769/1582 1583/1770/1583
f 1571/1751/1571 1583/1770/1583 1572/1753/1572
f 1572/1753/1572 1583/1770/1583 1584/1771/1584
f 1572/1753/1572 1584/1771/1584 1573/1755/1573
f 1573/1755/1573 1584/1771/1584 1585/1772/1585
f 1573/1755/1573 1585/1772/1585 1574/1757/1574
f 1574/1757/1574 1585/1772/1585 1550/1721/1550
f 1574/1757/1574 1550/1721/1550 1549/1720/1549
f 1549/1720/1549 1550/1721/1550 1497/1654/1497
f 1549/1720/1549 1497/1654/1497 1509/1667/1509
f 1432/1566/1432 1551/1722/1551 1547/1718/1547
f 1547/1718/1547 1551/1722/1551 1552/1723/1552
f 1547/1718/1547 1552/1723/1552 1575/1762/1575
f 1575/1762/1575 1552/1723/1552 1563/1735/1563
f 1575/1762/1575 1563/1735/1563 1576/1763/1576
f 1576/1763/1576 1563/1735/1563 1562/1734/1562
f 1576/1763/1576 1562/1734/1562 1577/1764/1577
f 1577/1764/1577 1562/1734/1562 1561/1733/1561
f 1577/1764/1577 1561/1733/1561 1578/1765/1578
f 1578/1765/1578 1561/1733/1561 1560/1732/1560
f 1578/1765/1578 1560/1732/1560 1579/1766/1579
f 1579/1766/1579 1560/1732/1560 1559/1731/1559
f 1579/1766/1579 1559/1731/1559 1580/1767/1580
f 1580/1767/1580 1559/1731/1559 1558/1730/1558
f 1580/1767/1580 1558/1730/1558 1581/1768/1581
f 1581/1768/1581 1558/1730/1558 1557/1729/1557
f 1581/1768/1581 1557/1729/1557 1582/1769/1582
f 1582/1769/1582 1557/1729/1557 1556/1728/1556
f 1582/1769/1582 1556/1728/1556 1583/1770/1583
f 1583/1770/1583 1556/1728/1556 1555/1727/1555
f 1583/1770/1583 1555/1727/1555 1584/1771/1584
f 1584/1771/1584 1555/1727/1555 1554/1726/1554
f 1584/1771/1584 1554/1726/1554 1585/1772/1585
f 1585/1772/1585 1554/1726/1554 1548/1719/1548
f 1585/1772/1585 1548/1719/1548 1550/1721/1550
f 1550/1721/1550 1548/1719/1548 1504/1662/1504
f 1550/1721/1550 1504/1662/1504 1505/1663/1505
f 1131/1209/1131 1142/1220/1142 1586/1773/1586
f 1587/1774/1587 1588/1775/1588 1589/1776/1589
f 907/946/907 92/945/92 1590/1777/1590
f 907/946/907 1590/1777/1590 1589/1778/1589
f 1589/1779/1589 1590/1780/1590 1591/1781/1591
f 1589/1776/1589 1591/1782/1591 1587/1774/1587
f 778/798/778 780/800/780 1138/1216/1138
f 1138/1216/1138 780/800/780 1592/1783/1592
f 1138/1216/1138 1592/1783/1592 1139/1217/1139
f 1139/1217/1139 1592/1783/1592 1140/1218/1140
f 1586/1773/1586 1142/1220/1142 1592/1783/1592
f 1592/1783/1592 1142/1220/1142 1141/1219/1141
f 1592/1783/1592 1141/1219/1141 1140/1218/1140
f 1131/1209/1131 1586/1773/1586 1132/1210/1132
f 1132/1210/1132 1586/1773/1586 1593/1784/1593
f 1132/1210/1132 1593/1784/1593 1594/1785/1594
f 1595/1786/1595 1596/1787/1596 1597/1788/1597
f 1597/1788/1597 1596/1787/1596 1598/1789/1598
f 1597/1788/1597 1598/1789/1598 1593/1790/1593
f 1593/1790/1593 1598/1789/1598 1599/1791/1599
f 1593/1784/1593 1599/1792/1599 1594/1785/1594
f 1600/1793/1600 1601/1794/1601 1602/1795/1602
f 4/4/4 2/2/2 1603/1796/1603
f 1603/1796/1603 2/2/2 1604/1797/1604
f 1603/1796/1603 1604/1797/1604 1605/1798/1605
f 1605/1798/1605 1604/1797/1604 1606/1799/1606
f 1606/1800/1606 1604/1801/1604 1607/1802/1607
f 1606/1800/1606 1607/1802/1607 1608/1803/1608
f 1608/1803/1608 1600/1793/1600 1606/1800/1606
f 1606/1800/1606 1600/1793/1600 1602/1795/1602
f 1606/1800/1606 1602/1795/1602 1609/1804/1609
f 1609/1804/1609 1602/1795/1602 1610/1805/1610
f 1610/1805/1610 1602/1795/1602 1611/1806/1611
f 1611/1806/1611 1602/1795/1602 1612/1807/1612
f 1611/1806/1611 1612/1807/1612 1613/1808/1613
f 1614/1809/1614 1615/1810/1615 1612/1807/1612
f 1612/1807/1612 1615/1810/1615 1616/1811/1616
f 1612/1807/1612 1616/1811/1616 1613/1808/1613
f 1588/1775/1588 1617/1812/1617 1589/1776/1589
f 1589/1776/1589 1617/1812/1617 1618/1813/1618
f 1589/1776/1589 1618/1813/1618 1619/1814/1619
f 1619/1814/1619 1618/1813/1618 1620/1815/1620
f 1619/1814/1619 1620/1815/1620 1621/1816/1621
f 1088/1154/1088 907/946/907 1622/1817/1622
f 1622/1817/1622 907/946/907 1589/1778/1589
f 1622/1817/1622 1589/1778/1589 1614/1818/1614
f 1614/1819/1614 1589/1820/1589 1619/1821/1619
f 1614/1822/1614 1619/1823/1619 1615/1824/1615
f 1615/1825/1615 1619/1826/1619 1621/1827/1621
f 780/800/780 1088/1154/1088 1592/1783/1592
f 1592/1783/1592 1088/1154/1088 1622/1817/1622
f 1592/1783/1592 1622/1817/1622 1586/1773/1586
f 1586/1773/1586 1622/1817/1622 1614/1818/1614
f 1586/1773/1586 1614/1818/1614 1593/1784/1593
f 1593/1790/1593 1614/1809/1614 1612/1807/1612
f 1593/1790/1593 1612/1807/1612 1597/1788/1597
f 1597/1788/1597 1612/1807/1612 1602/1795/1602
f 1597/1788/1597 1602/1795/1602 1595/1786/1595
f 1595/1786/1595 1602/1795/1602 1601/1794/1601
f 1599/1791/1599 1598/1789/1598 1623/1828/1623
f 1624/1829/1624 1625/1830/1625 1626/1831/1626
f 1626/1832/1626 1625/1833/1625 1627/1834/1627
f 1137/1215/1137 1136/1214/1136 1628/1835/1628
f 1628/1835/1628 1136/1214/1136 1629/1836/1629
f 1607/1802/1607 1604/1801/1604 1624/1837/1624
f 1623/1828/1623 1601/1794/1601 1626/1838/1626
f 1626/1838/1626 1601/1794/1601 1600/1793/1600
f 1626/1838/1626 1600/1793/1600 1624/1837/1624
f 1624/1837/1624 1600/1793/1600 1608/1803/1608
f 1624/1837/1624 1608/1803/1608 1607/1802/1607
f 2/2/2 1/1/1 1604/1797/1604
f 1604/1797/1604 1/1/1 1630/1839/1630
f 1630/1839/1630 1631/1840/1631 1604/1797/1604
f 1604/1797/1604 1631/1840/1631 1632/1841/1632
f 1604/1797/1604 1632/1841/1632 1624/1842/1624
f 1598/1789/1598 1596/1787/1596 1623/1828/1623
f 1623/1828/1623 1596/1787/1596 1595/1786/1595
f 1623/1828/1623 1595/1786/1595 1601/1794/1601
f 1599/1792/1599 1134/1212/1134 1594/1785/1594
f 1594/1785/1594 1134/1212/1134 1132/1210/1132
f 1599/1792/1599 1623/1843/1623 1134/1212/1134
f 1134/1212/1134 1623/1843/1623 1626/1844/1626
f 1134/1212/1134 1626/1844/1626 1136/1214/1136
f 1136/1214/1136 1626/1844/1626 1627/1845/1627
f 1136/1214/1136 1627/1845/1627 1629/1836/1629
f 1621/1816/1621 1620/1815/1620 1633/1846/1633
f 1617/1812/1617 1588/1775/1588 1634/1847/1634
f 91/91/91 90/90/90 1591/1782/1591
f 1591/1782/1591 90/90/90 1634/1847/1634
f 1591/1782/1591 1634/1847/1634 1587/1774/1587
f 1587/1774/1587 1634/1847/1634 1588/1775/1588
f 1633/1846/1633 1620/1815/1620 1634/1847/1634
f 1634/1847/1634 1620/1815/1620 1618/1813/1618
f 1634/1847/1634 1618/1813/1618 1617/1812/1617
f 1621/1816/1621 1633/1846/1633 1615/1848/1615
f 1615/1848/1615 1633/1846/1633 1635/1849/1635
f 1615/1850/1615 1635/1821/1635 1616/1851/1616
f 1610/1852/1610 1611/1853/1611 1635/1854/1635
f 1635/1855/1635 1611/1856/1611 1613/1857/1613
f 1635/1858/1635 1613/1859/1613 1616/1860/1616
f 1610/1861/1610 1636/1862/1636 1609/1863/1609
f 1609/1863/1609 1636/1862/1636 1606/1799/1606
f 1610/1861/1610 1635/1864/1635 1636/1862/1636
f 1636/1862/1636 1635/1864/1635 1637/1865/1637
f 1636/1862/1636 1637/1865/1637 1638/1866/1638
f 1639/1867/1639 1606/1799/1606 1640/1868/1640
f 1640/1868/1640 1606/1799/1606 1636/1862/1636
f 1640/1868/1640 1636/1862/1636 1641/1869/1641
f 1641/1869/1641 1636/1862/1636 1638/1866/1638
f 3/3/3 4/4/4 1642/1870/1642
f 1642/1870/1642 4/4/4 1603/1796/1603
f 1639/1867/1639 1643/1871/1643 1606/1799/1606
f 1606/1799/1606 1643/1871/1643 1642/1870/1642
f 1606/1799/1606 1642/1870/1642 1605/1798/1605
f 1605/1798/1605 1642/1870/1642 1603/1796/1603
f 1644/1760/1644 1645/1872/1645 1646/1873/1646
f 1646/1874/1646 1645/1875/1645 1647/1876/1647
f 1647/1876/1647 1645/1875/1645 507/508/507
f 507/508/507 1645/1875/1645 1648/1877/1648
f 507/508/507 1648/1877/1648 500/501/500
f 505/506/505 504/505/504 1649/1878/1649
f 1649/1878/1649 504/505/504 503/504/503
f 1649/1878/1649 503/504/503 1648/1877/1648
f 1648/1877/1648 503/504/503 501/502/501
f 1648/1877/1648 501/502/501 500/501/500
f 505/506/505 1649/1878/1649 506/507/506
f 506/507/506 1649/1878/1649 205/205/205
f 506/507/506 205/205/205 217/217/217
f 90/90/90 205/205/205 1634/1847/1634
f 1634/1847/1634 205/205/205 1649/1878/1649
f 1634/1847/1634 1649/1878/1649 1633/1846/1633
f 1633/1846/1633 1649/1878/1649 1648/1877/1648
f 1633/1846/1633 1648/1877/1648 1635/1849/1635
f 1635/1849/1635 1648/1877/1648 1645/1875/1645
f 1635/1864/1635 1645/1879/1645 1637/1865/1637
f 1637/1865/1637 1645/1879/1645 1644/1880/1644
f 1637/1865/1637 1644/1880/1644 1650/1881/1650
f 1647/1876/1647 507/508/507 509/510/509
f 513/514/513 1651/1882/1651 511/512/511
f 511/512/511 1651/1882/1651 1628/1883/1628
f 511/512/511 1628/1883/1628 1629/1884/1629
f 1647/1876/1647 509/510/509 1646/1874/1646
f 1637/1865/1637 1650/1881/1650 1638/1866/1638
f 1631/1840/1631 1630/1839/1630 1640/1868/1640
f 1631/1840/1631 1640/1868/1640 1632/1841/1632
f 1638/1866/1638 1650/1881/1650 1641/1869/1641
f 1641/1869/1641 1650/1881/1650 1652/1885/1652
f 1641/1869/1641 1652/1885/1652 1640/1868/1640
f 1640/1868/1640 1652/1885/1652 1653/1886/1653
f 1640/1868/1640 1653/1886/1653 1632/1841/1632
f 1/1/1 3/3/3 1630/1839/1630
f 1630/1839/1630 3/3/3 1642/1870/1642
f 1642/1870/1642 1643/1871/1643 1630/1839/1630
f 1630/1839/1630 1643/1871/1643 1639/1867/1639
f 1630/1839/1630 1639/1867/1639 1640/1868/1640
f 1629/1831/1629 1627/1887/1627 1652/1888/1652
f 1652/1889/1652 1627/1888/1627 1625/1890/1625
f 1652/1885/1652 1625/1891/1625 1653/1886/1653
f 1653/1886/1653 1625/1891/1625 1624/1842/1624
f 1653/1886/1653 1624/1842/1624 1632/1841/1632
f 1629/1884/1629 1652/1892/1652 511/512/511
f 511/512/511 1652/1892/1652 1650/1893/1650
f 511/512/511 1650/1893/1650 509/510/509
f 509/510/509 1650/1893/1650 1644/1894/1644
f 509/510/509 1644/1894/1644 1646/1874/1646
