ISO-10303-21;
HEADER;
FILE_DESCRIPTION (( 'STEP AP203' ),
    '1' );
FILE_NAME ('EFG-C50 V4.0(外发).STEP',
    '2023-11-16T09:37:41',
    ( '' ),
    ( '' ),
    'SwSTEP 2.0',
    'SolidWorks 2022',
    '' );
FILE_SCHEMA (( 'CONFIG_CONTROL_DESIGN' ));
ENDSEC;

DATA;
#1 = ORIENTED_EDGE ( 'NONE', *, *, #2856, .F. ) ;
#2 = CARTESIAN_POINT ( 'NONE',  ( -0.2184161030890339195, -56.80678917757393265, 54.65886383080825794 ) ) ;
#3 = VECTOR ( 'NONE', #5004, 1000.000000000000000 ) ;
#4 = DIRECTION ( 'NONE',  ( 0.0000000000000000000, 0.0000000000000000000, 1.000000000000000000 ) ) ;
#5 = EDGE_CURVE ( 'NONE', #1165, #1426, #481, .T. ) ;
#6 = CARTESIAN_POINT ( 'NONE',  ( 1.734723475976807883E-15, 4.749999999944520823, 3.499999999999999556 ) ) ;
#7 = LINE ( 'NONE', #3051, #7709 ) ;
#8 = CARTESIAN_POINT ( 'NONE',  ( 13.01792893373207782, -45.93426803590338636, 33.56387426680666408 ) ) ;
#9 = CARTESIAN_POINT ( 'NONE',  ( -8.121876097656599569, -43.03738390836486616, 33.85038834720130296 ) ) ;
#10 = ORIENTED_EDGE ( 'NONE', *, *, #6012, .F. ) ;
#11 = VECTOR ( 'NONE', #1685, 1000.000000000000000 ) ;
#12 = ORIENTED_EDGE ( 'NONE', *, *, #8057, .F. ) ;
#13 = CARTESIAN_POINT ( 'NONE',  ( 0.4049964275878846776, -63.77745416616710372, 54.32144234722761666 ) ) ;
#14 = AXIS2_PLACEMENT_3D ( 'NONE', #3539, #5079, #8151 ) ;
#15 = DIRECTION ( 'NONE',  ( 0.0000000000000000000, 0.0000000000000000000, 1.000000000000000000 ) ) ;
#16 = CARTESIAN_POINT ( 'NONE',  ( -10.19131289898519022, -42.00290845173148568, 33.46033364881107275 ) ) ;
#17 = CARTESIAN_POINT ( 'NONE',  ( -1.500000000000001110, 18.50000000000000000, -32.50000000000000000 ) ) ;
#18 = CARTESIAN_POINT ( 'NONE',  ( 1.238429931521567440E-13, 10.49999999999999467, -3.269102988655022197E-15 ) ) ;
#19 = AXIS2_PLACEMENT_3D ( 'NONE', #3223, #5672, #967 ) ;
#20 = CARTESIAN_POINT ( 'NONE',  ( 32.53872084341348625, -44.69677449485569554, 2.839921419109747713 ) ) ;
#21 = CARTESIAN_POINT ( 'NONE',  ( 1.012175738006370951, -54.36441500354457190, 32.48793108300574062 ) ) ;
#22 = VECTOR ( 'NONE', #3020, 1000.000000000000000 ) ;
#23 = CARTESIAN_POINT ( 'NONE',  ( -24.07361235397345212, 19.00000000000000711, -21.25462799577766404 ) ) ;
#24 = DIRECTION ( 'NONE',  ( -1.000000000000000000, -7.232542356195678199E-15, -1.054711873393898911E-15 ) ) ;
#25 = CARTESIAN_POINT ( 'NONE',  ( -8.000000000000000000, 18.00000000000001421, -30.00000000000000000 ) ) ;
#26 = VERTEX_POINT ( 'NONE', #1225 ) ;
#27 = DATE_TIME_ROLE ( 'creation_date' ) ;
#28 = CARTESIAN_POINT ( 'NONE',  ( -0.2323487753150569601, -63.55053401904861232, -35.99997404080990293 ) ) ;
#29 = CARTESIAN_POINT ( 'NONE',  ( 3.980814712676603538E-13, -60.29999999999996163, 37.50000000000008527 ) ) ;
#30 = EDGE_LOOP ( 'NONE', ( #8895 ) ) ;
#31 = CIRCLE ( 'NONE', #4498, 14.99999999999998757 ) ;
#32 = ORIENTED_EDGE ( 'NONE', *, *, #604, .T. ) ;
#33 = CARTESIAN_POINT ( 'NONE',  ( -32.47328086046496765, -45.01712904259344583, -16.07269733975871517 ) ) ;
#34 = DIRECTION ( 'NONE',  ( 0.0000000000000000000, -0.0000000000000000000, 1.000000000000000000 ) ) ;
#35 = CARTESIAN_POINT ( 'NONE',  ( 0.0000000000000000000, -1.500000000000014877, -12.50000000000000000 ) ) ;
#36 = CARTESIAN_POINT ( 'NONE',  ( 1.500000000000009104, 18.50000000000000000, 32.50000000000000000 ) ) ;
#37 = CARTESIAN_POINT ( 'NONE',  ( 22.72114262260301132, 18.99999999877890033, -24.58696875018705086 ) ) ;
#38 = EDGE_CURVE ( 'NONE', #4626, #745, #3685, .T. ) ;
#39 = CARTESIAN_POINT ( 'NONE',  ( 3.365686035387087660, -50.88021972590003372, 35.84306100281330032 ) ) ;
#40 = CARTESIAN_POINT ( 'NONE',  ( 26.64701906636100048, -45.70994265634085707, -24.20961107380533761 ) ) ;
#41 = VERTEX_POINT ( 'NONE', #7488 ) ;
#42 = ORIENTED_EDGE ( 'NONE', *, *, #768, .F. ) ;
#43 = CARTESIAN_POINT ( 'NONE',  ( -25.99999999999977618, -27.09685026103309369, -17.88854381996689114 ) ) ;
#44 = CARTESIAN_POINT ( 'NONE',  ( 5.276818712346253548, -54.42078370213878458, 51.00000000000009237 ) ) ;
#45 = ORIENTED_EDGE ( 'NONE', *, *, #6033, .F. ) ;
#46 = LINE ( 'NONE', #7042, #8640 ) ;
#47 = ORIENTED_EDGE ( 'NONE', *, *, #8126, .F. ) ;
#48 = DIRECTION ( 'NONE',  ( 0.0000000000000000000, 0.0000000000000000000, -1.000000000000000000 ) ) ;
#49 = CARTESIAN_POINT ( 'NONE',  ( -12.12435565298201112, 10.50000000000000888, 22.99999999999999645 ) ) ;
#50 = EDGE_CURVE ( 'NONE', #4179, #9386, #4277, .T. ) ;
#51 = LINE ( 'NONE', #6144, #9174 ) ;
#52 = LINE ( 'NONE', #7613, #5299 ) ;
#53 = EDGE_CURVE ( 'NONE', #3058, #3058, #9770, .T. ) ;
#54 = CARTESIAN_POINT ( 'NONE',  ( 13.32979763325653799, -45.69110669256560442, 33.44148814053650653 ) ) ;
#55 = CIRCLE ( 'NONE', #9507, 1.500000000000001332 ) ;
#56 = CARTESIAN_POINT ( 'NONE',  ( -0.9372216177873706755, -46.68784389640038057, 35.99969904911409913 ) ) ;
#57 = EDGE_LOOP ( 'NONE', ( #278, #4118, #1397, #6536 ) ) ;
#58 = EDGE_LOOP ( 'NONE', ( #9791 ) ) ;
#59 = EDGE_CURVE ( 'NONE', #2533, #3569, #6740, .T. ) ;
#60 = CARTESIAN_POINT ( 'NONE',  ( 14.39665897009554918, -40.40498562628692980, -33.08552064039604801 ) ) ;
#61 = DIRECTION ( 'NONE',  ( -0.0000000000000000000, -0.0000000000000000000, -1.000000000000000000 ) ) ;
#62 = CARTESIAN_POINT ( 'NONE',  ( 1.515788424766449261, -44.23426776601846910, 34.47927871737334016 ) ) ;
#63 = CARTESIAN_POINT ( 'NONE',  ( 7.522255765033188268, -62.34850091743651035, 53.76685301044853560 ) ) ;
#64 = CARTESIAN_POINT ( 'NONE',  ( 35.51477039347157927, -53.93044035237515033, 5.900823128508775106 ) ) ;
#65 = CARTESIAN_POINT ( 'NONE',  ( -24.49999999999983302, 19.00000000000001066, -17.88854381999832555 ) ) ;
#66 = CARTESIAN_POINT ( 'NONE',  ( -24.44003693880957684, 18.99999994851251728, 19.16746628315139844 ) ) ;
#67 = CARTESIAN_POINT ( 'NONE',  ( -5.667347979291118776, -54.73473239831660209, 30.44159267417913739 ) ) ;
#68 = ORIENTED_EDGE ( 'NONE', *, *, #7454, .F. ) ;
#69 = COORDINATED_UNIVERSAL_TIME_OFFSET ( 8, 0, .AHEAD. ) ;
#70 = CARTESIAN_POINT ( 'NONE',  ( -1.574076451620518124, -64.52673413261825885, -35.96559744784875789 ) ) ;
#71 = CARTESIAN_POINT ( 'NONE',  ( 12.12435565298225448, 10.49999999999995381, 22.99999999999999645 ) ) ;
#72 = AXIS2_PLACEMENT_3D ( 'NONE', #3305, #3114, #3209 ) ;
#73 = EDGE_LOOP ( 'NONE', ( #4310 ) ) ;
#74 = VERTEX_POINT ( 'NONE', #8901 ) ;
#75 = CARTESIAN_POINT ( 'NONE',  ( -35.79123606092769450, -48.77815210729681183, -3.982828819876608417 ) ) ;
#76 = CARTESIAN_POINT ( 'NONE',  ( 3.980814712676603538E-13, -60.29999999999996163, 29.00000000000008171 ) ) ;
#77 = CARTESIAN_POINT ( 'NONE',  ( 0.0000000000000000000, 0.0000000000000000000, 15.75000000000000000 ) ) ;
#78 = VECTOR ( 'NONE', #2415, 1000.000000000000114 ) ;
#79 = CARTESIAN_POINT ( 'NONE',  ( 16.25799411149518292, -41.80440754493984201, -32.11973939498615493 ) ) ;
#80 = CARTESIAN_POINT ( 'NONE',  ( -11.59088273338056752, 19.78165749652132277, -34.08317507782260947 ) ) ;
#81 = CARTESIAN_POINT ( 'NONE',  ( 10.01183373129752674, -60.22285944489726717, 34.57981548032495311 ) ) ;
#82 = CARTESIAN_POINT ( 'NONE',  ( 35.16222259425556018, -53.66876101246722186, -7.725837162013337256 ) ) ;
#83 = VERTEX_POINT ( 'NONE', #2228 ) ;
#84 = ORIENTED_EDGE ( 'NONE', *, *, #4517, .T. ) ;
#85 = CARTESIAN_POINT ( 'NONE',  ( -26.39828732000758649, -31.09015010304733551, -25.78021408927515878 ) ) ;
#86 = CARTESIAN_POINT ( 'NONE',  ( -30.61365280539825662, -49.87909814298932076, -18.94366890966492534 ) ) ;
#87 = ADVANCED_FACE ( 'NONE', ( #2023 ), #7344, .F. ) ;
#88 = CYLINDRICAL_SURFACE ( 'NONE', #4134, 2.250000000000003997 ) ;
#89 = ORIENTED_EDGE ( 'NONE', *, *, #8373, .F. ) ;
#90 = CARTESIAN_POINT ( 'NONE',  ( 18.85714285714335148, -72.29999999999982663, 30.66607511999720614 ) ) ;
#91 = EDGE_LOOP ( 'NONE', ( #7178, #6705, #5746, #2005 ) ) ;
#92 = CARTESIAN_POINT ( 'NONE',  ( 1.238478118284789074E-13, -1.387778780781445676E-14, -3.269102988655022197E-15 ) ) ;
#93 = CARTESIAN_POINT ( 'NONE',  ( -12.12435565298208928, -1.330693002209468202E-13, -33.00000000000000000 ) ) ;
#94 = EDGE_CURVE ( 'NONE', #7765, #7765, #3049, .T. ) ;
#95 = DIRECTION ( 'NONE',  ( -1.000000000000000000, 0.0000000000000000000, 0.0000000000000000000 ) ) ;
#96 = CARTESIAN_POINT ( 'NONE',  ( 3.031095058927784081, -67.72353009562249326, 66.77116607397759651 ) ) ;
#97 = CARTESIAN_POINT ( 'NONE',  ( 9.930255449112229016, -47.70598467580690993, 34.60606180599570791 ) ) ;
#98 = CARTESIAN_POINT ( 'NONE',  ( -9.505899677257444225, -42.43189142176187545, 33.60250595556531295 ) ) ;
#99 = ORIENTED_EDGE ( 'NONE', *, *, #7245, .F. ) ;
#100 = ADVANCED_FACE ( 'NONE', ( #9697 ), #5872, .F. ) ;
#101 = ADVANCED_FACE ( 'NONE', ( #2805 ), #8337, .T. ) ;
#102 = ORIENTED_EDGE ( 'NONE', *, *, #219, .F. ) ;
#103 = CARTESIAN_POINT ( 'NONE',  ( 14.59871394907615461, -39.28338647984664789, -33.00000000018862778 ) ) ;
#104 = FACE_OUTER_BOUND ( 'NONE', #6608, .T. ) ;
#105 = CARTESIAN_POINT ( 'NONE',  ( -26.29532373735867168, -30.33651516833213790, 17.60970874827429355 ) ) ;
#106 = CARTESIAN_POINT ( 'NONE',  ( 12.12435565153240802, -39.38517963320396120, 33.00000000000005684 ) ) ;
#107 = CARTESIAN_POINT ( 'NONE',  ( 33.00000000000038369, -54.49999999999976552, 1.165102044280728978E-13 ) ) ;
#108 = CARTESIAN_POINT ( 'NONE',  ( 30.89565420710670907, -42.42984938975612863, -10.24344997339666996 ) ) ;
#109 = ADVANCED_FACE ( 'NONE', ( #8978 ), #5698, .T. ) ;
#110 = CARTESIAN_POINT ( 'NONE',  ( -23.97141337912387371, 18.99999999721000421, -21.63102293806631948 ) ) ;
#111 = CARTESIAN_POINT ( 'NONE',  ( -23.64449337224584013, 18.99999992564717388, 22.62821925850074578 ) ) ;
#112 = CARTESIAN_POINT ( 'NONE',  ( -21.64012082555812810, -37.97812507904762214, -28.76988693572407030 ) ) ;
#113 = DIRECTION ( 'NONE',  ( 1.000000000000000000, 7.259150545626026932E-15, 0.0000000000000000000 ) ) ;
#114 = ORIENTED_EDGE ( 'NONE', *, *, #1869, .F. ) ;
#115 = PERSON_AND_ORGANIZATION ( #7395, #7661 ) ;
#116 = FACE_OUTER_BOUND ( 'NONE', #3660, .T. ) ;
#117 = CARTESIAN_POINT ( 'NONE',  ( 1.238429931521567440E-13, -1.387778780781445676E-14, -3.269102988655022197E-15 ) ) ;
#118 = VERTEX_POINT ( 'NONE', #7957 ) ;
#119 = CARTESIAN_POINT ( 'NONE',  ( -22.43637590542882876, -39.57099946413301694, -28.15881816814533423 ) ) ;
#120 = CARTESIAN_POINT ( 'NONE',  ( -12.12435565298165407, -72.30000000000003979, 33.00000000000007105 ) ) ;
#121 = CARTESIAN_POINT ( 'NONE',  ( 30.00000000000041211, -59.84999999999978826, 8.000000000000106581 ) ) ;
#122 = AXIS2_PLACEMENT_3D ( 'NONE', #4750, #2403, #701 ) ;
#123 = CARTESIAN_POINT ( 'NONE',  ( 16.24291178373631084, -41.84324695378504089, -32.12737214734096369 ) ) ;
#124 = CARTESIAN_POINT ( 'NONE',  ( -11.99954799843776243, 17.72838564025829911, -33.94128530355462203 ) ) ;
#125 = CARTESIAN_POINT ( 'NONE',  ( 9.023754589185520203, -55.96316569540371688, 34.85125669590316733 ) ) ;
#126 = CARTESIAN_POINT ( 'NONE',  ( 4.276741678442769867, -59.43552942674093487, 59.11882146263829441 ) ) ;
#127 = EDGE_LOOP ( 'NONE', ( #835 ) ) ;
#128 = EDGE_LOOP ( 'NONE', ( #6236, #7702, #361, #2588 ) ) ;
#129 = APPROVAL_PERSON_ORGANIZATION ( #2076, #5187, #5970 ) ;
#130 = CARTESIAN_POINT ( 'NONE',  ( -33.77169155947120061, -52.59551896768852686, -12.46903836938671262 ) ) ;
#131 = LINE ( 'NONE', #6390, #4617 ) ;
#132 = ORIENTED_EDGE ( 'NONE', *, *, #6266, .T. ) ;
#133 = EDGE_CURVE ( 'NONE', #6108, #6108, #8486, .T. ) ;
#134 = LINE ( 'NONE', #8555, #9279 ) ;
#135 = EDGE_LOOP ( 'NONE', ( #3817, #3747, #4043, #4570 ) ) ;
#136 = VECTOR ( 'NONE', #5687, 1000.000000000000000 ) ;
#137 = DIRECTION ( 'NONE',  ( -0.7071067811865505703, -0.7071067811865444641, 0.0000000000000000000 ) ) ;
#138 = CARTESIAN_POINT ( 'NONE',  ( -17.74999999999988276, 19.00000000000001776, -29.58356807418557821 ) ) ;
#139 = EDGE_LOOP ( 'NONE', ( #1043 ) ) ;
#140 = CARTESIAN_POINT ( 'NONE',  ( 30.00000000000035172, -56.49999999999973710, 36.00000000000007816 ) ) ;
#141 = VECTOR ( 'NONE', #1375, 1000.000000000000000 ) ;
#142 = CARTESIAN_POINT ( 'NONE',  ( -1.650886994556292287, -68.12780761971480104, 42.50000000000007816 ) ) ;
#143 = CARTESIAN_POINT ( 'NONE',  ( 10.33455809867018793, -47.52651627838181980, 34.48714116789837192 ) ) ;
#144 = CARTESIAN_POINT ( 'NONE',  ( -10.98172296037750861, -41.37185640942357168, 33.28381711497455342 ) ) ;
#145 = EDGE_LOOP ( 'NONE', ( #9856 ) ) ;
#146 = CIRCLE ( 'NONE', #5735, 32.49999999999998579 ) ;
#147 = ORIENTED_EDGE ( 'NONE', *, *, #9827, .T. ) ;
#148 = AXIS2_PLACEMENT_3D ( 'NONE', #7659, #6187, #3046 ) ;
#149 = DIRECTION ( 'NONE',  ( 0.0000000000000000000, 0.0000000000000000000, 1.000000000000000000 ) ) ;
#150 = CARTESIAN_POINT ( 'NONE',  ( -6.640591675757012702, -62.46930300539456482, 32.00000000000008527 ) ) ;
#151 = CARTESIAN_POINT ( 'NONE',  ( -30.11859273477206855, -41.17244376713507137, 12.08313474198889459 ) ) ;
#152 = CIRCLE ( 'NONE', #2385, 34.49999999992608934 ) ;
#153 = CARTESIAN_POINT ( 'NONE',  ( 16.78756936566781022, -38.99999999999984368, 31.84615384615391420 ) ) ;
#154 = DIRECTION ( 'NONE',  ( -0.0000000000000000000, -1.000000000000000000, -0.0000000000000000000 ) ) ;
#155 = CARTESIAN_POINT ( 'NONE',  ( 27.92215612553038895, -36.73158199286458370, 23.78502910254857383 ) ) ;
#156 = CYLINDRICAL_SURFACE ( 'NONE', #3205, 1.649999999999998579 ) ;
#157 = EDGE_CURVE ( 'NONE', #1497, #2730, #5538, .T. ) ;
#158 = AXIS2_PLACEMENT_3D ( 'NONE', #5892, #1448, #9667 ) ;
#159 = CARTESIAN_POINT ( 'NONE',  ( -22.41746608150776865, 18.99999998413697710, -25.09258685480649120 ) ) ;
#160 = CARTESIAN_POINT ( 'NONE',  ( -24.45714587803384532, 18.99999996426191018, 18.96891480910744221 ) ) ;
#161 = CARTESIAN_POINT ( 'NONE',  ( 2.604716081331309052, -62.63783107508988479, 54.25534475931755196 ) ) ;
#162 = ORIENTED_EDGE ( 'NONE', *, *, #1001, .T. ) ;
#163 = AXIS2_PLACEMENT_3D ( 'NONE', #9792, #8142, #5867 ) ;
#164 = DATE_AND_TIME ( #8635, #3811 ) ;
#165 = CARTESIAN_POINT ( 'NONE',  ( 1.692850052365650004, -64.84192820082182607, -35.96018313111392217 ) ) ;
#166 = CLOSED_SHELL ( 'NONE', ( #4811, #4640, #8934, #2128, #2174, #5976 ) ) ;
#167 = CC_DESIGN_DATE_AND_TIME_ASSIGNMENT ( #1007, #1211, ( #4875 ) ) ;
#168 = DIRECTION ( 'NONE',  ( -7.232542356195667155E-15, 1.000000000000000000, -1.276710262284687461E-15 ) ) ;
#169 = ORIENTED_EDGE ( 'NONE', *, *, #4929, .F. ) ;
#170 = CIRCLE ( 'NONE', #9451, 9.999999999999994671 ) ;
#171 = CARTESIAN_POINT ( 'NONE',  ( -31.10177489217449676, -43.06302151420343449, -18.79833809119719845 ) ) ;
#172 = EDGE_LOOP ( 'NONE', ( #7455 ) ) ;
#173 = EDGE_CURVE ( 'NONE', #8293, #2480, #8173, .T. ) ;
#174 = DIRECTION ( 'NONE',  ( -0.9784759524643550366, 0.2063608743172336557, 0.0000000000000000000 ) ) ;
#175 = CARTESIAN_POINT ( 'NONE',  ( 2.250000000000402345, -60.29999999999996163, 27.50000000000007816 ) ) ;
#176 = CARTESIAN_POINT ( 'NONE',  ( 7.821423452663756493, -48.46090433832842592, -35.14037974996616498 ) ) ;
#177 = CARTESIAN_POINT ( 'NONE',  ( 24.50000000000004263, 19.00000000000001066, -17.88854381999829712 ) ) ;
#178 = CARTESIAN_POINT ( 'NONE',  ( 5.943950459814877796, -52.24347608645201291, 35.50828857185870646 ) ) ;
#179 = AXIS2_PLACEMENT_3D ( 'NONE', #6508, #6713, #2657 ) ;
#180 = B_SPLINE_CURVE_WITH_KNOTS ( 'NONE', 3,
 ( #217, #8639, #4266, #2719, #8841, #518, #567, #8136, #7328, #2866, #8238, #468, #9587, #612, #7534, #6730, #9787, #9036, #3576, #6578, #5964, #3623, #3526, #3470, #4468, #7431, #9686, #2014, #1269, #5765, #2916, #1966, #9642, #4374, #7478, #1415, #2119, #1216, #8283, #2164, #6628, #5217, #4421, #6519, #5070, #6675, #2764, #5815, #5022, #1322, #9734, #8086, #8991, #1368, #3673, #8891, #5863, #4323, #5126, #5916, #2813, #7384, #8935, #2069, #8192, #5174, #6205, #1659, #2312, #8477 ),
 .UNSPECIFIED., .F., .F.,
 ( 4, 2, 2, 2, 2, 2, 2, 2, 2, 2, 2, 2, 2, 2, 2, 2, 2, 2, 2, 2, 2, 2, 2, 2, 2, 2, 2, 2, 2, 2, 2, 2, 2, 2, 4 ),
 ( 0.0000000000000000000, 0.06250000000000001388, 0.1250000000000000278, 0.1562500000000000000, 0.1875000000000000278, 0.2500000000000000000, 0.2656250000000000555, 0.2812500000000000000, 0.3125000000000000000, 0.3281250000000000000, 0.3437499999999999445, 0.3750000000000000555, 0.4062500000000000555, 0.4218750000000000555, 0.4375000000000000000, 0.4687500000000000000, 0.4843750000000000555, 0.5000000000000000000, 0.5312500000000000000, 0.5390625000000000000, 0.5468750000000000000, 0.5625000000000000000, 0.5781249999999998890, 0.5937500000000000000, 0.6250000000000000000, 0.6406249999999998890, 0.6562500000000000000, 0.6874999999999998890, 0.7187500000000000000, 0.7500000000000000000, 0.8125000000000001110, 0.8437500000000001110, 0.8750000000000000000, 0.9375000000000000000, 1.000000000000000000 ),
 .UNSPECIFIED. ) ;
#181 = CARTESIAN_POINT ( 'NONE',  ( -2.810476016603261407, -53.07448382865796077, 55.58185406650139981 ) ) ;
#182 = ORIENTED_EDGE ( 'NONE', *, *, #4707, .T. ) ;
#183 = EDGE_LOOP ( 'NONE', ( #724, #4577, #3513, #1492 ) ) ;
#184 = CARTESIAN_POINT ( 'NONE',  ( 3.980814712676603538E-13, -60.29999999999996163, 40.00000000000007816 ) ) ;
#185 = CARTESIAN_POINT ( 'NONE',  ( -27.30221550582362866, -34.87941015494635622, 24.61888339386162983 ) ) ;
#186 = CARTESIAN_POINT ( 'NONE',  ( 3.335699771955802362E-11, 18.24833147733533778, 5.545390535655059239E-11 ) ) ;
#187 = ORIENTED_EDGE ( 'NONE', *, *, #7408, .F. ) ;
#188 = DIRECTION ( 'NONE',  ( 0.0000000000000000000, -1.000000000000000000, 0.0000000000000000000 ) ) ;
#189 = DIRECTION ( 'NONE',  ( -0.6679517357399816779, -0.7442045946659733291, 1.608122649679999860E-16 ) ) ;
#190 = CARTESIAN_POINT ( 'NONE',  ( -8.930455135991282489, -52.28457917112018549, 46.50000000000008527 ) ) ;
#191 = CARTESIAN_POINT ( 'NONE',  ( -3.340699764639299296, -55.30961621278235896, 32.32850165011834775 ) ) ;
#192 = CARTESIAN_POINT ( 'NONE',  ( -18.16590212458494946, 23.00000000000000000, -30.00000000000000000 ) ) ;
#193 = CARTESIAN_POINT ( 'NONE',  ( 4.643078201118966852, -49.18089885114164872, 35.70230253413834021 ) ) ;
#194 = CARTESIAN_POINT ( 'NONE',  ( -11.97314764915262408, 18.53425498940757166, 33.95065401274053585 ) ) ;
#195 = VERTEX_POINT ( 'NONE', #7760 ) ;
#196 = CARTESIAN_POINT ( 'NONE',  ( -18.07142857142841663, 17.50000000000000711, -29.38832198999727296 ) ) ;
#197 = ORIENTED_EDGE ( 'NONE', *, *, #8684, .F. ) ;
#198 = CARTESIAN_POINT ( 'NONE',  ( 10.79978795761645571, -41.53758815880856758, -33.32593974729954311 ) ) ;
#199 = CARTESIAN_POINT ( 'NONE',  ( 34.50000000000038369, -54.49999999999975131, 1.165102044280728978E-13 ) ) ;
#200 = CARTESIAN_POINT ( 'NONE',  ( -31.10361265190054425, -42.73937074846979556, -9.648193787667887378 ) ) ;
#201 = DIRECTION ( 'NONE',  ( 0.0000000000000000000, 0.0000000000000000000, 1.000000000000000000 ) ) ;
#202 = FACE_OUTER_BOUND ( 'NONE', #5374, .T. ) ;
#203 = CARTESIAN_POINT ( 'NONE',  ( -17.74999999999988987, 18.98431801353725135, 29.87530894787688140 ) ) ;
#204 = CARTESIAN_POINT ( 'NONE',  ( 31.44160308216076416, -43.57554583736877163, 18.16913371856364634 ) ) ;
#205 = DIRECTION ( 'NONE',  ( -1.000000000000000000, 0.0000000000000000000, -0.0000000000000000000 ) ) ;
#206 = EDGE_CURVE ( 'NONE', #4802, #4802, #3385, .T. ) ;
#207 = CARTESIAN_POINT ( 'NONE',  ( -19.46586020832086916, 18.99999994138508086, -28.40474885698898433 ) ) ;
#208 = AXIS2_PLACEMENT_3D ( 'NONE', #6, #9164, #1550 ) ;
#209 = DIRECTION ( 'NONE',  ( 1.826024711554487321E-16, -1.000000000000000000, 0.0000000000000000000 ) ) ;
#210 = CARTESIAN_POINT ( 'NONE',  ( -5.953636757327388729, -54.95638611408011087, 42.50000000000007816 ) ) ;
#211 = EDGE_CURVE ( 'NONE', #8724, #8724, #4322, .T. ) ;
#212 = VERTEX_POINT ( 'NONE', #3555 ) ;
#213 = MECHANICAL_CONTEXT ( 'NONE', #1280, 'mechanical' ) ;
#214 = FACE_BOUND ( 'NONE', #4977, .T. ) ;
#215 = EDGE_CURVE ( 'NONE', #3848, #6387, #388, .T. ) ;
#216 = LINE ( 'NONE', #1814, #1742 ) ;
#217 = CARTESIAN_POINT ( 'NONE',  ( 26.00000000000018829, -25.99999999999982236, -17.88854381999825094 ) ) ;
#218 = VERTEX_POINT ( 'NONE', #6551 ) ;
#219 = EDGE_CURVE ( 'NONE', #9418, #9418, #799, .T. ) ;
#220 = ORIENTED_EDGE ( 'NONE', *, *, #2838, .T. ) ;
#221 = CARTESIAN_POINT ( 'NONE',  ( -3.285829917790189736, -52.73258156625702497, 37.50000000000008527 ) ) ;
#222 = DIRECTION ( 'NONE',  ( 0.0000000000000000000, 0.0000000000000000000, 1.000000000000000000 ) ) ;
#223 = EDGE_CURVE ( 'NONE', #6359, #4496, #2744, .T. ) ;
#224 = DIRECTION ( 'NONE',  ( 1.000000000000000000, 9.251858538410929528E-15, 0.0000000000000000000 ) ) ;
#225 = CARTESIAN_POINT ( 'NONE',  ( -6.760211200470153337, 21.81203604478722369, -35.36044119987146672 ) ) ;
#226 = AXIS2_PLACEMENT_3D ( 'NONE', #1080, #8850, #4032 ) ;
#227 = CARTESIAN_POINT ( 'NONE',  ( 9.893154985371767296, -58.76245305426818533, 34.61399055021608007 ) ) ;
#228 = CARTESIAN_POINT ( 'NONE',  ( -2.717266992112063573, -53.15814244907198116, 56.35973631921488192 ) ) ;
#229 = ORIENTED_EDGE ( 'NONE', *, *, #1460, .F. ) ;
#230 = EDGE_CURVE ( 'NONE', #9082, #5744, #4162, .T. ) ;
#231 = ORIENTED_EDGE ( 'NONE', *, *, #6774, .T. ) ;
#232 = DIRECTION ( 'NONE',  ( 7.232542356195667155E-15, -1.000000000000000000, 1.276710262284686278E-15 ) ) ;
#233 = CARTESIAN_POINT ( 'NONE',  ( -3.000000000003492318, 4.200000000000000178, 25.50000000000000355 ) ) ;
#234 = AXIS2_PLACEMENT_3D ( 'NONE', #4717, #7682, #6363 ) ;
#235 = CARTESIAN_POINT ( 'NONE',  ( -26.39862159260469809, -31.09243406573953195, 25.77979695736757293 ) ) ;
#236 = CARTESIAN_POINT ( 'NONE',  ( 24.50000000000008527, 19.00000000000001066, 17.88854381999830423 ) ) ;
#237 = EDGE_LOOP ( 'NONE', ( #1485, #9663, #9318, #246 ) ) ;
#238 = PLANE ( 'NONE',  #7515 ) ;
#239 = PRODUCT_DEFINITION_SHAPE ( 'NONE', 'NONE',  #4875 ) ;
#240 = DIRECTION ( 'NONE',  ( -7.232542356195667155E-15, 1.000000000000000000, -1.276710262284687461E-15 ) ) ;
#241 = DIRECTION ( 'NONE',  ( 0.0000000000000000000, 1.000000000000000000, -1.276710262284678586E-15 ) ) ;
#242 = DIRECTION ( 'NONE',  ( -7.232542356195667155E-15, 1.000000000000000000, -1.276710262284687461E-15 ) ) ;
#243 = CARTESIAN_POINT ( 'NONE',  ( -0.9353028564147768398, -49.52507678978979300, 35.99085000100870957 ) ) ;
#244 = AXIS2_PLACEMENT_3D ( 'NONE', #2151, #790, #3093 ) ;
#245 = CARTESIAN_POINT ( 'NONE',  ( -6.263528015649452385, 21.61300495802360544, 35.45179460728797949 ) ) ;
#246 = ORIENTED_EDGE ( 'NONE', *, *, #2078, .F. ) ;
#247 = ORIENTED_EDGE ( 'NONE', *, *, #3337, .T. ) ;
#248 = DIRECTION ( 'NONE',  ( -1.000000000000000000, -6.938893903907234689E-15, -2.602085213965213008E-15 ) ) ;
#249 = VERTEX_POINT ( 'NONE', #1949 ) ;
#250 = CARTESIAN_POINT ( 'NONE',  ( -30.56590978385682078, -41.91065954138689165, 11.06891698760325582 ) ) ;
#251 =( REPRESENTATION_RELATIONSHIP ('NONE','NONE', #532, #3607 ) REPRESENTATION_RELATIONSHIP_WITH_TRANSFORMATION ( #8231 )SHAPE_REPRESENTATION_RELATIONSHIP( ) );
#252 = DIRECTION ( 'NONE',  ( 0.0000000000000000000, 1.000000000000000000, 0.0000000000000000000 ) ) ;
#253 = DIRECTION ( 'NONE',  ( 0.0000000000000000000, -0.0000000000000000000, 1.000000000000000000 ) ) ;
#254 = CARTESIAN_POINT ( 'NONE',  ( 2.868499841844935450, -69.08094767042250339, 46.50000000000008527 ) ) ;
#255 = CARTESIAN_POINT ( 'NONE',  ( 33.49451366844672151, -52.37682844417648909, 13.25856705416261327 ) ) ;
#256 = CARTESIAN_POINT ( 'NONE',  ( 0.0000000000000000000, 0.0000000000000000000, 1.232595164407830946E-29 ) ) ;
#257 = CARTESIAN_POINT ( 'NONE',  ( -22.46447597571893340, 18.99999998892544895, -25.01765520780268304 ) ) ;
#258 = ORIENTED_EDGE ( 'NONE', *, *, #2479, .F. ) ;
#259 = CARTESIAN_POINT ( 'NONE',  ( 26.00000000000052935, -72.29999999999985505, -17.88854381999819054 ) ) ;
#260 = CARTESIAN_POINT ( 'NONE',  ( -7.141428428542402784, -67.30000000000001137, 34.50000000000007105 ) ) ;
#261 = DIRECTION ( 'NONE',  ( -0.0000000000000000000, 1.000000000000000000, 0.0000000000000000000 ) ) ;
#262 = VERTEX_POINT ( 'NONE', #9662 ) ;
#263 = MANIFOLD_SOLID_BREP ( 'EFG-C50 V4.04_1_1-1/3A0004-CMA1208-000_1_1_1_1_1-1-solid1', #3198 ) ;
#264 = PERSON_AND_ORGANIZATION_ROLE ( 'classification_officer' ) ;
#265 = CARTESIAN_POINT ( 'NONE',  ( -4.999999999999995559, 4.750000000000000000, 19.50000000000000355 ) ) ;
#266 = CARTESIAN_POINT ( 'NONE',  ( 4.086386431250551903E-13, -56.50000000000000000, 7.213412981908484146E-14 ) ) ;
#267 = LINE ( 'NONE', #7175, #9101 ) ;
#268 = ADVANCED_FACE ( 'NONE', ( #2789 ), #5839, .F. ) ;
#269 = EDGE_LOOP ( 'NONE', ( #5343, #903, #9457, #1450 ) ) ;
#270 = PLANE ( 'NONE',  #6880 ) ;
#271 = VERTEX_POINT ( 'NONE', #1717 ) ;
#272 = EDGE_CURVE ( 'NONE', #5691, #1092, #2877, .T. ) ;
#273 = FACE_OUTER_BOUND ( 'NONE', #127, .T. ) ;
#274 = CARTESIAN_POINT ( 'NONE',  ( 2.806571767240826798, -67.52201196005701433, 53.75521007996023570 ) ) ;
#275 = CARTESIAN_POINT ( 'NONE',  ( -9.053325895043098370, 14.13263126390027935, -34.84400528747475789 ) ) ;
#276 = CARTESIAN_POINT ( 'NONE',  ( 26.00000000005440626, -27.28490758813764572, -26.27379873559106471 ) ) ;
#277 = ORIENTED_EDGE ( 'NONE', *, *, #6453, .F. ) ;
#278 = ORIENTED_EDGE ( 'NONE', *, *, #9889, .T. ) ;
#279 = CARTESIAN_POINT ( 'NONE',  ( -18.85714285714269067, -26.00000000000008527, 30.66607511999711733 ) ) ;
#280 = CARTESIAN_POINT ( 'NONE',  ( -26.82010143430450455, -32.98755518556429678, 17.07245950163147086 ) ) ;
#281 = CARTESIAN_POINT ( 'NONE',  ( 24.08193334990692236, 18.99999999993930899, 21.22222752322506878 ) ) ;
#282 = ORIENTED_EDGE ( 'NONE', *, *, #2865, .T. ) ;
#283 = CARTESIAN_POINT ( 'NONE',  ( -15.47901783966517009, -43.33395944016468349, -32.50262681583465252 ) ) ;
#284 = EDGE_CURVE ( 'NONE', #993, #993, #5434, .T. ) ;
#285 = PLANE ( 'NONE',  #7010 ) ;
#286 = PLANE ( 'NONE',  #7544 ) ;
#287 = CARTESIAN_POINT ( 'NONE',  ( -1.989766509177164799, -54.63385759978452683, 32.43989180825565199 ) ) ;
#288 = CARTESIAN_POINT ( 'NONE',  ( -5.500000000000000000, 4.250000000000000000, 19.50000000000000000 ) ) ;
#289 = CIRCLE ( 'NONE', #122, 9.999999999999996447 ) ;
#290 = CARTESIAN_POINT ( 'NONE',  ( 1.867990441301483839, -49.48256438187411277, 35.95452154579398751 ) ) ;
#291 = CC_DESIGN_PERSON_AND_ORGANIZATION_ASSIGNMENT ( #1479, #2272, ( #7807 ) ) ;
#292 = CARTESIAN_POINT ( 'NONE',  ( -14.59871394907559861, -39.28338647984681842, 33.00000000018337687 ) ) ;
#293 = ORIENTED_EDGE ( 'NONE', *, *, #5197, .F. ) ;
#294 = AXIS2_PLACEMENT_3D ( 'NONE', #6545, #4284, #6645 ) ;
#295 = EDGE_LOOP ( 'NONE', ( #1094, #5196 ) ) ;
#296 = CARTESIAN_POINT ( 'NONE',  ( 4.179110650923774672E-13, -60.29999999999998295, 42.50000000000007816 ) ) ;
#297 = CC_DESIGN_APPROVAL ( #9172, ( #4614 ) ) ;
#298 = VERTEX_POINT ( 'NONE', #2650 ) ;
#299 = CARTESIAN_POINT ( 'NONE',  ( -26.47023969072010985, -31.39978488200148732, -17.44033741205586097 ) ) ;
#300 = APPROVAL ( #8035, 'UNKNOWN' ) ;
#301 = EDGE_CURVE ( 'NONE', #7076, #1120, #5942, .T. ) ;
#302 = FACE_OUTER_BOUND ( 'NONE', #8167, .T. ) ;
#303 = DIRECTION ( 'NONE',  ( 0.0000000000000000000, -0.0000000000000000000, 1.000000000000000000 ) ) ;
#304 = DIRECTION ( 'NONE',  ( 0.0000000000000000000, 0.0000000000000000000, 1.000000000000000000 ) ) ;
#305 = CARTESIAN_POINT ( 'NONE',  ( 34.42466070925863164, -47.36344304138713568, 10.88440507667290369 ) ) ;
#306 = VECTOR ( 'NONE', #1118, 1000.000000000000000 ) ;
#307 = DIRECTION ( 'NONE',  ( -0.6679517357399824551, -0.7442045946659726630, 0.0000000000000000000 ) ) ;
#308 = CARTESIAN_POINT ( 'NONE',  ( -22.33345898746262748, 18.99999997368786353, -25.22409425378304704 ) ) ;
#309 = ORIENTED_EDGE ( 'NONE', *, *, #9708, .T. ) ;
#310 = VECTOR ( 'NONE', #459, 1000.000000000000000 ) ;
#311 = CIRCLE ( 'NONE', #473, 1.350000000000004086 ) ;
#312 = DIRECTION ( 'NONE',  ( -1.000000000000000000, -7.170190367370806864E-15, 0.0000000000000000000 ) ) ;
#313 = CARTESIAN_POINT ( 'NONE',  ( -5.192916600107428060, -49.08874604890032600, -35.62722196169509203 ) ) ;
#314 = AXIS2_PLACEMENT_3D ( 'NONE', #4357, #7417, #5006 ) ;
#315 = CYLINDRICAL_SURFACE ( 'NONE', #9748, 0.5000000000000004441 ) ;
#316 = ORIENTED_EDGE ( 'NONE', *, *, #2667, .T. ) ;
#317 = DATE_AND_TIME ( #8838, #6206 ) ;
#318 = DIRECTION ( 'NONE',  ( -0.0000000000000000000, -0.0000000000000000000, 1.000000000000000000 ) ) ;
#319 = VECTOR ( 'NONE', #5002, 1000.000000000000000 ) ;
#320 = CARTESIAN_POINT ( 'NONE',  ( 4.179110650923774672E-13, -60.29999999999998295, 44.50000000000007816 ) ) ;
#321 = PLANE ( 'NONE',  #5135 ) ;
#322 = AXIS2_PLACEMENT_3D ( 'NONE', #4146, #2597, #7105 ) ;
#323 = CARTESIAN_POINT ( 'NONE',  ( -2.461126740979504124, -65.77787588593376711, 32.40753834694410074 ) ) ;
#324 = AXIS2_PLACEMENT_3D ( 'NONE', #9339, #4022, #1068 ) ;
#325 = CARTESIAN_POINT ( 'NONE',  ( -28.63590074709268052, -38.54635798507040079, -22.78723285523826547 ) ) ;
#326 = ORIENTED_EDGE ( 'NONE', *, *, #3139, .F. ) ;
#327 = CYLINDRICAL_SURFACE ( 'NONE', #7373, 1.649999999999998579 ) ;
#328 = AXIS2_PLACEMENT_3D ( 'NONE', #7398, #577, #9746 ) ;
#329 = CARTESIAN_POINT ( 'NONE',  ( -18.16590212458494946, 5.000000000000000888, 30.00000000000000000 ) ) ;
#330 = CARTESIAN_POINT ( 'NONE',  ( -4.540113402119851926, 15.97535102783108307, -35.71287976495159455 ) ) ;
#331 = AXIS2_PLACEMENT_3D ( 'NONE', #5427, #9192, #1672 ) ;
#332 = AXIS2_PLACEMENT_3D ( 'NONE', #5277, #168, #3119 ) ;
#333 = ORIENTED_EDGE ( 'NONE', *, *, #6016, .F. ) ;
#334 = CARTESIAN_POINT ( 'NONE',  ( -5.198967349053204678, -55.63373041533755980, 30.50000000000007816 ) ) ;
#335 = CARTESIAN_POINT ( 'NONE',  ( -27.92331000232388405, -36.73466506541823406, 23.78343910630620073 ) ) ;
#336 = CARTESIAN_POINT ( 'NONE',  ( 23.85189844840184747, 18.99999997788341588, 22.02208357251088700 ) ) ;
#337 = EDGE_LOOP ( 'NONE', ( #6542 ) ) ;
#338 = EDGE_CURVE ( 'NONE', #5423, #5000, #8264, .T. ) ;
#339 = CARTESIAN_POINT ( 'NONE',  ( -16.28884015414195119, -41.72349772869378626, -32.10410746668473791 ) ) ;
#340 = CARTESIAN_POINT ( 'NONE',  ( -0.3832646386373190217, -66.71112664376522616, -32.49820783242675049 ) ) ;
#341 = DIRECTION ( 'NONE',  ( 0.0000000000000000000, 0.0000000000000000000, 1.000000000000000000 ) ) ;
#342 = CARTESIAN_POINT ( 'NONE',  ( 11.10000000000114539, -44.30000000000008953, -32.09999999999992326 ) ) ;
#343 = ADVANCED_FACE ( 'NONE', ( #9426, #4756, #948 ), #6357, .F. ) ;
#344 = CARTESIAN_POINT ( 'NONE',  ( -12.96758852592116362, -45.97221350862735534, 33.58335568373998825 ) ) ;
#345 = DIRECTION ( 'NONE',  ( 1.000000000000000000, 0.0000000000000000000, 0.0000000000000000000 ) ) ;
#346 = EDGE_LOOP ( 'NONE', ( #4083 ) ) ;
#347 = CARTESIAN_POINT ( 'NONE',  ( 11.00000000000013500, 18.24833147735477468, -17.88854381999831133 ) ) ;
#348 = EDGE_LOOP ( 'NONE', ( #7789 ) ) ;
#349 = CARTESIAN_POINT ( 'NONE',  ( 17.67766952966358929, 1.049999999999998046, 17.67766952966378469 ) ) ;
#350 = EDGE_CURVE ( 'NONE', #8503, #6707, #6569, .T. ) ;
#351 = CARTESIAN_POINT ( 'NONE',  ( 7.339542750129426807, -62.18450908465021598, 59.78857882194937901 ) ) ;
#352 = DIRECTION ( 'NONE',  ( 1.000000000000000000, 0.0000000000000000000, 0.0000000000000000000 ) ) ;
#353 = EDGE_CURVE ( 'NONE', #3222, #4626, #4712, .T. ) ;
#354 = CARTESIAN_POINT ( 'NONE',  ( -12.01936944060526002, -39.76587639457457612, 33.02754311341740134 ) ) ;
#355 = DIRECTION ( 'NONE',  ( 1.000000000000000000, 7.259150545626026932E-15, 0.0000000000000000000 ) ) ;
#356 = CARTESIAN_POINT ( 'NONE',  ( 35.01225047149181080, -53.55748372817080849, 8.440657432326442944 ) ) ;
#357 = DIRECTION ( 'NONE',  ( -1.000000000000000000, -7.232542356195668733E-15, -1.054711873393889642E-15 ) ) ;
#358 = CARTESIAN_POINT ( 'NONE',  ( 32.98800898216444466, -45.67466740875061504, 14.87757927009313086 ) ) ;
#359 = CARTESIAN_POINT ( 'NONE',  ( 2.933719726719306475, -58.38782788863507989, 54.44147264058096169 ) ) ;
#360 = CARTESIAN_POINT ( 'NONE',  ( -20.30432126530098103, 18.99999999015325614, -27.67394500690481607 ) ) ;
#361 = ORIENTED_EDGE ( 'NONE', *, *, #8880, .T. ) ;
#362 = ADVANCED_FACE ( 'NONE', ( #7064 ), #8527, .T. ) ;
#363 = CARTESIAN_POINT ( 'NONE',  ( 12.12435565298243567, -38.99999999999998579, -32.99999999999992895 ) ) ;
#364 = CARTESIAN_POINT ( 'NONE',  ( -18.16590212458494591, 23.00000000000000000, -30.50000000000000000 ) ) ;
#365 = EDGE_LOOP ( 'NONE', ( #902, #2447, #1067, #5438 ) ) ;
#366 = SECURITY_CLASSIFICATION_LEVEL ( 'unclassified' ) ;
#367 = DIRECTION ( 'NONE',  ( 0.9505654689857891970, 0.3105242167236345607, -0.0000000000000000000 ) ) ;
#368 = CYLINDRICAL_SURFACE ( 'NONE', #7013, 1.649999999999998579 ) ;
#369 = FACE_OUTER_BOUND ( 'NONE', #9619, .T. ) ;
#370 = LINE ( 'NONE', #8744, #6373 ) ;
#371 = ORIENTED_EDGE ( 'NONE', *, *, #3419, .F. ) ;
#372 = DIRECTION ( 'NONE',  ( 1.000000000000000000, 0.0000000000000000000, -0.0000000000000000000 ) ) ;
#373 = DIRECTION ( 'NONE',  ( 1.137978600240785454E-15, -1.159969209707895394E-15, -1.000000000000000000 ) ) ;
#374 = CARTESIAN_POINT ( 'NONE',  ( 5.667347982679824980, -65.86526759982356793, 30.44159267529688506 ) ) ;
#375 = DIRECTION ( 'NONE',  ( 1.000000000000000000, 7.232542356195678199E-15, 1.054711873393898911E-15 ) ) ;
#376 = VERTEX_POINT ( 'NONE', #1658 ) ;
#377 = VERTEX_POINT ( 'NONE', #7770 ) ;
#378 = CARTESIAN_POINT ( 'NONE',  ( -33.49073931019524508, -52.37378904518868694, 13.26806067750914409 ) ) ;
#379 = CARTESIAN_POINT ( 'NONE',  ( 24.35940615080303573, 18.99999991030952273, 19.85584488781758239 ) ) ;
#380 = ORIENTED_EDGE ( 'NONE', *, *, #8367, .T. ) ;
#381 = AXIS2_PLACEMENT_3D ( 'NONE', #1901, #1156, #8828 ) ;
#382 = CARTESIAN_POINT ( 'NONE',  ( -16.78756936566724534, -39.00000000000014921, -31.84615384615380762 ) ) ;
#383 = CARTESIAN_POINT ( 'NONE',  ( 20.70271356428849074, 19.00000000000000355, -27.27509573183559155 ) ) ;
#384 = CARTESIAN_POINT ( 'NONE',  ( 1.450401262312108308, -65.11383587496239045, -32.46761981331994917 ) ) ;
#385 = CARTESIAN_POINT ( 'NONE',  ( 4.831338293938705944E-13, -66.79999999999999716, 8.528424552061711302E-14 ) ) ;
#386 = CYLINDRICAL_SURFACE ( 'NONE', #1494, 5.999999999999998224 ) ;
#387 = CARTESIAN_POINT ( 'NONE',  ( -50.00000000000004263, 23.00000000000000000, 30.00000000000000000 ) ) ;
#388 = LINE ( 'NONE', #2693, #1612 ) ;
#389 = EDGE_LOOP ( 'NONE', ( #4643, #8614, #2285, #5032, #3970, #4244 ) ) ;
#390 = AXIS2_PLACEMENT_3D ( 'NONE', #4327, #3230, #977 ) ;
#391 = LINE ( 'NONE', #5692, #2975 ) ;
#392 = EDGE_LOOP ( 'NONE', ( #8495 ) ) ;
#393 = DIRECTION ( 'NONE',  ( 1.086326531467812312E-16, -2.291065940513937741E-17, 1.000000000000000000 ) ) ;
#394 = EDGE_CURVE ( 'NONE', #1874, #7750, #9132, .T. ) ;
#395 = CARTESIAN_POINT ( 'NONE',  ( 0.0000000000000000000, 0.4999999999999865663, -36.00000000000002132 ) ) ;
#396 = DIRECTION ( 'NONE',  ( -0.0000000000000000000, -1.000000000000000000, -0.0000000000000000000 ) ) ;
#397 = CARTESIAN_POINT ( 'NONE',  ( 4.025653506925307212, 18.52529459156893310, -35.77424931172652123 ) ) ;
#398 = DIRECTION ( 'NONE',  ( -0.0000000000000000000, -0.0000000000000000000, 1.000000000000000000 ) ) ;
#399 = FACE_OUTER_BOUND ( 'NONE', #337, .T. ) ;
#400 = CARTESIAN_POINT ( 'NONE',  ( 29.43869792946320985, -48.74945672114759532, 20.72632560380953137 ) ) ;
#401 = CARTESIAN_POINT ( 'NONE',  ( 1.650886994557423160, -52.47219238028519328, 42.50000000000007816 ) ) ;
#402 = AXIS2_PLACEMENT_3D ( 'NONE', #18, #3762, #2455 ) ;
#403 = CARTESIAN_POINT ( 'NONE',  ( 12.12435565298225448, -1.387778780781445676E-14, -23.00000000000000355 ) ) ;
#404 = CARTESIAN_POINT ( 'NONE',  ( -50.00000000000004263, 5.000000000000000888, 30.00000000000000000 ) ) ;
#405 = CARTESIAN_POINT ( 'NONE',  ( 7.212418002886091806, -43.35158229979715117, 33.99445557772278903 ) ) ;
#406 = EDGE_CURVE ( 'NONE', #4179, #6604, #9373, .T. ) ;
#407 = EDGE_LOOP ( 'NONE', ( #6989, #6423, #2984, #9836 ) ) ;
#408 = EDGE_CURVE ( 'NONE', #7962, #7962, #6876, .T. ) ;
#409 = EDGE_CURVE ( 'NONE', #4851, #4851, #9445, .T. ) ;
#410 = CARTESIAN_POINT ( 'NONE',  ( 11.00000000000013500, -1.387778780781445676E-14, -17.88854381999831133 ) ) ;
#411 = CARTESIAN_POINT ( 'NONE',  ( -10.82124745305504199, -44.39707004565308779, -34.37939794140347516 ) ) ;
#412 = DIRECTION ( 'NONE',  ( -1.000000000000000000, -6.938893903907233111E-15, 0.0000000000000000000 ) ) ;
#413 = ORIENTED_EDGE ( 'NONE', *, *, #9596, .T. ) ;
#414 = PERSON_AND_ORGANIZATION ( #7395, #7661 ) ;
#415 = CARTESIAN_POINT ( 'NONE',  ( 11.79272396487373342, 19.29768531088001993, 34.01386551706200834 ) ) ;
#416 = ADVANCED_FACE ( 'NONE', ( #1850 ), #6256, .T. ) ;
#417 = DIRECTION ( 'NONE',  ( -0.0000000000000000000, 0.0000000000000000000, 1.000000000000000000 ) ) ;
#418 = CARTESIAN_POINT ( 'NONE',  ( 18.16590212458494591, 23.00000000000000000, -30.50000000000000000 ) ) ;
#419 = FACE_OUTER_BOUND ( 'NONE', #3242, .T. ) ;
#420 = CARTESIAN_POINT ( 'NONE',  ( -5.621937991987000061, -57.24153509958645714, 52.49999999984189003 ) ) ;
#421 = ORIENTED_EDGE ( 'NONE', *, *, #2198, .F. ) ;
#422 = DIRECTION ( 'NONE',  ( 0.0000000000000000000, -0.0000000000000000000, 1.000000000000000000 ) ) ;
#423 =( LENGTH_UNIT ( ) NAMED_UNIT ( * ) SI_UNIT ( .MILLI., .METRE. ) );
#424 = CARTESIAN_POINT ( 'NONE',  ( 6.177443301525368469, -65.17263045896633855, 30.36786714008755439 ) ) ;
#425 = CARTESIAN_POINT ( 'NONE',  ( -2.564193234164533486, -62.70154749282275475, 54.51936404167864225 ) ) ;
#426 = EDGE_LOOP ( 'NONE', ( #9881, #4282, #5484, #220 ) ) ;
#427 = ORIENTED_EDGE ( 'NONE', *, *, #6016, .T. ) ;
#428 = CARTESIAN_POINT ( 'NONE',  ( -17.74999999999987566, 18.24833147735478889, -31.08982952671178879 ) ) ;
#429 = CARTESIAN_POINT ( 'NONE',  ( -35.73754484821235877, -48.72581292251996388, 4.596726611201676249 ) ) ;
#430 = CARTESIAN_POINT ( 'NONE',  ( 22.57396853586613261, 18.99999999686261631, 24.83884408704612312 ) ) ;
#431 = ORIENTED_EDGE ( 'NONE', *, *, #6266, .F. ) ;
#432 = FACE_BOUND ( 'NONE', #7988, .T. ) ;
#433 = CARTESIAN_POINT ( 'NONE',  ( 19.67360090560489638, 18.99999991030951207, -28.23806813389099446 ) ) ;
#434 = CARTESIAN_POINT ( 'NONE',  ( 1.269093841542402901, -64.57365588219562369, -32.47529174052206002 ) ) ;
#435 = LINE ( 'NONE', #9557, #8455 ) ;
#436 = CARTESIAN_POINT ( 'NONE',  ( -8.705133898678557358, -59.41504587346560129, 44.50000000000007816 ) ) ;
#437 = CARTESIAN_POINT ( 'NONE',  ( -1.824929367400515146, -68.07682572088607742, 30.48601936423790448 ) ) ;
#438 = CARTESIAN_POINT ( 'NONE',  ( -4.545044134388821711, 15.96709546478228603, 35.71225186143501418 ) ) ;
#439 = EDGE_LOOP ( 'NONE', ( #4654 ) ) ;
#440 = APPLICATION_CONTEXT ( 'configuration controlled 3d designs of mechanical parts and assemblies' ) ;
#441 = DIRECTION ( 'NONE',  ( 0.0000000000000000000, 0.0000000000000000000, 1.000000000000000000 ) ) ;
#442 = EDGE_LOOP ( 'NONE', ( #7019 ) ) ;
#443 = LINE ( 'NONE', #6405, #796 ) ;
#444 = CARTESIAN_POINT ( 'NONE',  ( 0.0000000000000000000, -1.499999999999989120, 15.75000000000000000 ) ) ;
#445 = DIRECTION ( 'NONE',  ( 0.0000000000000000000, 0.0000000000000000000, 1.000000000000000000 ) ) ;
#446 = CARTESIAN_POINT ( 'NONE',  ( 11.00266108209725324, 15.34469664382734599, -34.27795631479723681 ) ) ;
#447 = AXIS2_PLACEMENT_3D ( 'NONE', #6197, #61, #3860 ) ;
#448 = FACE_OUTER_BOUND ( 'NONE', #30, .T. ) ;
#449 = CARTESIAN_POINT ( 'NONE',  ( 35.24767691410526993, -53.73291574311152630, 7.400615611620386503 ) ) ;
#450 = CARTESIAN_POINT ( 'NONE',  ( 3.980814712676603538E-13, -60.29999999999996163, 42.50000000000007816 ) ) ;
#451 = CARTESIAN_POINT ( 'NONE',  ( 18.85714285725531525, -27.64527539155203328, 30.66607511992812007 ) ) ;
#452 = CYLINDRICAL_SURFACE ( 'NONE', #9778, 8.000000000000001776 ) ;
#453 = CARTESIAN_POINT ( 'NONE',  ( 12.04127140131845408, -39.76155166965928345, 33.02216674085233450 ) ) ;
#454 = ORIENTED_EDGE ( 'NONE', *, *, #8880, .F. ) ;
#455 = VECTOR ( 'NONE', #3437, 1000.000000000000000 ) ;
#456 = LOCAL_TIME ( 17, 37, 41.00000000000000000, #1421 ) ;
#457 = CONICAL_SURFACE ( 'NONE', #2214, 1.500000000021407764, 1.029744257971373811 ) ;
#458 = CARTESIAN_POINT ( 'NONE',  ( -5.893115326323888681, -43.69052345723912367, -34.16625285902922116 ) ) ;
#459 = DIRECTION ( 'NONE',  ( -0.7071067811865493491, -0.7071067811865456854, 0.0000000000000000000 ) ) ;
#460 = APPROVAL_STATUS ( 'not_yet_approved' ) ;
#461 = CONICAL_SURFACE ( 'NONE', #1732, 1.699999999712875631, 0.7853981633974482790 ) ;
#462 = CARTESIAN_POINT ( 'NONE',  ( 11.16702342285284821, 15.54292133490197436, 34.22456784244959493 ) ) ;
#463 = EDGE_CURVE ( 'NONE', #8216, #1710, #5551, .T. ) ;
#464 = CARTESIAN_POINT ( 'NONE',  ( 2.773877271608326645, -67.49266741520551705, 53.02711893424396550 ) ) ;
#465 = CARTESIAN_POINT ( 'NONE',  ( 29.44780988959210433, -48.75866565074790770, -20.71394527220821402 ) ) ;
#466 = CARTESIAN_POINT ( 'NONE',  ( -6.445510131984898194, -60.35595997563445536, 52.49999999999824496 ) ) ;
#467 = CIRCLE ( 'NONE', #6215, 7.249999999999999112 ) ;
#468 = CARTESIAN_POINT ( 'NONE',  ( 28.79762943992757229, -38.65285776857952271, -14.49546823965785336 ) ) ;
#469 = ADVANCED_FACE ( 'NONE', ( #8626, #4808 ), #156, .F. ) ;
#470 = FACE_OUTER_BOUND ( 'NONE', #7593, .T. ) ;
#471 = PLANE ( 'NONE',  #8551 ) ;
#472 = ORIENTED_EDGE ( 'NONE', *, *, #8439, .F. ) ;
#473 = AXIS2_PLACEMENT_3D ( 'NONE', #5248, #9862, #4547 ) ;
#474 = CARTESIAN_POINT ( 'NONE',  ( -55.99999999999981526, -26.00000000000034817, 35.99999999999995737 ) ) ;
#475 = APPROVAL ( #460, '未指定' ) ;
#476 = DIRECTION ( 'NONE',  ( -0.4539682539682457496, 0.4988876515698744685, 0.7382573639999250315 ) ) ;
#477 = CARTESIAN_POINT ( 'NONE',  ( -2.604716081330669564, -57.96216892491020900, 54.72278054076751630 ) ) ;
#478 = VECTOR ( 'NONE', #2013, 1000.000000000000000 ) ;
#479 = EDGE_LOOP ( 'NONE', ( #9200, #3856, #1841, #2094, #3886, #7481, #4587, #4363, #2141, #5525, #5819, #4887 ) ) ;
#480 = VECTOR ( 'NONE', #7509, 1000.000000000000000 ) ;
#481 = LINE ( 'NONE', #1378, #2402 ) ;
#482 = EDGE_CURVE ( 'NONE', #787, #4276, #2886, .T. ) ;
#483 = CARTESIAN_POINT ( 'NONE',  ( -33.76178991998691004, -52.58762636324085804, 12.49570134227605855 ) ) ;
#484 = CARTESIAN_POINT ( 'NONE',  ( -30.45413101675081080, -41.73070456768930114, 11.33435235874919655 ) ) ;
#485 = CARTESIAN_POINT ( 'NONE',  ( 18.07142857142845926, 19.00000000000001066, 29.38832198999682888 ) ) ;
#486 = EDGE_LOOP ( 'NONE', ( #4507 ) ) ;
#487 = CARTESIAN_POINT ( 'NONE',  ( -2.849508870969374996, -49.40292978610942498, -35.88709566569142595 ) ) ;
#488 = VECTOR ( 'NONE', #9237, 1000.000000000000114 ) ;
#489 = CARTESIAN_POINT ( 'NONE',  ( 20.69984810155301957, 18.99999999999563016, -27.27806268454031979 ) ) ;
#490 = CARTESIAN_POINT ( 'NONE',  ( -1.410798131543373968, -64.91552109031698592, -32.46944649170703912 ) ) ;
#491 = AXIS2_PLACEMENT_3D ( 'NONE', #3644, #4440, #7505 ) ;
#492 = FACE_OUTER_BOUND ( 'NONE', #8666, .T. ) ;
#493 = CARTESIAN_POINT ( 'NONE',  ( -25.99999999999998934, -2.068997335574266581E-13, -17.88854381999832199 ) ) ;
#494 = DIRECTION ( 'NONE',  ( -1.000000000000000000, -0.0000000000000000000, -0.0000000000000000000 ) ) ;
#495 = ORIENTED_EDGE ( 'NONE', *, *, #4694, .F. ) ;
#496 = CARTESIAN_POINT ( 'NONE',  ( -8.295426784325650615, 14.00258685145812443, 35.03221332544538313 ) ) ;
#497 = ORIENTED_EDGE ( 'NONE', *, *, #6386, .F. ) ;
#498 = DIRECTION ( 'NONE',  ( 0.7442045946659733291, -0.6679517357399816779, -0.0000000000000000000 ) ) ;
#499 = ORIENTED_EDGE ( 'NONE', *, *, #5426, .F. ) ;
#500 = FACE_OUTER_BOUND ( 'NONE', #2175, .T. ) ;
#501 = AXIS2_PLACEMENT_3D ( 'NONE', #117, #3167, #6218 ) ;
#502 = CARTESIAN_POINT ( 'NONE',  ( 6.000000000000398792, -60.29999999999996163, 32.00000000000008527 ) ) ;
#503 = DIRECTION ( 'NONE',  ( 1.000000000000000000, 0.0000000000000000000, 0.0000000000000000000 ) ) ;
#504 = CARTESIAN_POINT ( 'NONE',  ( 4.210411580108673668, 16.69251117877054824, -35.75308666895132603 ) ) ;
#505 = DIRECTION ( 'NONE',  ( -0.0000000000000000000, -1.000000000000000000, -0.0000000000000000000 ) ) ;
#506 = CARTESIAN_POINT ( 'NONE',  ( 33.83720904144919217, -52.64760997955972499, 12.29000816357479842 ) ) ;
#507 = FACE_OUTER_BOUND ( 'NONE', #3933, .T. ) ;
#508 = LINE ( 'NONE', #8122, #1621 ) ;
#509 = CARTESIAN_POINT ( 'NONE',  ( 12.12435565298261331, -72.29999999999989768, 33.00000000000009237 ) ) ;
#510 = CARTESIAN_POINT ( 'NONE',  ( 5.701811951440825865, -48.99205763239159950, 35.54922054270362963 ) ) ;
#511 = VERTEX_POINT ( 'NONE', #4055 ) ;
#512 = CARTESIAN_POINT ( 'NONE',  ( -7.110874239786311612, -45.86056159708813595, -35.31621994706761569 ) ) ;
#513 = CARTESIAN_POINT ( 'NONE',  ( -7.308543256653928566, -63.21350773903802889, 30.36786704772577394 ) ) ;
#514 = CARTESIAN_POINT ( 'NONE',  ( 11.17294867700183403, 20.44967828403791898, 34.22263732270915426 ) ) ;
#515 = CARTESIAN_POINT ( 'NONE',  ( -2.342471956753723106, -62.90055071472984594, 54.45122157594772716 ) ) ;
#516 = CARTESIAN_POINT ( 'NONE',  ( 20.06778712487514582, -34.10504550758990661, -29.89680115533927562 ) ) ;
#517 = CARTESIAN_POINT ( 'NONE',  ( -6.229338210730405834, -58.83189051622158416, 52.50000000000007105 ) ) ;
#518 = CARTESIAN_POINT ( 'NONE',  ( 26.82010143430584037, -32.98755518556787791, -17.07245950162851855 ) ) ;
#519 = CARTESIAN_POINT ( 'NONE',  ( -21.69836519436045918, 18.99999992748949040, 26.12355361179676549 ) ) ;
#520 = LINE ( 'NONE', #6333, #4871 ) ;
#521 = ORIENTED_EDGE ( 'NONE', *, *, #4556, .F. ) ;
#522 = CARTESIAN_POINT ( 'NONE',  ( 24.30000000000049099, -66.79999999999982663, -15.49999999999988454 ) ) ;
#523 = CARTESIAN_POINT ( 'NONE',  ( 11.75000000000012434, 16.25000000000000355, -12.30000000000000249 ) ) ;
#524 = EDGE_CURVE ( 'NONE', #5758, #8503, #4972, .T. ) ;
#525 = CARTESIAN_POINT ( 'NONE',  ( 6.058300795179666132, -65.73755381353319649, 30.50000000000007816 ) ) ;
#526 = CARTESIAN_POINT ( 'NONE',  ( -3.447494447909596804, -60.91371273385744445, 54.63718585186310861 ) ) ;
#527 = AXIS2_PLACEMENT_3D ( 'NONE', #2899, #5950, #2152 ) ;
#528 = EDGE_LOOP ( 'NONE', ( #6435, #8076, #862, #6734 ) ) ;
#529 = ADVANCED_FACE ( 'NONE', ( #5608 ), #1805, .T. ) ;
#530 = DIRECTION ( 'NONE',  ( -0.0000000000000000000, -0.0000000000000000000, -1.000000000000000000 ) ) ;
#531 = EDGE_CURVE ( 'NONE', #8045, #2323, #1051, .T. ) ;
#532 = SHAPE_REPRESENTATION ( 'EFG-C50 V4.0(外发)', ( #6369, #9408, #5080, #4604, #767 ), #4449 ) ;
#533 = EDGE_CURVE ( 'NONE', #4441, #5328, #7330, .T. ) ;
#534 = CARTESIAN_POINT ( 'NONE',  ( -35.41233349881499493, -53.85473388082576918, 6.478503350862811594 ) ) ;
#535 = CARTESIAN_POINT ( 'NONE',  ( -35.93367178966662578, -48.91691468140869858, 2.313660005445086654 ) ) ;
#536 = CARTESIAN_POINT ( 'NONE',  ( 20.87885447031241171, 18.99999999535909012, 27.09022513492567086 ) ) ;
#537 = CARTESIAN_POINT ( 'NONE',  ( 0.9353028590711998103, -49.52507678978979300, -35.99085000093958087 ) ) ;
#538 = DIRECTION ( 'NONE',  ( 0.4539682539682661222, 0.4988876515698448255, 0.7382573639999325810 ) ) ;
#539 = CARTESIAN_POINT ( 'NONE',  ( 1.158620694710167154, -66.19260042622285312, -32.47962466734691134 ) ) ;
#540 = EDGE_CURVE ( 'NONE', #1443, #5789, #2050, .T. ) ;
#541 = CARTESIAN_POINT ( 'NONE',  ( 17.75000000000013856, 18.99999999999310418, -29.58356807418603651 ) ) ;
#542 = DIRECTION ( 'NONE',  ( -0.0000000000000000000, -0.0000000000000000000, -1.000000000000000000 ) ) ;
#543 = ORIENTED_EDGE ( 'NONE', *, *, #6958, .F. ) ;
#544 = DIRECTION ( 'NONE',  ( 0.0000000000000000000, -0.0000000000000000000, 1.000000000000000000 ) ) ;
#545 = EDGE_LOOP ( 'NONE', ( #5049 ) ) ;
#546 = AXIS2_PLACEMENT_3D ( 'NONE', #1933, #9397, #1028 ) ;
#547 = CYLINDRICAL_SURFACE ( 'NONE', #2307, 0.5000000000000004441 ) ;
#548 = ORIENTED_EDGE ( 'NONE', *, *, #9040, .F. ) ;
#549 = CARTESIAN_POINT ( 'NONE',  ( 17.75000000000014211, 18.74790026526357423, 30.56190972328601774 ) ) ;
#550 = VERTEX_POINT ( 'NONE', #772 ) ;
#551 = CARTESIAN_POINT ( 'NONE',  ( 2.111383691317217703, -57.49203883777386892, 54.51937133215994891 ) ) ;
#552 = CARTESIAN_POINT ( 'NONE',  ( 10.43608103943775411, 14.81678687590698829, -34.45488191408109202 ) ) ;
#553 = CARTESIAN_POINT ( 'NONE',  ( 24.19854812549700540, -42.47518248500841764, 26.66503182371101133 ) ) ;
#554 = DIRECTION ( 'NONE',  ( 0.0000000000000000000, 0.0000000000000000000, 1.000000000000000000 ) ) ;
#555 = CARTESIAN_POINT ( 'NONE',  ( 8.705133898679362048, -61.18495412653467014, 42.50000000000007816 ) ) ;
#556 = CARTESIAN_POINT ( 'NONE',  ( -17.74999999999987921, 18.92196339094735436, -30.15800888141534486 ) ) ;
#557 = CARTESIAN_POINT ( 'NONE',  ( 12.43046016608071014, -46.36271455998972613, 33.78804487620023878 ) ) ;
#558 = ORIENTED_EDGE ( 'NONE', *, *, #4922, .F. ) ;
#559 = CARTESIAN_POINT ( 'NONE',  ( -0.7567284586243356870, -44.26119838311556975, -34.49588089240914002 ) ) ;
#560 = VECTOR ( 'NONE', #7961, 1000.000000000000000 ) ;
#561 = DIRECTION ( 'NONE',  ( 0.0000000000000000000, 0.0000000000000000000, 1.000000000000000000 ) ) ;
#562 = DATE_TIME_ROLE ( 'classification_date' ) ;
#563 = CARTESIAN_POINT ( 'NONE',  ( 4.540113402119905217, 15.97535102783099603, 35.71287976495158034 ) ) ;
#564 = CARTESIAN_POINT ( 'NONE',  ( 0.6870252798856898435, -65.61963892264532205, 66.81395364737750242 ) ) ;
#565 = CARTESIAN_POINT ( 'NONE',  ( 26.29532373735919037, -30.33651516833241502, -17.60970874827137322 ) ) ;
#566 = CARTESIAN_POINT ( 'NONE',  ( -5.899999999999988809, 18.00000000000001421, 33.00000000000000000 ) ) ;
#567 = CARTESIAN_POINT ( 'NONE',  ( 26.95106910955723123, -33.51301686334267771, -16.93079274299576298 ) ) ;
#568 = VECTOR ( 'NONE', #3003, 1000.000000000000114 ) ;
#569 = CARTESIAN_POINT ( 'NONE',  ( -23.13733193798692156, 18.99999998144392777, 23.79982914277577066 ) ) ;
#570 = LINE ( 'NONE', #2919, #6793 ) ;
#571 = ORIENTED_EDGE ( 'NONE', *, *, #4021, .F. ) ;
#572 = CARTESIAN_POINT ( 'NONE',  ( 3.350444921501605222E-11, 18.24833147733429684, -5.589279039597272458E-11 ) ) ;
#573 = CALENDAR_DATE ( 2023, 16, 11 ) ;
#574 = CARTESIAN_POINT ( 'NONE',  ( 26.00000000000015632, -25.99999999999979039, 17.88854381999837173 ) ) ;
#575 = ADVANCED_FACE ( 'NONE', ( #2848, #5755, #7316 ), #2658, .F. ) ;
#576 = ORIENTED_EDGE ( 'NONE', *, *, #8373, .T. ) ;
#577 = DIRECTION ( 'NONE',  ( 4.304913725480044159E-30, 1.000000000000000000, 0.0000000000000000000 ) ) ;
#578 = UNCERTAINTY_MEASURE_WITH_UNIT (LENGTH_MEASURE( 1.000000000000000082E-05 ), #423, 'distance_accuracy_value', 'NONE');
#579 = CARTESIAN_POINT ( 'NONE',  ( -21.54764108209321805, -37.78202394107442785, 28.83934055515634043 ) ) ;
#580 = CARTESIAN_POINT ( 'NONE',  ( -29.73600072367765890, -49.04284954882818681, 20.29880229571993411 ) ) ;
#581 = DIRECTION ( 'NONE',  ( -0.0000000000000000000, -1.000000000000000000, -0.0000000000000000000 ) ) ;
#582 = CARTESIAN_POINT ( 'NONE',  ( -3.026820029989986338, -49.38569806605619306, -35.87257760337638501 ) ) ;
#583 = CARTESIAN_POINT ( 'NONE',  ( -7.497768705133390554, -58.27347714381156152, 55.46585406692121012 ) ) ;
#584 = CARTESIAN_POINT ( 'NONE',  ( 21.80165887194867480, 18.99999992395145654, -25.98715461157929596 ) ) ;
#585 = CARTESIAN_POINT ( 'NONE',  ( 4.445525663380760051, -66.26440414724829964, 29.91754785360894076 ) ) ;
#586 = CARTESIAN_POINT ( 'NONE',  ( -9.027007709152043091, -55.96987220223108039, 34.85041354258830637 ) ) ;
#587 = CARTESIAN_POINT ( 'NONE',  ( 2.389482071352764692, -57.74164263891005788, 54.96600785381744458 ) ) ;
#588 = CARTESIAN_POINT ( 'NONE',  ( 23.39056644275495245, -41.20630670756132474, -27.36763547883002090 ) ) ;
#589 = ORIENTED_EDGE ( 'NONE', *, *, #8249, .T. ) ;
#590 = CARTESIAN_POINT ( 'NONE',  ( -6.270962009129186221, 14.38350110001899829, 35.45047538343693105 ) ) ;
#591 = ORIENTED_EDGE ( 'NONE', *, *, #3766, .F. ) ;
#592 = DIRECTION ( 'NONE',  ( -1.734723475976787373E-16, 2.706168622523788459E-14, 1.000000000000000000 ) ) ;
#593 = EDGE_LOOP ( 'NONE', ( #3084, #7470 ) ) ;
#594 = CARTESIAN_POINT ( 'NONE',  ( -12.12435565298201290, 10.49999999999998224, 32.79999999999999716 ) ) ;
#595 = ORIENTED_EDGE ( 'NONE', *, *, #1208, .T. ) ;
#596 = CARTESIAN_POINT ( 'NONE',  ( -0.4873884771775380265, -56.83358844921470876, 54.67042758694399396 ) ) ;
#597 = CYLINDRICAL_SURFACE ( 'NONE', #1013, 1.399999999999998579 ) ;
#598 = PRODUCT_RELATED_PRODUCT_CATEGORY ( 'detail', '', ( #950 ) ) ;
#599 = FACE_OUTER_BOUND ( 'NONE', #5727, .T. ) ;
#600 = CARTESIAN_POINT ( 'NONE',  ( 15.18254796381707017, -43.76220664503347990, 32.64200707296144088 ) ) ;
#601 = CARTESIAN_POINT ( 'NONE',  ( 14.08387235438882179, -41.19661778360198667, 33.21517579230413020 ) ) ;
#602 = VERTEX_POINT ( 'NONE', #1158 ) ;
#603 = CARTESIAN_POINT ( 'NONE',  ( 0.0000000000000000000, 5.000000000000000888, 0.0000000000000000000 ) ) ;
#604 = EDGE_CURVE ( 'NONE', #6707, #1058, #5058, .T. ) ;
#605 = CARTESIAN_POINT ( 'NONE',  ( 11.45571160006741884, -44.03373723348526880, -34.18255179994021375 ) ) ;
#606 = CIRCLE ( 'NONE', #7798, 2.000000000000001776 ) ;
#607 = CARTESIAN_POINT ( 'NONE',  ( -3.590874712836100269, -66.55025569053866263, 29.70283816511907204 ) ) ;
#608 = CARTESIAN_POINT ( 'NONE',  ( 11.45781545948601909, 15.97249286671588742, 34.12831553161307596 ) ) ;
#609 = CARTESIAN_POINT ( 'NONE',  ( 2.389482071352764692, -57.74164263891005788, 54.96600785381744458 ) ) ;
#610 = CARTESIAN_POINT ( 'NONE',  ( 30.56590978385808199, -41.91065954138752403, -11.06891698760382070 ) ) ;
#611 = CARTESIAN_POINT ( 'NONE',  ( 25.10000000000108500, -153.7965029924594660, 18.10000000000022524 ) ) ;
#612 = CARTESIAN_POINT ( 'NONE',  ( 29.12027100185486717, -39.32445737225739890, -13.97077391458806694 ) ) ;
#613 = LOCAL_TIME ( 17, 37, 41.00000000000000000, #6971 ) ;
#614 = CARTESIAN_POINT ( 'NONE',  ( -23.17392249207815169, 18.99999997564626497, 23.72404104666489388 ) ) ;
#615 = DIRECTION ( 'NONE',  ( -0.0000000000000000000, 1.000000000000000000, -0.0000000000000000000 ) ) ;
#616 = AXIS2_PLACEMENT_3D ( 'NONE', #8909, #8859, #8815 ) ;
#617 = ORIENTED_EDGE ( 'NONE', *, *, #7642, .F. ) ;
#618 = DIRECTION ( 'NONE',  ( 0.0000000000000000000, 0.0000000000000000000, 1.000000000000000000 ) ) ;
#619 = CALENDAR_DATE ( 2023, 16, 11 ) ;
#620 = LOCAL_TIME ( 17, 37, 41.00000000000000000, #759 ) ;
#621 = PLANE ( 'NONE',  #7172 ) ;
#622 = CIRCLE ( 'NONE', #1896, 0.5000000000000004441 ) ;
#623 = CIRCLE ( 'NONE', #8324, 1.499999999876766577 ) ;
#624 = ORIENTED_EDGE ( 'NONE', *, *, #4116, .F. ) ;
#625 = EDGE_LOOP ( 'NONE', ( #2926, #326, #5240, #7689 ) ) ;
#626 = CIRCLE ( 'NONE', #5419, 1.649999999999998579 ) ;
#627 = AXIS2_PLACEMENT_3D ( 'NONE', #9308, #9353, #7849 ) ;
#628 = CARTESIAN_POINT ( 'NONE',  ( -31.69746812237222855, -50.86517407342743269, 17.09348451578670591 ) ) ;
#629 = CARTESIAN_POINT ( 'NONE',  ( -34.34598044559278662, -53.04740981656856036, -10.80691396295429030 ) ) ;
#630 = CARTESIAN_POINT ( 'NONE',  ( 1.500000000000009548, 18.50000000000000000, 33.50000000000000000 ) ) ;
#631 =( REPRESENTATION_RELATIONSHIP ('NONE','NONE', #532, #9692 ) REPRESENTATION_RELATIONSHIP_WITH_TRANSFORMATION ( #4064 )SHAPE_REPRESENTATION_RELATIONSHIP( ) );
#632 = CIRCLE ( 'NONE', #6219, 8.000000000000001776 ) ;
#633 = CARTESIAN_POINT ( 'NONE',  ( 2.556412124329920044, -49.42905985527071522, -35.90916440659628250 ) ) ;
#634 = VECTOR ( 'NONE', #7859, 1000.000000000000114 ) ;
#635 = CARTESIAN_POINT ( 'NONE',  ( 24.14790068056575123, 19.00000000000001066, -20.96396383114242212 ) ) ;
#636 = CARTESIAN_POINT ( 'NONE',  ( 17.67766952966358929, 5.000000000000000888, 17.67766952966378469 ) ) ;
#637 = PLANE ( 'NONE',  #8348 ) ;
#638 = AXIS2_PLACEMENT_3D ( 'NONE', #6803, #5157, #5946 ) ;
#639 = ADVANCED_FACE ( 'NONE', ( #8830, #7269 ), #452, .T. ) ;
#640 = CARTESIAN_POINT ( 'NONE',  ( 32.79448618552634542, -51.80061064672069193, -14.85847783649124132 ) ) ;
#641 = ORIENTED_EDGE ( 'NONE', *, *, #7090, .F. ) ;
#642 = ORIENTED_EDGE ( 'NONE', *, *, #3022, .T. ) ;
#643 = CARTESIAN_POINT ( 'NONE',  ( -17.03525130806781718, -55.62557887316945227, 51.88526003362022720 ) ) ;
#644 = EDGE_CURVE ( 'NONE', #4840, #8963, #4169, .T. ) ;
#645 = ORIENTED_EDGE ( 'NONE', *, *, #5115, .F. ) ;
#646 = VECTOR ( 'NONE', #2768, 1000.000000000000000 ) ;
#647 = DIRECTION ( 'NONE',  ( -0.0000000000000000000, -1.000000000000000000, -0.0000000000000000000 ) ) ;
#648 = ORIENTED_EDGE ( 'NONE', *, *, #3929, .F. ) ;
#649 = DIRECTION ( 'NONE',  ( -0.0000000000000000000, -1.000000000000000000, -0.0000000000000000000 ) ) ;
#650 = CARTESIAN_POINT ( 'NONE',  ( -7.542342539712814542, -58.23347044351796598, 54.99728983753417566 ) ) ;
#651 = LINE ( 'NONE', #9769, #6479 ) ;
#652 = AXIS2_PLACEMENT_3D ( 'NONE', #7102, #2544, #345 ) ;
#653 = DIRECTION ( 'NONE',  ( 0.0000000000000000000, 0.0000000000000000000, 1.000000000000000000 ) ) ;
#654 = CARTESIAN_POINT ( 'NONE',  ( -4.910661645799929254, -66.92932139818732651, 34.50000000000007816 ) ) ;
#655 = DIRECTION ( 'NONE',  ( 0.0000000000000000000, 0.0000000000000000000, 1.000000000000000000 ) ) ;
#656 = CARTESIAN_POINT ( 'NONE',  ( -0.7759108536056504857, -44.26759141637795381, 34.49985407502557422 ) ) ;
#657 = ORIENTED_EDGE ( 'NONE', *, *, #8367, .F. ) ;
#658 = EDGE_CURVE ( 'NONE', #2953, #5060, #3567, .T. ) ;
#659 = CARTESIAN_POINT ( 'NONE',  ( -1.892672535244972476, -44.21408635896411710, -34.46687043013368168 ) ) ;
#660 = EDGE_CURVE ( 'NONE', #2940, #6180, #7229, .T. ) ;
#661 = DIRECTION ( 'NONE',  ( -0.0000000000000000000, -0.0000000000000000000, 1.000000000000000000 ) ) ;
#662 = CARTESIAN_POINT ( 'NONE',  ( 8.977554564279826010, -42.68135727991411699, 33.70123842758382438 ) ) ;
#663 = CARTESIAN_POINT ( 'NONE',  ( 0.0000000000000000000, 23.00000000000000000, 0.0000000000000000000 ) ) ;
#664 = TOROIDAL_SURFACE ( 'NONE', #179, 34.49999999993921307, 1.500000000000022204 ) ;
#665 = CARTESIAN_POINT ( 'NONE',  ( 31.94324586158529300, -43.92463844666094985, -6.673841216468905380 ) ) ;
#666 = FACE_BOUND ( 'NONE', #1744, .T. ) ;
#667 = EDGE_CURVE ( 'NONE', #3178, #7788, #5852, .T. ) ;
#668 = CARTESIAN_POINT ( 'NONE',  ( -24.19338277396464676, 18.99999995581628198, -20.75729550847366767 ) ) ;
#669 = CARTESIAN_POINT ( 'NONE',  ( -18.55182074997649977, 18.99999999999999645, 29.09291985904657096 ) ) ;
#670 = CARTESIAN_POINT ( 'NONE',  ( 6.445509878783455271, -60.24403125508551682, 52.49999999999844391 ) ) ;
#671 = VERTEX_POINT ( 'NONE', #5164 ) ;
#672 = CARTESIAN_POINT ( 'NONE',  ( -32.23499082997960130, -44.30939391139383332, -5.189470333970163551 ) ) ;
#673 = PERSON_AND_ORGANIZATION ( #7395, #7661 ) ;
#674 = DIRECTION ( 'NONE',  ( 0.0000000000000000000, 0.0000000000000000000, 1.000000000000000000 ) ) ;
#675 = CARTESIAN_POINT ( 'NONE',  ( -10.67540403747815425, -47.35887536628728611, 34.38074912048030995 ) ) ;
#676 = ORIENTED_EDGE ( 'NONE', *, *, #6339, .F. ) ;
#677 = EDGE_LOOP ( 'NONE', ( #5356, #7857, #2576, #2611, #8996, #5706 ) ) ;
#678 = CARTESIAN_POINT ( 'NONE',  ( -29.14848860928225349, -48.46406733603159722, 21.14797889135055442 ) ) ;
#679 = CARTESIAN_POINT ( 'NONE',  ( -31.20665803574503983, -42.89144902494964384, -9.343740174482491057 ) ) ;
#680 = CARTESIAN_POINT ( 'NONE',  ( 22.33654216934148451, 18.99999997411760688, 25.21932498469278272 ) ) ;
#681 = CARTESIAN_POINT ( 'NONE',  ( -10.33455809795112224, -47.52651627864270978, -34.48714116812239183 ) ) ;
#682 = CARTESIAN_POINT ( 'NONE',  ( 22.75256731331300841, 18.99999999968659026, -24.53148253182109073 ) ) ;
#683 = LINE ( 'NONE', #6031, #1908 ) ;
#684 = CARTESIAN_POINT ( 'NONE',  ( -9.885589606770327720, -58.77175353028959393, 34.61614022811769331 ) ) ;
#685 = CARTESIAN_POINT ( 'NONE',  ( 19.86741553564282015, -33.33163585055041978, -30.02287360524454130 ) ) ;
#686 = ORIENTED_EDGE ( 'NONE', *, *, #6586, .F. ) ;
#687 = ORIENTED_EDGE ( 'NONE', *, *, #9901, .T. ) ;
#688 = DIRECTION ( 'NONE',  ( -0.9784759524638702022, 0.2063608743195329276, 0.0000000000000000000 ) ) ;
#689 = PLANE ( 'NONE',  #8465 ) ;
#690 = ORIENTED_EDGE ( 'NONE', *, *, #8064, .F. ) ;
#691 = CARTESIAN_POINT ( 'NONE',  ( -18.16590212458494591, 23.00000000000000000, 30.50000000000000000 ) ) ;
#692 = VERTEX_POINT ( 'NONE', #1358 ) ;
#693 = CARTESIAN_POINT ( 'NONE',  ( -18.85714285714269067, -26.00000000000008527, 30.66607511999711733 ) ) ;
#694 = LINE ( 'NONE', #3749, #1369 ) ;
#695 = CARTESIAN_POINT ( 'NONE',  ( 6.895163659697746361, -57.01546845744609726, 30.12126628637184211 ) ) ;
#696 = CARTESIAN_POINT ( 'NONE',  ( 17.75000000000012434, 18.24833147735475336, 31.08982952671179234 ) ) ;
#697 = DIRECTION ( 'NONE',  ( 0.0000000000000000000, -1.000000000000000000, 0.0000000000000000000 ) ) ;
#698 = CARTESIAN_POINT ( 'NONE',  ( -7.199440529403181799, -43.34524337589970600, 33.99272616532616809 ) ) ;
#699 = ORIENTED_EDGE ( 'NONE', *, *, #4257, .T. ) ;
#700 = CARTESIAN_POINT ( 'NONE',  ( -4.171468047537936208, -49.25259497017217569, -35.76121057587300811 ) ) ;
#701 = DIRECTION ( 'NONE',  ( -1.000000000000000000, -7.232542356195665578E-15, 0.0000000000000000000 ) ) ;
#702 = B_SPLINE_CURVE_WITH_KNOTS ( 'NONE', 3,
 ( #4824, #7284, #8793, #3422, #9589, #5766, #4172, #8842, #323, #1863, #1065, #4268, #1921, #6523, #5024, #1217, #7884, #6480, #7331, #9248, #8039, #4919, #2384, #1014, #3312, #4070 ),
 .UNSPECIFIED., .F., .F.,
 ( 4, 2, 2, 2, 2, 2, 2, 2, 2, 2, 2, 2, 4 ),
 ( 8.673617379884035472E-19, 0.001512789096196483132, 0.002269183644294723180, 0.003025578192392963661, 0.003781972740491204143, 0.004538367288589443757, 0.006051156384785935996, 0.007563945480982425633, 0.008320340029080667416, 0.009076734577178908331, 0.009833129125277149246, 0.01058952367337539016, 0.01210231276957183730 ),
 .UNSPECIFIED. ) ;
#703 = DATE_TIME_ROLE ( 'classification_date' ) ;
#704 = AXIS2_PLACEMENT_3D ( 'NONE', #8922, #5056, #6563 ) ;
#705 = LINE ( 'NONE', #1558, #3671 ) ;
#706 = CARTESIAN_POINT ( 'NONE',  ( 7.515828109532933787, -62.34273185382294002, 53.71355212158790948 ) ) ;
#707 = CARTESIAN_POINT ( 'NONE',  ( 35.56996805663405326, -53.97105069532081956, 5.558690187186112297 ) ) ;
#708 = CARTESIAN_POINT ( 'NONE',  ( -10.99999999999949196, -72.30000000000005400, 17.88854381999838949 ) ) ;
#709 = ADVANCED_FACE ( 'NONE', ( #4411 ), #5394, .T. ) ;
#710 = CARTESIAN_POINT ( 'NONE',  ( -23.57714323284121960, 18.99999992452622521, -22.79569413784614795 ) ) ;
#711 = EDGE_CURVE ( 'NONE', #9305, #7607, #3096, .T. ) ;
#712 = CARTESIAN_POINT ( 'NONE',  ( -24.04130513896927823, 18.99999999828795794, 21.37819758578408624 ) ) ;
#713 = CARTESIAN_POINT ( 'NONE',  ( -22.65807710522731711, -39.98042301711791424, -27.98291735760886212 ) ) ;
#714 = FACE_OUTER_BOUND ( 'NONE', #1147, .T. ) ;
#715 = ORIENTED_EDGE ( 'NONE', *, *, #5224, .F. ) ;
#716 = ADVANCED_FACE ( 'NONE', ( #9211, #8462 ), #5998, .T. ) ;
#717 = CARTESIAN_POINT ( 'NONE',  ( -29.55862743161781125, -40.18044890207065833, -13.20351254191280610 ) ) ;
#718 = DATE_TIME_ROLE ( 'classification_date' ) ;
#719 = CARTESIAN_POINT ( 'NONE',  ( -0.8725729183063000161, -66.82124107449763528, -35.98954969832313111 ) ) ;
#720 = EDGE_CURVE ( 'NONE', #9123, #8045, #2259, .T. ) ;
#721 = AXIS2_PLACEMENT_3D ( 'NONE', #6636, #8946, #1996 ) ;
#722 = CARTESIAN_POINT ( 'NONE',  ( 7.916373332801711175E-15, 23.00000000000000000, 32.50000000000000000 ) ) ;
#723 = VERTEX_POINT ( 'NONE', #9069 ) ;
#724 = ORIENTED_EDGE ( 'NONE', *, *, #4517, .F. ) ;
#725 = EDGE_CURVE ( 'NONE', #9046, #1715, #8536, .T. ) ;
#726 = CARTESIAN_POINT ( 'NONE',  ( -35.19050536564987652, -48.17532411250547852, -7.816193010537224595 ) ) ;
#727 = ORIENTED_EDGE ( 'NONE', *, *, #837, .T. ) ;
#728 = FACE_OUTER_BOUND ( 'NONE', #1664, .T. ) ;
#729 = VERTEX_POINT ( 'NONE', #5894 ) ;
#730 = CARTESIAN_POINT ( 'NONE',  ( 5.502187448948230752, -49.02601940602819042, -35.57705438579851887 ) ) ;
#731 = CARTESIAN_POINT ( 'NONE',  ( 24.39836944580262923, 18.99999992760549716, -19.54602339399987798 ) ) ;
#732 = CARTESIAN_POINT ( 'NONE',  ( -7.141428428542404561, -67.29999999999999716, 35.28455752875475326 ) ) ;
#733 = CARTESIAN_POINT ( 'NONE',  ( 33.74996869664447274, -52.57820786680012759, -12.52759726731494538 ) ) ;
#734 = ORIENTED_EDGE ( 'NONE', *, *, #5597, .T. ) ;
#735 = ORIENTED_EDGE ( 'NONE', *, *, #4201, .F. ) ;
#736 = ORIENTED_EDGE ( 'NONE', *, *, #8127, .F. ) ;
#737 = CARTESIAN_POINT ( 'NONE',  ( -25.99999999999986855, 6.938893903907228378E-15, 33.00000000000000000 ) ) ;
#738 = ORIENTED_EDGE ( 'NONE', *, *, #4571, .T. ) ;
#739 = DIRECTION ( 'NONE',  ( -7.232542356195667155E-15, 1.000000000000000000, -1.276710262284687461E-15 ) ) ;
#740 = CARTESIAN_POINT ( 'NONE',  ( 11.58719731517398088, 16.21079621083559275, -34.08443087064721055 ) ) ;
#741 = CARTESIAN_POINT ( 'NONE',  ( 18.85714285714302818, -28.14774711843392652, 30.66607511999715641 ) ) ;
#742 = DIRECTION ( 'NONE',  ( 0.0000000000000000000, -1.000000000000000000, 0.0000000000000000000 ) ) ;
#743 = CARTESIAN_POINT ( 'NONE',  ( 15.93813123494780548, -42.55236658812451367, 32.28062272718727144 ) ) ;
#744 = CARTESIAN_POINT ( 'NONE',  ( -6.880634107597484395, -43.43680986821198076, 34.03765608640075868 ) ) ;
#745 = VERTEX_POINT ( 'NONE', #7542 ) ;
#746 = ORIENTED_EDGE ( 'NONE', *, *, #6453, .T. ) ;
#747 = CARTESIAN_POINT ( 'NONE',  ( 13.16201493809778178, -45.86378284380727166, -33.51463187663078003 ) ) ;
#748 = CARTESIAN_POINT ( 'NONE',  ( 4.086386431250551903E-13, -56.50000000000000000, 7.213412981908484146E-14 ) ) ;
#749 = CARTESIAN_POINT ( 'NONE',  ( -8.121876097656599569, -43.03738390836486616, 33.85038834720130296 ) ) ;
#750 = DIRECTION ( 'NONE',  ( 0.0000000000000000000, 0.0000000000000000000, 1.000000000000000000 ) ) ;
#751 = CARTESIAN_POINT ( 'NONE',  ( 35.99959361264755131, -54.28397790145661617, -0.7213532186788345069 ) ) ;
#752 = DIRECTION ( 'NONE',  ( 0.0000000000000000000, 0.0000000000000000000, 1.000000000000000000 ) ) ;
#753 = EDGE_CURVE ( 'NONE', #2905, #9764, #6784, .T. ) ;
#754 = PLANE ( 'NONE',  #2895 ) ;
#755 = PLANE ( 'NONE',  #8947 ) ;
#756 = DIRECTION ( 'NONE',  ( -1.000000000000000000, -6.938893903907222067E-15, 5.204170427930416550E-15 ) ) ;
#757 = ADVANCED_FACE ( 'NONE', ( #3441, #9843 ), #6018, .F. ) ;
#758 = EDGE_LOOP ( 'NONE', ( #1828 ) ) ;
#759 = COORDINATED_UNIVERSAL_TIME_OFFSET ( 8, 0, .AHEAD. ) ;
#760 = CARTESIAN_POINT ( 'NONE',  ( 0.8805781424138968694, -66.81663447302231873, -35.98935420524301065 ) ) ;
#761 = EDGE_CURVE ( 'NONE', #5729, #6096, #7356, .T. ) ;
#762 = AXIS2_PLACEMENT_3D ( 'NONE', #4314, #2909, #4460 ) ;
#763 = CARTESIAN_POINT ( 'NONE',  ( -4.910661645799843988, -66.92932139818734072, 37.50000000000008527 ) ) ;
#764 = ORIENTED_EDGE ( 'NONE', *, *, #6464, .T. ) ;
#765 = VERTEX_POINT ( 'NONE', #7252 ) ;
#766 = CIRCLE ( 'NONE', #6202, 1.000000000000000888 ) ;
#767 = AXIS2_PLACEMENT_3D ( 'NONE', #8796, #7237, #373 ) ;
#768 = EDGE_CURVE ( 'NONE', #3374, #4593, #8817, .T. ) ;
#769 = CARTESIAN_POINT ( 'NONE',  ( -32.98800898216237698, -45.67466740875406828, -14.87757927009581316 ) ) ;
#770 = VERTEX_POINT ( 'NONE', #1943 ) ;
#771 = FACE_OUTER_BOUND ( 'NONE', #7958, .T. ) ;
#772 = CARTESIAN_POINT ( 'NONE',  ( -10.10000000000000675, 18.00000000000001421, -32.99999999999999289 ) ) ;
#773 = CARTESIAN_POINT ( 'NONE',  ( 16.26798154876324176, -41.77849341721388754, -32.11468211987061494 ) ) ;
#774 = CARTESIAN_POINT ( 'NONE',  ( 23.74387214718603190, 18.99999994060215158, -22.35400034639778966 ) ) ;
#775 = PLANE ( 'NONE',  #4344 ) ;
#776 = CARTESIAN_POINT ( 'NONE',  ( 25.25763697054773615, -43.96517060187599668, -25.66300065429743782 ) ) ;
#777 = VECTOR ( 'NONE', #7496, 1000.000000000000000 ) ;
#778 = VERTEX_POINT ( 'NONE', #4996 ) ;
#779 = EDGE_CURVE ( 'NONE', #3071, #1610, #5774, .T. ) ;
#780 = ORIENTED_EDGE ( 'NONE', *, *, #3220, .F. ) ;
#781 = LINE ( 'NONE', #3085, #3333 ) ;
#782 = AXIS2_PLACEMENT_3D ( 'NONE', #5456, #8677, #6354 ) ;
#783 = CARTESIAN_POINT ( 'NONE',  ( 5.276818712346251772, -54.42078370213877747, 51.88526003362029115 ) ) ;
#784 = PLANE ( 'NONE',  #5566 ) ;
#785 = ORIENTED_EDGE ( 'NONE', *, *, #4494, .T. ) ;
#786 = DIRECTION ( 'NONE',  ( 5.127595883936538199E-30, -5.127595883936573232E-30, 1.000000000000000000 ) ) ;
#787 = VERTEX_POINT ( 'NONE', #8862 ) ;
#788 = PLANE ( 'NONE',  #8160 ) ;
#789 = CIRCLE ( 'NONE', #6547, 35.99999999999998579 ) ;
#790 = DIRECTION ( 'NONE',  ( 1.000000000000000000, -7.142979018728060535E-16, 0.0000000000000000000 ) ) ;
#791 = CARTESIAN_POINT ( 'NONE',  ( 3.980814712676606567E-13, -60.29999999999996163, 34.50000000000006395 ) ) ;
#792 = DIRECTION ( 'NONE',  ( -7.232542356195667155E-15, 1.000000000000000000, -1.276710262284687461E-15 ) ) ;
#793 = CARTESIAN_POINT ( 'NONE',  ( 11.54177517597597813, -46.90480890455879859, 34.10032431293205235 ) ) ;
#794 = CARTESIAN_POINT ( 'NONE',  ( -8.300006741026384915, -45.49390344298457478, 35.05546989026699833 ) ) ;
#795 = ORIENTED_EDGE ( 'NONE', *, *, #7329, .T. ) ;
#796 = VECTOR ( 'NONE', #8723, 1000.000000000000000 ) ;
#797 = VERTEX_POINT ( 'NONE', #6877 ) ;
#798 = CARTESIAN_POINT ( 'NONE',  ( -1.364142733679800434, -63.53484645087694105, 54.42527370213110061 ) ) ;
#799 = CIRCLE ( 'NONE', #7201, 1.750000000000001554 ) ;
#800 = DIRECTION ( 'NONE',  ( 1.000000000000000000, 0.0000000000000000000, 0.0000000000000000000 ) ) ;
#801 = CARTESIAN_POINT ( 'NONE',  ( 8.704072158400059323, -42.80374072223879267, 33.75082590482833922 ) ) ;
#802 = CARTESIAN_POINT ( 'NONE',  ( 2.453877267360263126, -57.79943975982924798, 55.41204413016328800 ) ) ;
#803 = VECTOR ( 'NONE', #2517, 1000.000000000000000 ) ;
#804 = CARTESIAN_POINT ( 'NONE',  ( 35.97874858518226659, -54.26895071493271416, -1.423185895074288387 ) ) ;
#805 = CIRCLE ( 'NONE', #2571, 7.249999999999999112 ) ;
#806 = CARTESIAN_POINT ( 'NONE',  ( -23.85189844872308385, 18.99999997788341588, -22.02208357152690965 ) ) ;
#807 = CARTESIAN_POINT ( 'NONE',  ( -24.20924342126258466, 18.99999999015324548, 20.68860789683759904 ) ) ;
#808 = CARTESIAN_POINT ( 'NONE',  ( -6.064563779958410450, -55.10116771544458203, 30.48585692089880439 ) ) ;
#809 = ORIENTED_EDGE ( 'NONE', *, *, #6270, .T. ) ;
#810 = AXIS2_PLACEMENT_3D ( 'NONE', #7200, #4345, #5834 ) ;
#811 = CALENDAR_DATE ( 2023, 16, 11 ) ;
#812 = CARTESIAN_POINT ( 'NONE',  ( 10.79978795761645571, -41.53758815880856758, -33.32593974729954311 ) ) ;
#813 = DIRECTION ( 'NONE',  ( -7.232542356195667155E-15, 1.000000000000000000, -1.276710262284687461E-15 ) ) ;
#814 = EDGE_CURVE ( 'NONE', #9608, #8979, #3369, .T. ) ;
#815 = VERTEX_POINT ( 'NONE', #2225 ) ;
#816 = VERTEX_POINT ( 'NONE', #6120 ) ;
#817 = EDGE_CURVE ( 'NONE', #1947, #8979, #3070, .T. ) ;
#818 = CARTESIAN_POINT ( 'NONE',  ( -35.19826499273641929, -53.69594352709704310, -7.585221864236441291 ) ) ;
#819 = ORIENTED_EDGE ( 'NONE', *, *, #3220, .T. ) ;
#820 = FACE_OUTER_BOUND ( 'NONE', #3180, .T. ) ;
#821 = CARTESIAN_POINT ( 'NONE',  ( 10.35734651265255124, -47.51042252712420577, -34.47816621929164427 ) ) ;
#822 = CARTESIAN_POINT ( 'NONE',  ( -10.64124551282509223, 21.01510954076185200, -34.39187197658600326 ) ) ;
#823 = CARTESIAN_POINT ( 'NONE',  ( 3.131521453284782819, -50.79977780100526985, 35.86432068087784586 ) ) ;
#824 = CARTESIAN_POINT ( 'NONE',  ( -2.318018344115402751, -53.51648319210502791, 58.50308003485938713 ) ) ;
#825 = EDGE_CURVE ( 'NONE', #8112, #3741, #7778, .T. ) ;
#826 = CARTESIAN_POINT ( 'NONE',  ( 35.37528712409066145, -53.82729668820410041, -6.677841919795398873 ) ) ;
#827 = ADVANCED_FACE ( 'NONE', ( #2422 ), #3775, .T. ) ;
#828 = ORIENTED_EDGE ( 'NONE', *, *, #2410, .F. ) ;
#829 = ADVANCED_FACE ( 'NONE', ( #3965 ), #2274, .F. ) ;
#830 = ORIENTED_EDGE ( 'NONE', *, *, #2856, .T. ) ;
#831 = CARTESIAN_POINT ( 'NONE',  ( -28.02607469981078481, -47.27825379467854106, -22.59518392186308233 ) ) ;
#832 = DIRECTION ( 'NONE',  ( -0.0000000000000000000, 1.000000000000000000, 0.0000000000000000000 ) ) ;
#833 = ORIENTED_EDGE ( 'NONE', *, *, #3635, .T. ) ;
#834 = DIRECTION ( 'NONE',  ( 0.6679517357399816779, 0.7442045946659733291, -0.0000000000000000000 ) ) ;
#835 = ORIENTED_EDGE ( 'NONE', *, *, #7642, .T. ) ;
#836 = CARTESIAN_POINT ( 'NONE',  ( -1.615304188838596167, -53.41103848641468943, 29.54987913870710869 ) ) ;
#837 = EDGE_CURVE ( 'NONE', #1443, #5449, #4489, .T. ) ;
#838 = CARTESIAN_POINT ( 'NONE',  ( 4.179110650923774672E-13, -60.29999999999998295, 44.50000000000007816 ) ) ;
#839 = DIRECTION ( 'NONE',  ( 0.0000000000000000000, 1.000000000000000000, 0.0000000000000000000 ) ) ;
#840 = CARTESIAN_POINT ( 'NONE',  ( -11.09999999999892317, -67.29999999999999716, 32.10000000000006537 ) ) ;
#841 = CARTESIAN_POINT ( 'NONE',  ( -5.336458586696933182, -49.05750786585990397, 35.60235627216325582 ) ) ;
#842 = AXIS2_PLACEMENT_3D ( 'NONE', #6100, #6851, #653 ) ;
#843 = CARTESIAN_POINT ( 'NONE',  ( -12.44586481690229895, -46.37962517562024090, 33.79076024443871518 ) ) ;
#844 = ORIENTED_EDGE ( 'NONE', *, *, #9602, .T. ) ;
#845 = ORIENTED_EDGE ( 'NONE', *, *, #9719, .T. ) ;
#846 = CARTESIAN_POINT ( 'NONE',  ( 0.7963377548106481685, -63.71030770301496204, 54.30345217735673202 ) ) ;
#847 = DIRECTION ( 'NONE',  ( 7.232542356195667155E-15, -1.000000000000000000, 1.276710262284686278E-15 ) ) ;
#848 = CARTESIAN_POINT ( 'NONE',  ( -1.532204118442152652, -44.24038331841735783, 34.48281767229722306 ) ) ;
#849 = CARTESIAN_POINT ( 'NONE',  ( 6.960985667593467596, -61.45740408449861292, 29.55006064214951778 ) ) ;
#850 = CARTESIAN_POINT ( 'NONE',  ( 32.40831514442248107, -44.53208083936802808, 4.035769654829017838 ) ) ;
#851 = CARTESIAN_POINT ( 'NONE',  ( -24.08575088153932597, 18.99999999975963760, -21.20728478613265366 ) ) ;
#852 = CARTESIAN_POINT ( 'NONE',  ( -24.36153384725758286, 18.99999998844309701, 19.82079100687241890 ) ) ;
#853 = CARTESIAN_POINT ( 'NONE',  ( -6.143183192172492646, -55.26492259832277654, 30.44157250745906396 ) ) ;
#854 = CIRCLE ( 'NONE', #3590, 0.5000000000000004441 ) ;
#855 = ORIENTED_EDGE ( 'NONE', *, *, #4375, .T. ) ;
#856 = APPROVAL_ROLE ( '' ) ;
#857 = CARTESIAN_POINT ( 'NONE',  ( -0.2260008785152902155, -67.05063733649997459, -36.00003098151438508 ) ) ;
#858 = VECTOR ( 'NONE', #7756, 1000.000000000000000 ) ;
#859 = DIRECTION ( 'NONE',  ( -7.232542356195667155E-15, 1.000000000000000000, -1.276710262284687461E-15 ) ) ;
#860 = VECTOR ( 'NONE', #5556, 1000.000000000000000 ) ;
#861 = ORIENTED_EDGE ( 'NONE', *, *, #2053, .T. ) ;
#862 = ORIENTED_EDGE ( 'NONE', *, *, #7753, .T. ) ;
#863 = ORIENTED_EDGE ( 'NONE', *, *, #4883, .T. ) ;
#864 = DIRECTION ( 'NONE',  ( -1.000000000000000000, 0.0000000000000000000, 0.0000000000000000000 ) ) ;
#865 = CARTESIAN_POINT ( 'NONE',  ( -10.10000000000000675, 18.00000000000001421, 30.00000000000002842 ) ) ;
#866 = CARTESIAN_POINT ( 'NONE',  ( 10.67540403743637434, -47.35887536629895322, -34.38074912049336262 ) ) ;
#867 = CARTESIAN_POINT ( 'NONE',  ( -7.780528451525656308, 22.00246768446045209, -35.15017569126679575 ) ) ;
#868 = CARTESIAN_POINT ( 'NONE',  ( -5.743930246094420156, -52.11060166497041024, 35.53940240863072830 ) ) ;
#869 = ORIENTED_EDGE ( 'NONE', *, *, #7493, .T. ) ;
#870 = ORIENTED_EDGE ( 'NONE', *, *, #3313, .F. ) ;
#871 = CARTESIAN_POINT ( 'NONE',  ( -33.74838560825665468, -52.57695576090632272, -12.53199105506131339 ) ) ;
#872 = CARTESIAN_POINT ( 'NONE',  ( -25.99999999999981171, -27.09648997795426695, 17.88854381997265008 ) ) ;
#873 = ORIENTED_EDGE ( 'NONE', *, *, #8187, .T. ) ;
#874 = CARTESIAN_POINT ( 'NONE',  ( 1.224646799134161727E-16, 0.0000000000000000000, 24.50000000000000000 ) ) ;
#875 = ORIENTED_EDGE ( 'NONE', *, *, #9883, .T. ) ;
#876 = ADVANCED_FACE ( 'NONE', ( #4721, #9187 ), #5372, .F. ) ;
#877 = CARTESIAN_POINT ( 'NONE',  ( -7.141428428542404561, -67.29999999999999716, 35.28455752875475326 ) ) ;
#878 = CARTESIAN_POINT ( 'NONE',  ( -5.083306010855230817, -153.7965029924597502, 32.10000000000018616 ) ) ;
#879 = DIRECTION ( 'NONE',  ( 0.0000000000000000000, 0.0000000000000000000, 1.000000000000000000 ) ) ;
#880 = CARTESIAN_POINT ( 'NONE',  ( 11.00000000000005151, 17.50000000000003908, -17.88854381999827581 ) ) ;
#881 = CARTESIAN_POINT ( 'NONE',  ( -10.52931466650607106, -47.42936393636786363, 34.42583484555512996 ) ) ;
#882 = CARTESIAN_POINT ( 'NONE',  ( -11.86685177441883532, 19.05772774868952268, 33.98795377019916941 ) ) ;
#883 = ORIENTED_EDGE ( 'NONE', *, *, #2524, .F. ) ;
#884 = ORIENTED_EDGE ( 'NONE', *, *, #3819, .F. ) ;
#885 = DIRECTION ( 'NONE',  ( 0.0000000000000000000, 1.000000000000000000, -6.883823317368281546E-18 ) ) ;
#886 = CC_DESIGN_PERSON_AND_ORGANIZATION_ASSIGNMENT ( #6736, #3725, ( #1416 ) ) ;
#887 = LINE ( 'NONE', #3757, #2045 ) ;
#888 = CARTESIAN_POINT ( 'NONE',  ( -27.89363501428768899, -36.54216492496086488, -15.80708146419422810 ) ) ;
#889 = DIRECTION ( 'NONE',  ( -0.0000000000000000000, 1.000000000000000000, -0.0000000000000000000 ) ) ;
#890 = CARTESIAN_POINT ( 'NONE',  ( 0.0000000000000000000, 0.0000000000000000000, -19.49999999999999289 ) ) ;
#891 = CARTESIAN_POINT ( 'NONE',  ( 27.89363501428850611, -36.54216492496126278, 15.80708146419434357 ) ) ;
#892 = CARTESIAN_POINT ( 'NONE',  ( -29.99999999999943867, -72.30000000000023874, -19.89974874213233136 ) ) ;
#893 = CARTESIAN_POINT ( 'NONE',  ( -22.78396579507951003, 19.00000000000001066, -24.47551247918309869 ) ) ;
#894 = EDGE_CURVE ( 'NONE', #5711, #2953, #170, .T. ) ;
#895 = CARTESIAN_POINT ( 'NONE',  ( -24.37850237155857513, 18.99999996801574653, 19.69859826972554728 ) ) ;
#896 = CARTESIAN_POINT ( 'NONE',  ( -19.42118651114794758, -31.44381622781668995, -30.31213389564754124 ) ) ;
#897 = DIRECTION ( 'NONE',  ( 0.0000000000000000000, -1.000000000000000000, 0.0000000000000000000 ) ) ;
#898 = ORIENTED_EDGE ( 'NONE', *, *, #2499, .F. ) ;
#899 = PERSON_AND_ORGANIZATION ( #7395, #7661 ) ;
#900 = CARTESIAN_POINT ( 'NONE',  ( 1.389167981815918163, -64.22962341803885522, -35.97324364676953223 ) ) ;
#901 = DIRECTION ( 'NONE',  ( 0.0000000000000000000, 0.0000000000000000000, 1.000000000000000000 ) ) ;
#902 = ORIENTED_EDGE ( 'NONE', *, *, #4743, .F. ) ;
#903 = ORIENTED_EDGE ( 'NONE', *, *, #1056, .F. ) ;
#904 = DIRECTION ( 'NONE',  ( 0.0000000000000000000, 0.0000000000000000000, 1.000000000000000000 ) ) ;
#905 = VERTEX_POINT ( 'NONE', #3316 ) ;
#906 =( GEOMETRIC_REPRESENTATION_CONTEXT ( 3 ) GLOBAL_UNCERTAINTY_ASSIGNED_CONTEXT ( ( #2448 ) ) GLOBAL_UNIT_ASSIGNED_CONTEXT ( ( #1583, #9238, #1632 ) ) REPRESENTATION_CONTEXT ( 'NONE', 'WORKASPACE' ) );
#907 = CARTESIAN_POINT ( 'NONE',  ( 7.445051819431258266, -48.57151757473430820, -35.22295677776080680 ) ) ;
#908 = CARTESIAN_POINT ( 'NONE',  ( -4.000001420016652709, 18.00337047937473756, -35.77708748123393434 ) ) ;
#909 = CARTESIAN_POINT ( 'NONE',  ( -1.956475251627036505, -50.48110805526358291, 35.95004664130404848 ) ) ;
#910 = CARTESIAN_POINT ( 'NONE',  ( 6.596481930404004324, -61.51758393012501358, 59.85913630337737601 ) ) ;
#911 = AXIS2_PLACEMENT_3D ( 'NONE', #1836, #4891, #8055 ) ;
#912 = ORIENTED_EDGE ( 'NONE', *, *, #3655, .F. ) ;
#913 = ORIENTED_EDGE ( 'NONE', *, *, #6106, .T. ) ;
#914 = LOCAL_TIME ( 17, 37, 41.00000000000000000, #6424 ) ;
#915 = AXIS2_PLACEMENT_3D ( 'NONE', #5223, #5181, #674 ) ;
#916 = CIRCLE ( 'NONE', #6049, 14.79999999999999361 ) ;
#917 = DIRECTION ( 'NONE',  ( 0.0000000000000000000, 0.0000000000000000000, 1.000000000000000000 ) ) ;
#918 = CARTESIAN_POINT ( 'NONE',  ( -20.06778712489011340, -34.10504550759578990, 29.89680115532853577 ) ) ;
#919 = FACE_OUTER_BOUND ( 'NONE', #4590, .T. ) ;
#920 = VERTEX_POINT ( 'NONE', #1667 ) ;
#921 = VECTOR ( 'NONE', #1349, 1000.000000000000000 ) ;
#922 = CARTESIAN_POINT ( 'NONE',  ( -4.445525661571235077, -54.33559585216079313, 29.91754785300912545 ) ) ;
#923 = DIRECTION ( 'NONE',  ( 1.000000000000000000, 0.0000000000000000000, -0.0000000000000000000 ) ) ;
#924 = ADVANCED_FACE ( 'NONE', ( #7025 ), #7590, .F. ) ;
#925 = LOCAL_TIME ( 17, 37, 41.00000000000000000, #6572 ) ;
#926 = CARTESIAN_POINT ( 'NONE',  ( -18.07142857142822479, 19.00000000000001066, -29.38832198999688572 ) ) ;
#927 = AXIS2_PLACEMENT_3D ( 'NONE', #7950, #7297, #1084 ) ;
#928 = DIRECTION ( 'NONE',  ( 0.9505654689857891970, 0.3105242167236345607, 0.0000000000000000000 ) ) ;
#929 = LINE ( 'NONE', #288, #7575 ) ;
#930 = CARTESIAN_POINT ( 'NONE',  ( -4.406967633263938033, -49.21441286631576872, 35.72998301245655028 ) ) ;
#931 = CARTESIAN_POINT ( 'NONE',  ( -11.99991853970940525, 18.26934390900096972, 33.94115429751573743 ) ) ;
#932 = ORIENTED_EDGE ( 'NONE', *, *, #59, .F. ) ;
#933 = AXIS2_PLACEMENT_3D ( 'NONE', #6613, #1305, #3452 ) ;
#934 = EDGE_CURVE ( 'NONE', #8016, #3959, #3538, .T. ) ;
#935 = DIRECTION ( 'NONE',  ( -0.0000000000000000000, -0.0000000000000000000, -1.000000000000000000 ) ) ;
#936 = ORIENTED_EDGE ( 'NONE', *, *, #6320, .F. ) ;
#937 = CIRCLE ( 'NONE', #148, 35.79999999992630677 ) ;
#938 = CARTESIAN_POINT ( 'NONE',  ( 12.12435565298242857, -38.99999999999994316, -32.99999999999992895 ) ) ;
#939 = EDGE_CURVE ( 'NONE', #5968, #2730, #6929, .T. ) ;
#940 = VERTEX_POINT ( 'NONE', #7154 ) ;
#941 = CARTESIAN_POINT ( 'NONE',  ( -32.55656350284359490, -44.71913259319782696, -2.636485866137137535 ) ) ;
#942 = CIRCLE ( 'NONE', #6553, 1.000000000000000888 ) ;
#943 = DIRECTION ( 'NONE',  ( 0.0000000000000000000, 0.0000000000000000000, 1.000000000000000000 ) ) ;
#944 = CARTESIAN_POINT ( 'NONE',  ( 6.773667770887667139, -62.34558629441177402, 29.54987913871445571 ) ) ;
#945 = AXIS2_PLACEMENT_3D ( 'NONE', #8764, #7151, #1891 ) ;
#946 = PLANE ( 'NONE',  #1527 ) ;
#947 = CARTESIAN_POINT ( 'NONE',  ( 31.50591055665886131, -43.32521301506306344, 8.401217789304034511 ) ) ;
#948 = FACE_BOUND ( 'NONE', #8372, .T. ) ;
#949 = VECTOR ( 'NONE', #2840, 1000.000000000000000 ) ;
#950 = PRODUCT ( 'EFG-C50 V4.0(外发)', 'EFG-C50 V4.0(外发)', '', ( #1868 ) ) ;
#951 = CARTESIAN_POINT ( 'NONE',  ( -22.49349984310853756, 18.99999999132370831, -24.97066913451606851 ) ) ;
#952 = EDGE_CURVE ( 'NONE', #5328, #2276, #2362, .T. ) ;
#953 = EDGE_CURVE ( 'NONE', #218, #7781, #5421, .T. ) ;
#954 = DIRECTION ( 'NONE',  ( 9.233861048563673244E-30, -1.276710262284686278E-15, -1.000000000000000000 ) ) ;
#955 = DIRECTION ( 'NONE',  ( 7.232542356195667155E-15, -1.000000000000000000, 1.276710262284687461E-15 ) ) ;
#956 = DIRECTION ( 'NONE',  ( -0.0000000000000000000, -1.000000000000000000, -0.0000000000000000000 ) ) ;
#957 = EDGE_LOOP ( 'NONE', ( #2996 ) ) ;
#958 = AXIS2_PLACEMENT_3D ( 'NONE', #6833, #1486, #6080 ) ;
#959 = CALENDAR_DATE ( 2023, 16, 11 ) ;
#960 = PLANE ( 'NONE',  #1257 ) ;
#961 = EDGE_CURVE ( 'NONE', #1715, #6296, #8488, .T. ) ;
#962 = VECTOR ( 'NONE', #5198, 1000.000000000000000 ) ;
#963 = DIRECTION ( 'NONE',  ( -0.0000000000000000000, -1.000000000000000000, -0.0000000000000000000 ) ) ;
#964 = VERTEX_POINT ( 'NONE', #3918 ) ;
#965 = VECTOR ( 'NONE', #3707, 1000.000000000000000 ) ;
#966 = ORIENTED_EDGE ( 'NONE', *, *, #6809, .F. ) ;
#967 = DIRECTION ( 'NONE',  ( 0.0000000000000000000, 0.0000000000000000000, 1.000000000000000000 ) ) ;
#968 = CARTESIAN_POINT ( 'NONE',  ( -1.749997215241011705, -65.30312196202960706, -35.95744025576125580 ) ) ;
#969 = LINE ( 'NONE', #4024, #6048 ) ;
#970 = CARTESIAN_POINT ( 'NONE',  ( -0.3989204717371022113, -64.64496158940275450, 59.11882146263829441 ) ) ;
#971 = CARTESIAN_POINT ( 'NONE',  ( -11.86670179440583794, 16.94255402292170842, -33.98800532951050002 ) ) ;
#972 = DIRECTION ( 'NONE',  ( 0.0000000000000000000, 0.0000000000000000000, 1.000000000000000000 ) ) ;
#973 = AXIS2_PLACEMENT_3D ( 'NONE', #3420, #6478, #9539 ) ;
#974 = CARTESIAN_POINT ( 'NONE',  ( 2.727351313776359198, -58.04489304685908735, 56.62433202112894293 ) ) ;
#975 = EDGE_LOOP ( 'NONE', ( #6269, #5199, #727, #3326 ) ) ;
#976 = ORIENTED_EDGE ( 'NONE', *, *, #5722, .F. ) ;
#977 = DIRECTION ( 'NONE',  ( 0.0000000000000000000, 0.0000000000000000000, 1.000000000000000000 ) ) ;
#978 = FACE_OUTER_BOUND ( 'NONE', #1808, .T. ) ;
#979 = CARTESIAN_POINT ( 'NONE',  ( -19.01127182133421201, -29.27464308594827713, 30.57286623453765984 ) ) ;
#980 = CARTESIAN_POINT ( 'NONE',  ( 23.61877859620052078, 18.99999992748950817, 22.68821368807612160 ) ) ;
#981 = VERTEX_POINT ( 'NONE', #9886 ) ;
#982 = DIRECTION ( 'NONE',  ( 0.0000000000000000000, 1.000000000000000000, 0.0000000000000000000 ) ) ;
#983 = CARTESIAN_POINT ( 'NONE',  ( -10.99999999999997691, -9.714451465470119729E-14, -17.88854381999832199 ) ) ;
#984 = DIRECTION ( 'NONE',  ( 0.0000000000000000000, -0.0000000000000000000, 1.000000000000000000 ) ) ;
#985 = CARTESIAN_POINT ( 'NONE',  ( -2.460892435704810755, -54.82201233294074427, 32.40755713891845602 ) ) ;
#986 = CARTESIAN_POINT ( 'NONE',  ( 5.597237418497860162, -49.00750954289590311, 35.56222430721484074 ) ) ;
#987 = B_SPLINE_CURVE_WITH_KNOTS ( 'NONE', 3,
 ( #7883, #7932, #7173, #9440, #2669, #4916 ),
 .UNSPECIFIED., .F., .F.,
 ( 4, 2, 4 ),
 ( 8.673617379884035472E-19, 0.0005385274948486757241, 0.001077054989697350581 ),
 .UNSPECIFIED. ) ;
#988 = CARTESIAN_POINT ( 'NONE',  ( -6.995391255702133826, 21.90734185699563596, 35.31728468470187465 ) ) ;
#989 = ORIENTED_EDGE ( 'NONE', *, *, #7090, .T. ) ;
#990 = DIRECTION ( 'NONE',  ( 9.376883653928690568E-16, 0.0000000000000000000, 1.000000000000000000 ) ) ;
#991 = ORIENTED_EDGE ( 'NONE', *, *, #2551, .T. ) ;
#992 = CARTESIAN_POINT ( 'NONE',  ( 11.70713485823058519, -40.51209388467020744, -33.10794738367702195 ) ) ;
#993 = VERTEX_POINT ( 'NONE', #4000 ) ;
#994 = CARTESIAN_POINT ( 'NONE',  ( -31.10713673583986960, -42.74717609678582875, 9.657060713099097526 ) ) ;
#995 = DIRECTION ( 'NONE',  ( 0.0000000000000000000, 0.0000000000000000000, 1.000000000000000000 ) ) ;
#996 = CARTESIAN_POINT ( 'NONE',  ( -6.651317739669778462, -57.67428162520282342, 29.62846303175940932 ) ) ;
#997 = LINE ( 'NONE', #4052, #9045 ) ;
#998 = CARTESIAN_POINT ( 'NONE',  ( 31.94457945201395432, -43.92642741370143256, 6.667875387291492650 ) ) ;
#999 = DIRECTION ( 'NONE',  ( -1.000000000000000000, 0.0000000000000000000, 0.0000000000000000000 ) ) ;
#1000 = CARTESIAN_POINT ( 'NONE',  ( -18.86639215082237442, 18.99999997353751979, -28.86028216905398480 ) ) ;
#1001 = EDGE_CURVE ( 'NONE', #5544, #5544, #5290, .T. ) ;
#1002 = LINE ( 'NONE', #5613, #5258 ) ;
#1003 = DIRECTION ( 'NONE',  ( -0.0000000000000000000, -1.000000000000000000, -0.0000000000000000000 ) ) ;
#1004 = CARTESIAN_POINT ( 'NONE',  ( -29.99999999999961275, -56.50000000000017764, 36.00000000000002842 ) ) ;
#1005 = CARTESIAN_POINT ( 'NONE',  ( -36.00000000000002842, -2.178726921279056594E-13, 32.99999999999995026 ) ) ;
#1006 = ORIENTED_EDGE ( 'NONE', *, *, #4883, .F. ) ;
#1007 = DATE_AND_TIME ( #1915, #6850 ) ;
#1008 = EDGE_CURVE ( 'NONE', #1625, #4097, #4809, .T. ) ;
#1009 = DIRECTION ( 'NONE',  ( 1.000000000000000000, 7.232542356195667155E-15, 0.0000000000000000000 ) ) ;
#1010 = ADVANCED_FACE ( 'NONE', ( #9293 ), #1117, .F. ) ;
#1011 = DIRECTION ( 'NONE',  ( 1.000000000000000000, 0.0000000000000000000, 0.0000000000000000000 ) ) ;
#1012 = CARTESIAN_POINT ( 'NONE',  ( -17.67766952966358929, 1.049999999999998934, -17.67766952966378469 ) ) ;
#1013 = AXIS2_PLACEMENT_3D ( 'NONE', #2948, #3654, #6711 ) ;
#1014 = CARTESIAN_POINT ( 'NONE',  ( 4.493673878113298770, -64.30755216693047771, 32.18994593784222502 ) ) ;
#1015 = ADVANCED_FACE ( 'NONE', ( #4114 ), #5601, .F. ) ;
#1016 = EDGE_LOOP ( 'NONE', ( #4880 ) ) ;
#1017 = DIRECTION ( 'NONE',  ( -0.0000000000000000000, -1.000000000000000000, -0.0000000000000000000 ) ) ;
#1018 = VERTEX_POINT ( 'NONE', #7837 ) ;
#1019 = PRODUCT_RELATED_PRODUCT_CATEGORY ( 'detail', '', ( #9611 ) ) ;
#1020 = DIRECTION ( 'NONE',  ( 7.232542356195667155E-15, -1.000000000000000000, 1.276710262284687461E-15 ) ) ;
#1021 = CARTESIAN_POINT ( 'NONE',  ( 1.920819780224132911, -66.72701609278685453, 59.85913630337737601 ) ) ;
#1022 = CARTESIAN_POINT ( 'NONE',  ( -11.78918688466667852, 16.69164413073883324, -34.01509669484744336 ) ) ;
#1023 = VECTOR ( 'NONE', #3254, 1000.000000000000000 ) ;
#1024 = CARTESIAN_POINT ( 'NONE',  ( 29.96258751867123848, -41.15887699928445187, -20.74723115070766255 ) ) ;
#1025 = CARTESIAN_POINT ( 'NONE',  ( -2.778469658966795208, -53.10321074366389382, 55.87345130061469689 ) ) ;
#1026 = ORIENTED_EDGE ( 'NONE', *, *, #7072, .F. ) ;
#1027 = ORIENTED_EDGE ( 'NONE', *, *, #5320, .F. ) ;
#1028 = DIRECTION ( 'NONE',  ( 0.0000000000000000000, 0.0000000000000000000, 1.000000000000000000 ) ) ;
#1029 = VECTOR ( 'NONE', #3578, 1000.000000000000000 ) ;
#1030 = CARTESIAN_POINT ( 'NONE',  ( -28.27475655018581335, -37.50353234616369491, 15.30028115358263108 ) ) ;
#1031 = CARTESIAN_POINT ( 'NONE',  ( 23.65560671637291534, 18.99999993302148837, 22.58992832274785911 ) ) ;
#1032 = VERTEX_POINT ( 'NONE', #3311 ) ;
#1033 = CARTESIAN_POINT ( 'NONE',  ( -15.60038373285222413, -43.14054362272865717, -32.44447079422156577 ) ) ;
#1034 = PRODUCT_DEFINITION_SHAPE ( 'NONE', 'NONE',  #4749 ) ;
#1035 = DIRECTION ( 'NONE',  ( -1.000000000000000000, -6.938893903907232322E-15, 0.0000000000000000000 ) ) ;
#1036 = DIRECTION ( 'NONE',  ( -0.0000000000000000000, -0.0000000000000000000, -1.000000000000000000 ) ) ;
#1037 = CARTESIAN_POINT ( 'NONE',  ( 1.500000000000008660, 23.00000000000000000, 32.50000000000000000 ) ) ;
#1038 = LINE ( 'NONE', #9260, #858 ) ;
#1039 = CARTESIAN_POINT ( 'NONE',  ( -5.420021874318081245, -49.04172207610260159, 35.58966360409318241 ) ) ;
#1040 = CIRCLE ( 'NONE', #8388, 8.249999999999998224 ) ;
#1041 = CARTESIAN_POINT ( 'NONE',  ( -14.40640949652674152, -44.70571836126838861, 32.99310736609416495 ) ) ;
#1042 = ORIENTED_EDGE ( 'NONE', *, *, #961, .T. ) ;
#1043 = ORIENTED_EDGE ( 'NONE', *, *, #9670, .T. ) ;
#1044 = CARTESIAN_POINT ( 'NONE',  ( -5.500000000000000000, 4.750000000000000888, 19.50000000000000000 ) ) ;
#1045 = CARTESIAN_POINT ( 'NONE',  ( 5.102408812076383548E-13, -63.85000000000004405, -34.99999999999991473 ) ) ;
#1046 = FACE_OUTER_BOUND ( 'NONE', #975, .T. ) ;
#1047 = CARTESIAN_POINT ( 'NONE',  ( -10.79978795761590504, -41.53758815880897259, 33.32593974729974207 ) ) ;
#1048 = CARTESIAN_POINT ( 'NONE',  ( -18.75238095238077207, -63.00000000000001421, -30.49570803599716129 ) ) ;
#1049 = CARTESIAN_POINT ( 'NONE',  ( 5.102307465421063171E-13, -65.30000000000003979, -35.49999999999992184 ) ) ;
#1050 = CARTESIAN_POINT ( 'NONE',  ( 31.43669415242708709, -50.63050099878767440, 17.55176022629063581 ) ) ;
#1051 = LINE ( 'NONE', #8731, #6086 ) ;
#1052 = CARTESIAN_POINT ( 'NONE',  ( -22.36309448896574281, 18.99999997768906113, -25.17809325453032443 ) ) ;
#1053 = ORIENTED_EDGE ( 'NONE', *, *, #3523, .T. ) ;
#1054 = DIRECTION ( 'NONE',  ( 0.0000000000000000000, 0.0000000000000000000, 1.000000000000000000 ) ) ;
#1055 = CARTESIAN_POINT ( 'NONE',  ( -3.750439766751527237, -44.04437302449540681, -34.36538570834076012 ) ) ;
#1056 = EDGE_CURVE ( 'NONE', #118, #74, #987, .T. ) ;
#1057 = CARTESIAN_POINT ( 'NONE',  ( 5.893920583441721206, -62.85849889927087730, 52.49999999988391153 ) ) ;
#1058 = VERTEX_POINT ( 'NONE', #4171 ) ;
#1059 = APPROVAL_ROLE ( '' ) ;
#1060 = FACE_BOUND ( 'NONE', #7246, .T. ) ;
#1061 = ADVANCED_FACE ( 'NONE', ( #8743, #4767 ), #321, .T. ) ;
#1062 = CARTESIAN_POINT ( 'NONE',  ( 25.10000000000049525, -66.79999999999984084, -17.33303027798221763 ) ) ;
#1063 = CARTESIAN_POINT ( 'NONE',  ( -25.99999999999986855, 19.00000000000000711, 33.00000000000000000 ) ) ;
#1064 = ADVANCED_FACE ( 'NONE', ( #9334 ), #7125, .F. ) ;
#1065 = CARTESIAN_POINT ( 'NONE',  ( -1.746491250090998149, -66.04575369790966022, 32.45396446904511123 ) ) ;
#1066 = CARTESIAN_POINT ( 'NONE',  ( -27.89363501428768899, -36.54216492496086488, -15.80708146419422810 ) ) ;
#1067 = ORIENTED_EDGE ( 'NONE', *, *, #1689, .T. ) ;
#1068 = DIRECTION ( 'NONE',  ( 0.0000000000000000000, 0.0000000000000000000, 1.000000000000000000 ) ) ;
#1069 =( NAMED_UNIT ( * ) SI_UNIT ( $, .STERADIAN. ) SOLID_ANGLE_UNIT ( ) );
#1070 = EDGE_CURVE ( 'NONE', #4048, #4048, #805, .T. ) ;
#1071 = FACE_OUTER_BOUND ( 'NONE', #4586, .T. ) ;
#1072 = CARTESIAN_POINT ( 'NONE',  ( 1.259321838863833420, -66.13329670259902571, 59.80187568903145490 ) ) ;
#1073 = CARTESIAN_POINT ( 'NONE',  ( -2.894050432897260272, -58.28453346460564433, 54.72278054076751630 ) ) ;
#1074 = CARTESIAN_POINT ( 'NONE',  ( -7.560903163297894025, -58.21681158273030832, 54.80217159188972431 ) ) ;
#1075 = ORIENTED_EDGE ( 'NONE', *, *, #658, .T. ) ;
#1076 = EDGE_LOOP ( 'NONE', ( #8704, #9142, #6172, #4174 ) ) ;
#1077 = ADVANCED_FACE ( 'NONE', ( #7983 ), #4974, .F. ) ;
#1078 = ADVANCED_FACE ( 'NONE', ( #5621, #3371, #8694, #1816, #369 ), #1169, .F. ) ;
#1079 = AXIS2_PLACEMENT_3D ( 'NONE', #1962, #7877, #6513 ) ;
#1080 = CARTESIAN_POINT ( 'NONE',  ( -10.99999999999986500, -63.00000000000001421, 17.88854381999831844 ) ) ;
#1081 = CARTESIAN_POINT ( 'NONE',  ( -19.61654675329553044, -32.50477275250138831, 30.18807214009135720 ) ) ;
#1082 = CARTESIAN_POINT ( 'NONE',  ( 23.31133374445780504, 18.99999994075153253, 23.43630247884570039 ) ) ;
#1083 = ORIENTED_EDGE ( 'NONE', *, *, #4991, .F. ) ;
#1084 = DIRECTION ( 'NONE',  ( 1.000000000000000000, 7.259150545626026932E-15, 0.0000000000000000000 ) ) ;
#1085 = CARTESIAN_POINT ( 'NONE',  ( -0.7229875910343526169, -64.03954242344508430, -32.49205311391491335 ) ) ;
#1086 = EDGE_CURVE ( 'NONE', #5729, #8751, #4017, .T. ) ;
#1087 = CARTESIAN_POINT ( 'NONE',  ( 17.75000000000013500, 18.24833147735371242, -31.08982952671214051 ) ) ;
#1088 = DIRECTION ( 'NONE',  ( -1.000000000000000000, -7.324388009679854455E-15, 0.0000000000000000000 ) ) ;
#1089 = CIRCLE ( 'NONE', #8936, 35.79999999999999716 ) ;
#1090 = CARTESIAN_POINT ( 'NONE',  ( -12.83875873442285354, -46.06775860865649719, 33.63287101733016726 ) ) ;
#1091 = CARTESIAN_POINT ( 'NONE',  ( 0.0000000000000000000, 0.4999999999999865663, 0.0000000000000000000 ) ) ;
#1092 = VERTEX_POINT ( 'NONE', #8789 ) ;
#1093 = CIRCLE ( 'NONE', #7168, 3.499999999999997780 ) ;
#1094 = ORIENTED_EDGE ( 'NONE', *, *, #753, .F. ) ;
#1095 = CYLINDRICAL_SURFACE ( 'NONE', #7523, 4.000000000000000000 ) ;
#1096 = PRODUCT_DEFINITION_FORMATION_WITH_SPECIFIED_SOURCE ( '任何', '', #2087, .NOT_KNOWN. ) ;
#1097 = CARTESIAN_POINT ( 'NONE',  ( -1.649999999999995248, 4.750000000000000888, -9.000000000000007105 ) ) ;
#1098 = DIRECTION ( 'NONE',  ( 0.0000000000000000000, -0.0000000000000000000, 1.000000000000000000 ) ) ;
#1099 = VECTOR ( 'NONE', #1870, 1000.000000000000000 ) ;
#1100 = CARTESIAN_POINT ( 'NONE',  ( 3.000000000003492762, 4.200000000000000178, 25.49999999999215561 ) ) ;
#1101 = CARTESIAN_POINT ( 'NONE',  ( 35.64802605843527772, -54.02849916394112029, 5.028803875317476191 ) ) ;
#1102 = CARTESIAN_POINT ( 'NONE',  ( 5.001711675039492100, -64.78922516598112225, 59.78857882194937901 ) ) ;
#1103 = CARTESIAN_POINT ( 'NONE',  ( 31.20665803574743080, -42.89144902495173994, 9.343740174482654481 ) ) ;
#1104 = AXIS2_PLACEMENT_3D ( 'NONE', #603, #9635, #5807 ) ;
#1105 = CARTESIAN_POINT ( 'NONE',  ( -17.74999999999988276, 19.00000000000001776, -29.58356807418557821 ) ) ;
#1106 = CARTESIAN_POINT ( 'NONE',  ( -19.83342455657287218, 19.00000000488365970, -28.09912114498002822 ) ) ;
#1107 = EDGE_LOOP ( 'NONE', ( #3115, #1075, #7691, #4229 ) ) ;
#1108 = AXIS2_PLACEMENT_3D ( 'NONE', #4050, #889, #201 ) ;
#1109 = CARTESIAN_POINT ( 'NONE',  ( -35.99999999999974420, -39.00000000000019895, 43.00000000000001421 ) ) ;
#1110 = CARTESIAN_POINT ( 'NONE',  ( -15.65681559145397728, -43.05795791214710277, -32.41795695244041298 ) ) ;
#1111 = AXIS2_PLACEMENT_3D ( 'NONE', #1199, #5751, #4249 ) ;
#1112 = DIRECTION ( 'NONE',  ( 0.0000000000000000000, 0.0000000000000000000, -1.000000000000000000 ) ) ;
#1113 = ORIENTED_EDGE ( 'NONE', *, *, #4685, .T. ) ;
#1114 = PLANE ( 'NONE',  #7982 ) ;
#1115 = CIRCLE ( 'NONE', #3678, 2.999999999999999112 ) ;
#1116 = CARTESIAN_POINT ( 'NONE',  ( 1.734723475976787570E-15, 0.2499999999999993616, 9.000000000000007105 ) ) ;
#1117 = PLANE ( 'NONE',  #8660 ) ;
#1118 = DIRECTION ( 'NONE',  ( 0.0000000000000000000, 0.0000000000000000000, 1.000000000000000000 ) ) ;
#1119 = VECTOR ( 'NONE', #1373, 1000.000000000000000 ) ;
#1120 = VERTEX_POINT ( 'NONE', #1919 ) ;
#1121 = PLANE ( 'NONE',  #5912 ) ;
#1122 = AXIS2_PLACEMENT_3D ( 'NONE', #1332, #2081, #2972 ) ;
#1123 = CARTESIAN_POINT ( 'NONE',  ( 12.12435565298267370, -72.29999999999995453, -22.99999999999989342 ) ) ;
#1124 = CARTESIAN_POINT ( 'NONE',  ( -3.149184849958014620, -61.82731018772309994, 54.58424357406845928 ) ) ;
#1125 = EDGE_CURVE ( 'NONE', #9386, #4491, #4219, .T. ) ;
#1126 = AXIS2_PLACEMENT_3D ( 'NONE', #474, #7482, #3532 ) ;
#1127 = ORIENTED_EDGE ( 'NONE', *, *, #7995, .F. ) ;
#1128 = AXIS2_PLACEMENT_3D ( 'NONE', #5467, #1481, #9139 ) ;
#1129 = ADVANCED_FACE ( 'NONE', ( #5565 ), #2465, .T. ) ;
#1130 = VERTEX_POINT ( 'NONE', #5514 ) ;
#1131 = DIRECTION ( 'NONE',  ( 0.0000000000000000000, 0.0000000000000000000, 1.000000000000000000 ) ) ;
#1132 = CARTESIAN_POINT ( 'NONE',  ( -33.49570922444279830, -46.30040626133405368, 13.62783145530631757 ) ) ;
#1133 = DIRECTION ( 'NONE',  ( 0.0000000000000000000, 0.0000000000000000000, 1.000000000000000000 ) ) ;
#1134 = EDGE_LOOP ( 'NONE', ( #162 ) ) ;
#1135 = DIRECTION ( 'NONE',  ( -1.000000000000000000, 4.304913725480043459E-30, 0.0000000000000000000 ) ) ;
#1136 = CARTESIAN_POINT ( 'NONE',  ( 21.28967698776435569, 18.99999997377023320, -26.62811637194170800 ) ) ;
#1137 = EDGE_CURVE ( 'NONE', #4150, #4150, #3062, .T. ) ;
#1138 = EDGE_CURVE ( 'NONE', #1092, #8511, #180, .T. ) ;
#1139 = CARTESIAN_POINT ( 'NONE',  ( -0.3755796981656740474, -63.88661516743881919, -32.49830649265586402 ) ) ;
#1140 = CARTESIAN_POINT ( 'NONE',  ( 18.16590212458494946, 5.000000000000000888, 30.00000000000000000 ) ) ;
#1141 = FACE_OUTER_BOUND ( 'NONE', #9263, .T. ) ;
#1142 = ADVANCED_FACE ( 'NONE', ( #3155 ), #754, .T. ) ;
#1143 = DIRECTION ( 'NONE',  ( 9.233861048563673244E-30, -1.276710262284686278E-15, -1.000000000000000000 ) ) ;
#1144 = CARTESIAN_POINT ( 'NONE',  ( -11.17062499806657527, 15.54733403796586266, 34.22339639416026102 ) ) ;
#1145 = EDGE_LOOP ( 'NONE', ( #1567 ) ) ;
#1146 = PLANE ( 'NONE',  #1913 ) ;
#1147 = EDGE_LOOP ( 'NONE', ( #7227 ) ) ;
#1148 = ADVANCED_FACE ( 'NONE', ( #6821, #6921 ), #7724, .T. ) ;
#1149 = DIRECTION ( 'NONE',  ( -1.000000000000000000, 0.0000000000000000000, 0.0000000000000000000 ) ) ;
#1150 = CARTESIAN_POINT ( 'NONE',  ( 5.102408812076383548E-13, -63.55000000000003979, -34.99999999999991473 ) ) ;
#1151 = LINE ( 'NONE', #9669, #5420 ) ;
#1152 = CARTESIAN_POINT ( 'NONE',  ( 4.413370627631991283, 19.79045836516774060, -35.72859821713434059 ) ) ;
#1153 = DIRECTION ( 'NONE',  ( 0.0000000000000000000, 0.0000000000000000000, -1.000000000000000000 ) ) ;
#1154 = CARTESIAN_POINT ( 'NONE',  ( -17.67766952966358929, 5.000000000000000888, -17.67766952966378469 ) ) ;
#1155 = CARTESIAN_POINT ( 'NONE',  ( 35.44978772617301388, -53.88244066324305237, 6.270335879477020313 ) ) ;
#1156 = DIRECTION ( 'NONE',  ( -0.0000000000000000000, 1.000000000000000000, 0.0000000000000000000 ) ) ;
#1157 = CARTESIAN_POINT ( 'NONE',  ( 21.29834950668639237, -37.25976015977901312, 29.02746033043627349 ) ) ;
#1158 = CARTESIAN_POINT ( 'NONE',  ( 5.000000000000002665, 4.750000000000000888, 19.50000000000000355 ) ) ;
#1159 = CARTESIAN_POINT ( 'NONE',  ( 7.844005813115810355, -43.14918592086193172, 33.89797188021402263 ) ) ;
#1160 = ORIENTED_EDGE ( 'NONE', *, *, #6992, .F. ) ;
#1161 = LINE ( 'NONE', #1960, #7018 ) ;
#1162 = APPROVAL ( #2715, 'UNKNOWN' ) ;
#1163 = CARTESIAN_POINT ( 'NONE',  ( -16.33426745786340462, -41.62687612823663841, -32.08126826740616622 ) ) ;
#1164 = CARTESIAN_POINT ( 'NONE',  ( -3.586174194570505236, -52.31865583712906442, 46.50000000000008527 ) ) ;
#1165 = VERTEX_POINT ( 'NONE', #9280 ) ;
#1166 = CALENDAR_DATE ( 2023, 16, 11 ) ;
#1167 = DIRECTION ( 'NONE',  ( 0.0000000000000000000, 0.0000000000000000000, 1.000000000000000000 ) ) ;
#1168 = CARTESIAN_POINT ( 'NONE',  ( 1.131100109967494660, -52.51386194095616844, 30.36786714009107158 ) ) ;
#1169 = PLANE ( 'NONE',  #973 ) ;
#1170 = AXIS2_PLACEMENT_3D ( 'NONE', #8223, #3797, #5206 ) ;
#1171 = DIRECTION ( 'NONE',  ( 7.232542356195667155E-15, -1.000000000000000000, 1.276710262284687461E-15 ) ) ;
#1172 = CARTESIAN_POINT ( 'NONE',  ( 3.285829917790985988, -67.86741843374289829, 37.50000000000008527 ) ) ;
#1173 = ORIENTED_EDGE ( 'NONE', *, *, #206, .F. ) ;
#1174 = LINE ( 'NONE', #7887, #6076 ) ;
#1175 = DIRECTION ( 'NONE',  ( 0.0000000000000000000, 0.0000000000000000000, 1.000000000000000000 ) ) ;
#1176 = CARTESIAN_POINT ( 'NONE',  ( 0.0000000000000000000, 5.000000000000000888, -30.00000000000000000 ) ) ;
#1177 = CARTESIAN_POINT ( 'NONE',  ( -5.588893399194279077, 14.79738018470655447, -35.56423430461150303 ) ) ;
#1178 = ORIENTED_EDGE ( 'NONE', *, *, #463, .T. ) ;
#1179 = EDGE_LOOP ( 'NONE', ( #7088, #3168, #6287, #6247 ) ) ;
#1180 = CARTESIAN_POINT ( 'NONE',  ( 18.75238095238108826, -1.182916198856565479E-14, 30.49570803599711866 ) ) ;
#1181 = CARTESIAN_POINT ( 'NONE',  ( -32.50581864889039707, -44.65566661390812442, 3.277133078628974960 ) ) ;
#1182 = CARTESIAN_POINT ( 'NONE',  ( 24.07361235277053879, 19.00000000000000355, 21.25462800045766087 ) ) ;
#1183 = EDGE_LOOP ( 'NONE', ( #3858, #5383, #1352, #187 ) ) ;
#1184 = AXIS2_PLACEMENT_3D ( 'NONE', #7190, #4230, #1876 ) ;
#1185 = DIRECTION ( 'NONE',  ( -1.073705180194477176E-14, -5.902934242830932948E-15, 1.000000000000000000 ) ) ;
#1186 = CARTESIAN_POINT ( 'NONE',  ( 0.1872977889074100566, -66.74097479601290672, -32.49959342914092986 ) ) ;
#1187 = DIRECTION ( 'NONE',  ( -0.3105242167236345607, 0.9505654689857891970, -0.0000000000000000000 ) ) ;
#1188 = DIRECTION ( 'NONE',  ( -1.054711873393889642E-15, 1.276710262284678586E-15, 1.000000000000000000 ) ) ;
#1189 = CARTESIAN_POINT ( 'NONE',  ( -1.288913343792275734, -68.13769140536895463, 30.44157250746703269 ) ) ;
#1190 = CARTESIAN_POINT ( 'NONE',  ( -7.006649233213227745, 14.11663533331702780, 35.31252747320331054 ) ) ;
#1191 = ORIENTED_EDGE ( 'NONE', *, *, #4624, .T. ) ;
#1192 = AXIS2_PLACEMENT_3D ( 'NONE', #4269, #9689, #2815 ) ;
#1193 = DIRECTION ( 'NONE',  ( 0.0000000000000000000, 0.0000000000000000000, -1.000000000000000000 ) ) ;
#1194 = VERTEX_POINT ( 'NONE', #2412 ) ;
#1195 = CARTESIAN_POINT ( 'NONE',  ( 11.00000000000049916, -72.29999999999991189, 17.88854381999841792 ) ) ;
#1196 = VERTEX_POINT ( 'NONE', #4246 ) ;
#1197 = CARTESIAN_POINT ( 'NONE',  ( 0.0000000000000000000, 0.0000000000000000000, 1.232595164407830946E-29 ) ) ;
#1198 = CARTESIAN_POINT ( 'NONE',  ( 11.16591902807762082, 20.45877362408536726, -34.22493484977643874 ) ) ;
#1199 = CARTESIAN_POINT ( 'NONE',  ( -12.12435565298162743, -72.30000000000005400, 23.00000000000007105 ) ) ;
#1200 = CARTESIAN_POINT ( 'NONE',  ( 31.82720050321717054, -50.97417110566917131, 16.82527124299681276 ) ) ;
#1201 = CYLINDRICAL_SURFACE ( 'NONE', #704, 9.999999999999994671 ) ;
#1202 = AXIS2_PLACEMENT_3D ( 'NONE', #7516, #3863, #6111 ) ;
#1203 = FACE_OUTER_BOUND ( 'NONE', #2462, .T. ) ;
#1204 = CARTESIAN_POINT ( 'NONE',  ( 3.980814712676603538E-13, -60.29999999999996163, 40.00000000000007816 ) ) ;
#1205 = PRODUCT ( 'EFG-C50 V4.0(法兰)', 'EFG-C50 V4.0(法兰)', '', ( #8244 ) ) ;
#1206 = CARTESIAN_POINT ( 'NONE',  ( 6.277683920562253661, -46.06014827732735029, 35.47159549230570263 ) ) ;
#1207 = ORIENTED_EDGE ( 'NONE', *, *, #9846, .T. ) ;
#1208 = EDGE_CURVE ( 'NONE', #2806, #3730, #9179, .T. ) ;
#1209 = CARTESIAN_POINT ( 'NONE',  ( -13.78912158844410918, -41.72400490610807822, -33.33422406935299165 ) ) ;
#1210 = DIRECTION ( 'NONE',  ( -1.000000000000000000, 0.0000000000000000000, 0.0000000000000000000 ) ) ;
#1211 = DATE_TIME_ROLE ( 'creation_date' ) ;
#1212 = CARTESIAN_POINT ( 'NONE',  ( 11.59088273338053021, 19.78165749652141159, 34.08317507782263078 ) ) ;
#1213 = CARTESIAN_POINT ( 'NONE',  ( 18.75238095238108826, -1.387778780781445676E-14, -30.49570803599712221 ) ) ;
#1214 = DIRECTION ( 'NONE',  ( 0.0000000000000000000, -1.000000000000000000, 1.156482317317870344E-15 ) ) ;
#1215 = ADVANCED_FACE ( 'NONE', ( #1617 ), #8385, .F. ) ;
#1216 = CARTESIAN_POINT ( 'NONE',  ( 32.55656350284458966, -44.71913259319779144, 2.636485866137544321 ) ) ;
#1217 = CARTESIAN_POINT ( 'NONE',  ( 1.746094034895865343, -66.04587379008793846, 32.45398576841812854 ) ) ;
#1218 = CARTESIAN_POINT ( 'NONE',  ( -25.79999999999985150, 18.24833147735477468, -17.88854381999833265 ) ) ;
#1219 = EDGE_LOOP ( 'NONE', ( #421, #9435, #3601, #8276, #9512, #6930, #5308, #5178 ) ) ;
#1220 = CARTESIAN_POINT ( 'NONE',  ( -25.79999999999987281, 18.24833147735477823, 17.88854381999831489 ) ) ;
#1221 =( NAMED_UNIT ( * ) SI_UNIT ( $, .STERADIAN. ) SOLID_ANGLE_UNIT ( ) );
#1222 = CARTESIAN_POINT ( 'NONE',  ( -18.07142857142843440, 17.49999999999996803, 29.38832198999723744 ) ) ;
#1223 = CARTESIAN_POINT ( 'NONE',  ( -6.032405278703598661, 14.50732484555381774, -35.49169730590990213 ) ) ;
#1224 = ORIENTED_EDGE ( 'NONE', *, *, #9719, .F. ) ;
#1225 = CARTESIAN_POINT ( 'NONE',  ( -1.650886994556473031, -68.12780761971475840, 42.50000000000007816 ) ) ;
#1226 = CARTESIAN_POINT ( 'NONE',  ( -27.35453444650488208, -46.53251358428456541, 23.40462221065036275 ) ) ;
#1227 = CARTESIAN_POINT ( 'NONE',  ( -35.83268547192974296, -54.16317355657321997, 3.536491745586350710 ) ) ;
#1228 = CARTESIAN_POINT ( 'NONE',  ( 20.72742948173915423, 19.00000000000001066, 27.24957257952902978 ) ) ;
#1229 = ORIENTED_EDGE ( 'NONE', *, *, #6282, .T. ) ;
#1230 = FACE_BOUND ( 'NONE', #9064, .T. ) ;
#1231 = DIRECTION ( 'NONE',  ( 1.054711873393880372E-15, 7.628248297903733964E-30, -1.000000000000000000 ) ) ;
#1232 = CARTESIAN_POINT ( 'NONE',  ( -1.404427212033610317, -65.67284103879670454, -32.46964610269327522 ) ) ;
#1233 = CARTESIAN_POINT ( 'NONE',  ( 17.75000000000014211, 18.37138978993986527, -31.00826030796521593 ) ) ;
#1234 = LINE ( 'NONE', #436, #6437 ) ;
#1235 = CARTESIAN_POINT ( 'NONE',  ( -14.85212660797397177, -44.18662014210649858, 32.79351973535779763 ) ) ;
#1236 = ORIENTED_EDGE ( 'NONE', *, *, #8245, .F. ) ;
#1237 = CARTESIAN_POINT ( 'NONE',  ( 4.179110650923774672E-13, -60.29999999999998295, 46.50000000000008527 ) ) ;
#1238 = ORIENTED_EDGE ( 'NONE', *, *, #8051, .T. ) ;
#1239 = DIRECTION ( 'NONE',  ( 0.0000000000000000000, 0.0000000000000000000, -1.000000000000000000 ) ) ;
#1240 = EDGE_LOOP ( 'NONE', ( #2218, #495, #8650, #3443 ) ) ;
#1241 = CARTESIAN_POINT ( 'NONE',  ( -6.061990471201775144, -65.89596028640782777, 34.50000000000007816 ) ) ;
#1242 = CARTESIAN_POINT ( 'NONE',  ( 5.097033906054093677E-13, -66.70000000000003126, -34.99999999999992184 ) ) ;
#1243 = PLANE ( 'NONE',  #2068 ) ;
#1244 = CARTESIAN_POINT ( 'NONE',  ( 6.263528015649397318, 21.61300495802359123, -35.45179460728799370 ) ) ;
#1245 = AXIS2_PLACEMENT_3D ( 'NONE', #2058, #5857, #561 ) ;
#1246 = CARTESIAN_POINT ( 'NONE',  ( 3.980814712676603538E-13, -60.29999999999996163, 34.50000000000007816 ) ) ;
#1247 = CARTESIAN_POINT ( 'NONE',  ( 34.45073966148360967, -53.12853867201021529, 10.46012077895695569 ) ) ;
#1248 = DIRECTION ( 'NONE',  ( 0.0000000000000000000, 0.0000000000000000000, 1.000000000000000000 ) ) ;
#1249 = CARTESIAN_POINT ( 'NONE',  ( 26.00000000000017053, -27.09685026103196748, 17.88854381997839837 ) ) ;
#1250 = DIRECTION ( 'NONE',  ( 1.000000000000000000, 0.0000000000000000000, 0.0000000000000000000 ) ) ;
#1251 = EDGE_CURVE ( 'NONE', #1120, #8405, #4592, .T. ) ;
#1252 = CARTESIAN_POINT ( 'NONE',  ( 9.497543176024578315, -42.42122801585134084, 33.60241748817420415 ) ) ;
#1253 = EDGE_LOOP ( 'NONE', ( #548 ) ) ;
#1254 = VECTOR ( 'NONE', #3935, 1000.000000000000000 ) ;
#1255 = ADVANCED_FACE ( 'NONE', ( #6242 ), #3937, .T. ) ;
#1256 = LOCAL_TIME ( 17, 37, 41.00000000000000000, #9331 ) ;
#1257 = AXIS2_PLACEMENT_3D ( 'NONE', #2666, #9381, #2512 ) ;
#1258 = DIRECTION ( 'NONE',  ( 0.0000000000000000000, -0.0000000000000000000, 1.000000000000000000 ) ) ;
#1259 = CARTESIAN_POINT ( 'NONE',  ( -10.49266228373829435, -44.57526299658771052, -34.47846513794113577 ) ) ;
#1260 = CARTESIAN_POINT ( 'NONE',  ( -6.895163563708061716, -63.58453162870750219, 30.12126623690616967 ) ) ;
#1261 = APPROVAL_ROLE ( '' ) ;
#1262 = CARTESIAN_POINT ( 'NONE',  ( 4.546708863702901837, 20.03601311810264818, 35.71204646736283195 ) ) ;
#1263 = CARTESIAN_POINT ( 'NONE',  ( 2.862985629426432865, -67.57264553237941129, 53.88031743398483542 ) ) ;
#1264 = CARTESIAN_POINT ( 'NONE',  ( 27.39273627770661790, -35.04987063143956050, -16.42500160981673929 ) ) ;
#1265 = CC_DESIGN_SECURITY_CLASSIFICATION ( #9904, ( #9913 ) ) ;
#1266 = CARTESIAN_POINT ( 'NONE',  ( 5.255584588217921294, -64.03188027380632263, 52.49999999968058972 ) ) ;
#1267 = EDGE_CURVE ( 'NONE', #3544, #2561, #3895, .T. ) ;
#1268 = VECTOR ( 'NONE', #6457, 1000.000000000000000 ) ;
#1269 = CARTESIAN_POINT ( 'NONE',  ( 32.23302635983811371, -44.30684216883150839, -5.200831644409989352 ) ) ;
#1270 = ADVANCED_FACE ( 'NONE', ( #8661, #5589, #6950 ), #6993, .T. ) ;
#1271 = CIRCLE ( 'NONE', #7350, 1.500000000000001332 ) ;
#1272 = CARTESIAN_POINT ( 'NONE',  ( -21.39970886401035699, 18.99999996084912368, 26.49862406152367456 ) ) ;
#1273 = LINE ( 'NONE', #5818, #3428 ) ;
#1274 = ORIENTED_EDGE ( 'NONE', *, *, #7638, .T. ) ;
#1275 = CIRCLE ( 'NONE', #7671, 6.000000000000000888 ) ;
#1276 = EDGE_CURVE ( 'NONE', #3210, #7001, #3190, .T. ) ;
#1277 = CARTESIAN_POINT ( 'NONE',  ( 3.047174146026012493E-28, -4.213143865539464500E-14, -33.00000000000000000 ) ) ;
#1278 = CARTESIAN_POINT ( 'NONE',  ( 5.898675321265807625, -43.68911663059103745, -34.16553645353103974 ) ) ;
#1279 = CARTESIAN_POINT ( 'NONE',  ( -3.445383374296593360, -59.53232562881765944, 54.69558159831781552 ) ) ;
#1280 = APPLICATION_CONTEXT ( 'configuration controlled 3d designs of mechanical parts and assemblies' ) ;
#1281 = ORIENTED_EDGE ( 'NONE', *, *, #6468, .T. ) ;
#1282 = AXIS2_PLACEMENT_3D ( 'NONE', #3398, #7212, #7107 ) ;
#1283 = CARTESIAN_POINT ( 'NONE',  ( 3.980814712676603538E-13, -60.29999999999996163, 34.50000000000007816 ) ) ;
#1284 = VECTOR ( 'NONE', #307, 1000.000000000000114 ) ;
#1285 = CARTESIAN_POINT ( 'NONE',  ( -35.24654666961839666, -53.73171334535704347, 7.335264475499378989 ) ) ;
#1286 = CARTESIAN_POINT ( 'NONE',  ( -31.95770602529188764, -44.31077194076279113, 17.14318314009063826 ) ) ;
#1287 = LINE ( 'NONE', #4391, #1609 ) ;
#1288 = CARTESIAN_POINT ( 'NONE',  ( -13.03076041262170648, -45.92453276974533338, -33.55889509686168992 ) ) ;
#1289 = AXIS2_PLACEMENT_3D ( 'NONE', #7030, #4978, #9444 ) ;
#1290 = CARTESIAN_POINT ( 'NONE',  ( -1.500000000000000888, 18.50000000000000000, -33.50000000000000000 ) ) ;
#1291 = CYLINDRICAL_SURFACE ( 'NONE', #6095, 9.799999999999995381 ) ;
#1292 = AXIS2_PLACEMENT_3D ( 'NONE', #1713, #3261, #9489 ) ;
#1293 = DIRECTION ( 'NONE',  ( -0.0000000000000000000, 1.000000000000000000, -0.0000000000000000000 ) ) ;
#1294 = DIRECTION ( 'NONE',  ( 0.0000000000000000000, 0.0000000000000000000, 1.000000000000000000 ) ) ;
#1295 = ORIENTED_EDGE ( 'NONE', *, *, #6449, .T. ) ;
#1296 = CARTESIAN_POINT ( 'NONE',  ( -6.757445573256394944, 14.18887219264188637, 35.36096857774244029 ) ) ;
#1297 = VERTEX_POINT ( 'NONE', #8605 ) ;
#1298 = CARTESIAN_POINT ( 'NONE',  ( 25.80000000000013216, 18.24833147735478178, 17.88854381999830778 ) ) ;
#1299 = ORIENTED_EDGE ( 'NONE', *, *, #6023, .T. ) ;
#1300 = DIRECTION ( 'NONE',  ( -1.000000000000000000, -0.0000000000000000000, 2.861551616642210332E-16 ) ) ;
#1301 = CIRCLE ( 'NONE', #7387, 1.000000000000000888 ) ;
#1302 = CARTESIAN_POINT ( 'NONE',  ( 17.67766952966358929, 1.049999999999998046, 20.97766952966378184 ) ) ;
#1303 = CARTESIAN_POINT ( 'NONE',  ( 0.9562848084903711188, -56.93218715762034776, 54.59788047792329024 ) ) ;
#1304 = CARTESIAN_POINT ( 'NONE',  ( 9.052262919552902076, 21.86765016628573832, -34.84428064220581689 ) ) ;
#1305 = DIRECTION ( 'NONE',  ( 0.9784759524638702022, -0.2063608743195329276, -8.040613248383053580E-17 ) ) ;
#1306 = CARTESIAN_POINT ( 'NONE',  ( 36.00118036052379722, -54.28513042824280888, 1.038831563703160876 ) ) ;
#1307 = DIRECTION ( 'NONE',  ( -0.0000000000000000000, -0.0000000000000000000, -1.000000000000000000 ) ) ;
#1308 = CYLINDRICAL_SURFACE ( 'NONE', #3547, 8.249999999999998224 ) ;
#1309 = CARTESIAN_POINT ( 'NONE',  ( -17.74999999999988987, 18.48201998456701389, -30.90764990658649225 ) ) ;
#1310 = CIRCLE ( 'NONE', #1468, 3.000000000003492762 ) ;
#1311 = CARTESIAN_POINT ( 'NONE',  ( 13.49290245305440372, -45.56592879793711859, 33.37756642578748512 ) ) ;
#1312 = EDGE_LOOP ( 'NONE', ( #7585 ) ) ;
#1313 = CARTESIAN_POINT ( 'NONE',  ( 18.42175990098756344, 23.00000000000000000, -30.92957746478874981 ) ) ;
#1314 = CARTESIAN_POINT ( 'NONE',  ( 4.983153472974988674, -46.29752533858010111, -35.66379644060641851 ) ) ;
#1315 = CARTESIAN_POINT ( 'NONE',  ( -5.158363484601388826, -65.14337530662560027, 29.54987912899271407 ) ) ;
#1316 = ADVANCED_FACE ( 'NONE', ( #3284, #3990 ), #286, .T. ) ;
#1317 = SECURITY_CLASSIFICATION_LEVEL ( 'unclassified' ) ;
#1318 = CARTESIAN_POINT ( 'NONE',  ( 7.514976462191432560, 14.02096314967421087, 35.20786216748807362 ) ) ;
#1319 = CARTESIAN_POINT ( 'NONE',  ( 1.831618397841981549, -66.64695448255274357, 52.78979773068542158 ) ) ;
#1320 = CARTESIAN_POINT ( 'NONE',  ( 26.00000000000021316, -25.99999999999983658, -26.27379873562245649 ) ) ;
#1321 = DIRECTION ( 'NONE',  ( -0.0000000000000000000, -0.0000000000000000000, -1.000000000000000000 ) ) ;
#1322 = CARTESIAN_POINT ( 'NONE',  ( 31.20665803574743080, -42.89144902495173994, 9.343740174482654481 ) ) ;
#1323 = CARTESIAN_POINT ( 'NONE',  ( -20.65997091968864297, 18.99999999905794112, 27.31918805040930920 ) ) ;
#1324 = CARTESIAN_POINT ( 'NONE',  ( 2.999723017435538264, -54.59477941558427005, 52.49999999993417532 ) ) ;
#1325 = EDGE_CURVE ( 'NONE', #2632, #1763, #7903, .T. ) ;
#1326 = ORIENTED_EDGE ( 'NONE', *, *, #9282, .T. ) ;
#1327 = LINE ( 'NONE', #1277, #5756 ) ;
#1328 = PERSON_AND_ORGANIZATION ( #7395, #7661 ) ;
#1329 = LINE ( 'NONE', #9044, #141 ) ;
#1330 = CIRCLE ( 'NONE', #1170, 1.699999999945248863 ) ;
#1331 = ORIENTED_EDGE ( 'NONE', *, *, #9217, .F. ) ;
#1332 = CARTESIAN_POINT ( 'NONE',  ( 4.086386431250552408E-13, -56.50000000000000000, 7.213412981908485408E-14 ) ) ;
#1333 = CARTESIAN_POINT ( 'NONE',  ( -32.15300654606119934, -51.26029717282305143, 16.22328330547038178 ) ) ;
#1334 = CC_DESIGN_PERSON_AND_ORGANIZATION_ASSIGNMENT ( #1328, #9882, ( #7807 ) ) ;
#1335 = CARTESIAN_POINT ( 'NONE',  ( -32.64935830414408002, -45.24214815984440463, 15.66415263338957864 ) ) ;
#1336 = DIRECTION ( 'NONE',  ( 1.005797654156790052E-29, 1.836611371313832691E-45, -1.000000000000000000 ) ) ;
#1337 = CARTESIAN_POINT ( 'NONE',  ( -10.81557444072423024, -47.28975660044783780, -34.33692871334444874 ) ) ;
#1338 = CARTESIAN_POINT ( 'NONE',  ( 22.94208408827369183, 18.99999999839069176, -24.18488701048471512 ) ) ;
#1339 = CARTESIAN_POINT ( 'NONE',  ( -3.000000000003491873, 4.200000000000000178, 25.50000000000000355 ) ) ;
#1340 = CARTESIAN_POINT ( 'NONE',  ( -9.727056562493563874, -62.67148821867711206, 34.66112555953432661 ) ) ;
#1341 = CARTESIAN_POINT ( 'NONE',  ( 2.362063548253429346, -57.71703347870479917, 54.73550037409258096 ) ) ;
#1342 = CARTESIAN_POINT ( 'NONE',  ( 19.19243623655307118, -30.22684472481696716, -30.45756257162465275 ) ) ;
#1343 = EDGE_LOOP ( 'NONE', ( #6955, #7683, #4768, #5183 ) ) ;
#1344 = ADVANCED_FACE ( 'NONE', ( #2442 ), #2488, .T. ) ;
#1345 = DIRECTION ( 'NONE',  ( -1.826024711554487321E-16, 1.000000000000000000, 0.0000000000000000000 ) ) ;
#1346 = EDGE_LOOP ( 'NONE', ( #9379, #4785 ) ) ;
#1347 = VECTOR ( 'NONE', #3500, 1000.000000000000000 ) ;
#1348 = CARTESIAN_POINT ( 'NONE',  ( -7.308543334075460862, -63.21350766954927991, 32.00000000000008527 ) ) ;
#1349 = DIRECTION ( 'NONE',  ( -1.000000000000000000, -1.346561472515501271E-30, -1.054711873393908180E-15 ) ) ;
#1350 = ORIENTED_EDGE ( 'NONE', *, *, #7862, .T. ) ;
#1351 = CARTESIAN_POINT ( 'NONE',  ( -2.604716081330669564, -57.96216892491020900, 54.72278054076751630 ) ) ;
#1352 = ORIENTED_EDGE ( 'NONE', *, *, #6507, .T. ) ;
#1353 = CARTESIAN_POINT ( 'NONE',  ( 0.8680903063859762847, -56.90883047942533324, 54.60304328915528060 ) ) ;
#1354 = CARTESIAN_POINT ( 'NONE',  ( 4.416492962706011660, 16.20306240412225662, -35.72821520789733540 ) ) ;
#1355 = DIRECTION ( 'NONE',  ( -0.3105242167236345607, 0.9505654689857891970, -0.0000000000000000000 ) ) ;
#1356 = CARTESIAN_POINT ( 'NONE',  ( 26.30000000000049454, -67.29999999999979821, 8.592260065175946769E-14 ) ) ;
#1357 = CIRCLE ( 'NONE', #2466, 1.500000000000001332 ) ;
#1358 = CARTESIAN_POINT ( 'NONE',  ( 1.500000000000008882, 23.00000000000000000, 33.50000000000000000 ) ) ;
#1359 = CARTESIAN_POINT ( 'NONE',  ( 16.78756936566781377, -38.99999999999984368, 31.84615384615391420 ) ) ;
#1360 = VERTEX_POINT ( 'NONE', #4740 ) ;
#1361 = CARTESIAN_POINT ( 'NONE',  ( -3.189524416138271867, -46.53435526270224187, -35.86430304290107074 ) ) ;
#1362 = VECTOR ( 'NONE', #5808, 1000.000000000000000 ) ;
#1363 = DIRECTION ( 'NONE',  ( -7.232542356195678199E-15, 1.000000000000000000, 0.0000000000000000000 ) ) ;
#1364 = CARTESIAN_POINT ( 'NONE',  ( 4.026205668589263098, 17.47201852419143009, 35.77418630015253598 ) ) ;
#1365 = CARTESIAN_POINT ( 'NONE',  ( 2.333190193426148973, -57.69111855206802630, 54.45122157594772716 ) ) ;
#1366 = CARTESIAN_POINT ( 'NONE',  ( 19.61654675330385800, -32.50477275249837561, -30.18807214008626261 ) ) ;
#1367 = CARTESIAN_POINT ( 'NONE',  ( -1.499999999999992006, 23.00000000000000000, 32.50000000000000000 ) ) ;
#1368 = CARTESIAN_POINT ( 'NONE',  ( 30.45329897604939617, -41.73322464185942948, 11.35036012150492013 ) ) ;
#1369 = VECTOR ( 'NONE', #1603, 1000.000000000000000 ) ;
#1370 = CARTESIAN_POINT ( 'NONE',  ( -22.78356672600193633, 18.99999999999999645, 24.47622635565110016 ) ) ;
#1371 = CARTESIAN_POINT ( 'NONE',  ( 6.249948928938239945, -58.72332585946469408, 52.49999999999185007 ) ) ;
#1372 = ORIENTED_EDGE ( 'NONE', *, *, #8792, .F. ) ;
#1373 = DIRECTION ( 'NONE',  ( -2.496805130931827094E-17, 7.643129303382587776E-17, 1.000000000000000000 ) ) ;
#1374 = CALENDAR_DATE ( 2023, 16, 11 ) ;
#1375 = DIRECTION ( 'NONE',  ( 1.000000000000000000, -0.0000000000000000000, -0.0000000000000000000 ) ) ;
#1376 = EDGE_CURVE ( 'NONE', #6167, #7241, #3236, .T. ) ;
#1377 = EDGE_LOOP ( 'NONE', ( #4532, #7396, #7878, #7602 ) ) ;
#1378 = CARTESIAN_POINT ( 'NONE',  ( -5.500000000000000000, -4.750000000000000888, 19.50000000000000000 ) ) ;
#1379 = EDGE_CURVE ( 'NONE', #511, #9107, #1301, .T. ) ;
#1380 = CARTESIAN_POINT ( 'NONE',  ( -27.94158256104407911, -47.18618813220108166, 22.69963804116328987 ) ) ;
#1381 = CARTESIAN_POINT ( 'NONE',  ( -35.57903941170260254, -48.56860215271369441, -5.662750523019635551 ) ) ;
#1382 = CARTESIAN_POINT ( 'NONE',  ( -1.499999999999993339, 18.50000000000000000, 32.50000000000000000 ) ) ;
#1383 = CARTESIAN_POINT ( 'NONE',  ( -6.345030698870110619, -48.85066360169676614, -35.43775225008145213 ) ) ;
#1384 = B_SPLINE_CURVE_WITH_KNOTS ( 'NONE', 3,
 ( #9641, #1266, #7477, #9077, #8933, #9685, #5814, #2066, #7326, #5123, #9034, #2163, #8989, #2118, #4321, #466, #2210, #517 ),
 .UNSPECIFIED., .F., .F.,
 ( 4, 2, 2, 2, 2, 2, 2, 2, 4 ),
 ( 0.0000000000000000000, 0.1249999999999999722, 0.2499999999999999445, 0.3749999999999999445, 0.5000000000000000000, 0.6250000000000001110, 0.7500000000000000000, 0.8750000000000000000, 1.000000000000000000 ),
 .UNSPECIFIED. ) ;
#1385 = CARTESIAN_POINT ( 'NONE',  ( 23.49494614330434317, 18.99999992433997065, -23.00137016443031968 ) ) ;
#1386 = CARTESIAN_POINT ( 'NONE',  ( 1.051720054813163552, -67.37306931834602608, 29.62846303160478101 ) ) ;
#1387 = PLANE ( 'NONE',  #6891 ) ;
#1388 = CARTESIAN_POINT ( 'NONE',  ( 19.51290588337194265, -31.85772565809492107, -30.25307749493795484 ) ) ;
#1389 = EDGE_CURVE ( 'NONE', #2552, #2552, #2418, .T. ) ;
#1390 = ORIENTED_EDGE ( 'NONE', *, *, #7145, .T. ) ;
#1391 = CARTESIAN_POINT ( 'NONE',  ( 5.118959704114701026, -53.20360996367507767, 42.50000000000007816 ) ) ;
#1392 = EDGE_CURVE ( 'NONE', #3294, #3294, #5610, .T. ) ;
#1393 = EDGE_LOOP ( 'NONE', ( #102 ) ) ;
#1394 = LINE ( 'NONE', #1445, #8876 ) ;
#1395 = EDGE_LOOP ( 'NONE', ( #3498 ) ) ;
#1396 = LINE ( 'NONE', #4445, #480 ) ;
#1397 = ORIENTED_EDGE ( 'NONE', *, *, #9467, .T. ) ;
#1398 = CARTESIAN_POINT ( 'NONE',  ( 1.137552422759083193, -56.99000269110889150, 54.58684556781685160 ) ) ;
#1399 = EDGE_CURVE ( 'NONE', #8220, #2022, #4790, .T. ) ;
#1400 = DIRECTION ( 'NONE',  ( -1.000000000000000000, -7.232542356195667155E-15, 0.0000000000000000000 ) ) ;
#1401 = DIRECTION ( 'NONE',  ( -7.232542356195678199E-15, 1.000000000000000000, 0.0000000000000000000 ) ) ;
#1402 = CYLINDRICAL_SURFACE ( 'NONE', #5148, 1.000000000000000888 ) ;
#1403 = CARTESIAN_POINT ( 'NONE',  ( 13.72359555302458922, -45.35881414026003000, 33.28209948248070305 ) ) ;
#1404 = CARTESIAN_POINT ( 'NONE',  ( 2.098783972748914817, -49.46853553200733700, 35.94261798653443662 ) ) ;
#1405 = ORIENTED_EDGE ( 'NONE', *, *, #7062, .F. ) ;
#1406 = CARTESIAN_POINT ( 'NONE',  ( 10.19131289898476211, -42.00290845173102383, -33.46033364881083116 ) ) ;
#1407 = CONICAL_SURFACE ( 'NONE', #2679, 1.499999999938609552, 1.029744258372269572 ) ;
#1408 = DIRECTION ( 'NONE',  ( -0.2063608743195329276, -0.9784759524638702022, 0.0000000000000000000 ) ) ;
#1409 = APPROVAL_DATE_TIME ( #8131, #2930 ) ;
#1410 = CARTESIAN_POINT ( 'NONE',  ( 7.772263028573235921, 13.99814406546507151, 35.15198617421935978 ) ) ;
#1411 = CARTESIAN_POINT ( 'NONE',  ( 2.491809755249422498, -57.83348560059414467, 55.62607505847255851 ) ) ;
#1412 = CARTESIAN_POINT ( 'NONE',  ( 32.66697588645136108, -44.85656347169752678, 0.8055730915522359981 ) ) ;
#1413 = DIRECTION ( 'NONE',  ( -1.086326531467812312E-16, 2.291065940513937741E-17, -1.000000000000000000 ) ) ;
#1414 = CIRCLE ( 'NONE', #3809, 1.500000000000001332 ) ;
#1415 = CARTESIAN_POINT ( 'NONE',  ( 32.66697588645136108, -44.85656347169752678, 0.8055730915522359981 ) ) ;
#1416 = SECURITY_CLASSIFICATION ( '', '', #5924 ) ;
#1417 = CARTESIAN_POINT ( 'NONE',  ( -20.77277676189459754, 19.00000000073248074, 27.20326830555347186 ) ) ;
#1418 = CARTESIAN_POINT ( 'NONE',  ( 1.238429931521567440E-13, 17.50000000000000711, 31.50000000000000000 ) ) ;
#1419 = ORIENTED_EDGE ( 'NONE', *, *, #7211, .F. ) ;
#1420 = CARTESIAN_POINT ( 'NONE',  ( -32.47796626408987919, -44.62029356823293114, -3.442146824947261763 ) ) ;
#1421 = COORDINATED_UNIVERSAL_TIME_OFFSET ( 8, 0, .AHEAD. ) ;
#1422 = CARTESIAN_POINT ( 'NONE',  ( -7.844005813115258796, -43.14918592086210936, -33.89797188021391605 ) ) ;
#1423 = AXIS2_PLACEMENT_3D ( 'NONE', #4225, #5625, #8798 ) ;
#1424 = CARTESIAN_POINT ( 'NONE',  ( -16.78756936566732350, -39.00000000000007816, 31.84615384615386446 ) ) ;
#1425 = VECTOR ( 'NONE', #6207, 1000.000000000000000 ) ;
#1426 = VERTEX_POINT ( 'NONE', #4038 ) ;
#1427 = EDGE_LOOP ( 'NONE', ( #8879, #182, #4111, #42 ) ) ;
#1428 = B_SPLINE_CURVE_WITH_KNOTS ( 'NONE', 3,
 ( #3059, #106, #4607, #6199, #6109, #7721, #8422, #7577, #6059, #9826, #7528, #662, #801, #1466, #3760, #3714, #3861, #4660, #2405, #8472, #6917, #2957, #62, #3105, #6157, #6816, #848, #9872, #9127, #4562, #2348, #2264, #5314, #5401, #3907, #1513, #749, #3805, #6863, #16, #7965, #1047, #9369, #8676, #4101, #4853, #354, #7216, #6253, #9421 ),
 .UNSPECIFIED., .F., .F.,
 ( 4, 2, 2, 2, 2, 2, 2, 2, 2, 2, 2, 2, 2, 2, 2, 2, 2, 2, 2, 2, 2, 2, 2, 2, 4 ),
 ( 0.0000000000000000000, 0.06250000000000001388, 0.09375000000000001388, 0.1250000000000000000, 0.1875000000000000000, 0.2187500000000000000, 0.2500000000000000000, 0.3125000000000000000, 0.3750000000000000000, 0.4062500000000000000, 0.4375000000000000000, 0.4687500000000000555, 0.5000000000000000000, 0.5625000000000000000, 0.5937500000000001110, 0.6250000000000000000, 0.6875000000000000000, 0.7187499999999998890, 0.7500000000000000000, 0.8125000000000000000, 0.8437500000000000000, 0.8750000000000000000, 0.9375000000000001110, 0.9687500000000000000, 1.000000000000000000 ),
 .UNSPECIFIED. ) ;
#1429 = AXIS2_PLACEMENT_3D ( 'NONE', #5288, #1898, #2089 ) ;
#1430 = CIRCLE ( 'NONE', #4623, 36.00000000000002132 ) ;
#1431 = CARTESIAN_POINT ( 'NONE',  ( -23.39056644284066167, -41.20630670739042500, 27.36763547875635538 ) ) ;
#1432 = CARTESIAN_POINT ( 'NONE',  ( -32.12727017917473660, -44.55236682923928271, -16.80617353731773633 ) ) ;
#1433 = EDGE_LOOP ( 'NONE', ( #5397, #8395, #8778, #6555 ) ) ;
#1434 = CARTESIAN_POINT ( 'NONE',  ( 19.45728386045109204, 18.99999993814877897, 28.41166053557308757 ) ) ;
#1435 = AXIS2_PLACEMENT_3D ( 'NONE', #2654, #7217, #355 ) ;
#1436 = CARTESIAN_POINT ( 'NONE',  ( -1.867990435694378393, -49.48256438187446804, -35.95452154608513240 ) ) ;
#1437 = CARTESIAN_POINT ( 'NONE',  ( 24.39060823425599267, 18.99999994574814011, -19.60686989062717345 ) ) ;
#1438 = CARTESIAN_POINT ( 'NONE',  ( -0.6030941371475970758, -67.91365268429771618, 30.12126631164482760 ) ) ;
#1439 = FACE_OUTER_BOUND ( 'NONE', #3480, .T. ) ;
#1440 = VECTOR ( 'NONE', #9910, 1000.000000000000114 ) ;
#1441 = CARTESIAN_POINT ( 'NONE',  ( 19.60444479864395007, -32.24878978735792145, -30.19380871181907366 ) ) ;
#1442 = ADVANCED_FACE ( 'NONE', ( #3338, #4696 ), #5391, .F. ) ;
#1443 = VERTEX_POINT ( 'NONE', #6189 ) ;
#1444 = EDGE_LOOP ( 'NONE', ( #1608, #875, #6348, #6896 ) ) ;
#1445 = CARTESIAN_POINT ( 'NONE',  ( 1.500000000000009326, 18.50000000000000000, 32.50000000000000000 ) ) ;
#1446 = ORIENTED_EDGE ( 'NONE', *, *, #4211, .T. ) ;
#1447 = VECTOR ( 'NONE', #2325, 1000.000000000000000 ) ;
#1448 = DIRECTION ( 'NONE',  ( -1.000000000000000000, 0.0000000000000000000, -1.939479807224431507E-16 ) ) ;
#1449 = ADVANCED_FACE ( 'NONE', ( #8006, #8908 ), #8103, .T. ) ;
#1450 = ORIENTED_EDGE ( 'NONE', *, *, #9160, .T. ) ;
#1451 = ADVANCED_FACE ( 'NONE', ( #2739, #4286 ), #8054, .T. ) ;
#1452 = DIRECTION ( 'NONE',  ( -1.000000000000000000, 4.304913725480043459E-30, 0.0000000000000000000 ) ) ;
#1453 = DIRECTION ( 'NONE',  ( -1.000000000000000000, -7.232542356195678199E-15, -1.054711873393898911E-15 ) ) ;
#1454 = ADVANCED_FACE ( 'NONE', ( #7353 ), #1291, .T. ) ;
#1455 = CARTESIAN_POINT ( 'NONE',  ( 5.158363549015233751, -55.45662475118751189, 29.54987913541722122 ) ) ;
#1456 = DIRECTION ( 'NONE',  ( 0.0000000000000000000, 0.0000000000000000000, 1.000000000000000000 ) ) ;
#1457 = CARTESIAN_POINT ( 'NONE',  ( 17.75000000000013856, 19.00000000000001066, -33.00000000000000000 ) ) ;
#1458 = CARTESIAN_POINT ( 'NONE',  ( -1.532204118442152652, -44.24038331841735783, 34.48281767229722306 ) ) ;
#1459 = ORIENTED_EDGE ( 'NONE', *, *, #7886, .T. ) ;
#1460 = EDGE_CURVE ( 'NONE', #9367, #9367, #6020, .T. ) ;
#1461 = AXIS2_PLACEMENT_3D ( 'NONE', #7869, #2558, #7919 ) ;
#1462 = CARTESIAN_POINT ( 'NONE',  ( 10.40462908070103687, -41.85285918056611365, -33.41417766008236612 ) ) ;
#1463 = CC_DESIGN_DATE_AND_TIME_ASSIGNMENT ( #2923, #718, ( #4614 ) ) ;
#1464 = CARTESIAN_POINT ( 'NONE',  ( 4.867501005719684114E-13, -67.29999999999999716, 8.592260065175948032E-14 ) ) ;
#1465 = APPROVAL_ROLE ( '' ) ;
#1466 = CARTESIAN_POINT ( 'NONE',  ( 7.844005813115810355, -43.14918592086193172, 33.89797188021402263 ) ) ;
#1467 = CARTESIAN_POINT ( 'NONE',  ( 7.495940980750903648, -62.32488240451282735, 53.51491454835499439 ) ) ;
#1468 = AXIS2_PLACEMENT_3D ( 'NONE', #4027, #9242, #5430 ) ;
#1469 = CARTESIAN_POINT ( 'NONE',  ( 35.92002062675206275, -54.22684950747056121, 2.778343592854402466 ) ) ;
#1470 = PLANE ( 'NONE',  #2054 ) ;
#1471 = CARTESIAN_POINT ( 'NONE',  ( -23.83450825836763798, 18.99999997377023320, -22.07578380227601400 ) ) ;
#1472 = ADVANCED_FACE ( 'NONE', ( #5194 ), #1387, .T. ) ;
#1473 = CC_DESIGN_PERSON_AND_ORGANIZATION_ASSIGNMENT ( #6622, #9824, ( #8308 ) ) ;
#1474 = EDGE_CURVE ( 'NONE', #5480, #8429, #6797, .T. ) ;
#1475 = CARTESIAN_POINT ( 'NONE',  ( -22.00825728203298937, 18.99999992583258290, 25.70941279968542759 ) ) ;
#1476 = CARTESIAN_POINT ( 'NONE',  ( 5.500000000000004441, 4.750000000000004441, 19.50000000000000000 ) ) ;
#1477 = ORIENTED_EDGE ( 'NONE', *, *, #2115, .F. ) ;
#1478 = CARTESIAN_POINT ( 'NONE',  ( -31.94324586158463930, -43.92463844666139039, 6.673841216469983628 ) ) ;
#1479 = PERSON_AND_ORGANIZATION ( #7395, #7661 ) ;
#1480 = CARTESIAN_POINT ( 'NONE',  ( 12.12435565298243567, -38.99999999999998579, -32.99999999999992895 ) ) ;
#1481 = DIRECTION ( 'NONE',  ( 0.0000000000000000000, 1.000000000000000000, 0.0000000000000000000 ) ) ;
#1482 = ORIENTED_EDGE ( 'NONE', *, *, #1008, .F. ) ;
#1483 = ORIENTED_EDGE ( 'NONE', *, *, #9224, .F. ) ;
#1484 = CARTESIAN_POINT ( 'NONE',  ( -36.00050524202190161, -48.98145722875249675, -1.129238648356710950 ) ) ;
#1485 = ORIENTED_EDGE ( 'NONE', *, *, #5718, .F. ) ;
#1486 = DIRECTION ( 'NONE',  ( 0.0000000000000000000, 1.000000000000000000, 0.0000000000000000000 ) ) ;
#1487 = CARTESIAN_POINT ( 'NONE',  ( 3.979023814556195734E-13, -66.80000000000846683, 29.00000000007829470 ) ) ;
#1488 = CARTESIAN_POINT ( 'NONE',  ( -11.08837321456956104, -47.15101371156703181, -34.25008775087894008 ) ) ;
#1489 = CARTESIAN_POINT ( 'NONE',  ( 23.40997587918398892, 18.99999993285256039, -23.20454904341726277 ) ) ;
#1490 = CARTESIAN_POINT ( 'NONE',  ( 7.916373332801711175E-15, 18.50000000000000000, 32.50000000000000000 ) ) ;
#1491 = CARTESIAN_POINT ( 'NONE',  ( 33.72703693950057868, -52.55992268647982257, -12.58920408914248767 ) ) ;
#1492 = ORIENTED_EDGE ( 'NONE', *, *, #6878, .T. ) ;
#1493 = ORIENTED_EDGE ( 'NONE', *, *, #1125, .T. ) ;
#1494 = AXIS2_PLACEMENT_3D ( 'NONE', #5741, #1188, #2689 ) ;
#1495 = CARTESIAN_POINT ( 'NONE',  ( -26.00000000006540546, -27.28532833644159439, -26.27379873557398327 ) ) ;
#1496 = DIRECTION ( 'NONE',  ( 0.0000000000000000000, 0.0000000000000000000, 1.000000000000000000 ) ) ;
#1497 = VERTEX_POINT ( 'NONE', #5289 ) ;
#1498 = CARTESIAN_POINT ( 'NONE',  ( -12.12435565298201290, 10.50000000000003730, 32.79999999999999716 ) ) ;
#1499 = ORIENTED_EDGE ( 'NONE', *, *, #6517, .F. ) ;
#1500 = CARTESIAN_POINT ( 'NONE',  ( -2.315451553882086788, -57.63988218040066158, 54.72278054076752341 ) ) ;
#1501 = CARTESIAN_POINT ( 'NONE',  ( 11.99999981623415657, 18.00121248782649985, -33.94112556192533958 ) ) ;
#1502 = FACE_OUTER_BOUND ( 'NONE', #6121, .T. ) ;
#1503 = LINE ( 'NONE', #840, #2108 ) ;
#1504 = DIRECTION ( 'NONE',  ( -0.0000000000000000000, 1.000000000000000000, -0.0000000000000000000 ) ) ;
#1505 = CARTESIAN_POINT ( 'NONE',  ( -2.121513394780115469, -49.48076663695346866, 35.95241816932053069 ) ) ;
#1506 = ORIENTED_EDGE ( 'NONE', *, *, #6258, .T. ) ;
#1507 = ADVANCED_FACE ( 'NONE', ( #7498 ), #775, .T. ) ;
#1508 = VERTEX_POINT ( 'NONE', #2982 ) ;
#1509 = CARTESIAN_POINT ( 'NONE',  ( 7.117575346424956706, -45.85852723100110495, -35.31476559300520535 ) ) ;
#1510 = ADVANCED_FACE ( 'NONE', ( #1439, #9757 ), #9805, .F. ) ;
#1511 = DIRECTION ( 'NONE',  ( -0.0000000000000000000, -0.0000000000000000000, -1.000000000000000000 ) ) ;
#1512 = AXIS2_PLACEMENT_3D ( 'NONE', #7092, #6334, #6486 ) ;
#1513 = CARTESIAN_POINT ( 'NONE',  ( -7.819222093275559615, -43.14587458473156545, 33.89923927046332608 ) ) ;
#1514 = CARTESIAN_POINT ( 'NONE',  ( 7.619067628222121691, -58.33705786892498679, 32.00000000000008527 ) ) ;
#1515 = CARTESIAN_POINT ( 'NONE',  ( -16.78756936566724534, -39.00000000000014921, -31.84615384615380762 ) ) ;
#1516 = CARTESIAN_POINT ( 'NONE',  ( 30.59805372985836769, -49.86598931200409623, -18.97528626430194976 ) ) ;
#1517 = CARTESIAN_POINT ( 'NONE',  ( 0.5119697585430378339, -54.30006049657482947, 32.49998883140168715 ) ) ;
#1518 = DIRECTION ( 'NONE',  ( 0.6679517357399816779, 0.7442045946659733291, 0.0000000000000000000 ) ) ;
#1519 = ADVANCED_FACE ( 'NONE', ( #2885 ), #637, .T. ) ;
#1520 = CIRCLE ( 'NONE', #6952, 32.49999999999998579 ) ;
#1521 = CARTESIAN_POINT ( 'NONE',  ( -23.53292803998562732, 18.99999992374235447, 22.90737955378247293 ) ) ;
#1522 = DIRECTION ( 'NONE',  ( 1.000000000000000000, -0.0000000000000000000, -0.0000000000000000000 ) ) ;
#1523 = ORIENTED_EDGE ( 'NONE', *, *, #9591, .T. ) ;
#1524 = COORDINATED_UNIVERSAL_TIME_OFFSET ( 8, 0, .AHEAD. ) ;
#1525 = CARTESIAN_POINT ( 'NONE',  ( 12.12435565262846815, -39.19286025925178762, -32.99999999999992895 ) ) ;
#1526 = ADVANCED_FACE ( 'NONE', ( #7553 ), #5234, .T. ) ;
#1527 = AXIS2_PLACEMENT_3D ( 'NONE', #7219, #5549, #4902 ) ;
#1528 = CARTESIAN_POINT ( 'NONE',  ( -25.09999999999954667, -61.50000000000017053, 8.000000000000047962 ) ) ;
#1529 = EDGE_LOOP ( 'NONE', ( #169, #5257, #7844, #2110 ) ) ;
#1530 = ORIENTED_EDGE ( 'NONE', *, *, #4931, .T. ) ;
#1531 = CARTESIAN_POINT ( 'NONE',  ( -35.99959361264676261, -54.28397790145714197, 0.7213532186791136169 ) ) ;
#1532 = PLANE ( 'NONE',  #4159 ) ;
#1533 = CARTESIAN_POINT ( 'NONE',  ( 0.0000000000000000000, -5.204170427930421283E-15, 35.50000000000001421 ) ) ;
#1534 = CARTESIAN_POINT ( 'NONE',  ( 5.475678691166251610, -49.03111431307967649, -35.58114297548235783 ) ) ;
#1535 = CARTESIAN_POINT ( 'NONE',  ( -7.392929142291935207, -58.36757461173379369, 56.35973631921488192 ) ) ;
#1536 = CARTESIAN_POINT ( 'NONE',  ( 23.17392249144020155, 18.99999997564626497, -23.72404104799139191 ) ) ;
#1537 = CARTESIAN_POINT ( 'NONE',  ( -9.745683153520886322, -58.04558161673543992, 34.65581812412131768 ) ) ;
#1538 = ADVANCED_BREP_SHAPE_REPRESENTATION ( '', ( #263, #6881, #3708, #6988, #9567 ), #3482 ) ;
#1539 = CARTESIAN_POINT ( 'NONE',  ( 2.319270451505251351, -57.67862505788140481, 54.30488175435569786 ) ) ;
#1540 = CARTESIAN_POINT ( 'NONE',  ( 20.89474504907450125, -36.28745295908777280, -29.31676148441771446 ) ) ;
#1541 = VERTEX_POINT ( 'NONE', #5983 ) ;
#1542 = EDGE_LOOP ( 'NONE', ( #3558, #883, #3423, #7089 ) ) ;
#1543 = DIRECTION ( 'NONE',  ( -7.232542356195667155E-15, 1.000000000000000000, -1.276710262284687461E-15 ) ) ;
#1544 = CARTESIAN_POINT ( 'NONE',  ( 5.276818712346253548, -54.42078370213878458, 51.00000000000009237 ) ) ;
#1545 = ORIENTED_EDGE ( 'NONE', *, *, #7565, .T. ) ;
#1546 = DIRECTION ( 'NONE',  ( 0.0000000000000000000, 1.000000000000000000, 0.0000000000000000000 ) ) ;
#1547 = ORIENTED_EDGE ( 'NONE', *, *, #8684, .T. ) ;
#1548 = CARTESIAN_POINT ( 'NONE',  ( -8.000000000000000000, 18.00000000000001421, -36.00000000000002132 ) ) ;
#1549 = CARTESIAN_POINT ( 'NONE',  ( 11.79066417104001552, 16.69612120212604367, -34.01458228175756915 ) ) ;
#1550 = DIRECTION ( 'NONE',  ( 0.0000000000000000000, 0.0000000000000000000, 1.000000000000000000 ) ) ;
#1551 = FACE_OUTER_BOUND ( 'NONE', #237, .T. ) ;
#1552 = CARTESIAN_POINT ( 'NONE',  ( 11.73719266784890891, -46.79179717497497393, 34.03349768704732270 ) ) ;
#1553 = CARTESIAN_POINT ( 'NONE',  ( 3.012726923214747554, -44.12629748504037508, 34.41377048578085152 ) ) ;
#1554 = ORIENTED_EDGE ( 'NONE', *, *, #7944, .T. ) ;
#1555 = ORIENTED_EDGE ( 'NONE', *, *, #215, .T. ) ;
#1556 = CARTESIAN_POINT ( 'NONE',  ( -0.1125117576263578306, -63.80302482122607444, 54.34827995824514346 ) ) ;
#1557 = CARTESIAN_POINT ( 'NONE',  ( 0.0000000000000000000, 4.200000000000000178, 25.50000000000000355 ) ) ;
#1558 = CARTESIAN_POINT ( 'NONE',  ( -8.473850318256610947, -58.51286240491764090, 37.50000000000008527 ) ) ;
#1559 = EDGE_CURVE ( 'NONE', #8293, #7186, #9149, .T. ) ;
#1560 = CARTESIAN_POINT ( 'NONE',  ( 7.558528678000827838, -62.38105722701957490, 53.96463607487711300 ) ) ;
#1561 = CARTESIAN_POINT ( 'NONE',  ( 8.222535032588550623E-15, 18.50000000000000000, 33.50000000000000000 ) ) ;
#1562 = CARTESIAN_POINT ( 'NONE',  ( 32.16676977555812300, -44.22063380141639755, -5.574808801981026463 ) ) ;
#1563 = CARTESIAN_POINT ( 'NONE',  ( -24.35940615080190241, 18.99999991030952629, -19.85584488779923618 ) ) ;
#1564 = EDGE_CURVE ( 'NONE', #8166, #6152, #2804, .T. ) ;
#1565 = CARTESIAN_POINT ( 'NONE',  ( -24.39446519112381040, 18.99999993696825129, 19.57675104641801056 ) ) ;
#1566 = DIRECTION ( 'NONE',  ( 1.000000000000000000, 0.0000000000000000000, -0.0000000000000000000 ) ) ;
#1567 = ORIENTED_EDGE ( 'NONE', *, *, #3635, .F. ) ;
#1568 = DATE_AND_TIME ( #959, #1256 ) ;
#1569 = EDGE_CURVE ( 'NONE', #5711, #7334, #5477, .T. ) ;
#1570 = EDGE_CURVE ( 'NONE', #3544, #6882, #1310, .T. ) ;
#1571 = CARTESIAN_POINT ( 'NONE',  ( 1.516283091584830212, -64.41887611819481663, -35.96810992723581535 ) ) ;
#1572 = EDGE_CURVE ( 'NONE', #6590, #9286, #2100, .T. ) ;
#1573 = AXIS2_PLACEMENT_3D ( 'NONE', #3149, #15, #800 ) ;
#1574 = DIRECTION ( 'NONE',  ( -0.0000000000000000000, -1.000000000000000000, -0.0000000000000000000 ) ) ;
#1575 = EDGE_LOOP ( 'NONE', ( #114, #8634 ) ) ;
#1576 = AXIS2_PLACEMENT_3D ( 'NONE', #4346, #1293, #341 ) ;
#1577 = ADVANCED_FACE ( 'NONE', ( #4777 ), #6329, .F. ) ;
#1578 = PRODUCT_DEFINITION_FORMATION_WITH_SPECIFIED_SOURCE ( '任何', '', #1205, .NOT_KNOWN. ) ;
#1579 = CARTESIAN_POINT ( 'NONE',  ( -35.67099645461298252, -54.04516174230664660, -4.868436718497828330 ) ) ;
#1580 = VECTOR ( 'NONE', #8498, 1000.000000000000000 ) ;
#1581 = ORIENTED_EDGE ( 'NONE', *, *, #6776, .F. ) ;
#1582 = DIRECTION ( 'NONE',  ( -0.0000000000000000000, 1.000000000000000000, -0.0000000000000000000 ) ) ;
#1583 =( LENGTH_UNIT ( ) NAMED_UNIT ( * ) SI_UNIT ( .MILLI., .METRE. ) );
#1584 = CARTESIAN_POINT ( 'NONE',  ( 8.007827766175457995, -48.40377053057574841, -35.09814640707677569 ) ) ;
#1585 = CARTESIAN_POINT ( 'NONE',  ( -4.213028866617246848, 19.31472102874938201, -35.75277757343918239 ) ) ;
#1586 = AXIS2_PLACEMENT_3D ( 'NONE', #5411, #8478, #1618 ) ;
#1587 = CARTESIAN_POINT ( 'NONE',  ( 9.995903956344278640, -59.73389906336738164, 34.58445838047163789 ) ) ;
#1588 = CARTESIAN_POINT ( 'NONE',  ( 34.44200437961293204, -53.12266972892251715, -10.52826704903672450 ) ) ;
#1589 = CC_DESIGN_APPROVAL ( #300, ( #8950 ) ) ;
#1590 = CIRCLE ( 'NONE', #2353, 2.250000000000003997 ) ;
#1591 = EDGE_LOOP ( 'NONE', ( #2101 ) ) ;
#1592 = AXIS2_PLACEMENT_3D ( 'NONE', #6805, #739, #8318 ) ;
#1593 = EDGE_LOOP ( 'NONE', ( #454, #591, #8311, #3121, #5776, #932 ) ) ;
#1594 = DIRECTION ( 'NONE',  ( 0.7071067811865451302, -0.7071067811865500152, 0.0000000000000000000 ) ) ;
#1595 = AXIS2_PLACEMENT_3D ( 'NONE', #1154, #6661, #4203 ) ;
#1596 = CARTESIAN_POINT ( 'NONE',  ( -30.80490765734548475, -50.05659223875912289, -18.63232464830528912 ) ) ;
#1597 = CARTESIAN_POINT ( 'NONE',  ( -5.899999999999988809, 18.00000000000001421, -33.00000000000000000 ) ) ;
#1598 = ORIENTED_EDGE ( 'NONE', *, *, #6907, .F. ) ;
#1599 = LINE ( 'NONE', #5440, #8476 ) ;
#1600 = VERTEX_POINT ( 'NONE', #7086 ) ;
#1601 = DIRECTION ( 'NONE',  ( -0.0000000000000000000, -0.0000000000000000000, -1.000000000000000000 ) ) ;
#1602 = AXIS2_PLACEMENT_3D ( 'NONE', #186, #3135, #7608 ) ;
#1603 = DIRECTION ( 'NONE',  ( -1.000000000000000000, -0.0000000000000000000, -0.0000000000000000000 ) ) ;
#1604 = DIRECTION ( 'NONE',  ( 1.000000000000000000, 7.232542356195678199E-15, 1.054711873393880372E-15 ) ) ;
#1605 = DIRECTION ( 'NONE',  ( 0.0000000000000000000, 0.0000000000000000000, 1.000000000000000000 ) ) ;
#1606 = CARTESIAN_POINT ( 'NONE',  ( 0.0000000000000000000, -2.000000000000000000, 0.0000000000000000000 ) ) ;
#1607 = CARTESIAN_POINT ( 'NONE',  ( -10.82661520598751892, -47.29174916929017058, 34.33635490305532301 ) ) ;
#1608 = ORIENTED_EDGE ( 'NONE', *, *, #2311, .T. ) ;
#1609 = VECTOR ( 'NONE', #581, 1000.000000000000000 ) ;
#1610 = VERTEX_POINT ( 'NONE', #9391 ) ;
#1611 = CARTESIAN_POINT ( 'NONE',  ( 13.22749846364133397, -42.48264450414075810, -33.55346910877501898 ) ) ;
#1612 = VECTOR ( 'NONE', #1345, 1000.000000000000000 ) ;
#1613 = DIRECTION ( 'NONE',  ( -2.168404344971006896E-16, 0.0000000000000000000, -1.000000000000000000 ) ) ;
#1614 = DIRECTION ( 'NONE',  ( 0.0000000000000000000, 1.000000000000000000, 0.0000000000000000000 ) ) ;
#1615 = CARTESIAN_POINT ( 'NONE',  ( -7.024189199426041696, -59.44228032134458317, 29.57014852272228467 ) ) ;
#1616 = CARTESIAN_POINT ( 'NONE',  ( 32.63556357717497036, -44.81789967159343746, 1.620700429172216683 ) ) ;
#1617 = FACE_OUTER_BOUND ( 'NONE', #2123, .T. ) ;
#1618 = DIRECTION ( 'NONE',  ( 0.0000000000000000000, -1.000000000000000000, 0.0000000000000000000 ) ) ;
#1619 = CARTESIAN_POINT ( 'NONE',  ( -18.75238095238081826, -1.387778780781445676E-14, 30.49570803599713997 ) ) ;
#1620 = ORIENTED_EDGE ( 'NONE', *, *, #9827, .F. ) ;
#1621 = VECTOR ( 'NONE', #7267, 1000.000000000000000 ) ;
#1622 = PERSON_AND_ORGANIZATION ( #7395, #7661 ) ;
#1623 = CARTESIAN_POINT ( 'NONE',  ( -1.739058453451298725, -65.07377425836115492, -35.95797772605910581 ) ) ;
#1624 = DIRECTION ( 'NONE',  ( 0.0000000000000000000, -1.000000000000000000, 0.0000000000000000000 ) ) ;
#1625 = VERTEX_POINT ( 'NONE', #1213 ) ;
#1626 = AXIS2_PLACEMENT_3D ( 'NONE', #8369, #8323, #9023 ) ;
#1627 = ORIENTED_EDGE ( 'NONE', *, *, #4458, .T. ) ;
#1628 = ADVANCED_FACE ( 'NONE', ( #7382 ), #7755, .T. ) ;
#1629 = CARTESIAN_POINT ( 'NONE',  ( -27.92215612553129844, -36.73158199286507397, -23.78502910254563574 ) ) ;
#1630 = VERTEX_POINT ( 'NONE', #555 ) ;
#1631 = CARTESIAN_POINT ( 'NONE',  ( 3.469446951953614189E-15, 4.750000000000000888, -3.500000000000003109 ) ) ;
#1632 =( NAMED_UNIT ( * ) SI_UNIT ( $, .STERADIAN. ) SOLID_ANGLE_UNIT ( ) );
#1633 = LINE ( 'NONE', #7992, #1099 ) ;
#1634 = CARTESIAN_POINT ( 'NONE',  ( 24.46660647198966032, 18.99999997353751624, -18.84231423217159929 ) ) ;
#1635 = CARTESIAN_POINT ( 'NONE',  ( 6.333761837452953181, -52.54633446897817350, 35.44034823133760170 ) ) ;
#1636 = ORIENTED_EDGE ( 'NONE', *, *, #3460, .F. ) ;
#1637 = ORIENTED_EDGE ( 'NONE', *, *, #59, .T. ) ;
#1638 = APPROVAL ( #6782, '未指定' ) ;
#1639 = CARTESIAN_POINT ( 'NONE',  ( -33.70234178831719873, -52.54022322632259545, -12.65529489783500949 ) ) ;
#1640 = ORIENTED_EDGE ( 'NONE', *, *, #8602, .T. ) ;
#1641 = CARTESIAN_POINT ( 'NONE',  ( 18.75238095238108826, -63.00000000000001421, -30.49570803599712576 ) ) ;
#1642 = ORIENTED_EDGE ( 'NONE', *, *, #3207, .T. ) ;
#1643 = CARTESIAN_POINT ( 'NONE',  ( 4.910661645800640684, -53.67067860181256833, 34.50000000000007816 ) ) ;
#1644 = CARTESIAN_POINT ( 'NONE',  ( 18.85714285714288607, 9.615324409700016286E-14, -30.66607511999707825 ) ) ;
#1645 = DIRECTION ( 'NONE',  ( -1.000000000000000000, 0.0000000000000000000, 0.0000000000000000000 ) ) ;
#1646 = EDGE_CURVE ( 'NONE', #5744, #920, #6616, .T. ) ;
#1647 = CARTESIAN_POINT ( 'NONE',  ( 7.339542750129453452, -62.18450908465023730, 59.78857882194937901 ) ) ;
#1648 = CARTESIAN_POINT ( 'NONE',  ( -8.087333325523006877, -48.37889307207604617, 35.07984859214813866 ) ) ;
#1649 = DIRECTION ( 'NONE',  ( 0.0000000000000000000, 0.0000000000000000000, -1.000000000000000000 ) ) ;
#1650 = ORIENTED_EDGE ( 'NONE', *, *, #9152, .F. ) ;
#1651 = ORIENTED_EDGE ( 'NONE', *, *, #2351, .F. ) ;
#1652 = CARTESIAN_POINT ( 'NONE',  ( -1.126454352478516441, -63.62167877201339650, 54.40958810229802367 ) ) ;
#1653 = DIRECTION ( 'NONE',  ( 1.000000000000000000, 7.232542356195667155E-15, 0.0000000000000000000 ) ) ;
#1654 = CARTESIAN_POINT ( 'NONE',  ( -31.94457945201331484, -43.92642741370190862, -6.667875387290242983 ) ) ;
#1655 = DIRECTION ( 'NONE',  ( -1.054711873393889642E-15, 1.276710262284678586E-15, 1.000000000000000000 ) ) ;
#1656 = CARTESIAN_POINT ( 'NONE',  ( -7.504688827020221886, -61.72060625071017625, 30.12179870301492457 ) ) ;
#1657 = CARTESIAN_POINT ( 'NONE',  ( 35.33566751403471784, -53.79812125899834285, 6.918462265366720487 ) ) ;
#1658 = CARTESIAN_POINT ( 'NONE',  ( 26.30000000000047677, -67.29999999999978400, 15.50000000000011013 ) ) ;
#1659 = CARTESIAN_POINT ( 'NONE',  ( 26.05997717985660600, -28.18312513723065749, 17.83413341265370988 ) ) ;
#1660 = CARTESIAN_POINT ( 'NONE',  ( -24.49999999999980815, 18.99999999999999645, 18.03367171834542404 ) ) ;
#1661 = CARTESIAN_POINT ( 'NONE',  ( -19.52302380265794568, -31.90263920542426490, -30.24655028643853072 ) ) ;
#1662 = DIRECTION ( 'NONE',  ( -1.000000000000000000, -0.0000000000000000000, -0.0000000000000000000 ) ) ;
#1663 = AXIS2_PLACEMENT_3D ( 'NONE', #2656, #554, #3507 ) ;
#1664 = EDGE_LOOP ( 'NONE', ( #2156 ) ) ;
#1665 = CALENDAR_DATE ( 2023, 16, 11 ) ;
#1666 = CARTESIAN_POINT ( 'NONE',  ( 1.064229931108097826, -63.90611485118465396, -35.98439152978249922 ) ) ;
#1667 = CARTESIAN_POINT ( 'NONE',  ( 8.321099320085147966, -63.00588360896869489, 42.50000000000007816 ) ) ;
#1668 = VECTOR ( 'NONE', #8139, 1000.000000000000000 ) ;
#1669 = EDGE_LOOP ( 'NONE', ( #4081 ) ) ;
#1670 = CARTESIAN_POINT ( 'NONE',  ( -26.94935814151139297, -33.50650677319939064, -16.93268519289495444 ) ) ;
#1671 = ORIENTED_EDGE ( 'NONE', *, *, #6780, .F. ) ;
#1672 = DIRECTION ( 'NONE',  ( 4.081702296416016490E-16, 1.000000000000000000, 0.0000000000000000000 ) ) ;
#1673 = CARTESIAN_POINT ( 'NONE',  ( 0.0000000000000000000, 0.0000000000000000000, 0.0000000000000000000 ) ) ;
#1674 = CARTESIAN_POINT ( 'NONE',  ( 5.996376494890672149, -48.93016132282051700, -35.50021176345315155 ) ) ;
#1675 = CIRCLE ( 'NONE', #2001, 9.800000000000006040 ) ;
#1676 = CARTESIAN_POINT ( 'NONE',  ( -12.00044064418705680, 18.25813408252627923, -33.94096970579138883 ) ) ;
#1677 = ADVANCED_FACE ( 'NONE', ( #6663 ), #2106, .T. ) ;
#1678 = DIRECTION ( 'NONE',  ( 0.0000000000000000000, 0.0000000000000000000, -1.000000000000000000 ) ) ;
#1679 = ORIENTED_EDGE ( 'NONE', *, *, #3156, .F. ) ;
#1680 = EDGE_CURVE ( 'NONE', #4472, #376, #7420, .T. ) ;
#1681 = EDGE_LOOP ( 'NONE', ( #7254 ) ) ;
#1682 = CARTESIAN_POINT ( 'NONE',  ( -27.38652518905519884, -46.56887501834223286, -23.36718141938810689 ) ) ;
#1683 = CARTESIAN_POINT ( 'NONE',  ( -26.95106910955664503, -33.51301686334264218, 16.93079274299729775 ) ) ;
#1684 = ORIENTED_EDGE ( 'NONE', *, *, #9294, .T. ) ;
#1685 = DIRECTION ( 'NONE',  ( 7.232542356195667155E-15, -1.000000000000000000, 1.276710262284687461E-15 ) ) ;
#1686 = ORIENTED_EDGE ( 'NONE', *, *, #9223, .F. ) ;
#1687 = CYLINDRICAL_SURFACE ( 'NONE', #627, 2.999999999999999112 ) ;
#1688 = CARTESIAN_POINT ( 'NONE',  ( 1.679909339373913735, -52.33458070083491975, 30.50000000000007816 ) ) ;
#1689 = EDGE_CURVE ( 'NONE', #9347, #778, #31, .T. ) ;
#1690 = CARTESIAN_POINT ( 'NONE',  ( 4.867501005719681085E-13, -67.29999999999995453, 34.50000000000006395 ) ) ;
#1691 = DIRECTION ( 'NONE',  ( 0.3105242167236345607, -0.9505654689857891970, 8.040613248383056045E-17 ) ) ;
#1692 = LINE ( 'NONE', #9359, #5185 ) ;
#1693 = EDGE_CURVE ( 'NONE', #4097, #9553, #9632, .T. ) ;
#1694 = CARTESIAN_POINT ( 'NONE',  ( 2.849508870510805369, -49.40292978610867891, 35.88709566572727283 ) ) ;
#1695 = CARTESIAN_POINT ( 'NONE',  ( -9.776682756466406943, 21.59297481431085330, 34.64790048985537396 ) ) ;
#1696 = VERTEX_POINT ( 'NONE', #8875 ) ;
#1697 = ORIENTED_EDGE ( 'NONE', *, *, #2902, .T. ) ;
#1698 = EDGE_CURVE ( 'NONE', #3579, #5424, #508, .T. ) ;
#1699 = CARTESIAN_POINT ( 'NONE',  ( 11.46373131609062135, -40.86574693812410430, -33.16950463650861991 ) ) ;
#1700 = DIRECTION ( 'NONE',  ( -7.415753963601008017E-17, -8.262330760336000271E-17, -1.000000000000000000 ) ) ;
#1701 = CARTESIAN_POINT ( 'NONE',  ( -32.40831514442130867, -44.53208083936783623, -4.035769654829191033 ) ) ;
#1702 = DIRECTION ( 'NONE',  ( 0.0000000000000000000, 0.0000000000000000000, 1.000000000000000000 ) ) ;
#1703 = DIRECTION ( 'NONE',  ( 1.000000000000000000, 0.0000000000000000000, -0.0000000000000000000 ) ) ;
#1704 = CARTESIAN_POINT ( 'NONE',  ( 34.34598044559363217, -53.04740981656944854, 10.80691396295417128 ) ) ;
#1705 = CARTESIAN_POINT ( 'NONE',  ( -10.99999999999945466, -72.30000000000011084, -17.88854381999822962 ) ) ;
#1706 = CARTESIAN_POINT ( 'NONE',  ( -21.47919563659035447, 18.99999994060215158, -26.40517684619728556 ) ) ;
#1707 = CARTESIAN_POINT ( 'NONE',  ( -24.47165789981719897, 18.99999997855788791, 18.76680442754239664 ) ) ;
#1708 = DIRECTION ( 'NONE',  ( -1.000000000000000000, 0.0000000000000000000, -0.0000000000000000000 ) ) ;
#1709 = DIRECTION ( 'NONE',  ( -1.054711873393889642E-15, 1.276710262284678586E-15, 1.000000000000000000 ) ) ;
#1710 = VERTEX_POINT ( 'NONE', #4960 ) ;
#1711 = COORDINATED_UNIVERSAL_TIME_OFFSET ( 8, 0, .AHEAD. ) ;
#1712 = CARTESIAN_POINT ( 'NONE',  ( 24.50000000000004263, 19.00000000000001066, 33.00000000000000000 ) ) ;
#1713 = CARTESIAN_POINT ( 'NONE',  ( 33.00000000000039080, -54.50000000007546674, 1.165292654484480720E-13 ) ) ;
#1714 = EDGE_LOOP ( 'NONE', ( #7670 ) ) ;
#1715 = VERTEX_POINT ( 'NONE', #9630 ) ;
#1716 = LINE ( 'NONE', #4874, #7690 ) ;
#1717 = CARTESIAN_POINT ( 'NONE',  ( 25.10000000000041709, -59.84999999999981668, 8.000000000000101252 ) ) ;
#1718 = AXIS2_PLACEMENT_3D ( 'NONE', #7472, #9823, #2206 ) ;
#1719 = CYLINDRICAL_SURFACE ( 'NONE', #4291, 6.000000000000000888 ) ;
#1720 = CARTESIAN_POINT ( 'NONE',  ( -11.46515236281353367, 20.01525335991837906, -34.12585484289107995 ) ) ;
#1721 = CARTESIAN_POINT ( 'NONE',  ( -5.137467643115501303, -51.70684311425135604, 35.63388638858084079 ) ) ;
#1722 = CARTESIAN_POINT ( 'NONE',  ( -2.743291622327660217, -53.13478436038361252, 56.16516269718636778 ) ) ;
#1723 = CIRCLE ( 'NONE', #3006, 1.500000000000001998 ) ;
#1724 = ORIENTED_EDGE ( 'NONE', *, *, #7077, .F. ) ;
#1725 = ORIENTED_EDGE ( 'NONE', *, *, #6721, .F. ) ;
#1726 = APPROVAL_PERSON_ORGANIZATION ( #8583, #5481, #1764 ) ;
#1727 = VECTOR ( 'NONE', #9388, 1000.000000000000000 ) ;
#1728 = CARTESIAN_POINT ( 'NONE',  ( 26.30000000000048743, -66.79999999999982663, -15.49999999999987921 ) ) ;
#1729 = DIRECTION ( 'NONE',  ( 1.000000000000000000, 0.0000000000000000000, -0.0000000000000000000 ) ) ;
#1730 = CARTESIAN_POINT ( 'NONE',  ( 23.84289208118565284, 18.99999997578815325, 22.04997694854849044 ) ) ;
#1731 = ORIENTED_EDGE ( 'NONE', *, *, #9456, .T. ) ;
#1732 = AXIS2_PLACEMENT_3D ( 'NONE', #9811, #832, #7747 ) ;
#1733 = DIRECTION ( 'NONE',  ( 0.2063608743195329276, 0.9784759524638702022, -0.0000000000000000000 ) ) ;
#1734 = DIRECTION ( 'NONE',  ( -1.000000000000000000, -0.0000000000000000000, -0.0000000000000000000 ) ) ;
#1735 = ADVANCED_FACE ( 'NONE', ( #599 ), #664, .T. ) ;
#1736 = VECTOR ( 'NONE', #6503, 999.9999999999998863 ) ;
#1737 = FACE_OUTER_BOUND ( 'NONE', #1433, .T. ) ;
#1738 = CARTESIAN_POINT ( 'NONE',  ( -5.509491565777003608, -54.68316494635156033, 30.36786714009157961 ) ) ;
#1739 = CARTESIAN_POINT ( 'NONE',  ( -6.450845424180212895, -48.82880479331493007, 35.42020510756153584 ) ) ;
#1740 = CARTESIAN_POINT ( 'NONE',  ( -9.052262919552966025, 21.86765016628572056, 34.84428064220581689 ) ) ;
#1741 = ORIENTED_EDGE ( 'NONE', *, *, #8077, .T. ) ;
#1742 = VECTOR ( 'NONE', #5563, 1000.000000000000000 ) ;
#1743 = ADVANCED_FACE ( 'NONE', ( #3657 ), #5703, .F. ) ;
#1744 = EDGE_LOOP ( 'NONE', ( #8374 ) ) ;
#1745 = VECTOR ( 'NONE', #1880, 1000.000000000000000 ) ;
#1746 = CARTESIAN_POINT ( 'NONE',  ( 2.326599984904498264, -62.94769669222480246, 54.25534475931757328 ) ) ;
#1747 = VERTEX_POINT ( 'NONE', #7259 ) ;
#1748 = CARTESIAN_POINT ( 'NONE',  ( -28.79762943992670543, -38.65285776857922428, 14.49546823965727782 ) ) ;
#1749 = AXIS2_PLACEMENT_3D ( 'NONE', #611, #6008, #4265 ) ;
#1750 = DIRECTION ( 'NONE',  ( -1.000000000000000000, -7.232542356195667155E-15, 0.0000000000000000000 ) ) ;
#1751 = CARTESIAN_POINT ( 'NONE',  ( -6.960985667592809456, -59.14259591550199247, 29.55006064214954264 ) ) ;
#1752 = CARTESIAN_POINT ( 'NONE',  ( 3.980814712676603538E-13, -60.29999999999996163, 37.50000000000008527 ) ) ;
#1753 = CARTESIAN_POINT ( 'NONE',  ( 23.72649003698770187, -41.81324738748457293, 27.09785393920183694 ) ) ;
#1754 = DIRECTION ( 'NONE',  ( 0.0000000000000000000, 0.0000000000000000000, -1.000000000000000000 ) ) ;
#1755 = VECTOR ( 'NONE', #5600, 1000.000000000000000 ) ;
#1756 = ADVANCED_FACE ( 'NONE', ( #1203 ), #3508, .F. ) ;
#1757 = CARTESIAN_POINT ( 'NONE',  ( -19.45728386047723646, 18.99999993814878962, -28.41166053555703996 ) ) ;
#1758 = CC_DESIGN_PERSON_AND_ORGANIZATION_ASSIGNMENT ( #1622, #3212, ( #4749 ) ) ;
#1759 = CARTESIAN_POINT ( 'NONE',  ( 24.50000000000008527, 19.00000000000001066, 17.88854381999830423 ) ) ;
#1760 = CYLINDRICAL_SURFACE ( 'NONE', #7900, 8.750000000000001776 ) ;
#1761 = CARTESIAN_POINT ( 'NONE',  ( 5.000000000000002665, 4.750000000000000888, -19.50000000000001421 ) ) ;
#1762 = CARTESIAN_POINT ( 'NONE',  ( 1.734723475976807094E-15, 1.250000000027284841, 3.499999999999999556 ) ) ;
#1763 = VERTEX_POINT ( 'NONE', #5108 ) ;
#1764 = APPROVAL_ROLE ( '' ) ;
#1765 = FACE_OUTER_BOUND ( 'NONE', #2388, .T. ) ;
#1766 = VECTOR ( 'NONE', #7815, 1000.000000000000000 ) ;
#1767 = DIRECTION ( 'NONE',  ( 4.304913725480044159E-30, 1.000000000000000000, 0.0000000000000000000 ) ) ;
#1768 = ADVANCED_FACE ( 'NONE', ( #8177 ), #1308, .T. ) ;
#1769 = CC_DESIGN_DATE_AND_TIME_ASSIGNMENT ( #6003, #562, ( #8308 ) ) ;
#1770 = CARTESIAN_POINT ( 'NONE',  ( -2.868499841844139198, -51.51905232957743408, 46.50000000000008527 ) ) ;
#1771 = CARTESIAN_POINT ( 'NONE',  ( 5.083306010855853430, -44.30000000000001137, -32.09999999999993037 ) ) ;
#1772 = AXIS2_PLACEMENT_3D ( 'NONE', #29, #901, #9087 ) ;
#1773 = VERTEX_POINT ( 'NONE', #696 ) ;
#1774 = DIRECTION ( 'NONE',  ( -0.0000000000000000000, 0.0000000000000000000, 1.000000000000000000 ) ) ;
#1775 = SHAPE_REPRESENTATION_RELATIONSHIP ( 'NONE' , 'NONE' ,  #9692, #1538 ) ;
#1776 = DIRECTION ( 'NONE',  ( -7.232542356195667155E-15, 1.000000000000000000, -1.276710262284687461E-15 ) ) ;
#1777 = CARTESIAN_POINT ( 'NONE',  ( -2.347111386882077433, -62.89638665093705328, 54.40244087717785959 ) ) ;
#1778 = DIRECTION ( 'NONE',  ( 1.000000000000000000, 7.232542356195668733E-15, 1.054711873393889642E-15 ) ) ;
#1779 = CARTESIAN_POINT ( 'NONE',  ( 9.961629965759390970, -61.20926525313382172, 34.59431753533354481 ) ) ;
#1780 = AXIS2_PLACEMENT_3D ( 'NONE', #8026, #1956, #3566 ) ;
#1781 = EDGE_LOOP ( 'NONE', ( #4718 ) ) ;
#1782 = EDGE_LOOP ( 'NONE', ( #2098 ) ) ;
#1783 = FACE_OUTER_BOUND ( 'NONE', #6749, .T. ) ;
#1784 = CARTESIAN_POINT ( 'NONE',  ( -18.92133227813836882, -28.12436618354148266, 30.62688050890326252 ) ) ;
#1785 = DIRECTION ( 'NONE',  ( 0.0000000000000000000, -0.0000000000000000000, 1.000000000000000000 ) ) ;
#1786 = CARTESIAN_POINT ( 'NONE',  ( 22.78396579504920183, 19.00000000000001066, 24.47551247923757600 ) ) ;
#1787 = ORIENTED_EDGE ( 'NONE', *, *, #7388, .F. ) ;
#1788 = DIRECTION ( 'NONE',  ( -0.0000000000000000000, -0.0000000000000000000, 1.000000000000000000 ) ) ;
#1789 = FACE_OUTER_BOUND ( 'NONE', #91, .T. ) ;
#1790 = DIRECTION ( 'NONE',  ( -7.232542356195678199E-15, 1.000000000000000000, 0.0000000000000000000 ) ) ;
#1791 = CARTESIAN_POINT ( 'NONE',  ( 2.688633640535961433, -54.93023168133220224, 32.38934948795757407 ) ) ;
#1792 = DIRECTION ( 'NONE',  ( 7.232542356195667155E-15, -1.000000000000000000, 1.276710262284687461E-15 ) ) ;
#1793 = CARTESIAN_POINT ( 'NONE',  ( -3.256685145060699949, -49.36548660289371782, 35.85549263272785225 ) ) ;
#1794 = CARTESIAN_POINT ( 'NONE',  ( -6.031782921667029562, 21.49211834316651704, 35.49178893808721114 ) ) ;
#1795 = EDGE_LOOP ( 'NONE', ( #9395, #6905, #845, #3788 ) ) ;
#1796 = ORIENTED_EDGE ( 'NONE', *, *, #9224, .T. ) ;
#1797 = LINE ( 'NONE', #4850, #9601 ) ;
#1798 = EDGE_CURVE ( 'NONE', #6859, #6683, #52, .T. ) ;
#1799 = CARTESIAN_POINT ( 'NONE',  ( 1.734723475976807883E-15, 4.750000000001364242, 5.199999999945248419 ) ) ;
#1800 = DIRECTION ( 'NONE',  ( 7.415753963601008017E-17, 8.262330760336000271E-17, 1.000000000000000000 ) ) ;
#1801 = CARTESIAN_POINT ( 'NONE',  ( 6.640591675757807621, -58.13069699460536555, 32.00000000000008527 ) ) ;
#1802 = DIRECTION ( 'NONE',  ( 0.0000000000000000000, 0.0000000000000000000, 1.000000000000000000 ) ) ;
#1803 = FACE_OUTER_BOUND ( 'NONE', #8341, .T. ) ;
#1804 = CARTESIAN_POINT ( 'NONE',  ( 30.89204772597807391, -42.42033399924390835, 10.23852679876264560 ) ) ;
#1805 = CYLINDRICAL_SURFACE ( 'NONE', #7046, 14.79999999999999005 ) ;
#1806 = EDGE_CURVE ( 'NONE', #2788, #2806, #7, .T. ) ;
#1807 = CARTESIAN_POINT ( 'NONE',  ( -22.90652955426608628, 18.99999999537092066, -24.25228912373730950 ) ) ;
#1808 = EDGE_LOOP ( 'NONE', ( #3978, #1833, #576, #4529 ) ) ;
#1809 = CARTESIAN_POINT ( 'NONE',  ( 16.69430509141398034, -63.00000000000001421, -31.66923076923077573 ) ) ;
#1810 = CARTESIAN_POINT ( 'NONE',  ( -4.971516594598964112, -46.29945563557322430, -35.66538793052825440 ) ) ;
#1811 = DIRECTION ( 'NONE',  ( -1.000000000000000000, -6.938893903907222067E-15, 0.0000000000000000000 ) ) ;
#1812 = VERTEX_POINT ( 'NONE', #9865 ) ;
#1813 = CARTESIAN_POINT ( 'NONE',  ( 5.750000000000126121, 10.49999999999999289, 32.79999999999999716 ) ) ;
#1814 = CARTESIAN_POINT ( 'NONE',  ( -5.749999999999876543, 10.50000000000003730, -33.00000000000000000 ) ) ;
#1815 = ADVANCED_FACE ( 'NONE', ( #9165 ), #3751, .T. ) ;
#1816 = FACE_BOUND ( 'NONE', #7291, .T. ) ;
#1817 = EDGE_CURVE ( 'NONE', #298, #298, #2582, .T. ) ;
#1818 = CARTESIAN_POINT ( 'NONE',  ( -25.09999999999950759, -63.80000000000020322, -17.33303027798228158 ) ) ;
#1819 = ORIENTED_EDGE ( 'NONE', *, *, #9161, .T. ) ;
#1820 = EDGE_CURVE ( 'NONE', #9553, #1130, #3853, .T. ) ;
#1821 = DIRECTION ( 'NONE',  ( 1.000000000000000000, 0.0000000000000000000, 0.0000000000000000000 ) ) ;
#1822 = CARTESIAN_POINT ( 'NONE',  ( 25.80000000000012861, -1.734723475976807094E-15, 17.88854381999830423 ) ) ;
#1823 = CARTESIAN_POINT ( 'NONE',  ( -2.221784882819608953, -63.00887192249106050, 55.41204413016328800 ) ) ;
#1824 = CARTESIAN_POINT ( 'NONE',  ( -3.111716365908177462, -61.90240043938968029, 54.57926364947447695 ) ) ;
#1825 = VECTOR ( 'NONE', #9134, 1000.000000000000000 ) ;
#1826 = CARTESIAN_POINT ( 'NONE',  ( 28.00944806624056227, -47.27229131242270910, -22.63259430565670272 ) ) ;
#1827 = EDGE_LOOP ( 'NONE', ( #3072 ) ) ;
#1828 = ORIENTED_EDGE ( 'NONE', *, *, #3523, .F. ) ;
#1829 = DIRECTION ( 'NONE',  ( -0.0000000000000000000, 1.000000000000000000, -0.0000000000000000000 ) ) ;
#1830 = CIRCLE ( 'NONE', #7439, 3.299999999999997158 ) ;
#1831 = CARTESIAN_POINT ( 'NONE',  ( -26.00000000006543033, -27.28490758813805073, 26.27379873559113932 ) ) ;
#1832 = CARTESIAN_POINT ( 'NONE',  ( 23.42832321693222397, 18.99999992583260422, 23.16912162928216290 ) ) ;
#1833 = ORIENTED_EDGE ( 'NONE', *, *, #7199, .T. ) ;
#1834 = FACE_OUTER_BOUND ( 'NONE', #9497, .T. ) ;
#1835 = DIRECTION ( 'NONE',  ( 0.0000000000000000000, 1.000000000000000000, 0.0000000000000000000 ) ) ;
#1836 = CARTESIAN_POINT ( 'NONE',  ( 3.980814712676603538E-13, -60.29999999999996163, 40.00000000000007816 ) ) ;
#1837 = CARTESIAN_POINT ( 'NONE',  ( 5.065392549852276716E-13, -65.30000000000003979, -31.99999999999991829 ) ) ;
#1838 = CARTESIAN_POINT ( 'NONE',  ( 1.734723475976807094E-15, 4.750000000000004441, 3.500000000000001332 ) ) ;
#1839 = CIRCLE ( 'NONE', #402, 35.79999999999999716 ) ;
#1840 = CARTESIAN_POINT ( 'NONE',  ( -11.95599184493240230, -39.95624346417520911, 33.04407806090962652 ) ) ;
#1841 = ORIENTED_EDGE ( 'NONE', *, *, #779, .T. ) ;
#1842 = ORIENTED_EDGE ( 'NONE', *, *, #9407, .T. ) ;
#1843 = CARTESIAN_POINT ( 'NONE',  ( -17.74999999999988276, 18.99999999999310774, 29.58356807418604006 ) ) ;
#1844 = VERTEX_POINT ( 'NONE', #1799 ) ;
#1845 = PLANE ( 'NONE',  #3672 ) ;
#1846 = DIRECTION ( 'NONE',  ( 0.0000000000000000000, 1.000000000000000000, 0.0000000000000000000 ) ) ;
#1847 = CARTESIAN_POINT ( 'NONE',  ( 12.12435565298225626, -63.00000000000001421, -32.79999999999999716 ) ) ;
#1848 = FACE_OUTER_BOUND ( 'NONE', #392, .T. ) ;
#1849 = CARTESIAN_POINT ( 'NONE',  ( 35.19826499273725773, -53.69594352709791707, 7.585221864236300959 ) ) ;
#1850 = FACE_OUTER_BOUND ( 'NONE', #7921, .T. ) ;
#1851 = CARTESIAN_POINT ( 'NONE',  ( -20.87885447031107589, 18.99999999535909012, -27.09022513491952822 ) ) ;
#1852 = EDGE_LOOP ( 'NONE', ( #8819 ) ) ;
#1853 = CARTESIAN_POINT ( 'NONE',  ( 17.67766952966358929, 5.000000000000000888, -17.67766952966378469 ) ) ;
#1854 = CARTESIAN_POINT ( 'NONE',  ( -3.012726923214453567, -44.12629748504091509, -34.41377048578096520 ) ) ;
#1855 = ADVANCED_FACE ( 'NONE', ( #1551 ), #5350, .F. ) ;
#1856 = CARTESIAN_POINT ( 'NONE',  ( -4.999999999999996447, 4.749999999999999112, 19.50000000000000000 ) ) ;
#1857 = ORIENTED_EDGE ( 'NONE', *, *, #3083, .T. ) ;
#1858 = PERSON_AND_ORGANIZATION_ROLE ( 'design_supplier' ) ;
#1859 = LINE ( 'NONE', #4914, #4129 ) ;
#1860 = EDGE_CURVE ( 'NONE', #8166, #6167, #2993, .T. ) ;
#1861 = CARTESIAN_POINT ( 'NONE',  ( -5.749999999999870326, 19.00000000000001066, -33.00000000000000000 ) ) ;
#1862 = CARTESIAN_POINT ( 'NONE',  ( -17.67766952966358929, 5.000000000000000888, -17.67766952966378469 ) ) ;
#1863 = CARTESIAN_POINT ( 'NONE',  ( -1.990274842673190214, -65.96595756315571180, 32.43985962661427180 ) ) ;
#1864 = ADVANCED_FACE ( 'NONE', ( #6050 ), #4504, .T. ) ;
#1865 = EDGE_CURVE ( 'NONE', #5693, #5826, #7952, .T. ) ;
#1866 = ORIENTED_EDGE ( 'NONE', *, *, #6476, .F. ) ;
#1867 = CARTESIAN_POINT ( 'NONE',  ( 3.980814712676603538E-13, -60.29999999999996163, 52.50000000000007816 ) ) ;
#1868 = MECHANICAL_CONTEXT ( 'NONE', #6448, 'mechanical' ) ;
#1869 = EDGE_CURVE ( 'NONE', #377, #6885, #1503, .T. ) ;
#1870 = DIRECTION ( 'NONE',  ( -1.000000000000000000, -0.0000000000000000000, 2.861551616642210332E-16 ) ) ;
#1871 = CARTESIAN_POINT ( 'NONE',  ( 12.12435565298225271, 10.50000000000000888, -32.79999999999999716 ) ) ;
#1872 = ORIENTED_EDGE ( 'NONE', *, *, #7870, .F. ) ;
#1873 = ADVANCED_FACE ( 'NONE', ( #7568 ), #1402, .T. ) ;
#1874 = VERTEX_POINT ( 'NONE', #2341 ) ;
#1875 = CIRCLE ( 'NONE', #1245, 3.299999999999997158 ) ;
#1876 = DIRECTION ( 'NONE',  ( 1.000000000000000000, 0.0000000000000000000, 1.025519176787315347E-29 ) ) ;
#1877 = CARTESIAN_POINT ( 'NONE',  ( -26.07992723082393383, -28.55583302348831509, 26.17615076617046910 ) ) ;
#1878 = CARTESIAN_POINT ( 'NONE',  ( 24.07817116201289664, 19.00000000000000711, 21.23689361674185960 ) ) ;
#1879 = EDGE_LOOP ( 'NONE', ( #7885 ) ) ;
#1880 = DIRECTION ( 'NONE',  ( 0.0000000000000000000, 0.0000000000000000000, 1.000000000000000000 ) ) ;
#1881 = PERSON ( 'NAUO-PER2', 'UNSPECIFIED', 'UNSPECIFIED', ('UNSPECIFIED'), ('UNSPECIFIED'), ('UNSPECIFIED') ) ;
#1882 = CARTESIAN_POINT ( 'NONE',  ( 1.131100109967494660, -52.51386194095616844, 30.36786714009107158 ) ) ;
#1883 = CARTESIAN_POINT ( 'NONE',  ( 1.412815857573542333, -64.92300356938191896, -32.46935669463208285 ) ) ;
#1884 = FACE_BOUND ( 'NONE', #6036, .T. ) ;
#1885 = CARTESIAN_POINT ( 'NONE',  ( 5.784631716524810230, -53.85499915406488469, 37.50000000000008527 ) ) ;
#1886 = LOCAL_TIME ( 17, 37, 41.00000000000000000, #5712 ) ;
#1887 = DIRECTION ( 'NONE',  ( -1.000000000000000000, -1.346561472515489360E-30, -1.054711873393898911E-15 ) ) ;
#1888 = CARTESIAN_POINT ( 'NONE',  ( -4.130801830620183246, 19.04912820046673261, 35.76226050198073381 ) ) ;
#1889 = ORIENTED_EDGE ( 'NONE', *, *, #1806, .T. ) ;
#1890 = VECTOR ( 'NONE', #3893, 1000.000000000000000 ) ;
#1891 = DIRECTION ( 'NONE',  ( 0.0000000000000000000, 0.0000000000000000000, 1.000000000000000000 ) ) ;
#1892 = VERTEX_POINT ( 'NONE', #5392 ) ;
#1893 = DIRECTION ( 'NONE',  ( 1.000000000000000000, 0.0000000000000000000, 0.0000000000000000000 ) ) ;
#1894 = VERTEX_POINT ( 'NONE', #2602 ) ;
#1895 = DIRECTION ( 'NONE',  ( 0.0000000000000000000, 0.0000000000000000000, 1.000000000000000000 ) ) ;
#1896 = AXIS2_PLACEMENT_3D ( 'NONE', #7623, #1614, #5455 ) ;
#1897 = CARTESIAN_POINT ( 'NONE',  ( 5.010751059581194156, 15.32879126537334358, -35.65009627814387727 ) ) ;
#1898 = DIRECTION ( 'NONE',  ( -0.0000000000000000000, -0.0000000000000000000, -1.000000000000000000 ) ) ;
#1899 = PLANE ( 'NONE',  #3181 ) ;
#1900 = CARTESIAN_POINT ( 'NONE',  ( 21.84755828694360247, -38.40811512412428641, 28.61269420217453430 ) ) ;
#1901 = CARTESIAN_POINT ( 'NONE',  ( 17.67766952966358929, 5.000000000000000888, -17.67766952966378469 ) ) ;
#1902 = CARTESIAN_POINT ( 'NONE',  ( 27.29982314367371288, -34.87157540859126215, 24.62204810928724896 ) ) ;
#1903 = CIRCLE ( 'NONE', #2858, 1.500000000000001332 ) ;
#1904 = CARTESIAN_POINT ( 'NONE',  ( 3.259069380234359325, -59.00197986715406984, 54.39680201300222961 ) ) ;
#1905 = CARTESIAN_POINT ( 'NONE',  ( -19.19638481497649352, 18.99999994171594508, -28.61633603401018888 ) ) ;
#1906 = CC_DESIGN_SECURITY_CLASSIFICATION ( #4298, ( #9912 ) ) ;
#1907 = ORIENTED_EDGE ( 'NONE', *, *, #7803, .F. ) ;
#1908 = VECTOR ( 'NONE', #6692, 1000.000000000000000 ) ;
#1909 = AXIS2_PLACEMENT_3D ( 'NONE', #2947, #5994, #9065 ) ;
#1910 = DIRECTION ( 'NONE',  ( -0.0000000000000000000, -1.000000000000000000, -0.0000000000000000000 ) ) ;
#1911 = CARTESIAN_POINT ( 'NONE',  ( -8.977554564279270011, -42.68135727991355566, -33.70123842758343358 ) ) ;
#1912 = DIRECTION ( 'NONE',  ( 0.0000000000000000000, 1.000000000000000000, -1.276710262284678586E-15 ) ) ;
#1913 = AXIS2_PLACEMENT_3D ( 'NONE', #3396, #3291, #9413 ) ;
#1914 = ORIENTED_EDGE ( 'NONE', *, *, #3662, .F. ) ;
#1915 = CALENDAR_DATE ( 2023, 16, 11 ) ;
#1916 = DIRECTION ( 'NONE',  ( 0.0000000000000000000, 0.0000000000000000000, -1.000000000000000000 ) ) ;
#1917 = AXIS2_PLACEMENT_3D ( 'NONE', #296, #8671, #1893 ) ;
#1918 = CARTESIAN_POINT ( 'NONE',  ( 16.69430509141398034, 10.49999999999996447, -31.66923076923077573 ) ) ;
#1919 = CARTESIAN_POINT ( 'NONE',  ( -24.49999999999983302, 19.00000000000001066, -17.88854381999832555 ) ) ;
#1920 = EDGE_CURVE ( 'NONE', #1630, #9082, #5305, .T. ) ;
#1921 = CARTESIAN_POINT ( 'NONE',  ( -0.5119697585422424702, -66.29993950342509379, 32.49998883140170847 ) ) ;
#1922 = AXIS2_PLACEMENT_3D ( 'NONE', #1631, #2279, #864 ) ;
#1923 = ORIENTED_EDGE ( 'NONE', *, *, #8497, .F. ) ;
#1924 = DIRECTION ( 'NONE',  ( 0.0000000000000000000, 0.0000000000000000000, 1.000000000000000000 ) ) ;
#1925 = VECTOR ( 'NONE', #7206, 1000.000000000000000 ) ;
#1926 =( LENGTH_UNIT ( ) NAMED_UNIT ( * ) SI_UNIT ( .MILLI., .METRE. ) );
#1927 = CARTESIAN_POINT ( 'NONE',  ( -32.99999999999960210, -54.50000000007548095, 3.480288973678469864E-14 ) ) ;
#1928 = CARTESIAN_POINT ( 'NONE',  ( -7.772263028573133781, 13.99814406546506973, -35.15198617421937399 ) ) ;
#1929 = ADVANCED_FACE ( 'NONE', ( #8461, #6853 ), #3896, .F. ) ;
#1930 = VERTEX_POINT ( 'NONE', #7518 ) ;
#1931 = VECTOR ( 'NONE', #494, 1000.000000000000000 ) ;
#1932 = EDGE_LOOP ( 'NONE', ( #1857 ) ) ;
#1933 = CARTESIAN_POINT ( 'NONE',  ( 0.0000000000000000000, -5.204170427930421283E-15, 0.0000000000000000000 ) ) ;
#1934 = CARTESIAN_POINT ( 'NONE',  ( -34.88492492522256327, -53.46026325317904337, 8.915711390363540545 ) ) ;
#1935 = CARTESIAN_POINT ( 'NONE',  ( 22.81479717554187658, 18.99999999968660092, 24.42016237007292290 ) ) ;
#1936 = EDGE_LOOP ( 'NONE', ( #2439 ) ) ;
#1937 = CARTESIAN_POINT ( 'NONE',  ( -16.12817896290735931, -42.14967578988967034, -32.18559240058116444 ) ) ;
#1938 = CARTESIAN_POINT ( 'NONE',  ( 21.76811187520056379, 18.99999992452621100, -26.03178781632889027 ) ) ;
#1939 = AXIS2_PLACEMENT_3D ( 'NONE', #4890, #6442, #5783 ) ;
#1940 = CARTESIAN_POINT ( 'NONE',  ( -1.304236813824035002, -65.94070190837638279, -32.47383995785642696 ) ) ;
#1941 = DIRECTION ( 'NONE',  ( 1.000000000000000000, 0.0000000000000000000, -0.0000000000000000000 ) ) ;
#1942 = DIRECTION ( 'NONE',  ( 0.0000000000000000000, 1.000000000000000000, 0.0000000000000000000 ) ) ;
#1943 = CARTESIAN_POINT ( 'NONE',  ( -18.85714285714263383, -26.00000000000016342, -30.66607511999708180 ) ) ;
#1944 = DIRECTION ( 'NONE',  ( 1.000000000000000000, 7.930164461608259453E-16, 0.0000000000000000000 ) ) ;
#1945 = EDGE_LOOP ( 'NONE', ( #2173, #2278, #9393, #1274 ) ) ;
#1946 = FACE_OUTER_BOUND ( 'NONE', #9502, .T. ) ;
#1947 = VERTEX_POINT ( 'NONE', #654 ) ;
#1948 = FACE_OUTER_BOUND ( 'NONE', #5929, .T. ) ;
#1949 = CARTESIAN_POINT ( 'NONE',  ( 6.000000000000398792, -60.29999999999996163, 37.50000000000008527 ) ) ;
#1950 = CARTESIAN_POINT ( 'NONE',  ( 6.640591675757807621, -58.13069699460536555, 30.50000000000007816 ) ) ;
#1951 = EDGE_CURVE ( 'NONE', #4429, #5691, #3706, .T. ) ;
#1952 = CARTESIAN_POINT ( 'NONE',  ( 7.006649233213284589, 14.11663533331701359, -35.31252747320329632 ) ) ;
#1953 = FACE_BOUND ( 'NONE', #6139, .T. ) ;
#1954 = CARTESIAN_POINT ( 'NONE',  ( 28.77060096341218198, -48.06924119282688679, 21.64031011916858205 ) ) ;
#1955 = DIRECTION ( 'NONE',  ( 1.000000000000000000, 8.673617379884033500E-16, 0.0000000000000000000 ) ) ;
#1956 = DIRECTION ( 'NONE',  ( 0.0000000000000000000, 1.000000000000000000, 0.0000000000000000000 ) ) ;
#1957 = DIRECTION ( 'NONE',  ( -7.232542356195667155E-15, 1.000000000000000000, -1.276710262284687461E-15 ) ) ;
#1958 = CARTESIAN_POINT ( 'NONE',  ( 14.49897654846760631, -40.11909136491836847, 33.04293676132893154 ) ) ;
#1959 = VERTEX_POINT ( 'NONE', #2199 ) ;
#1960 = CARTESIAN_POINT ( 'NONE',  ( 5.500000000000004441, 0.0000000000000000000, -19.49999999999999289 ) ) ;
#1961 = CARTESIAN_POINT ( 'NONE',  ( -13.04414792264380907, -42.71960206476127553, -33.62452530246069671 ) ) ;
#1962 = CARTESIAN_POINT ( 'NONE',  ( 3.329792325913355930E-11, 18.99999999998129852, -5.554339364058458655E-11 ) ) ;
#1963 = DATE_AND_TIME ( #1166, #2055 ) ;
#1964 = CARTESIAN_POINT ( 'NONE',  ( 7.014222274127677181, 21.88525483495141088, 35.31102038730807635 ) ) ;
#1965 = DIRECTION ( 'NONE',  ( 1.000000000000000000, 0.0000000000000000000, 0.0000000000000000000 ) ) ;
#1966 = CARTESIAN_POINT ( 'NONE',  ( 32.60159990565301769, -44.77544903768912832, -2.062953518235407291 ) ) ;
#1967 = CARTESIAN_POINT ( 'NONE',  ( 4.867501005719684114E-13, -67.29999999999999716, 8.592260065175946769E-14 ) ) ;
#1968 = DIRECTION ( 'NONE',  ( -1.000000000000000000, -6.938893903907222067E-15, 0.0000000000000000000 ) ) ;
#1969 = ORIENTED_EDGE ( 'NONE', *, *, #173, .F. ) ;
#1970 = CYLINDRICAL_SURFACE ( 'NONE', #9775, 1.999999999999998224 ) ;
#1971 = APPROVAL_ROLE ( '' ) ;
#1972 = CARTESIAN_POINT ( 'NONE',  ( -3.012726923214453567, -44.12629748504091509, -34.41377048578096520 ) ) ;
#1973 = CARTESIAN_POINT ( 'NONE',  ( -4.414449522387663194, 16.20717370791483702, -35.72846672924302425 ) ) ;
#1974 = ORIENTED_EDGE ( 'NONE', *, *, #8126, .T. ) ;
#1975 = ORIENTED_EDGE ( 'NONE', *, *, #894, .F. ) ;
#1976 = LINE ( 'NONE', #2530, #6128 ) ;
#1977 = CARTESIAN_POINT ( 'NONE',  ( -32.41226888359030056, -44.53798709695041680, 4.060921249386084675 ) ) ;
#1978 = CARTESIAN_POINT ( 'NONE',  ( 20.75350021117260724, 18.99999999963180741, 27.22243810099604389 ) ) ;
#1979 = VERTEX_POINT ( 'NONE', #5254 ) ;
#1980 = VECTOR ( 'NONE', #4130, 1000.000000000000000 ) ;
#1981 = CARTESIAN_POINT ( 'NONE',  ( -16.32025602197242975, -41.63854911658388147, -32.08815160642823372 ) ) ;
#1982 = CARTESIAN_POINT ( 'NONE',  ( 20.20051764887319834, 18.99999992712057306, -27.76948595152118315 ) ) ;
#1983 = CARTESIAN_POINT ( 'NONE',  ( -1.093799476510735502, -66.25658137645599766, -32.48165735713740787 ) ) ;
#1984 = CARTESIAN_POINT ( 'NONE',  ( 18.07142857142845926, 19.00000000000001066, 29.38832198999682888 ) ) ;
#1985 = CARTESIAN_POINT ( 'NONE',  ( -4.465227567995443181, -56.29228958556007711, 37.50000000000008527 ) ) ;
#1986 = EDGE_CURVE ( 'NONE', #3036, #1508, #7797, .T. ) ;
#1987 = CARTESIAN_POINT ( 'NONE',  ( -14.89419539609200527, -44.13492066921182300, 32.77442644172342057 ) ) ;
#1988 = DIRECTION ( 'NONE',  ( -0.0000000000000000000, -0.0000000000000000000, -1.000000000000000000 ) ) ;
#1989 = ORIENTED_EDGE ( 'NONE', *, *, #7935, .F. ) ;
#1990 = AXIS2_PLACEMENT_3D ( 'NONE', #5865, #7040, #7845 ) ;
#1991 = ORIENTED_EDGE ( 'NONE', *, *, #3584, .F. ) ;
#1992 = CARTESIAN_POINT ( 'NONE',  ( 3.586174194571204676, -68.28134416287096542, 42.50000000000007816 ) ) ;
#1993 = ADVANCED_FACE ( 'NONE', ( #4697 ), #3287, .T. ) ;
#1994 = VERTEX_POINT ( 'NONE', #1242 ) ;
#1995 = CARTESIAN_POINT ( 'NONE',  ( 17.75000000000013500, 10.49999999999997691, -31.08982952671178523 ) ) ;
#1996 = DIRECTION ( 'NONE',  ( 1.000000000000000000, 0.0000000000000000000, -0.0000000000000000000 ) ) ;
#1997 = EDGE_CURVE ( 'NONE', #6387, #816, #929, .T. ) ;
#1998 = DIRECTION ( 'NONE',  ( 0.0000000000000000000, 0.0000000000000000000, 1.000000000000000000 ) ) ;
#1999 = CARTESIAN_POINT ( 'NONE',  ( 33.86983576511393323, -52.67351185523641988, 12.20005538397585632 ) ) ;
#2000 = DIRECTION ( 'NONE',  ( 0.0000000000000000000, 0.0000000000000000000, -1.000000000000000000 ) ) ;
#2001 = AXIS2_PLACEMENT_3D ( 'NONE', #49, #9020, #9816 ) ;
#2002 = CARTESIAN_POINT ( 'NONE',  ( 8.473850318257403202, -62.08713759508228947, 37.50000000000008527 ) ) ;
#2003 = CARTESIAN_POINT ( 'NONE',  ( -17.74999999999988631, 18.98427115277919697, -29.87531814415151743 ) ) ;
#2004 = CARTESIAN_POINT ( 'NONE',  ( 11.69534763728057847, -40.49527740559084066, 33.11074559518390714 ) ) ;
#2005 = ORIENTED_EDGE ( 'NONE', *, *, #3047, .T. ) ;
#2006 = EDGE_CURVE ( 'NONE', #6489, #8864, #8515, .T. ) ;
#2007 = CARTESIAN_POINT ( 'NONE',  ( -16.78756936365131125, -39.77035926642495411, -31.84615384721649889 ) ) ;
#2008 = CARTESIAN_POINT ( 'NONE',  ( -6.467216942972162208, -63.96862988632830138, 29.91379125563299368 ) ) ;
#2009 = APPROVAL_ROLE ( '' ) ;
#2010 = CARTESIAN_POINT ( 'NONE',  ( 9.785285515571116477, 21.58881585764799738, 34.64548072873090234 ) ) ;
#2011 = CARTESIAN_POINT ( 'NONE',  ( -2.183852394930449137, -63.04291776325596430, 55.62607505847255851 ) ) ;
#2012 = CARTESIAN_POINT ( 'NONE',  ( 18.85714285723161154, -27.64473496693147681, -30.66607511994261159 ) ) ;
#2013 = DIRECTION ( 'NONE',  ( -1.074148315136534338E-16, -1.196772264678275313E-16, -1.000000000000000000 ) ) ;
#2014 = CARTESIAN_POINT ( 'NONE',  ( 32.16676977555812300, -44.22063380141639755, -5.574808801981026463 ) ) ;
#2015 = CARTESIAN_POINT ( 'NONE',  ( -22.52787502311450751, 18.99999998344637930, 24.91717492228760378 ) ) ;
#2016 = FACE_OUTER_BOUND ( 'NONE', #5113, .T. ) ;
#2017 = ORIENTED_EDGE ( 'NONE', *, *, #5469, .T. ) ;
#2018 = DIRECTION ( 'NONE',  ( 0.0000000000000000000, 0.0000000000000000000, 1.000000000000000000 ) ) ;
#2019 = DIRECTION ( 'NONE',  ( 1.000000000000000000, 0.0000000000000000000, 0.0000000000000000000 ) ) ;
#2020 = DIRECTION ( 'NONE',  ( -1.000000000000000000, -6.938893903907222067E-15, 0.0000000000000000000 ) ) ;
#2021 = CARTESIAN_POINT ( 'NONE',  ( -3.480879259431588491, -60.67200464562184692, 54.64906408831021878 ) ) ;
#2022 = VERTEX_POINT ( 'NONE', #1738 ) ;
#2023 = FACE_OUTER_BOUND ( 'NONE', #426, .T. ) ;
#2024 = CARTESIAN_POINT ( 'NONE',  ( -32.79448618763575496, -51.80061064818814032, 14.85847783183399784 ) ) ;
#2025 = CARTESIAN_POINT ( 'NONE',  ( -34.95413448295342107, -47.92953443063885288, 8.868681564823663876 ) ) ;
#2026 = CARTESIAN_POINT ( 'NONE',  ( -24.49999999999980815, 19.00000000000000355, 17.88854381999831844 ) ) ;
#2027 = CARTESIAN_POINT ( 'NONE',  ( -9.300500721726832509, -47.95761284798258828, -34.77855744674294414 ) ) ;
#2028 = CARTESIAN_POINT ( 'NONE',  ( -35.76542316508677288, -54.11447942786109166, -4.239800300889223550 ) ) ;
#2029 = CARTESIAN_POINT ( 'NONE',  ( 20.69219113600766491, 18.99999999993930189, -27.28598273640819727 ) ) ;
#2030 = CARTESIAN_POINT ( 'NONE',  ( -1.449656366871673097, -65.10580406983234525, -32.46765308017691609 ) ) ;
#2031 = DIRECTION ( 'NONE',  ( 5.421010862427517437E-15, -1.000000000000000000, 0.0000000000000000000 ) ) ;
#2032 = FACE_BOUND ( 'NONE', #1827, .T. ) ;
#2033 = CARTESIAN_POINT ( 'NONE',  ( -11.12263503261257114, -47.13997950345865462, 34.24154288171826721 ) ) ;
#2034 = ORIENTED_EDGE ( 'NONE', *, *, #814, .F. ) ;
#2035 = CARTESIAN_POINT ( 'NONE',  ( -5.596562937750611866, 14.79189310642380661, 35.56301192138774070 ) ) ;
#2036 = ORIENTED_EDGE ( 'NONE', *, *, #8980, .T. ) ;
#2037 = LINE ( 'NONE', #8580, #1023 ) ;
#2038 = ORIENTED_EDGE ( 'NONE', *, *, #4494, .F. ) ;
#2039 = LINE ( 'NONE', #6609, #4788 ) ;
#2040 = EDGE_CURVE ( 'NONE', #7334, #4429, #8378, .T. ) ;
#2041 = CARTESIAN_POINT ( 'NONE',  ( 17.67766952966358929, 0.0000000000000000000, 20.97766952966378184 ) ) ;
#2042 = DIRECTION ( 'NONE',  ( 0.0000000000000000000, 0.0000000000000000000, -1.000000000000000000 ) ) ;
#2043 = CARTESIAN_POINT ( 'NONE',  ( 6.757445573256450011, 14.18887219264187394, -35.36096857774241897 ) ) ;
#2044 = EDGE_CURVE ( 'NONE', #4198, #4198, #2513, .T. ) ;
#2045 = VECTOR ( 'NONE', #5453, 1000.000000000000000 ) ;
#2046 = FACE_BOUND ( 'NONE', #9011, .T. ) ;
#2047 = CARTESIAN_POINT ( 'NONE',  ( 28.21485510141344477, -47.48226689969454384, 22.35904992642152678 ) ) ;
#2048 = LINE ( 'NONE', #233, #1980 ) ;
#2049 = CARTESIAN_POINT ( 'NONE',  ( 20.96169901619794018, -36.47077081259490683, 29.27012154087809037 ) ) ;
#2050 = LINE ( 'NONE', #6565, #7213 ) ;
#2051 = CARTESIAN_POINT ( 'NONE',  ( 13.61868460280256876, -41.97987810580944767, 33.40200489667580541 ) ) ;
#2052 = ORIENTED_EDGE ( 'NONE', *, *, #2479, .T. ) ;
#2053 = EDGE_CURVE ( 'NONE', #4496, #8915, #1038, .T. ) ;
#2054 = AXIS2_PLACEMENT_3D ( 'NONE', #3764, #4516, #241 ) ;
#2055 = LOCAL_TIME ( 17, 37, 41.00000000000000000, #5512 ) ;
#2056 = CIRCLE ( 'NONE', #9893, 1.649999999999998579 ) ;
#2057 = CARTESIAN_POINT ( 'NONE',  ( 9.968456117720393195, -47.69048675197102227, -34.59524168836202307 ) ) ;
#2058 = CARTESIAN_POINT ( 'NONE',  ( -17.67766952966358929, 1.049999999999998046, 17.67766952966378469 ) ) ;
#2059 = CALENDAR_DATE ( 2023, 16, 11 ) ;
#2060 = CIRCLE ( 'NONE', #7985, 1.649999999999991696 ) ;
#2061 = CARTESIAN_POINT ( 'NONE',  ( 12.00044064418704970, 18.25813408252638226, 33.94096970579139594 ) ) ;
#2062 = CARTESIAN_POINT ( 'NONE',  ( 2.178319631249685528, -66.95813193603487434, 52.93655272851640348 ) ) ;
#2063 = ADVANCED_FACE ( 'NONE', ( #8607 ), #3077, .T. ) ;
#2064 = CARTESIAN_POINT ( 'NONE',  ( 27.30221550582557555, -34.87941015494605068, -24.61888339385440716 ) ) ;
#2065 = LOCAL_TIME ( 17, 37, 41.00000000000000000, #4315 ) ;
#2066 = CARTESIAN_POINT ( 'NONE',  ( -0.8017899201747984428, -66.69570756249706278, 52.49999999988207833 ) ) ;
#2067 = AXIS2_PLACEMENT_3D ( 'NONE', #1339, #4395, #9054 ) ;
#2068 = AXIS2_PLACEMENT_3D ( 'NONE', #2651, #6501, #3400 ) ;
#2069 = CARTESIAN_POINT ( 'NONE',  ( 26.94935814151134679, -33.50650677319703163, 16.93268519289219398 ) ) ;
#2070 = PRODUCT_DEFINITION ( '未知', '', #7807, #4656 ) ;
#2071 = CARTESIAN_POINT ( 'NONE',  ( -21.18494216218087800, 18.99999998446397953, 26.74990410005312214 ) ) ;
#2072 = DIRECTION ( 'NONE',  ( 1.000000000000000000, 7.259150545626026932E-15, 0.0000000000000000000 ) ) ;
#2073 = EDGE_LOOP ( 'NONE', ( #9868, #8745, #9562, #861 ) ) ;
#2074 = AXIS2_PLACEMENT_3D ( 'NONE', #1197, #9518, #5696 ) ;
#2075 = PLANE ( 'NONE',  #163 ) ;
#2076 = PERSON_AND_ORGANIZATION ( #7395, #7661 ) ;
#2077 = CARTESIAN_POINT ( 'NONE',  ( -4.117975298225770686, -43.99602881614077177, -34.33721852930417384 ) ) ;
#2078 = EDGE_CURVE ( 'NONE', #1959, #6027, #55, .T. ) ;
#2079 = ORIENTED_EDGE ( 'NONE', *, *, #4812, .F. ) ;
#2080 = AXIS2_PLACEMENT_3D ( 'NONE', #9766, #6755, #4405 ) ;
#2081 = DIRECTION ( 'NONE',  ( -7.232542356195667155E-15, 1.000000000000000000, -1.276710262284687461E-15 ) ) ;
#2082 = CARTESIAN_POINT ( 'NONE',  ( -29.94111502179035966, -49.24238293905894892, 19.99368603085784812 ) ) ;
#2083 = CARTESIAN_POINT ( 'NONE',  ( -32.66650862712356229, -44.85598526763669724, 0.4207893775628162025 ) ) ;
#2084 = CARTESIAN_POINT ( 'NONE',  ( 18.19505362470275855, 19.00000000000000355, 29.31230263371508826 ) ) ;
#2085 = CARTESIAN_POINT ( 'NONE',  ( -12.30793121335385720, -46.44353731796231699, -33.83308226267791952 ) ) ;
#2086 = CIRCLE ( 'NONE', #6229, 12.50000000000000000 ) ;
#2087 = PRODUCT ( 'EFG-C50 V4.0(外发手指)', 'EFG-C50 V4.0(外发手指)', '', ( #6168 ) ) ;
#2088 = CARTESIAN_POINT ( 'NONE',  ( 22.65761722962614044, 18.99999999537092421, -24.69755702639475459 ) ) ;
#2089 = DIRECTION ( 'NONE',  ( 1.000000000000000000, 1.734723475976806700E-15, 0.0000000000000000000 ) ) ;
#2090 = CARTESIAN_POINT ( 'NONE',  ( -1.450168365651866242, -65.39322350340884782, -32.46763021442188801 ) ) ;
#2091 = VECTOR ( 'NONE', #1143, 1000.000000000000000 ) ;
#2092 = FACE_OUTER_BOUND ( 'NONE', #6650, .T. ) ;
#2093 = PLANE ( 'NONE',  #4681 ) ;
#2094 = ORIENTED_EDGE ( 'NONE', *, *, #9660, .T. ) ;
#2095 = CARTESIAN_POINT ( 'NONE',  ( -4.413370627632018817, 19.79045836516779389, 35.72859821713434769 ) ) ;
#2096 = EDGE_LOOP ( 'NONE', ( #6053, #1866, #3459, #5246 ) ) ;
#2097 = CARTESIAN_POINT ( 'NONE',  ( 5.097033906054093677E-13, -65.30000000000003979, -34.99999999999992184 ) ) ;
#2098 = ORIENTED_EDGE ( 'NONE', *, *, #7739, .T. ) ;
#2099 = CARTESIAN_POINT ( 'NONE',  ( -16.69430509141376362, -63.00000000000001421, 31.66923076923076152 ) ) ;
#2100 = CIRCLE ( 'NONE', #3373, 2.999999999999999112 ) ;
#2101 = ORIENTED_EDGE ( 'NONE', *, *, #409, .T. ) ;
#2102 = CARTESIAN_POINT ( 'NONE',  ( 17.67766952966358929, 1.049999999999998046, -17.67766952966378469 ) ) ;
#2103 = CARTESIAN_POINT ( 'NONE',  ( 4.130801830620169923, 19.04912820046668642, -35.76226050198073381 ) ) ;
#2104 = CARTESIAN_POINT ( 'NONE',  ( 22.31261060418978914, -39.31972007585736151, 28.25190185672322940 ) ) ;
#2105 = B_SPLINE_CURVE_WITH_KNOTS ( 'NONE', 3,
 ( #4011, #853, #808, #6261, #67, #8531 ),
 .UNSPECIFIED., .F., .F.,
 ( 4, 2, 4 ),
 ( 1.553136834342831936E-15, 0.0005385274559270428803, 0.001077054911852532749 ),
 .UNSPECIFIED. ) ;
#2106 = CYLINDRICAL_SURFACE ( 'NONE', #1780, 14.80000000000000071 ) ;
#2107 = CARTESIAN_POINT ( 'NONE',  ( 3.120116394240763480, -61.95071655980712677, 54.26175897056749164 ) ) ;
#2108 = VECTOR ( 'NONE', #2255, 1000.000000000000000 ) ;
#2109 = CARTESIAN_POINT ( 'NONE',  ( 14.59871394776205200, -39.56597768693541184, 33.00000000075911544 ) ) ;
#2110 = ORIENTED_EDGE ( 'NONE', *, *, #2612, .T. ) ;
#2111 = ADVANCED_FACE ( 'NONE', ( #5492, #6244, #3141, #9313 ), #4742, .T. ) ;
#2112 = CARTESIAN_POINT ( 'NONE',  ( 9.792945935301990090, -44.91497632594775524, -34.67797430185446927 ) ) ;
#2113 = DIRECTION ( 'NONE',  ( 7.232542356195667155E-15, -1.000000000000000000, 1.276710262284687461E-15 ) ) ;
#2114 = CARTESIAN_POINT ( 'NONE',  ( 4.130174760428238834, 16.95393191315170967, 35.76233205444135166 ) ) ;
#2115 = EDGE_CURVE ( 'NONE', #26, #3730, #3938, .T. ) ;
#2116 = CARTESIAN_POINT ( 'NONE',  ( 2.296666140971371561, -67.06435239900156375, 52.80599156992117571 ) ) ;
#2117 = CARTESIAN_POINT ( 'NONE',  ( 28.58407346610097122, -47.88428024218768542, -21.90695981232607181 ) ) ;
#2118 = CARTESIAN_POINT ( 'NONE',  ( -6.014130843336781496, -62.61905477721818869, 52.49999999998554046 ) ) ;
#2119 = CARTESIAN_POINT ( 'NONE',  ( 32.63556357717497036, -44.81789967159343746, 1.620700429172216683 ) ) ;
#2120 = EDGE_CURVE ( 'NONE', #9347, #8040, #2444, .T. ) ;
#2121 = CARTESIAN_POINT ( 'NONE',  ( -20.68146204270763633, 18.99999999975963050, 27.29706179307051528 ) ) ;
#2122 = DIRECTION ( 'NONE',  ( 0.0000000000000000000, 0.0000000000000000000, 1.000000000000000000 ) ) ;
#2123 = EDGE_LOOP ( 'NONE', ( #3927, #3233, #4688, #4193 ) ) ;
#2124 = FACE_OUTER_BOUND ( 'NONE', #593, .T. ) ;
#2125 = DATE_AND_TIME ( #6826, #8943 ) ;
#2126 = EDGE_CURVE ( 'NONE', #7633, #1874, #1692, .T. ) ;
#2127 = CARTESIAN_POINT ( 'NONE',  ( 8.988680145793621179, -42.68981258794789113, -33.70221897719473247 ) ) ;
#2128 = ADVANCED_FACE ( 'NONE', ( #3992, #4092 ), #3341, .T. ) ;
#2129 = AXIS2_PLACEMENT_3D ( 'NONE', #6994, #9462, #1088 ) ;
#2130 = VERTEX_POINT ( 'NONE', #192 ) ;
#2131 = ORIENTED_EDGE ( 'NONE', *, *, #3091, .F. ) ;
#2132 = EDGE_CURVE ( 'NONE', #1032, #6271, #8217, .T. ) ;
#2133 = CARTESIAN_POINT ( 'NONE',  ( -21.71555900250787730, -38.13620733816982522, 28.71297285232155971 ) ) ;
#2134 = CARTESIAN_POINT ( 'NONE',  ( -28.58407346610227506, -47.88428024218519852, 21.90695981232343215 ) ) ;
#2135 = CARTESIAN_POINT ( 'NONE',  ( 21.84388682964129202, 18.99999992372410063, 25.93050224419771510 ) ) ;
#2136 = CARTESIAN_POINT ( 'NONE',  ( -13.17008318632213459, -45.81738045856642572, -33.50452513915477937 ) ) ;
#2137 = CARTESIAN_POINT ( 'NONE',  ( 21.82509042899759422, 18.99999992391187931, -25.95578486949713692 ) ) ;
#2138 = DIRECTION ( 'NONE',  ( 0.0000000000000000000, -0.0000000000000000000, 1.000000000000000000 ) ) ;
#2139 = CARTESIAN_POINT ( 'NONE',  ( -9.600084309303376529, -63.14186476295807893, 34.69677546463658757 ) ) ;
#2140 = CARTESIAN_POINT ( 'NONE',  ( 31.18962860125718350, -50.40702465900218243, -17.97798766943014570 ) ) ;
#2141 = ORIENTED_EDGE ( 'NONE', *, *, #3727, .T. ) ;
#2142 = DIRECTION ( 'NONE',  ( 1.000000000000000000, 0.0000000000000000000, -0.0000000000000000000 ) ) ;
#2143 = ORIENTED_EDGE ( 'NONE', *, *, #3460, .T. ) ;
#2144 = CIRCLE ( 'NONE', #2942, 8.000000000000001776 ) ;
#2145 = CARTESIAN_POINT ( 'NONE',  ( -6.229338210730405834, -58.83189051622158416, 52.50000000000007105 ) ) ;
#2146 = ORIENTED_EDGE ( 'NONE', *, *, #394, .F. ) ;
#2147 = PLANE ( 'NONE',  #638 ) ;
#2148 = ORIENTED_EDGE ( 'NONE', *, *, #6449, .F. ) ;
#2149 = FACE_OUTER_BOUND ( 'NONE', #4657, .T. ) ;
#2150 = TOROIDAL_SURFACE ( 'NONE', #5957, 1.350000000000017852, 0.2999999999999981570 ) ;
#2151 = CARTESIAN_POINT ( 'NONE',  ( -5.749999999999876543, 10.50000000000003730, -33.00000000000000000 ) ) ;
#2152 = DIRECTION ( 'NONE',  ( -6.938893903907222067E-15, 0.0000000000000000000, -1.000000000000000000 ) ) ;
#2153 = DIRECTION ( 'NONE',  ( 9.233861048563673244E-30, -1.276710262284686278E-15, -1.000000000000000000 ) ) ;
#2154 = AXIS2_PLACEMENT_3D ( 'NONE', #2987, #6039, #5296 ) ;
#2155 = CARTESIAN_POINT ( 'NONE',  ( -4.127623664940123227, -43.99468278934611476, 34.33644165753533173 ) ) ;
#2156 = ORIENTED_EDGE ( 'NONE', *, *, #2295, .F. ) ;
#2157 = CARTESIAN_POINT ( 'NONE',  ( 8.683611669853005921, -45.36142602372059685, -34.96462855728452013 ) ) ;
#2158 = PLANE ( 'NONE',  #2205 ) ;
#2159 = CIRCLE ( 'NONE', #4877, 8.000000000000001776 ) ;
#2160 = CARTESIAN_POINT ( 'NONE',  ( 11.99954799843777487, 17.72838564025840213, 33.94128530355463624 ) ) ;
#2161 = CARTESIAN_POINT ( 'NONE',  ( 7.513679362803265427, -62.34080327246504538, 53.69476229689278313 ) ) ;
#2162 = CARTESIAN_POINT ( 'NONE',  ( 28.79762943992757229, -38.65285776857952271, -14.49546823965785336 ) ) ;
#2163 = CARTESIAN_POINT ( 'NONE',  ( -4.814451098283250907, -64.58589523470961069, 52.49999999996193623 ) ) ;
#2164 = CARTESIAN_POINT ( 'NONE',  ( 32.49943202207206383, -44.64736713022926295, 3.242569275873282919 ) ) ;
#2165 = EDGE_CURVE ( 'NONE', #9450, #7186, #6649, .T. ) ;
#2166 = CARTESIAN_POINT ( 'NONE',  ( -23.25843339110388186, 18.99999996073699648, 23.54701044679833544 ) ) ;
#2167 = CYLINDRICAL_SURFACE ( 'NONE', #3600, 1.500000000000001332 ) ;
#2168 = ORIENTED_EDGE ( 'NONE', *, *, #5709, .T. ) ;
#2169 = CARTESIAN_POINT ( 'NONE',  ( -6.503913605100062334, -66.15334159411432324, 46.50000000000008527 ) ) ;
#2170 = PERSON_AND_ORGANIZATION ( #7395, #7661 ) ;
#2171 = EDGE_CURVE ( 'NONE', #9411, #2816, #7251, .T. ) ;
#2172 = CYLINDRICAL_SURFACE ( 'NONE', #5259, 2.000000000000001776 ) ;
#2173 = ORIENTED_EDGE ( 'NONE', *, *, #4152, .T. ) ;
#2174 = ADVANCED_FACE ( 'NONE', ( #3595, #8162 ), #2150, .T. ) ;
#2175 = EDGE_LOOP ( 'NONE', ( #89, #7936, #8900, #3926 ) ) ;
#2176 = ADVANCED_FACE ( 'NONE', ( #2032, #2742 ), #2093, .T. ) ;
#2177 = ADVANCED_FACE ( 'NONE', ( #6444 ), #3240, .F. ) ;
#2178 = CARTESIAN_POINT ( 'NONE',  ( -33.72703693964525939, -52.55992268659972666, 12.58920408875271590 ) ) ;
#2179 = CARTESIAN_POINT ( 'NONE',  ( -30.30848308074214259, -49.59983696267725151, -19.45776020779402415 ) ) ;
#2180 = CARTESIAN_POINT ( 'NONE',  ( 21.47919563658876285, 18.99999994060215514, 26.40517684621785577 ) ) ;
#2181 = CARTESIAN_POINT ( 'NONE',  ( 4.747707825435416140, -49.16184150962079968, -35.68682911520008361 ) ) ;
#2182 = CARTESIAN_POINT ( 'NONE',  ( 24.20924342126656725, 18.99999999015325258, -20.68860789682190315 ) ) ;
#2183 = CARTESIAN_POINT ( 'NONE',  ( 3.337656150676306499, -66.62631537155523631, 29.64662843145832483 ) ) ;
#2184 = CARTESIAN_POINT ( 'NONE',  ( -7.828591755414209707, -66.59895318320367608, 35.14547890452728751 ) ) ;
#2185 = EDGE_CURVE ( 'NONE', #5310, #5720, #8213, .T. ) ;
#2186 = CARTESIAN_POINT ( 'NONE',  ( 19.41260599998312841, -31.40222809814459382, -30.31762579433284088 ) ) ;
#2187 = ORIENTED_EDGE ( 'NONE', *, *, #720, .T. ) ;
#2188 = ORIENTED_EDGE ( 'NONE', *, *, #8987, .T. ) ;
#2189 = CARTESIAN_POINT ( 'NONE',  ( -25.99999999999977263, -26.00000000000021316, -26.27379873562250978 ) ) ;
#2190 = CARTESIAN_POINT ( 'NONE',  ( -6.481613883376122764, -43.86714627744708395, 51.88526003362026984 ) ) ;
#2191 = FACE_OUTER_BOUND ( 'NONE', #7043, .T. ) ;
#2192 = ORIENTED_EDGE ( 'NONE', *, *, #2224, .F. ) ;
#2193 = CARTESIAN_POINT ( 'NONE',  ( -5.953636757327387841, -54.95638611408010377, 42.50000000000007816 ) ) ;
#2194 = ORIENTED_EDGE ( 'NONE', *, *, #301, .T. ) ;
#2195 = CARTESIAN_POINT ( 'NONE',  ( -2.604716081330669564, -57.96216892491020900, 54.72278054076751630 ) ) ;
#2196 = CARTESIAN_POINT ( 'NONE',  ( 11.46305775888481016, 15.98117257837297345, -34.12655901809796433 ) ) ;
#2197 = CARTESIAN_POINT ( 'NONE',  ( 4.254901606958919835, -54.64573353028288949, 29.57014852562882723 ) ) ;
#2198 = EDGE_CURVE ( 'NONE', #815, #7801, #8851, .T. ) ;
#2199 = CARTESIAN_POINT ( 'NONE',  ( 1.500000000000009104, 18.50000000000000000, 32.50000000000000000 ) ) ;
#2200 = CARTESIAN_POINT ( 'NONE',  ( 10.81557444054829276, -47.28975660051305852, 34.33692871340013397 ) ) ;
#2201 = CARTESIAN_POINT ( 'NONE',  ( -3.650629153518196279, -46.48456229592059685, 35.82120527739059668 ) ) ;
#2202 = ORIENTED_EDGE ( 'NONE', *, *, #2964, .F. ) ;
#2203 = DIRECTION ( 'NONE',  ( 1.000000000000000000, 0.0000000000000000000, -0.0000000000000000000 ) ) ;
#2204 = CARTESIAN_POINT ( 'NONE',  ( 10.83439260268110615, -44.40977927005924641, -34.38115101248096295 ) ) ;
#2205 = AXIS2_PLACEMENT_3D ( 'NONE', #6571, #9637, #1363 ) ;
#2206 = DIRECTION ( 'NONE',  ( -1.000000000000000000, -6.938893903907222067E-15, 0.0000000000000000000 ) ) ;
#2207 = CARTESIAN_POINT ( 'NONE',  ( 3.586174194571216223, -68.28134416287096542, 46.50000000000008527 ) ) ;
#2208 = CARTESIAN_POINT ( 'NONE',  ( 2.349469404181447452, -57.70572975866149790, 54.61849912120160866 ) ) ;
#2209 = CARTESIAN_POINT ( 'NONE',  ( 32.62605835579672942, -44.80583728915486574, -1.650250176658423218 ) ) ;
#2210 = CARTESIAN_POINT ( 'NONE',  ( -6.405194740865582048, -59.57806182832353414, 52.50000000000008527 ) ) ;
#2211 = AXIS2_PLACEMENT_3D ( 'NONE', #5088, #3594, #3390 ) ;
#2212 = CARTESIAN_POINT ( 'NONE',  ( -23.92663463205665053, 18.99999999171772203, -21.78202073636481373 ) ) ;
#2213 = CC_DESIGN_SECURITY_CLASSIFICATION ( #6196, ( #7980 ) ) ;
#2214 = AXIS2_PLACEMENT_3D ( 'NONE', #1927, #8644, #224 ) ;
#2215 = CARTESIAN_POINT ( 'NONE',  ( -21.63393315725403809, 18.99999993302148127, 26.20640792136391894 ) ) ;
#2216 = LINE ( 'NONE', #6823, #7432 ) ;
#2217 = CIRCLE ( 'NONE', #2695, 7.249999999999999112 ) ;
#2218 = ORIENTED_EDGE ( 'NONE', *, *, #7198, .F. ) ;
#2219 = CARTESIAN_POINT ( 'NONE',  ( -31.20665803574503983, -42.89144902494964384, -9.343740174482491057 ) ) ;
#2220 = DATE_TIME_ROLE ( 'creation_date' ) ;
#2221 = CC_DESIGN_APPROVAL ( #2930, ( #9904 ) ) ;
#2222 = CARTESIAN_POINT ( 'NONE',  ( -1.393848624630567690, -64.23568637910803147, -35.97306218409058687 ) ) ;
#2223 = AXIS2_PLACEMENT_3D ( 'NONE', #8621, #6353, #1750 ) ;
#2224 = EDGE_CURVE ( 'NONE', #2791, #8050, #4836, .T. ) ;
#2225 = CARTESIAN_POINT ( 'NONE',  ( -18.42175990098755989, 5.000000000000000888, -30.92957746478873915 ) ) ;
#2226 = AXIS2_PLACEMENT_3D ( 'NONE', #3248, #7916, #4753 ) ;
#2227 = ORIENTED_EDGE ( 'NONE', *, *, #6895, .T. ) ;
#2228 = CARTESIAN_POINT ( 'NONE',  ( -1.817185715003664104, -51.74077479691150927, 42.50000000000007816 ) ) ;
#2229 = CIRCLE ( 'NONE', #7827, 12.50000000000000000 ) ;
#2230 = CARTESIAN_POINT ( 'NONE',  ( -24.48343061182980307, -42.87097182642371251, 26.39274500532674850 ) ) ;
#2231 = CARTESIAN_POINT ( 'NONE',  ( -31.10361265190054425, -42.73937074846979556, -9.648193787667887378 ) ) ;
#2232 = ORIENTED_EDGE ( 'NONE', *, *, #2740, .T. ) ;
#2233 = LINE ( 'NONE', #120, #2399 ) ;
#2234 = CARTESIAN_POINT ( 'NONE',  ( 30.00000000000042633, -59.84999999999980247, -7.999999999999887201 ) ) ;
#2235 = VECTOR ( 'NONE', #5640, 1000.000000000000000 ) ;
#2236 = CARTESIAN_POINT ( 'NONE',  ( -2.909519382620220362, -49.39722027633859369, -35.88228198381990808 ) ) ;
#2237 = CARTESIAN_POINT ( 'NONE',  ( 24.05991805617820845, 18.99999999963179675, -21.30773805023167711 ) ) ;
#2238 = CARTESIAN_POINT ( 'NONE',  ( 1.734723475976807883E-15, 4.549999999994724931, 3.499999999999999556 ) ) ;
#2239 = CARTESIAN_POINT ( 'NONE',  ( -7.395088196664366897, -53.55111189855518461, 35.23368701703972761 ) ) ;
#2240 = VECTOR ( 'NONE', #4432, 1000.000000000000000 ) ;
#2241 = CARTESIAN_POINT ( 'NONE',  ( 24.68997167140450344, -43.16529384576293893, -26.19934849337997917 ) ) ;
#2242 = ORIENTED_EDGE ( 'NONE', *, *, #2477, .T. ) ;
#2243 = ORIENTED_EDGE ( 'NONE', *, *, #4922, .T. ) ;
#2244 = CARTESIAN_POINT ( 'NONE',  ( -5.276818712345445306, -66.17921629786113158, 51.00000000000004974 ) ) ;
#2245 = FACE_OUTER_BOUND ( 'NONE', #2437, .T. ) ;
#2246 = EDGE_LOOP ( 'NONE', ( #3054, #8181, #2425, #4234, #4095, #3980, #7152, #9047, #7640, #1042, #3792, #6069, #9428, #5885, #4223, #8582 ) ) ;
#2247 = CIRCLE ( 'NONE', #4797, 6.000000000000000888 ) ;
#2248 = CARTESIAN_POINT ( 'NONE',  ( -16.69430509141373165, 10.50000000000001776, -31.66923076923077573 ) ) ;
#2249 = EDGE_LOOP ( 'NONE', ( #830, #3802, #4127, #686 ) ) ;
#2250 = CARTESIAN_POINT ( 'NONE',  ( -1.499999999999992673, 23.00000000000000000, 32.50000000000000000 ) ) ;
#2251 = LINE ( 'NONE', #4648, #8892 ) ;
#2252 = AXIS2_PLACEMENT_3D ( 'NONE', #1237, #1988, #1944 ) ;
#2253 = APPROVAL ( #7729, '未指定' ) ;
#2254 = CARTESIAN_POINT ( 'NONE',  ( 7.308543359011410168, -57.38649235283088501, 30.36786710878644868 ) ) ;
#2255 = DIRECTION ( 'NONE',  ( 1.000000000000000000, 1.346561472515489360E-30, 1.054711873393898911E-15 ) ) ;
#2256 = CARTESIAN_POINT ( 'NONE',  ( 14.66426553483472262, -44.42288843723056146, 32.87925271952762074 ) ) ;
#2257 = CARTESIAN_POINT ( 'NONE',  ( 0.9140170864065010337, -46.67872820734756090, 35.99150397879621721 ) ) ;
#2258 = VERTEX_POINT ( 'NONE', #493 ) ;
#2259 = CIRCLE ( 'NONE', #8822, 1.500000000000001332 ) ;
#2260 = ORIENTED_EDGE ( 'NONE', *, *, #3711, .T. ) ;
#2261 = EDGE_CURVE ( 'NONE', #1194, #2368, #8860, .T. ) ;
#2262 = CARTESIAN_POINT ( 'NONE',  ( 1.532204118442549001, -44.24038331841627780, -34.48281767229640593 ) ) ;
#2263 = DIRECTION ( 'NONE',  ( 1.000000000000000000, 7.232542356195667155E-15, 0.0000000000000000000 ) ) ;
#2264 = CARTESIAN_POINT ( 'NONE',  ( -5.210182743565117569, -43.82766768251901368, 34.24157422677544815 ) ) ;
#2265 = DIRECTION ( 'NONE',  ( 1.000000000000000000, 0.0000000000000000000, 0.0000000000000000000 ) ) ;
#2266 = CARTESIAN_POINT ( 'NONE',  ( 35.83268547193056719, -54.16317355657274391, -3.536491745585599755 ) ) ;
#2267 = CARTESIAN_POINT ( 'NONE',  ( -18.42175990098755989, 23.00000000000000000, 30.92957746478875691 ) ) ;
#2268 = CARTESIAN_POINT ( 'NONE',  ( -23.83897196164244292, 18.99999997485135239, -22.06205953887452154 ) ) ;
#2269 = CARTESIAN_POINT ( 'NONE',  ( -24.47322193523178058, 18.99999998011092117, 18.74231746064065263 ) ) ;
#2270 = DIRECTION ( 'NONE',  ( 1.000000000000000000, 0.0000000000000000000, 0.0000000000000000000 ) ) ;
#2271 = ORIENTED_EDGE ( 'NONE', *, *, #406, .T. ) ;
#2272 = PERSON_AND_ORGANIZATION_ROLE ( 'design_supplier' ) ;
#2273 = CARTESIAN_POINT ( 'NONE',  ( 0.5597393690735399385, -63.63797254758614486, -35.99580443368618887 ) ) ;
#2274 = CYLINDRICAL_SURFACE ( 'NONE', #332, 1.999999999999998224 ) ;
#2275 = ORIENTED_EDGE ( 'NONE', *, *, #1646, .T. ) ;
#2276 = VERTEX_POINT ( 'NONE', #9707 ) ;
#2277 = CARTESIAN_POINT ( 'NONE',  ( -31.98071824783244566, -51.10905612278534704, -16.53976077901808495 ) ) ;
#2278 = ORIENTED_EDGE ( 'NONE', *, *, #9337, .T. ) ;
#2279 = DIRECTION ( 'NONE',  ( 4.304913725480044159E-30, 1.000000000000000000, 0.0000000000000000000 ) ) ;
#2280 = CARTESIAN_POINT ( 'NONE',  ( 5.699999999837396913, -60.29999999999996163, 27.50000000002184208 ) ) ;
#2281 = CARTESIAN_POINT ( 'NONE',  ( 12.68641003032693781, -46.17797295787862311, -33.69080469951605750 ) ) ;
#2282 = CARTESIAN_POINT ( 'NONE',  ( 24.39396937878494143, 18.99999993814878607, -19.58064901351804821 ) ) ;
#2283 = CARTESIAN_POINT ( 'NONE',  ( -8.805682850021938179, -55.53540229076075008, 34.90743092880720155 ) ) ;
#2284 = CARTESIAN_POINT ( 'NONE',  ( 24.60367816166261079, -43.04292904994377977, -26.28046666862851310 ) ) ;
#2285 = ORIENTED_EDGE ( 'NONE', *, *, #3156, .T. ) ;
#2286 = ORIENTED_EDGE ( 'NONE', *, *, #1920, .T. ) ;
#2287 = AXIS2_PLACEMENT_3D ( 'NONE', #791, #3851, #6909 ) ;
#2288 = CARTESIAN_POINT ( 'NONE',  ( -5.239328930049325983, -47.01671477798740284, 52.49993338065586101 ) ) ;
#2289 = EDGE_CURVE ( 'NONE', #1092, #8511, #9558, .T. ) ;
#2290 = ORIENTED_EDGE ( 'NONE', *, *, #6774, .F. ) ;
#2291 = CARTESIAN_POINT ( 'NONE',  ( 17.75000000000014211, 18.48201998456687178, 30.90764990658660949 ) ) ;
#2292 = EDGE_LOOP ( 'NONE', ( #5511, #595, #7894, #5497 ) ) ;
#2293 = DIRECTION ( 'NONE',  ( -1.000000000000000000, 0.0000000000000000000, 0.0000000000000000000 ) ) ;
#2294 = FACE_OUTER_BOUND ( 'NONE', #5943, .T. ) ;
#2295 = EDGE_CURVE ( 'NONE', #8018, #8018, #4204, .T. ) ;
#2296 = CARTESIAN_POINT ( 'NONE',  ( -8.321099320084266893, -57.59411639103115021, 42.50000000000007816 ) ) ;
#2297 = CARTESIAN_POINT ( 'NONE',  ( 3.980814712676603538E-13, -60.29999999999996163, 46.50000000000008527 ) ) ;
#2298 = CARTESIAN_POINT ( 'NONE',  ( 15.05875923969401065, -43.92624169727285022, 32.69918223149355896 ) ) ;
#2299 = CARTESIAN_POINT ( 'NONE',  ( 1.515788424766449261, -44.23426776601846910, 34.47927871737334016 ) ) ;
#2300 = VERTEX_POINT ( 'NONE', #8816 ) ;
#2301 = VECTOR ( 'NONE', #7677, 1000.000000000000000 ) ;
#2302 = ADVANCED_FACE ( 'NONE', ( #5836 ), #8056, .F. ) ;
#2303 = VERTEX_POINT ( 'NONE', #8009 ) ;
#2304 = CARTESIAN_POINT ( 'NONE',  ( 14.95355255652697046, -44.07517631748110176, -32.74875622357938454 ) ) ;
#2305 = ADVANCED_FACE ( 'NONE', ( #1141, #4189 ), #386, .F. ) ;
#2306 = FACE_OUTER_BOUND ( 'NONE', #1346, .T. ) ;
#2307 = AXIS2_PLACEMENT_3D ( 'NONE', #6311, #5791, #7411 ) ;
#2308 = DIRECTION ( 'NONE',  ( 0.3105242167236345607, -0.9505654689857891970, -0.0000000000000000000 ) ) ;
#2309 = CARTESIAN_POINT ( 'NONE',  ( 2.404625055373819542, -57.75523403908904641, 55.07901479121370159 ) ) ;
#2310 = CARTESIAN_POINT ( 'NONE',  ( 31.44596796125519944, -50.64477408478892784, -17.56019995471800144 ) ) ;
#2311 = EDGE_CURVE ( 'NONE', #5324, #2891, #1234, .T. ) ;
#2312 = CARTESIAN_POINT ( 'NONE',  ( 26.00000000000017053, -27.09685026103196748, 17.88854381997839837 ) ) ;
#2313 = CIRCLE ( 'NONE', #7597, 2.000000000000001776 ) ;
#2314 = CARTESIAN_POINT ( 'NONE',  ( -25.09999999999953246, -61.50000000000018474, -7.999999999999946709 ) ) ;
#2315 = CARTESIAN_POINT ( 'NONE',  ( -24.07215573603034287, -42.26629809343036470, -26.76869707527312769 ) ) ;
#2316 = DIRECTION ( 'NONE',  ( 0.0000000000000000000, 1.000000000000000000, -1.387778780781446267E-15 ) ) ;
#2317 = VERTEX_POINT ( 'NONE', #4288 ) ;
#2318 = CALENDAR_DATE ( 2023, 16, 11 ) ;
#2319 = CARTESIAN_POINT ( 'NONE',  ( 1.749751488849332404, -65.18204161404740660, -35.95745221490516741 ) ) ;
#2320 = AXIS2_PLACEMENT_3D ( 'NONE', #3048, #4548, #3850 ) ;
#2321 = DIRECTION ( 'NONE',  ( -0.0000000000000000000, -1.000000000000000000, -0.0000000000000000000 ) ) ;
#2322 = ORIENTED_EDGE ( 'NONE', *, *, #6937, .F. ) ;
#2323 = VERTEX_POINT ( 'NONE', #7355 ) ;
#2324 = CARTESIAN_POINT ( 'NONE',  ( -35.82031540820347715, -48.80659964096091841, -3.697277258457373872 ) ) ;
#2325 = DIRECTION ( 'NONE',  ( -3.447511351103833455E-17, 1.055339670082016899E-16, 1.000000000000000000 ) ) ;
#2326 = CARTESIAN_POINT ( 'NONE',  ( 10.61467954723043050, -47.38835811660655395, -34.39955976923722147 ) ) ;
#2327 = CARTESIAN_POINT ( 'NONE',  ( -6.041630905439755672, 21.49765350103408323, -35.49011670532487273 ) ) ;
#2328 = CARTESIAN_POINT ( 'NONE',  ( -6.327796872148264029, -52.55282135972892377, 35.44005347594189459 ) ) ;
#2329 = CARTESIAN_POINT ( 'NONE',  ( 19.58862340965963966, -32.18263383454187476, -30.20407529918772482 ) ) ;
#2330 = ORIENTED_EDGE ( 'NONE', *, *, #5905, .T. ) ;
#2331 = EDGE_LOOP ( 'NONE', ( #1390, #869, #5220, #1684 ) ) ;
#2332 = CARTESIAN_POINT ( 'NONE',  ( -26.05997717985608730, -28.18312513723015300, -17.83413341265926277 ) ) ;
#2333 = CARTESIAN_POINT ( 'NONE',  ( -34.46158440308187920, -53.13776820188196126, -10.46430132620801245 ) ) ;
#2334 = CARTESIAN_POINT ( 'NONE',  ( 3.204016263794680715E-13, -44.30000000000000426, 5.655826461921165747E-14 ) ) ;
#2335 = EDGE_LOOP ( 'NONE', ( #4964 ) ) ;
#2336 = CARTESIAN_POINT ( 'NONE',  ( -12.12435565298156881, -72.30000000000012506, -32.99999999999990763 ) ) ;
#2337 = ORIENTED_EDGE ( 'NONE', *, *, #6517, .T. ) ;
#2338 = DIRECTION ( 'NONE',  ( 0.0000000000000000000, 0.0000000000000000000, 1.000000000000000000 ) ) ;
#2339 = FACE_OUTER_BOUND ( 'NONE', #5435, .T. ) ;
#2340 = DIRECTION ( 'NONE',  ( 1.086326531467812312E-16, -2.291065940513937741E-17, 1.000000000000000000 ) ) ;
#2341 = CARTESIAN_POINT ( 'NONE',  ( -6.503913605100027695, -66.15334159411438009, 42.50000000000007816 ) ) ;
#2342 = CARTESIAN_POINT ( 'NONE',  ( 16.78756936566780311, -39.46504370817200424, 31.84615384615392131 ) ) ;
#2343 = CARTESIAN_POINT ( 'NONE',  ( -6.288139880816109084, -46.05782154756384728, 35.46976900694749446 ) ) ;
#2344 = EDGE_LOOP ( 'NONE', ( #7805, #912, #1, #7522 ) ) ;
#2345 = VERTEX_POINT ( 'NONE', #3551 ) ;
#2346 = LINE ( 'NONE', #8615, #4402 ) ;
#2347 = PLANE ( 'NONE',  #3955 ) ;
#2348 = CARTESIAN_POINT ( 'NONE',  ( -4.127623664940123227, -43.99468278934611476, 34.33644165753533173 ) ) ;
#2349 = CARTESIAN_POINT ( 'NONE',  ( 7.509090199752474604, -62.33668432527316838, 53.65314156911493626 ) ) ;
#2350 = CARTESIAN_POINT ( 'NONE',  ( 33.16296610646271859, -45.89798459797219010, -14.47078866584058332 ) ) ;
#2351 = EDGE_CURVE ( 'NONE', #5691, #4348, #6865, .T. ) ;
#2352 = CARTESIAN_POINT ( 'NONE',  ( -23.53988852533806764, 18.99999992393011894, -22.88996134324047915 ) ) ;
#2353 = AXIS2_PLACEMENT_3D ( 'NONE', #8573, #1702, #4752 ) ;
#2354 = CYLINDRICAL_SURFACE ( 'NONE', #1586, 1.000000000000000888 ) ;
#2355 = CARTESIAN_POINT ( 'NONE',  ( -21.20989664448699230, -37.03223661424894431, -29.08875935279436931 ) ) ;
#2356 = DIRECTION ( 'NONE',  ( 0.0000000000000000000, -0.0000000000000000000, 1.000000000000000000 ) ) ;
#2357 = ORIENTED_EDGE ( 'NONE', *, *, #3652, .T. ) ;
#2358 = DATE_AND_TIME ( #1665, #8779 ) ;
#2359 = CARTESIAN_POINT ( 'NONE',  ( 0.4575446701857607823, -66.99297455028954573, -35.99726595449497069 ) ) ;
#2360 = APPROVAL ( #6874, '未指定' ) ;
#2361 = B_SPLINE_CURVE_WITH_KNOTS ( 'NONE', 3,
 ( #3950, #1656, #9370, #8473, #2501, #1615, #1751, #5548, #996, #7112, #7007, #4710 ),
 .UNSPECIFIED., .F., .F.,
 ( 4, 2, 2, 2, 2, 4 ),
 ( 5.849388785869382599E-17, 0.001794338435320247654, 0.002691507652980353049, 0.003588676870640458011, 0.005383015305960688751, 0.007177353741280919491 ),
 .UNSPECIFIED. ) ;
#2362 = LINE ( 'NONE', #8392, #3693 ) ;
#2363 = ORIENTED_EDGE ( 'NONE', *, *, #3083, .F. ) ;
#2364 = ORIENTED_EDGE ( 'NONE', *, *, #2040, .F. ) ;
#2365 = CC_DESIGN_APPROVAL ( #3719, ( #4875 ) ) ;
#2366 = CARTESIAN_POINT ( 'NONE',  ( -24.70476208243691474, -43.25242408461480892, -26.23037533593545945 ) ) ;
#2367 = CIRCLE ( 'NONE', #3009, 1.999999999999998224 ) ;
#2368 = VERTEX_POINT ( 'NONE', #5162 ) ;
#2369 = EDGE_CURVE ( 'NONE', #8364, #8519, #5007, .T. ) ;
#2370 = PLANE ( 'NONE',  #7035 ) ;
#2371 = CARTESIAN_POINT ( 'NONE',  ( 0.0000000000000000000, -1.999999999999999112, 15.25000000000000000 ) ) ;
#2372 = CARTESIAN_POINT ( 'NONE',  ( 10.00844938321471744, -47.66872751216790505, -34.58189591778106831 ) ) ;
#2373 = DIRECTION ( 'NONE',  ( -1.000000000000000000, -6.938893903907234689E-15, 0.0000000000000000000 ) ) ;
#2374 = VECTOR ( 'NONE', #9902, 1000.000000000000114 ) ;
#2375 = CARTESIAN_POINT ( 'NONE',  ( 9.401832915807176505, -56.85880594929393794, 34.75116944784488027 ) ) ;
#2376 = CARTESIAN_POINT ( 'NONE',  ( 5.362687430065561145, -60.41020675998351663, 66.81395364737750242 ) ) ;
#2377 = CARTESIAN_POINT ( 'NONE',  ( 34.98560278406687019, -53.53636089869619497, -8.502318996786105032 ) ) ;
#2378 = CC_DESIGN_APPROVAL ( #4579, ( #8308 ) ) ;
#2379 = B_SPLINE_CURVE_WITH_KNOTS ( 'NONE', 3,
 ( #7378, #2857, #2759, #607, #5809, #8885, #5908, #1315, #5212, #2008, #1260, #513 ),
 .UNSPECIFIED., .F., .F.,
 ( 4, 2, 2, 2, 2, 4 ),
 ( 6.440124399336781129E-17, 0.001794338379222416846, 0.002691507568833591876, 0.003588676758444768206, 0.005383015137667093546, 0.007177353516889418451 ),
 .UNSPECIFIED. ) ;
#2380 = AXIS2_PLACEMENT_3D ( 'NONE', #9580, #8633, #6422 ) ;
#2381 = ORIENTED_EDGE ( 'NONE', *, *, #9660, .F. ) ;
#2382 = CIRCLE ( 'NONE', #8637, 35.79999999999999716 ) ;
#2383 = ORIENTED_EDGE ( 'NONE', *, *, #4184, .T. ) ;
#2384 = CARTESIAN_POINT ( 'NONE',  ( 3.945538268949389860, -64.82726436069671649, 32.26014040374395364 ) ) ;
#2385 = AXIS2_PLACEMENT_3D ( 'NONE', #3260, #6426, #4915 ) ;
#2386 = CARTESIAN_POINT ( 'NONE',  ( -34.87505499303714629, -53.45294969017037090, -8.944615122335669355 ) ) ;
#2387 = DIRECTION ( 'NONE',  ( -0.0000000000000000000, -1.000000000000000000, -0.0000000000000000000 ) ) ;
#2388 = EDGE_LOOP ( 'NONE', ( #3435 ) ) ;
#2389 = DIRECTION ( 'NONE',  ( 7.232542356195667155E-15, -1.000000000000000000, 1.276710262284686278E-15 ) ) ;
#2390 = ORIENTED_EDGE ( 'NONE', *, *, #230, .F. ) ;
#2391 = CARTESIAN_POINT ( 'NONE',  ( -2.478151494167328828, -53.69290753424070317, 29.55006064214158101 ) ) ;
#2392 = AXIS2_PLACEMENT_3D ( 'NONE', #737, #8409, #3089 ) ;
#2393 = DIRECTION ( 'NONE',  ( 9.233861048563673244E-30, -1.276710262284686278E-15, -1.000000000000000000 ) ) ;
#2394 = DIRECTION ( 'NONE',  ( -3.491564676272315652E-12, 0.0000000000000000000, -1.000000000000000000 ) ) ;
#2395 = CARTESIAN_POINT ( 'NONE',  ( 2.663880599949583594, -67.39394124731202851, 59.78857882194937901 ) ) ;
#2396 = CARTESIAN_POINT ( 'NONE',  ( 7.781954094092135676, -48.47697432709644971, 35.15151875481000587 ) ) ;
#2397 = CARTESIAN_POINT ( 'NONE',  ( -11.45952982523027863, 20.02491096475473142, 34.12774662056791897 ) ) ;
#2398 = ORIENTED_EDGE ( 'NONE', *, *, #7464, .T. ) ;
#2399 = VECTOR ( 'NONE', #5472, 1000.000000000000000 ) ;
#2400 = EDGE_LOOP ( 'NONE', ( #3997 ) ) ;
#2401 = CARTESIAN_POINT ( 'NONE',  ( 12.12435565262846815, -39.19286025925178762, -32.99999999999992895 ) ) ;
#2402 = VECTOR ( 'NONE', #9845, 1000.000000000000000 ) ;
#2403 = DIRECTION ( 'NONE',  ( 7.232542356195667155E-15, -1.000000000000000000, 1.276710262284687461E-15 ) ) ;
#2404 = CARTESIAN_POINT ( 'NONE',  ( -32.49943202207114012, -44.64736713022946191, -3.242569275873401491 ) ) ;
#2405 = CARTESIAN_POINT ( 'NONE',  ( 3.750439766752321269, -44.04437302449566261, 34.36538570834112960 ) ) ;
#2406 = FACE_BOUND ( 'NONE', #6829, .T. ) ;
#2407 = AXIS2_PLACEMENT_3D ( 'NONE', #9740, #2871, #4224 ) ;
#2408 = CARTESIAN_POINT ( 'NONE',  ( 34.88492492522312460, -53.46026325318135974, -8.915711390364316813 ) ) ;
#2409 = DIRECTION ( 'NONE',  ( 7.232542356195667155E-15, -1.000000000000000000, 1.276710262284687461E-15 ) ) ;
#2410 = EDGE_CURVE ( 'NONE', #249, #249, #5475, .T. ) ;
#2411 = VECTOR ( 'NONE', #1887, 1000.000000000000000 ) ;
#2412 = CARTESIAN_POINT ( 'NONE',  ( 5.083306010855831225, -44.29999999999994742, 32.10000000000005826 ) ) ;
#2413 = DIRECTION ( 'NONE',  ( 6.308085367188421204E-15, -1.000000000000000000, 0.0000000000000000000 ) ) ;
#2414 = CARTESIAN_POINT ( 'NONE',  ( -21.69599027387065249, -38.09549963578950837, -28.72777801493200656 ) ) ;
#2415 = DIRECTION ( 'NONE',  ( 0.9784759524638702022, -0.2063608743195329276, -0.0000000000000000000 ) ) ;
#2416 = EDGE_CURVE ( 'NONE', #1844, #1844, #1330, .T. ) ;
#2417 = EDGE_LOOP ( 'NONE', ( #9797 ) ) ;
#2418 = CIRCLE ( 'NONE', #2574, 2.250000000000003997 ) ;
#2419 = APPROVAL_ROLE ( '' ) ;
#2420 = CARTESIAN_POINT ( 'NONE',  ( 0.5687588293323111444, -66.95895824309334898, -35.99566218387098360 ) ) ;
#2421 = EDGE_CURVE ( 'NONE', #4472, #5842, #3705, .T. ) ;
#2422 = FACE_OUTER_BOUND ( 'NONE', #4242, .T. ) ;
#2423 = ORIENTED_EDGE ( 'NONE', *, *, #1559, .F. ) ;
#2424 = ADVANCED_FACE ( 'NONE', ( #1502 ), #4451, .T. ) ;
#2425 = ORIENTED_EDGE ( 'NONE', *, *, #2040, .T. ) ;
#2426 = DIRECTION ( 'NONE',  ( -0.0000000000000000000, -0.0000000000000000000, -1.000000000000000000 ) ) ;
#2427 = VERTEX_POINT ( 'NONE', #865 ) ;
#2428 = EDGE_CURVE ( 'NONE', #5345, #118, #5128, .T. ) ;
#2429 = CARTESIAN_POINT ( 'NONE',  ( 15.81434991144437952, -42.76911067569764668, -32.34072222860256574 ) ) ;
#2430 = CARTESIAN_POINT ( 'NONE',  ( -6.273384817726022966, 21.61766431368883801, -35.45004795840557676 ) ) ;
#2431 = CARTESIAN_POINT ( 'NONE',  ( 7.801694236326415677, -66.57450832103012317, 35.14568975997073608 ) ) ;
#2432 = ORIENTED_EDGE ( 'NONE', *, *, #8077, .F. ) ;
#2433 = ADVANCED_FACE ( 'NONE', ( #3094, #5304 ), #8047, .F. ) ;
#2434 = ORIENTED_EDGE ( 'NONE', *, *, #1860, .F. ) ;
#2435 = CARTESIAN_POINT ( 'NONE',  ( -33.46793140417214829, -52.35230895552275143, -13.26713902334824446 ) ) ;
#2436 = CARTESIAN_POINT ( 'NONE',  ( -25.99999999999981881, -26.00000000000015632, 17.88854381999832199 ) ) ;
#2437 = EDGE_LOOP ( 'NONE', ( #3088 ) ) ;
#2438 = DIRECTION ( 'NONE',  ( -1.900521076914794851E-88, -4.414771579894708905E-59, -1.000000000000000000 ) ) ;
#2439 = ORIENTED_EDGE ( 'NONE', *, *, #9088, .F. ) ;
#2440 = LINE ( 'NONE', #5487, #4942 ) ;
#2441 = LINE ( 'NONE', #878, #7497 ) ;
#2442 = FACE_OUTER_BOUND ( 'NONE', #9534, .T. ) ;
#2443 = DIRECTION ( 'NONE',  ( 1.000000000000000000, 7.232542356195678199E-15, 1.054711873393898911E-15 ) ) ;
#2444 = LINE ( 'NONE', #8563, #8237 ) ;
#2445 = CARTESIAN_POINT ( 'NONE',  ( 3.026820032765214830, -49.38569806563825892, 35.87257760314350463 ) ) ;
#2446 = CARTESIAN_POINT ( 'NONE',  ( -12.10327541297220044, -39.38460300096722477, 33.00557437677571215 ) ) ;
#2447 = ORIENTED_EDGE ( 'NONE', *, *, #2120, .F. ) ;
#2448 = UNCERTAINTY_MEASURE_WITH_UNIT (LENGTH_MEASURE( 1.000000000000000082E-05 ), #1583, 'distance_accuracy_value', 'NONE');
#2449 = VERTEX_POINT ( 'NONE', #2296 ) ;
#2450 = CARTESIAN_POINT ( 'NONE',  ( 0.2969150990266133383, -63.78762598083599755, 54.32679179188979646 ) ) ;
#2451 = DIRECTION ( 'NONE',  ( 0.0000000000000000000, 0.0000000000000000000, -1.000000000000000000 ) ) ;
#2452 = CARTESIAN_POINT ( 'NONE',  ( -32.16676977555695061, -44.22063380141615596, 5.574808801981028239 ) ) ;
#2453 = LINE ( 'NONE', #4153, #5393 ) ;
#2454 = CARTESIAN_POINT ( 'NONE',  ( 7.208317551359537667, -60.28466094052473068, 29.70283815137889150 ) ) ;
#2455 = DIRECTION ( 'NONE',  ( 2.842170943040400743E-14, 0.0000000000000000000, 1.000000000000000000 ) ) ;
#2456 = CARTESIAN_POINT ( 'NONE',  ( 33.49105500126529478, -46.29103171493159152, 13.61528033006852390 ) ) ;
#2457 = DIRECTION ( 'NONE',  ( -1.000000000000000000, -7.232542356195678199E-15, -1.054711873393898911E-15 ) ) ;
#2458 = CARTESIAN_POINT ( 'NONE',  ( -22.72926797410784161, 19.00000000073373485, -24.57402566962514356 ) ) ;
#2459 = CARTESIAN_POINT ( 'NONE',  ( -24.43165781852058416, 18.99999994171592022, 19.25119493815509841 ) ) ;
#2460 = FACE_OUTER_BOUND ( 'NONE', #7319, .T. ) ;
#2461 = AXIS2_PLACEMENT_3D ( 'NONE', #2097, #4403, #6703 ) ;
#2462 = EDGE_LOOP ( 'NONE', ( #645, #5558, #2423, #9330 ) ) ;
#2463 = SHAPE_DEFINITION_REPRESENTATION ( #1034, #9749 ) ;
#2464 = DIRECTION ( 'NONE',  ( -1.000000000000000000, 0.0000000000000000000, 0.0000000000000000000 ) ) ;
#2465 = CYLINDRICAL_SURFACE ( 'NONE', #4173, 0.5000000000000004441 ) ;
#2466 = AXIS2_PLACEMENT_3D ( 'NONE', #4471, #1522, #9081 ) ;
#2467 = ADVANCED_FACE ( 'NONE', ( #4596 ), #7662, .F. ) ;
#2468 = ORIENTED_EDGE ( 'NONE', *, *, #94, .F. ) ;
#2469 = EDGE_LOOP ( 'NONE', ( #229 ) ) ;
#2470 = LINE ( 'NONE', #5517, #9765 ) ;
#2471 = VERTEX_POINT ( 'NONE', #5518 ) ;
#2472 = CARTESIAN_POINT ( 'NONE',  ( 11.12263503222188632, -47.13997950380957036, -34.24154288183984818 ) ) ;
#2473 = VECTOR ( 'NONE', #9475, 1000.000000000000000 ) ;
#2474 = CARTESIAN_POINT ( 'NONE',  ( -9.060824632326829331, 21.86527564094172860, -34.84205049338398652 ) ) ;
#2475 = CARTESIAN_POINT ( 'NONE',  ( 9.904690756047415334, -61.69926262807974382, 34.61066278384841866 ) ) ;
#2476 = EDGE_CURVE ( 'NONE', #9082, #8050, #51, .T. ) ;
#2477 = EDGE_CURVE ( 'NONE', #5695, #5695, #5253, .T. ) ;
#2478 = EDGE_LOOP ( 'NONE', ( #1238 ) ) ;
#2479 = EDGE_CURVE ( 'NONE', #8405, #1297, #3496, .T. ) ;
#2480 = VERTEX_POINT ( 'NONE', #4194 ) ;
#2481 = CARTESIAN_POINT ( 'NONE',  ( -5.621937991987000061, -57.24153509958645714, 52.49999999984189003 ) ) ;
#2482 = FACE_BOUND ( 'NONE', #7462, .T. ) ;
#2483 = LINE ( 'NONE', #2336, #11 ) ;
#2484 = EDGE_LOOP ( 'NONE', ( #6738, #2036, #2841, #1295 ) ) ;
#2485 = CARTESIAN_POINT ( 'NONE',  ( -4.982625515395763038, -54.51105195366340439, 30.12179870300803231 ) ) ;
#2486 = EDGE_CURVE ( 'NONE', #3290, #7390, #916, .T. ) ;
#2487 = LINE ( 'NONE', #7712, #8140 ) ;
#2488 = CYLINDRICAL_SURFACE ( 'NONE', #3701, 1.500000000000001332 ) ;
#2489 = CARTESIAN_POINT ( 'NONE',  ( 3.128274390878820643, -55.17388431806673310, 32.34984714711109177 ) ) ;
#2490 = CARTESIAN_POINT ( 'NONE',  ( -10.99999999999986500, -1.387778780781445676E-14, 17.88854381999831844 ) ) ;
#2491 = CARTESIAN_POINT ( 'NONE',  ( 5.655316078817227421, -48.99601718190940858, 35.55303453215162790 ) ) ;
#2492 = CARTESIAN_POINT ( 'NONE',  ( -14.57341386603090427, -39.56514063178899931, 33.01080457483164565 ) ) ;
#2493 = ORIENTED_EDGE ( 'NONE', *, *, #6999, .T. ) ;
#2494 = EDGE_LOOP ( 'NONE', ( #2625, #4724, #7972, #6830 ) ) ;
#2495 = CARTESIAN_POINT ( 'NONE',  ( 14.47272092644961639, -40.12531638068765716, -33.05342644656255402 ) ) ;
#2496 = EDGE_CURVE ( 'NONE', #8112, #1297, #6532, .T. ) ;
#2497 = CARTESIAN_POINT ( 'NONE',  ( -1.449997699391801342, -65.29741702555000415, -32.46763783634021650 ) ) ;
#2498 = CARTESIAN_POINT ( 'NONE',  ( -32.63556357717572354, -44.81789967159566146, -1.620700429172934109 ) ) ;
#2499 = EDGE_CURVE ( 'NONE', #4906, #9450, #6389, .T. ) ;
#2500 = LINE ( 'NONE', #7111, #5103 ) ;
#2501 = CARTESIAN_POINT ( 'NONE',  ( -7.147577899138592095, -60.02733732826330026, 29.64662843120286695 ) ) ;
#2502 = CARTESIAN_POINT ( 'NONE',  ( 5.750000000000126121, -63.00000000000001421, 32.79999999999999005 ) ) ;
#2503 = CARTESIAN_POINT ( 'NONE',  ( 32.23499082998077370, -44.30939391139398964, 5.189470333970509053 ) ) ;
#2504 = CARTESIAN_POINT ( 'NONE',  ( -3.586174194570502571, -52.31865583712906442, 42.50000000000007816 ) ) ;
#2505 = CARTESIAN_POINT ( 'NONE',  ( -22.33654216928191971, 18.99999997411760688, -25.21932498478009066 ) ) ;
#2506 = DIRECTION ( 'NONE',  ( -0.0000000000000000000, -0.0000000000000000000, -1.000000000000000000 ) ) ;
#2507 = FACE_OUTER_BOUND ( 'NONE', #1444, .T. ) ;
#2508 = LINE ( 'NONE', #6209, #78 ) ;
#2509 = CARTESIAN_POINT ( 'NONE',  ( -8.000000000000000000, 18.00000000000001421, 30.00000000000002842 ) ) ;
#2510 = ORIENTED_EDGE ( 'NONE', *, *, #9708, .F. ) ;
#2511 = APPROVAL_STATUS ( 'not_yet_approved' ) ;
#2512 = DIRECTION ( 'NONE',  ( -1.000000000000000000, 0.0000000000000000000, -0.0000000000000000000 ) ) ;
#2513 =( BOUNDED_CURVE ( )  B_SPLINE_CURVE ( 3, ( #7905, #6190, #5446, #2395, #96, #9406, #1647 ),
 .UNSPECIFIED., .T., .T. ) 
 B_SPLINE_CURVE_WITH_KNOTS ( ( 4, 3, 4 ),
 ( 0.0000000000000000000, 0.01109549681925774307, 0.02219099363851548615 ),
 .UNSPECIFIED. ) 
 CURVE ( )  GEOMETRIC_REPRESENTATION_ITEM ( )  RATIONAL_B_SPLINE_CURVE ( ( 1.000000000000000000, 0.3333333333333333703, 0.3333333333333333703, 1.000000000000000000, 0.3333333333333333703, 0.3333333333333333703, 1.000000000000000000 ) ) 
 REPRESENTATION_ITEM ( '' )  );
#2514 = CARTESIAN_POINT ( 'NONE',  ( 17.67766952966358929, 0.0000000000000000000, -17.67766952966378469 ) ) ;
#2515 = CARTESIAN_POINT ( 'NONE',  ( -26.29999999999952465, -66.80000000000016769, 15.50000000000005329 ) ) ;
#2516 = ORIENTED_EDGE ( 'NONE', *, *, #7188, .F. ) ;
#2517 = DIRECTION ( 'NONE',  ( 7.232542356195667155E-15, -1.000000000000000000, 1.276710262284687461E-15 ) ) ;
#2518 = AXIS2_PLACEMENT_3D ( 'NONE', #6916, #5499, #1613 ) ;
#2519 = CARTESIAN_POINT ( 'NONE',  ( 3.980814712676603538E-13, -60.29999999999996163, 40.00000000000007816 ) ) ;
#2520 = CARTESIAN_POINT ( 'NONE',  ( -2.054761891569525822, -63.15878136636389684, 56.24420195043937554 ) ) ;
#2521 = CARTESIAN_POINT ( 'NONE',  ( -9.298286328761168562, 14.20777096394883188, -34.77934562626511905 ) ) ;
#2522 = CARTESIAN_POINT ( 'NONE',  ( 7.485059267200098176, -66.94942642284165402, 35.21500826380769666 ) ) ;
#2523 = CARTESIAN_POINT ( 'NONE',  ( -2.848119765947859872, -53.04069714164379690, 55.19240808317857017 ) ) ;
#2524 = EDGE_CURVE ( 'NONE', #3380, #7435, #2647, .T. ) ;
#2525 = ORIENTED_EDGE ( 'NONE', *, *, #2416, .T. ) ;
#2526 = ORIENTED_EDGE ( 'NONE', *, *, #1570, .F. ) ;
#2527 = CC_DESIGN_APPROVAL ( #2253, ( #4749 ) ) ;
#2528 = AXIS2_PLACEMENT_3D ( 'NONE', #1123, #1776, #7940 ) ;
#2529 = CARTESIAN_POINT ( 'NONE',  ( -3.000000000000000000, 0.0000000000000000000, 24.49999999999083400 ) ) ;
#2530 = CARTESIAN_POINT ( 'NONE',  ( 12.12435565298225271, 10.50000000000000888, -32.79999999999999716 ) ) ;
#2531 = CARTESIAN_POINT ( 'NONE',  ( -21.30274913878852061, -37.26952529499597944, 29.02421613061415329 ) ) ;
#2532 = CARTESIAN_POINT ( 'NONE',  ( 23.12301487806197642, 18.99999996856430329, 23.83094369863603035 ) ) ;
#2533 = VERTEX_POINT ( 'NONE', #4045 ) ;
#2534 = AXIS2_PLACEMENT_3D ( 'NONE', #410, #8834, #1054 ) ;
#2535 = ADVANCED_FACE ( 'NONE', ( #7209 ), #1146, .F. ) ;
#2536 = FACE_OUTER_BOUND ( 'NONE', #5616, .T. ) ;
#2537 = DIRECTION ( 'NONE',  ( 0.0000000000000000000, -1.000000000000000000, 0.0000000000000000000 ) ) ;
#2538 = ORGANIZATION ( 'NAUO-ORG3', 'UNSPECIFIED', 'UNSPECIFIED' ) ;
#2539 = CARTESIAN_POINT ( 'NONE',  ( -18.19505347078314728, 19.00000000000000711, -29.31230272836309325 ) ) ;
#2540 = CIRCLE ( 'NONE', #4941, 1.000000000000000888 ) ;
#2541 = FACE_OUTER_BOUND ( 'NONE', #365, .T. ) ;
#2542 = DIRECTION ( 'NONE',  ( 1.000000000000000000, -3.539560450750560712E-15, 1.387317882901358053E-31 ) ) ;
#2543 = CARTESIAN_POINT ( 'NONE',  ( 8.316666140367409810, -48.30553556436653651, 35.02618871685628221 ) ) ;
#2544 = DIRECTION ( 'NONE',  ( 0.0000000000000000000, 0.0000000000000000000, 1.000000000000000000 ) ) ;
#2545 = ORIENTED_EDGE ( 'NONE', *, *, #4571, .F. ) ;
#2546 = AXIS2_PLACEMENT_3D ( 'NONE', #9487, #8693, #8085 ) ;
#2547 = CARTESIAN_POINT ( 'NONE',  ( 3.000000000000000000, 0.0000000000000000000, 24.49999999999476330 ) ) ;
#2548 = ORIENTED_EDGE ( 'NONE', *, *, #6507, .F. ) ;
#2549 = AXIS2_PLACEMENT_3D ( 'NONE', #9625, #8725, #5052 ) ;
#2550 = CARTESIAN_POINT ( 'NONE',  ( 24.30000000000045901, -67.29999999999979821, 15.50000000000010836 ) ) ;
#2551 = EDGE_CURVE ( 'NONE', #3448, #3448, #5276, .T. ) ;
#2552 = VERTEX_POINT ( 'NONE', #7214 ) ;
#2553 = CARTESIAN_POINT ( 'NONE',  ( -32.66697588645070738, -44.85656347169799574, -0.8055730915521291946 ) ) ;
#2554 = DIRECTION ( 'NONE',  ( 7.232542356195667155E-15, -1.000000000000000000, 1.276710262284687461E-15 ) ) ;
#2555 = CARTESIAN_POINT ( 'NONE',  ( -17.67766952966358929, 0.0000000000000000000, 17.67766952966378469 ) ) ;
#2556 = FACE_OUTER_BOUND ( 'NONE', #145, .T. ) ;
#2557 = CARTESIAN_POINT ( 'NONE',  ( 26.87397920717025812, -45.98836728936663576, 23.96990720069505798 ) ) ;
#2558 = DIRECTION ( 'NONE',  ( 7.232542356195667155E-15, -1.000000000000000000, 1.276710262284687461E-15 ) ) ;
#2559 = AXIS2_PLACEMENT_3D ( 'NONE', #8316, #8169, #3559 ) ;
#2560 = CARTESIAN_POINT ( 'NONE',  ( -18.78467659661379230, 18.99999998011092828, -28.91829671984413608 ) ) ;
#2561 = VERTEX_POINT ( 'NONE', #2547 ) ;
#2562 = ADVANCED_FACE ( 'NONE', ( #5598 ), #6450, .T. ) ;
#2563 = CARTESIAN_POINT ( 'NONE',  ( 3.976013237074417382E-13, -60.29999999999996163, 27.80000000001329852 ) ) ;
#2564 = DIRECTION ( 'NONE',  ( -1.000000000000000000, 0.0000000000000000000, 0.0000000000000000000 ) ) ;
#2565 = FACE_OUTER_BOUND ( 'NONE', #4826, .T. ) ;
#2566 = CARTESIAN_POINT ( 'NONE',  ( 8.196491563583267137, -61.23809703555395600, 34.50000000000007816 ) ) ;
#2567 = ORIENTED_EDGE ( 'NONE', *, *, #5015, .T. ) ;
#2568 = VECTOR ( 'NONE', #1582, 1000.000000000000000 ) ;
#2569 = COORDINATED_UNIVERSAL_TIME_OFFSET ( 8, 0, .AHEAD. ) ;
#2570 = DIRECTION ( 'NONE',  ( 7.232542356195667155E-15, -1.000000000000000000, 1.276710262284686278E-15 ) ) ;
#2571 = AXIS2_PLACEMENT_3D ( 'NONE', #1862, #7233, #6319 ) ;
#2572 = CARTESIAN_POINT ( 'NONE',  ( 3.000000000003491873, 4.200000000000000178, 25.50000000000000355 ) ) ;
#2573 = DIRECTION ( 'NONE',  ( 1.000000000000000000, 7.232542356195667155E-15, 0.0000000000000000000 ) ) ;
#2574 = AXIS2_PLACEMENT_3D ( 'NONE', #9356, #1036, #9404 ) ;
#2575 = CARTESIAN_POINT ( 'NONE',  ( -30.11234307503818641, -41.43529031967775467, -20.50799555197553659 ) ) ;
#2576 = ORIENTED_EDGE ( 'NONE', *, *, #952, .T. ) ;
#2577 = FACE_OUTER_BOUND ( 'NONE', #9385, .T. ) ;
#2578 = PERSON_AND_ORGANIZATION_ROLE ( 'design_owner' ) ;
#2579 = CARTESIAN_POINT ( 'NONE',  ( -1.735794628190409750, -63.44506653410587660, 66.04074225667075382 ) ) ;
#2580 = CARTESIAN_POINT ( 'NONE',  ( -3.344383203807927973, -61.35714279984111386, 54.61344160582495988 ) ) ;
#2581 = CARTESIAN_POINT ( 'NONE',  ( 22.43846471396042475, -39.57480594714069611, -28.15714561653459569 ) ) ;
#2582 = CIRCLE ( 'NONE', #4663, 7.899999999999999467 ) ;
#2583 = ORIENTED_EDGE ( 'NONE', *, *, #9701, .T. ) ;
#2584 = ORIENTED_EDGE ( 'NONE', *, *, #1392, .T. ) ;
#2585 = CARTESIAN_POINT ( 'NONE',  ( -19.33531763240548784, -31.01085455567758942, 30.36690095611713858 ) ) ;
#2586 = CARTESIAN_POINT ( 'NONE',  ( -29.18670469988298066, -39.72820181690311614, 21.98744187070628087 ) ) ;
#2587 = CARTESIAN_POINT ( 'NONE',  ( 22.39309228013506470, 18.99999998144394198, 25.13116551635946294 ) ) ;
#2588 = ORIENTED_EDGE ( 'NONE', *, *, #8310, .F. ) ;
#2589 = CARTESIAN_POINT ( 'NONE',  ( -14.93935871318833364, -44.07869009953530082, -32.75386458370140019 ) ) ;
#2590 = DIRECTION ( 'NONE',  ( 1.000000000000000000, -5.551115123125781913E-15, 0.0000000000000000000 ) ) ;
#2591 = CARTESIAN_POINT ( 'NONE',  ( 0.6394749187348152120, -66.60483518361014887, -32.49382697043650836 ) ) ;
#2592 = CARTESIAN_POINT ( 'NONE',  ( -6.058300795178872988, -54.86244618646675519, 30.50000000000007816 ) ) ;
#2593 = CARTESIAN_POINT ( 'NONE',  ( 5.742307476930428756, -48.97864802202041545, 35.53916050641934277 ) ) ;
#2594 = CARTESIAN_POINT ( 'NONE',  ( -11.70713485823401001, -40.51209388466998007, 33.10794738367710011 ) ) ;
#2595 = ORIENTED_EDGE ( 'NONE', *, *, #7995, .T. ) ;
#2596 = EDGE_CURVE ( 'NONE', #1497, #9123, #391, .T. ) ;
#2597 = DIRECTION ( 'NONE',  ( 0.0000000000000000000, 0.0000000000000000000, 1.000000000000000000 ) ) ;
#2598 = EDGE_LOOP ( 'NONE', ( #7998, #4799, #4210, #7189, #8447, #3941, #6568, #2143 ) ) ;
#2599 = DIRECTION ( 'NONE',  ( 7.232542356195667155E-15, -1.000000000000000000, 1.276710262284687461E-15 ) ) ;
#2600 = CARTESIAN_POINT ( 'NONE',  ( -35.93738681991969486, -54.23921815817683267, 2.189092266695158884 ) ) ;
#2601 = EDGE_CURVE ( 'NONE', #1058, #7717, #9317, .T. ) ;
#2602 = CARTESIAN_POINT ( 'NONE',  ( 12.00000000000000000, 18.00000000000001421, 33.00000000000000000 ) ) ;
#2603 = DIRECTION ( 'NONE',  ( 0.0000000000000000000, 1.000000000000000000, 0.0000000000000000000 ) ) ;
#2604 = DIRECTION ( 'NONE',  ( -2.341876692568687369E-14, -1.000000000000000000, 0.0000000000000000000 ) ) ;
#2605 = DIRECTION ( 'NONE',  ( 0.7071067811865451302, -0.7071067811865500152, -7.251515641431537085E-30 ) ) ;
#2606 = CARTESIAN_POINT ( 'NONE',  ( -35.99999999999995026, -3.021355694386944319E-13, -33.00000000000002132 ) ) ;
#2607 = CARTESIAN_POINT ( 'NONE',  ( 29.73325868244336334, -49.04769542401888316, 20.31981599896868929 ) ) ;
#2608 = DIRECTION ( 'NONE',  ( 4.304913725480044159E-30, 1.000000000000000000, 0.0000000000000000000 ) ) ;
#2609 = CARTESIAN_POINT ( 'NONE',  ( -19.47785913282623582, 18.99999994574814011, -28.39506264844352401 ) ) ;
#2610 = ADVANCED_FACE ( 'NONE', ( #7706, #2245 ), #88, .F. ) ;
#2611 = ORIENTED_EDGE ( 'NONE', *, *, #8439, .T. ) ;
#2612 = EDGE_CURVE ( 'NONE', #6096, #4133, #9203, .T. ) ;
#2613 = ADVANCED_FACE ( 'NONE', ( #2191, #4589 ), #461, .F. ) ;
#2614 = CARTESIAN_POINT ( 'NONE',  ( 17.75000000000010658, -63.00000000000001421, 31.08982952671179234 ) ) ;
#2615 = CARTESIAN_POINT ( 'NONE',  ( -15.85346021786614124, -42.70917136445666529, -32.32187896526227178 ) ) ;
#2616 = FACE_OUTER_BOUND ( 'NONE', #4646, .T. ) ;
#2617 = ORIENTED_EDGE ( 'NONE', *, *, #3946, .T. ) ;
#2618 = PERSON_AND_ORGANIZATION ( #7395, #7661 ) ;
#2619 = DIRECTION ( 'NONE',  ( -0.3105242167236345607, 0.9505654689857891970, 0.0000000000000000000 ) ) ;
#2620 = ADVANCED_FACE ( 'NONE', ( #7655 ), #784, .F. ) ;
#2621 = DIRECTION ( 'NONE',  ( -0.0000000000000000000, -1.000000000000000000, 0.0000000000000000000 ) ) ;
#2622 = CARTESIAN_POINT ( 'NONE',  ( -26.29999999999952820, -66.80000000000016769, 17.50000000000005684 ) ) ;
#2623 = AXIS2_PLACEMENT_3D ( 'NONE', #4010, #8111, #7068 ) ;
#2624 = CARTESIAN_POINT ( 'NONE',  ( -7.308543256653928566, -63.21350773903802889, 30.36786704772577394 ) ) ;
#2625 = ORIENTED_EDGE ( 'NONE', *, *, #4918, .T. ) ;
#2626 = LINE ( 'NONE', #221, #5279 ) ;
#2627 = CARTESIAN_POINT ( 'NONE',  ( 0.0000000000000000000, 0.0000000000000000000, 0.0000000000000000000 ) ) ;
#2628 = CARTESIAN_POINT ( 'NONE',  ( 5.750000000000121680, 18.24833147735481020, -32.79999999999999716 ) ) ;
#2629 = CARTESIAN_POINT ( 'NONE',  ( -5.009176092211331977, 15.33089315946548403, -35.65030289896818516 ) ) ;
#2630 = AXIS2_PLACEMENT_3D ( 'NONE', #184, #917, #5131 ) ;
#2631 = ORIENTED_EDGE ( 'NONE', *, *, #4311, .T. ) ;
#2632 = VERTEX_POINT ( 'NONE', #6901 ) ;
#2633 = DIRECTION ( 'NONE',  ( 1.086326531467812312E-16, -2.291065940513937741E-17, 1.000000000000000000 ) ) ;
#2634 = CONICAL_SURFACE ( 'NONE', #6146, 15.75000000000000000, 0.7853981633974372878 ) ;
#2635 = CARTESIAN_POINT ( 'NONE',  ( -26.05104713141280470, -44.97928665288420547, 24.84937412534586088 ) ) ;
#2636 = CARTESIAN_POINT ( 'NONE',  ( 22.77098384519064211, 19.00000000000000355, 24.49870663485119593 ) ) ;
#2637 = EDGE_LOOP ( 'NONE', ( #8347 ) ) ;
#2638 = CARTESIAN_POINT ( 'NONE',  ( 3.980814712676606567E-13, -60.29999999999996163, 34.50000000000006395 ) ) ;
#2639 = CARTESIAN_POINT ( 'NONE',  ( -35.41461002684528125, -53.85642637963449175, -6.467062913903621535 ) ) ;
#2640 = CARTESIAN_POINT ( 'NONE',  ( 21.18494215668398084, 18.99999998446399374, -26.74990410639197691 ) ) ;
#2641 = CARTESIAN_POINT ( 'NONE',  ( -0.6395800195330899607, -63.99520438487074614, -32.49382531572230448 ) ) ;
#2642 = CARTESIAN_POINT ( 'NONE',  ( 1.500000000000001554, 18.50000000000000000, -32.50000000000000000 ) ) ;
#2643 = CARTESIAN_POINT ( 'NONE',  ( 8.196491563583276019, -61.23809703555399864, 34.50000000000007816 ) ) ;
#2644 = CARTESIAN_POINT ( 'NONE',  ( -14.90156171718523481, -44.12581202977609252, 32.77107816363228920 ) ) ;
#2645 = CARTESIAN_POINT ( 'NONE',  ( -12.00008109275890078, 17.73308106665189499, 33.94109682633493463 ) ) ;
#2646 = ORIENTED_EDGE ( 'NONE', *, *, #9340, .F. ) ;
#2647 = LINE ( 'NONE', #4096, #634 ) ;
#2648 = ORIENTED_EDGE ( 'NONE', *, *, #9217, .T. ) ;
#2649 = CARTESIAN_POINT ( 'NONE',  ( 18.42175990098756699, 23.00000000000000000, -30.92957746478874625 ) ) ;
#2650 = CARTESIAN_POINT ( 'NONE',  ( 7.900000000000396483, -60.29999999999996163, 46.50000000000008527 ) ) ;
#2651 = CARTESIAN_POINT ( 'NONE',  ( -1.499999999999992006, 18.50000000000000000, 32.50000000000000000 ) ) ;
#2652 = CARTESIAN_POINT ( 'NONE',  ( 10.63452568920567209, 21.02089061900475642, -34.39394854741695440 ) ) ;
#2653 = CARTESIAN_POINT ( 'NONE',  ( 4.179110650923774672E-13, -60.29999999999998295, 44.50000000000007816 ) ) ;
#2654 = CARTESIAN_POINT ( 'NONE',  ( 4.867501005719684114E-13, -67.29999999999999716, 8.592260065175946769E-14 ) ) ;
#2655 = CARTESIAN_POINT ( 'NONE',  ( 35.46099680403439436, -53.89072787462886538, 6.206615954604795427 ) ) ;
#2656 = CARTESIAN_POINT ( 'NONE',  ( 4.179110650923774672E-13, -60.29999999999998295, 44.50000000000007816 ) ) ;
#2657 = DIRECTION ( 'NONE',  ( 0.0000000000000000000, 0.0000000000000000000, -1.000000000000000000 ) ) ;
#2658 = PLANE ( 'NONE',  #8492 ) ;
#2659 = CARTESIAN_POINT ( 'NONE',  ( -20.50674729145863395, 19.00000000000000711, -27.47745702678723134 ) ) ;
#2660 = ORIENTED_EDGE ( 'NONE', *, *, #4388, .T. ) ;
#2661 = CARTESIAN_POINT ( 'NONE',  ( 2.152456862740021869E-29, 0.2499999999999993616, -2.207385789947354276E-58 ) ) ;
#2662 = CARTESIAN_POINT ( 'NONE',  ( -9.497543176024018763, -42.42122801585226455, -33.60241748817436758 ) ) ;
#2663 = FACE_OUTER_BOUND ( 'NONE', #677, .T. ) ;
#2664 = ORIENTED_EDGE ( 'NONE', *, *, #6282, .F. ) ;
#2665 = PERSON_AND_ORGANIZATION ( #7395, #7661 ) ;
#2666 = CARTESIAN_POINT ( 'NONE',  ( 10.10000000000001208, 18.00000000000001421, 33.00000000000000000 ) ) ;
#2667 = EDGE_CURVE ( 'NONE', #9807, #3626, #3087, .T. ) ;
#2668 = LINE ( 'NONE', #3525, #5574 ) ;
#2669 = CARTESIAN_POINT ( 'NONE',  ( 7.653337114033902822, -58.17456646700026113, 30.44159267948856140 ) ) ;
#2670 = DIRECTION ( 'NONE',  ( 7.232542356195667155E-15, -1.000000000000000000, 1.276710262284686278E-15 ) ) ;
#2671 = VERTEX_POINT ( 'NONE', #8508 ) ;
#2672 = CARTESIAN_POINT ( 'NONE',  ( 30.00000000000043698, -61.49999999999980105, -7.999999999999887201 ) ) ;
#2673 = EDGE_CURVE ( 'NONE', #6500, #6500, #1903, .T. ) ;
#2674 = DIRECTION ( 'NONE',  ( 0.0000000000000000000, 0.0000000000000000000, 1.000000000000000000 ) ) ;
#2675 = CARTESIAN_POINT ( 'NONE',  ( -7.002540754395901956, 14.11759647359553149, -35.31335232762748433 ) ) ;
#2676 = EDGE_LOOP ( 'NONE', ( #8351, #7710, #6632, #2337 ) ) ;
#2677 = ORIENTED_EDGE ( 'NONE', *, *, #7198, .T. ) ;
#2678 = EDGE_CURVE ( 'NONE', #9411, #2816, #146, .T. ) ;
#2679 = AXIS2_PLACEMENT_3D ( 'NONE', #1762, #261, #3306 ) ;
#2680 = CARTESIAN_POINT ( 'NONE',  ( -19.41260599998264524, -31.40222809742267884, 30.31762579433292970 ) ) ;
#2681 = CARTESIAN_POINT ( 'NONE',  ( -31.69084306531296491, -43.58252603022298644, 7.739702062077740585 ) ) ;
#2682 = CARTESIAN_POINT ( 'NONE',  ( 24.08575088153968480, 18.99999999975964116, 21.20728478613306223 ) ) ;
#2683 = ORIENTED_EDGE ( 'NONE', *, *, #5609, .F. ) ;
#2684 = CARTESIAN_POINT ( 'NONE',  ( -16.62017426854176350, -40.60970296721051653, -31.93386978565798628 ) ) ;
#2685 = CARTESIAN_POINT ( 'NONE',  ( 21.69836521844459298, 18.99999992748950461, -26.12355358040068509 ) ) ;
#2686 = CONICAL_SURFACE ( 'NONE', #4763, 7.994886619877017431, 0.7853981634028199821 ) ;
#2687 = CARTESIAN_POINT ( 'NONE',  ( -1.154904650150052836, -66.18185796525237663, -32.47951588735798367 ) ) ;
#2688 = PLANE ( 'NONE',  #5726 ) ;
#2689 = DIRECTION ( 'NONE',  ( 0.0000000000000000000, -1.000000000000000000, 1.156482317317871725E-15 ) ) ;
#2690 = APPROVAL_PERSON_ORGANIZATION ( #9043, #9172, #7635 ) ;
#2691 = CARTESIAN_POINT ( 'NONE',  ( -15.91925181991277860, -42.56959501926078104, 32.28914605962265938 ) ) ;
#2692 = AXIS2_PLACEMENT_3D ( 'NONE', #8613, #935, #7054 ) ;
#2693 = CARTESIAN_POINT ( 'NONE',  ( -5.500000000000000000, 4.750000000000000888, -19.49999999999999289 ) ) ;
#2694 = EDGE_LOOP ( 'NONE', ( #2889, #1547, #785, #5031 ) ) ;
#2695 = AXIS2_PLACEMENT_3D ( 'NONE', #1853, #5554, #8630 ) ;
#2696 = ORIENTED_EDGE ( 'NONE', *, *, #1820, .F. ) ;
#2697 = DIRECTION ( 'NONE',  ( -0.0000000000000000000, 0.0000000000000000000, -1.000000000000000000 ) ) ;
#2698 = APPROVAL_PERSON_ORGANIZATION ( #6622, #4579, #1261 ) ;
#2699 = CARTESIAN_POINT ( 'NONE',  ( -31.49999999999957723, -56.50000000000022027, 3.732863799708619654E-14 ) ) ;
#2700 = LINE ( 'NONE', #5749, #3 ) ;
#2701 = VECTOR ( 'NONE', #3376, 1000.000000000000000 ) ;
#2702 = CARTESIAN_POINT ( 'NONE',  ( 9.055884958636527315, 14.13327186833221738, -34.84334661851562487 ) ) ;
#2703 = FACE_OUTER_BOUND ( 'NONE', #2822, .T. ) ;
#2704 = CARTESIAN_POINT ( 'NONE',  ( 33.94523379798847884, -52.73323788912790633, 11.98956657947884530 ) ) ;
#2705 = PLANE ( 'NONE',  #9842 ) ;
#2706 = DIRECTION ( 'NONE',  ( -9.233861048563673244E-30, 1.276710262284686278E-15, 1.000000000000000000 ) ) ;
#2707 = CIRCLE ( 'NONE', #8625, 1.399999999999998579 ) ;
#2708 = DIRECTION ( 'NONE',  ( 7.232542356195667155E-15, -1.000000000000000000, 1.276710262284687461E-15 ) ) ;
#2709 = CARTESIAN_POINT ( 'NONE',  ( 10.43901011682358160, -41.84654162296116908, 33.40880119130328296 ) ) ;
#2710 = EDGE_LOOP ( 'NONE', ( #1872 ) ) ;
#2711 = CIRCLE ( 'NONE', #2549, 5.699999999836996345 ) ;
#2712 = CARTESIAN_POINT ( 'NONE',  ( 5.500000000000004441, 4.750000000000004441, 19.50000000000000000 ) ) ;
#2713 = CARTESIAN_POINT ( 'NONE',  ( -9.458667479916851306, -45.07769636552873038, -34.77340977496560726 ) ) ;
#2714 = CARTESIAN_POINT ( 'NONE',  ( 17.75000000000013856, 18.99999999999310418, -29.58356807418603651 ) ) ;
#2715 = APPROVAL_STATUS ( 'not_yet_approved' ) ;
#2716 = CARTESIAN_POINT ( 'NONE',  ( 6.273384817725935036, 21.61766431368879893, 35.45004795840557676 ) ) ;
#2717 = CIRCLE ( 'NONE', #1602, 35.79999999993537330 ) ;
#2718 = CARTESIAN_POINT ( 'NONE',  ( 18.16590212458494946, 5.000000000000000888, -30.00000000000000000 ) ) ;
#2719 = CARTESIAN_POINT ( 'NONE',  ( 26.29532373735919037, -30.33651516833241502, -17.60970874827137322 ) ) ;
#2720 = DIRECTION ( 'NONE',  ( 1.900521076914794851E-88, 4.414771579894708905E-59, 1.000000000000000000 ) ) ;
#2721 = CIRCLE ( 'NONE', #1289, 8.750000000000001776 ) ;
#2722 = DIRECTION ( 'NONE',  ( 1.000000000000000000, 7.232542356195667155E-15, 0.0000000000000000000 ) ) ;
#2723 = ORIENTED_EDGE ( 'NONE', *, *, #2906, .F. ) ;
#2724 = DIRECTION ( 'NONE',  ( 0.6679517357399816779, 0.7442045946659733291, 0.0000000000000000000 ) ) ;
#2725 = CLOSED_SHELL ( 'NONE', ( #3596, #343, #3468, #575, #3349, #8804, #5121, #8629, #1129, #7262, #9415, #8682, #8118, #9403, #7925, #5542, #1929, #6591, #3229, #8285, #6262, #8247, #1510, #6090, #9538, #4082, #3475, #9104, #3511, #4190, #2726, #5355, #1855, #8752, #3827, #2732, #1142, #7381, #9839, #1507, #7802, #5371, #716, #8201, #9832, #6393, #1472, #9214, #1077, #1148, #9289, #4263, #8487 ) ) ;
#2726 = ADVANCED_FACE ( 'NONE', ( #5385, #8451 ), #689, .F. ) ;
#2727 = LINE ( 'NONE', #6431, #1727 ) ;
#2728 = CARTESIAN_POINT ( 'NONE',  ( -3.493406094646465121, -60.51513458195855577, 54.65633499182614230 ) ) ;
#2729 = ORIENTED_EDGE ( 'NONE', *, *, #5124, .T. ) ;
#2730 = VERTEX_POINT ( 'NONE', #7191 ) ;
#2731 = EDGE_CURVE ( 'NONE', #7781, #5345, #131, .T. ) ;
#2732 = ADVANCED_FACE ( 'NONE', ( #4733, #3983, #7139, #2482, #4783, #7093, #5634 ), #6235, .F. ) ;
#2733 = DIRECTION ( 'NONE',  ( -2.168404344971006896E-16, 0.0000000000000000000, -1.000000000000000000 ) ) ;
#2734 = CARTESIAN_POINT ( 'NONE',  ( -31.94324586158463930, -43.92463844666139039, 6.673841216469983628 ) ) ;
#2735 = CARTESIAN_POINT ( 'NONE',  ( 22.34101663784903735, 18.99999997473406310, 25.21239474179970230 ) ) ;
#2736 = VERTEX_POINT ( 'NONE', #8553 ) ;
#2737 = CARTESIAN_POINT ( 'NONE',  ( 7.604523751888597083, -57.81580626621040153, 42.50000000000007816 ) ) ;
#2738 = CARTESIAN_POINT ( 'NONE',  ( 1.815248531009768573, -68.34781788876136943, 37.50000000000008527 ) ) ;
#2739 = FACE_BOUND ( 'NONE', #8107, .T. ) ;
#2740 = EDGE_CURVE ( 'NONE', #7617, #6359, #8149, .T. ) ;
#2741 = FACE_OUTER_BOUND ( 'NONE', #9469, .T. ) ;
#2742 = FACE_OUTER_BOUND ( 'NONE', #6754, .T. ) ;
#2743 = CARTESIAN_POINT ( 'NONE',  ( -2.109576062435988941, -67.87977718472957633, 30.36786714009707211 ) ) ;
#2744 = LINE ( 'NONE', #8059, #6729 ) ;
#2745 = VERTEX_POINT ( 'NONE', #8754 ) ;
#2746 = CARTESIAN_POINT ( 'NONE',  ( 4.179110650923774672E-13, -60.29999999999998295, 42.50000000000007816 ) ) ;
#2747 = ORIENTED_EDGE ( 'NONE', *, *, #5, .T. ) ;
#2748 = DIRECTION ( 'NONE',  ( -0.0000000000000000000, -0.0000000000000000000, -1.000000000000000000 ) ) ;
#2749 = CARTESIAN_POINT ( 'NONE',  ( 3.500000000000396128, -60.29999999999996163, 52.50000000000007816 ) ) ;
#2750 = FACE_OUTER_BOUND ( 'NONE', #9233, .T. ) ;
#2751 = CARTESIAN_POINT ( 'NONE',  ( 4.540991088506104667, 20.02625989173200338, -35.71277083394172536 ) ) ;
#2752 = CARTESIAN_POINT ( 'NONE',  ( 4.867501005719684114E-13, -67.29999999999999716, 8.592260065175945507E-14 ) ) ;
#2753 = CARTESIAN_POINT ( 'NONE',  ( 30.74561578396372497, -50.00686282520632631, 18.75388046486774840 ) ) ;
#2754 = FACE_OUTER_BOUND ( 'NONE', #3039, .T. ) ;
#2755 = CARTESIAN_POINT ( 'NONE',  ( 26.00000000000016342, -25.99999999999977618, 17.88854381999837173 ) ) ;
#2756 = CARTESIAN_POINT ( 'NONE',  ( 2.663567284668072688, -58.01792813005909011, 54.47079225944328584 ) ) ;
#2757 = ORIENTED_EDGE ( 'NONE', *, *, #8927, .T. ) ;
#2758 = CARTESIAN_POINT ( 'NONE',  ( 5.750000000000119016, 19.00000000000001066, -33.00000000000000000 ) ) ;
#2759 = CARTESIAN_POINT ( 'NONE',  ( -2.942562653387546856, -67.13214025361932613, 29.91754786580613867 ) ) ;
#2760 = CARTESIAN_POINT ( 'NONE',  ( 7.002540754396001432, 14.11759647359550840, 35.31335232762747722 ) ) ;
#2761 = CARTESIAN_POINT ( 'NONE',  ( 2.838017212623392904, -67.55023543512683659, 53.69476229689278313 ) ) ;
#2762 = CARTESIAN_POINT ( 'NONE',  ( 31.44223433702921611, -43.57650294736878038, -18.16797446326386734 ) ) ;
#2763 = FACE_OUTER_BOUND ( 'NONE', #2965, .T. ) ;
#2764 = CARTESIAN_POINT ( 'NONE',  ( 31.94457945201395432, -43.92642741370143256, 6.667875387291492650 ) ) ;
#2765 = CARTESIAN_POINT ( 'NONE',  ( -20.69219113600754056, 18.99999999993928768, 27.28598273640822569 ) ) ;
#2766 = CARTESIAN_POINT ( 'NONE',  ( -1.498581296362585080, -54.03085060022535657, 52.49999999984189714 ) ) ;
#2767 = VERTEX_POINT ( 'NONE', #9304 ) ;
#2768 = DIRECTION ( 'NONE',  ( 0.0000000000000000000, 1.000000000000000000, 0.0000000000000000000 ) ) ;
#2769 = FACE_OUTER_BOUND ( 'NONE', #4969, .T. ) ;
#2770 = CARTESIAN_POINT ( 'NONE',  ( -3.059921001877725200, -61.99975721882528035, 54.57264043857098557 ) ) ;
#2771 = ADVANCED_FACE ( 'NONE', ( #7041 ), #3216, .T. ) ;
#2772 = VECTOR ( 'NONE', #4879, 1000.000000000000000 ) ;
#2773 = ORIENTED_EDGE ( 'NONE', *, *, #6024, .T. ) ;
#2774 = EDGE_CURVE ( 'NONE', #8511, #2345, #5241, .T. ) ;
#2775 = ORIENTED_EDGE ( 'NONE', *, *, #1986, .T. ) ;
#2776 = ADVANCED_FACE ( 'NONE', ( #4541 ), #9909, .F. ) ;
#2777 = CARTESIAN_POINT ( 'NONE',  ( -34.85722709677487074, -53.43943355816016805, 9.013752676277967169 ) ) ;
#2778 = CARTESIAN_POINT ( 'NONE',  ( -31.44223433703140813, -43.57650294736913565, 18.16797446325690402 ) ) ;
#2779 = CARTESIAN_POINT ( 'NONE',  ( 21.84008911373659600, 18.99999992374236868, 25.93562188501102739 ) ) ;
#2780 = CIRCLE ( 'NONE', #5496, 10.00000000000011369 ) ;
#2781 = CARTESIAN_POINT ( 'NONE',  ( -11.54177517713160483, -46.90480890412484882, -34.10032431254192176 ) ) ;
#2782 = EDGE_CURVE ( 'NONE', #6171, #2767, #781, .T. ) ;
#2783 = EDGE_CURVE ( 'NONE', #2816, #2905, #7127, .T. ) ;
#2784 = CARTESIAN_POINT ( 'NONE',  ( 0.1938077629695248716, -63.85990616704440015, -32.49955418668180585 ) ) ;
#2785 = CARTESIAN_POINT ( 'NONE',  ( 17.75000000000014211, 18.87379565453598573, -30.29984979728843442 ) ) ;
#2786 = DIRECTION ( 'NONE',  ( 0.0000000000000000000, -0.0000000000000000000, 1.000000000000000000 ) ) ;
#2787 = CARTESIAN_POINT ( 'NONE',  ( -12.55297693569176865, -46.27070200899365915, 33.74065825996042634 ) ) ;
#2788 = VERTEX_POINT ( 'NONE', #6427 ) ;
#2789 = FACE_OUTER_BOUND ( 'NONE', #4107, .T. ) ;
#2790 = ORIENTED_EDGE ( 'NONE', *, *, #3038, .F. ) ;
#2791 = VERTEX_POINT ( 'NONE', #5669 ) ;
#2792 = ADVANCED_FACE ( 'NONE', ( #419 ), #7933, .F. ) ;
#2793 = DIRECTION ( 'NONE',  ( 1.054711873393889642E-15, -1.276710262284678586E-15, -1.000000000000000000 ) ) ;
#2794 = CARTESIAN_POINT ( 'NONE',  ( 6.000000000000398792, -60.29999999999996163, 29.00000000000008171 ) ) ;
#2795 = FACE_OUTER_BOUND ( 'NONE', #269, .T. ) ;
#2796 = CARTESIAN_POINT ( 'NONE',  ( 11.58555348327402079, 19.79225944319580321, -34.08498858796714615 ) ) ;
#2797 = CC_DESIGN_DATE_AND_TIME_ASSIGNMENT ( #5617, #8690, ( #6196 ) ) ;
#2798 = LINE ( 'NONE', #1847, #3824 ) ;
#2799 = CARTESIAN_POINT ( 'NONE',  ( 31.25820076171056883, -50.46887911921005809, 17.85849553024910819 ) ) ;
#2800 = CIRCLE ( 'NONE', #4054, 1.649999999999998579 ) ;
#2801 = DIRECTION ( 'NONE',  ( 0.3105242167236345607, -0.9505654689857891970, 0.0000000000000000000 ) ) ;
#2802 = CARTESIAN_POINT ( 'NONE',  ( 12.12435565298267548, -72.29999999999996874, -32.99999999999989342 ) ) ;
#2803 = PRODUCT_DEFINITION_SHAPE ( 'NONE', 'NONE',  #8011 ) ;
#2804 = B_SPLINE_CURVE_WITH_KNOTS ( 'NONE', 3,
 ( #732, #2184, #2829, #9900, #9009, #5150, #8211, #2139, #1340, #4396, #3032, #8960, #8259, #6747, #684, #3739, #1537, #4584, #9854, #586, #2283, #3786, #9102, #2239, #6085, #7648, #2328, #5380, #868, #1721, #4636, #3079, #9197, #3925, #909, #8500, #7699, #3226, #8593, #823, #39, #6129, #4683, #3976, #5575, #178, #1635, #7786, #6279, #7034, #3881, #3834, #4831, #9344, #125, #2375, #7740, #8445, #227, #1587, #81, #7840, #1779, #2475, #6939, #8647, #3273, #6981, #5522, #3128, #6177, #2431, #2522, #3176 ),
 .UNSPECIFIED., .F., .F.,
 ( 4, 2, 2, 2, 2, 2, 2, 2, 2, 2, 2, 2, 2, 2, 2, 2, 2, 2, 2, 2, 2, 2, 2, 2, 2, 2, 2, 2, 2, 2, 2, 2, 2, 2, 2, 2, 4 ),
 ( 8.673617379884035472E-19, 0.002933236259700461313, 0.003666545324625574906, 0.004399854389550688499, 0.005866472519400916553, 0.007333090649251146342, 0.008799708779101376999, 0.009533017844026488857, 0.01026632690895160419, 0.01173294503880183484, 0.01319956316865206550, 0.01466618129850229615, 0.01613279942835252681, 0.01686610849327765255, 0.01759941755820277481, 0.01906603568805303670, 0.02053265381790329511, 0.02199927194775355352, 0.02346589007760380846, 0.02639912633730432182, 0.02713243540222945102, 0.02786574446715458370, 0.02933236259700484211, 0.03079898072685509358, 0.03226559885670535199, 0.03299890792163048814, 0.03373221698655562428, 0.03519883511640589657, 0.03666545324625616886, 0.03813207137610644115, 0.03959868950595671344, 0.04033199857088184959, 0.04106530763580698573, 0.04253192576565726496, 0.04399854389550754419, 0.04546516202535781648, 0.04693178015520808877 ),
 .UNSPECIFIED. ) ;
#2805 = FACE_OUTER_BOUND ( 'NONE', #9724, .T. ) ;
#2806 = VERTEX_POINT ( 'NONE', #6181 ) ;
#2807 = CARTESIAN_POINT ( 'NONE',  ( -3.656965428013177366, -49.32020142842166166, -35.81755382139177613 ) ) ;
#2808 = DIRECTION ( 'NONE',  ( 0.0000000000000000000, 0.0000000000000000000, 1.000000000000000000 ) ) ;
#2809 = CARTESIAN_POINT ( 'NONE',  ( 4.133825474724200255, 19.06026530972156507, 35.76191228998133909 ) ) ;
#2810 = CARTESIAN_POINT ( 'NONE',  ( 2.633157751925435885, -67.36636633066721913, 53.41747754735408193 ) ) ;
#2811 = CARTESIAN_POINT ( 'NONE',  ( 29.12027100185486717, -39.32445737225739890, -13.97077391458806694 ) ) ;
#2812 = FACE_OUTER_BOUND ( 'NONE', #9443, .T. ) ;
#2813 = CARTESIAN_POINT ( 'NONE',  ( 27.89363501428850611, -36.54216492496126278, 15.80708146419434357 ) ) ;
#2814 = CARTESIAN_POINT ( 'NONE',  ( -22.77932273994315793, 18.99999999999284839, 24.48382168276738469 ) ) ;
#2815 = DIRECTION ( 'NONE',  ( -1.000000000000000000, -7.232542356195643489E-15, 1.776356839400250465E-14 ) ) ;
#2816 = VERTEX_POINT ( 'NONE', #4221 ) ;
#2817 = CARTESIAN_POINT ( 'NONE',  ( -8.000000000000000000, 18.00000000000001421, -33.00000000000000000 ) ) ;
#2818 = DATE_TIME_ROLE ( 'creation_date' ) ;
#2819 = CARTESIAN_POINT ( 'NONE',  ( -10.82900907005127955, -41.53337624942867734, -33.32008191575144451 ) ) ;
#2820 = FACE_BOUND ( 'NONE', #8518, .T. ) ;
#2821 = ORIENTED_EDGE ( 'NONE', *, *, #8110, .T. ) ;
#2822 = EDGE_LOOP ( 'NONE', ( #2646, #8030, #873, #5283 ) ) ;
#2823 = CARTESIAN_POINT ( 'NONE',  ( -25.80759901380247001, -44.68300546332878298, 25.11261449977695293 ) ) ;
#2824 = CARTESIAN_POINT ( 'NONE',  ( -35.98649025392955281, -48.96797268516567669, 1.163810256989457503 ) ) ;
#2825 = CARTESIAN_POINT ( 'NONE',  ( 18.86639214118828534, 18.99999997353752335, 28.86028217595949386 ) ) ;
#2826 = CARTESIAN_POINT ( 'NONE',  ( -11.73719266910696923, -46.79179717450147535, -34.03349768661308161 ) ) ;
#2827 = DIRECTION ( 'NONE',  ( 0.0000000000000000000, -1.000000000000000000, 0.0000000000000000000 ) ) ;
#2828 = FACE_OUTER_BOUND ( 'NONE', #3825, .T. ) ;
#2829 = CARTESIAN_POINT ( 'NONE',  ( -8.398429877093468221, -65.81578092247762868, 35.00980834981021417 ) ) ;
#2830 = EDGE_CURVE ( 'NONE', #4029, #8505, #8717, .T. ) ;
#2831 = CARTESIAN_POINT ( 'NONE',  ( 17.75000000000014211, 18.92166046568521054, -30.15917901052916861 ) ) ;
#2832 = DIRECTION ( 'NONE',  ( -0.3105242167236341722, 0.9505654689857893080, 0.0000000000000000000 ) ) ;
#2833 = EDGE_LOOP ( 'NONE', ( #2525 ) ) ;
#2834 = CARTESIAN_POINT ( 'NONE',  ( -11.58719731517395424, 16.21079621083552169, 34.08443087064721055 ) ) ;
#2835 = ORIENTED_EDGE ( 'NONE', *, *, #2416, .F. ) ;
#2836 = CIRCLE ( 'NONE', #9727, 1.499999999938609552 ) ;
#2837 = CARTESIAN_POINT ( 'NONE',  ( -18.85714285714263383, -26.00000000000016342, -30.66607511999708180 ) ) ;
#2838 = EDGE_CURVE ( 'NONE', #6171, #602, #370, .T. ) ;
#2839 = ORIENTED_EDGE ( 'NONE', *, *, #9901, .F. ) ;
#2840 = DIRECTION ( 'NONE',  ( -0.0000000000000000000, -1.000000000000000000, -0.0000000000000000000 ) ) ;
#2841 = ORIENTED_EDGE ( 'NONE', *, *, #1474, .T. ) ;
#2842 = VERTEX_POINT ( 'NONE', #1487 ) ;
#2843 = DIRECTION ( 'NONE',  ( 1.000000000000000000, 0.0000000000000000000, 0.0000000000000000000 ) ) ;
#2844 = CARTESIAN_POINT ( 'NONE',  ( 11.99999981623415657, 18.00121248782649985, -33.94112556192533958 ) ) ;
#2845 = CIRCLE ( 'NONE', #1718, 2.000000000000001776 ) ;
#2846 = CARTESIAN_POINT ( 'NONE',  ( 33.02942875860667016, -51.99809424175746386, 14.35523897958238138 ) ) ;
#2847 = DIRECTION ( 'NONE',  ( -1.000000000000000000, -7.232542356195667155E-15, 0.0000000000000000000 ) ) ;
#2848 = FACE_OUTER_BOUND ( 'NONE', #1427, .T. ) ;
#2849 = CARTESIAN_POINT ( 'NONE',  ( 11.44972126833607895, -40.85458568221898901, 33.17178962627715322 ) ) ;
#2850 = EDGE_LOOP ( 'NONE', ( #4619 ) ) ;
#2851 = LOCAL_TIME ( 17, 37, 41.00000000000000000, #4670 ) ;
#2852 = ADVANCED_FACE ( 'NONE', ( #470 ), #8506, .F. ) ;
#2853 = CIRCLE ( 'NONE', #4930, 9.799999999999995381 ) ;
#2854 = CARTESIAN_POINT ( 'NONE',  ( 6.177443301525368469, -65.17263045896633855, 30.36786714008755439 ) ) ;
#2855 = CARTESIAN_POINT ( 'NONE',  ( 3.023174873247773231, -44.12527087482610710, -34.41315709650950083 ) ) ;
#2856 = EDGE_CURVE ( 'NONE', #7287, #8095, #702, .T. ) ;
#2857 = CARTESIAN_POINT ( 'NONE',  ( -2.522063298718991486, -67.50955430862724427, 30.12179871070679127 ) ) ;
#2858 = AXIS2_PLACEMENT_3D ( 'NONE', #6753, #5990, #6136 ) ;
#2859 = CARTESIAN_POINT ( 'NONE',  ( 11.97207688361281619, 17.45946323717154769, 33.95103080687023578 ) ) ;
#2860 = CARTESIAN_POINT ( 'NONE',  ( -2.306982924896802789, -62.93240346140522945, 54.79350171110131384 ) ) ;
#2861 = CARTESIAN_POINT ( 'NONE',  ( 30.60664350195271410, -42.26620159781660391, -19.66987484118984852 ) ) ;
#2862 = LOCAL_TIME ( 17, 37, 41.00000000000000000, #4461 ) ;
#2863 = DIRECTION ( 'NONE',  ( -1.000000000000000000, 0.0000000000000000000, -0.0000000000000000000 ) ) ;
#2864 = CIRCLE ( 'NONE', #8468, 3.299999999999997158 ) ;
#2865 = EDGE_CURVE ( 'NONE', #2986, #3695, #267, .T. ) ;
#2866 = CARTESIAN_POINT ( 'NONE',  ( 27.89405192007371426, -36.54317158254944076, -15.80651423655449150 ) ) ;
#2867 = CIRCLE ( 'NONE', #5262, 6.000000000000005329 ) ;
#2868 = CARTESIAN_POINT ( 'NONE',  ( -23.18280780781740802, 18.99999997411757846, 23.70547898894510297 ) ) ;
#2869 = CARTESIAN_POINT ( 'NONE',  ( 6.014127773285490086, -57.98093828789326665, 52.49999999998691180 ) ) ;
#2870 = EDGE_LOOP ( 'NONE', ( #1923 ) ) ;
#2871 = DIRECTION ( 'NONE',  ( 7.232542356195667155E-15, -1.000000000000000000, 1.276710262284687461E-15 ) ) ;
#2872 = PERSON_AND_ORGANIZATION_ROLE ( 'design_supplier' ) ;
#2873 = CARTESIAN_POINT ( 'NONE',  ( 8.121876097654482152, -43.03738390836485195, -33.85038834720121059 ) ) ;
#2874 = EDGE_LOOP ( 'NONE', ( #9812 ) ) ;
#2875 = AXIS2_PLACEMENT_3D ( 'NONE', #4533, #3171, #6224 ) ;
#2876 = ORIENTED_EDGE ( 'NONE', *, *, #4211, .F. ) ;
#2877 = CIRCLE ( 'NONE', #491, 14.99999999999999822 ) ;
#2878 = CARTESIAN_POINT ( 'NONE',  ( -24.60367816167250865, -43.04292904991812208, 26.28046666861877512 ) ) ;
#2879 = CARTESIAN_POINT ( 'NONE',  ( -33.16296610646492837, -45.89798459797832209, 14.47078866584785395 ) ) ;
#2880 = CARTESIAN_POINT ( 'NONE',  ( 19.01151561693878378, 18.99999996015289483, 28.75488451204125084 ) ) ;
#2881 = CARTESIAN_POINT ( 'NONE',  ( -7.348663650113178569, -48.60095826582717393, -35.24488649493022052 ) ) ;
#2882 = AXIS2_PLACEMENT_3D ( 'NONE', #572, #5074, #8288 ) ;
#2883 = CARTESIAN_POINT ( 'NONE',  ( 23.07803129092157945, 18.99999998892544539, -23.92009409446921708 ) ) ;
#2884 = CARTESIAN_POINT ( 'NONE',  ( 1.615304189776856081, -67.18896151327901123, 29.54987913860551174 ) ) ;
#2885 = FACE_OUTER_BOUND ( 'NONE', #2676, .T. ) ;
#2886 = CIRCLE ( 'NONE', #1461, 9.999999999999996447 ) ;
#2887 = CARTESIAN_POINT ( 'NONE',  ( 2.491809755249422498, -57.83348560059414467, 55.62607505847255851 ) ) ;
#2888 = CARTESIAN_POINT ( 'NONE',  ( 24.24496841486875098, -42.52477558190953033, -26.61279490845653228 ) ) ;
#2889 = ORIENTED_EDGE ( 'NONE', *, *, #5597, .F. ) ;
#2890 = DIRECTION ( 'NONE',  ( -1.000000000000000000, 0.0000000000000000000, 0.0000000000000000000 ) ) ;
#2891 = VERTEX_POINT ( 'NONE', #9441 ) ;
#2892 = CARTESIAN_POINT ( 'NONE',  ( 7.308543359011411944, -57.38649235283088501, 30.50000000000007816 ) ) ;
#2893 = ORIENTED_EDGE ( 'NONE', *, *, #6151, .F. ) ;
#2894 = CARTESIAN_POINT ( 'NONE',  ( 12.12435565298209461, 1.325139576284630377E-13, 33.00000000000000000 ) ) ;
#2895 = AXIS2_PLACEMENT_3D ( 'NONE', #3765, #3810, #6113 ) ;
#2896 = ORIENTED_EDGE ( 'NONE', *, *, #3047, .F. ) ;
#2897 = CARTESIAN_POINT ( 'NONE',  ( 1.148675749532896750, -56.99386034094627007, 54.58615483340704344 ) ) ;
#2898 = DIRECTION ( 'NONE',  ( -0.0000000000000000000, -0.0000000000000000000, -1.000000000000000000 ) ) ;
#2899 = CARTESIAN_POINT ( 'NONE',  ( -18.16590212458494591, 5.000000000000000888, 30.50000000000000000 ) ) ;
#2900 = DIRECTION ( 'NONE',  ( 0.3105242167236352269, -0.9505654689857889750, 0.0000000000000000000 ) ) ;
#2901 = CARTESIAN_POINT ( 'NONE',  ( 10.90708263997763439, -47.24384528695776453, 34.30802806260188476 ) ) ;
#2902 = EDGE_CURVE ( 'NONE', #7750, #2788, #5622, .T. ) ;
#2903 = AXIS2_PLACEMENT_3D ( 'NONE', #7714, #792, #6145 ) ;
#2904 = CARTESIAN_POINT ( 'NONE',  ( 11.74281793277405761, -43.81594564672158754, 34.08447484463611943 ) ) ;
#2905 = VERTEX_POINT ( 'NONE', #8695 ) ;
#2906 = EDGE_CURVE ( 'NONE', #5941, #1892, #5717, .T. ) ;
#2907 = CARTESIAN_POINT ( 'NONE',  ( 17.75000000000012079, 10.49999999999999467, 31.08982952671178523 ) ) ;
#2908 = CARTESIAN_POINT ( 'NONE',  ( 3.202927458705154606, -46.53299287959703179, -35.86312167141129947 ) ) ;
#2909 = DIRECTION ( 'NONE',  ( -1.000000000000000000, -6.122553444624033856E-16, 0.0000000000000000000 ) ) ;
#2910 = CARTESIAN_POINT ( 'NONE',  ( 4.209062820572715857, 16.69646877953237407, 35.75324446229752340 ) ) ;
#2911 = CARTESIAN_POINT ( 'NONE',  ( 6.507280548021854294, -61.43752231989092394, 52.78979773068542158 ) ) ;
#2912 = EDGE_CURVE ( 'NONE', #9307, #7076, #4519, .T. ) ;
#2913 = CARTESIAN_POINT ( 'NONE',  ( 26.05993904166408370, -28.18309539063356084, -17.83417197026203382 ) ) ;
#2914 = DIRECTION ( 'NONE',  ( -0.0000000000000000000, 1.000000000000000000, -0.0000000000000000000 ) ) ;
#2915 = EDGE_CURVE ( 'NONE', #6802, #3699, #3866, .T. ) ;
#2916 = CARTESIAN_POINT ( 'NONE',  ( 32.50581864889105077, -44.65566661390766257, -3.277133078629330232 ) ) ;
#2917 = ADVANCED_FACE ( 'NONE', ( #8530 ), #755, .F. ) ;
#2918 = CARTESIAN_POINT ( 'NONE',  ( -20.53010579534517177, 18.99999998672683788, 27.45104967558154740 ) ) ;
#2919 = CARTESIAN_POINT ( 'NONE',  ( -25.99999999999948130, -72.30000000000016769, 17.88854381999838949 ) ) ;
#2920 = ORIENTED_EDGE ( 'NONE', *, *, #3214, .T. ) ;
#2921 = EDGE_CURVE ( 'NONE', #5748, #5748, #2060, .T. ) ;
#2922 = CARTESIAN_POINT ( 'NONE',  ( 17.75000000000013500, -63.00000000000001421, -31.08982952671178523 ) ) ;
#2923 = DATE_AND_TIME ( #1374, #4289 ) ;
#2924 = CARTESIAN_POINT ( 'NONE',  ( -8.704072158399512205, -42.80374072223897031, -33.75082590482822553 ) ) ;
#2925 = VECTOR ( 'NONE', #7203, 1000.000000000000000 ) ;
#2926 = ORIENTED_EDGE ( 'NONE', *, *, #644, .F. ) ;
#2927 = DIRECTION ( 'NONE',  ( -0.0000000000000000000, -1.000000000000000000, -0.0000000000000000000 ) ) ;
#2928 = CARTESIAN_POINT ( 'NONE',  ( -33.61132810925773384, -52.46743981499107434, 12.89607065967743260 ) ) ;
#2929 = CARTESIAN_POINT ( 'NONE',  ( -32.53872084341311677, -44.69677449485656240, -2.839921419109150857 ) ) ;
#2930 = APPROVAL ( #5858, 'UNKNOWN' ) ;
#2931 = CARTESIAN_POINT ( 'NONE',  ( 19.47785913280019798, 18.99999994574814721, 28.39506264845898187 ) ) ;
#2932 = ADVANCED_FACE ( 'NONE', ( #6114 ), #2354, .T. ) ;
#2933 = CARTESIAN_POINT ( 'NONE',  ( -35.98666382851686762, -54.27472291222290579, 1.117104690688619284 ) ) ;
#2934 = CARTESIAN_POINT ( 'NONE',  ( -13.32979763352909863, -45.69110669209608488, -33.44148814042787876 ) ) ;
#2935 = CARTESIAN_POINT ( 'NONE',  ( 24.36153384725975357, 18.99999998844311122, -19.82079100683078110 ) ) ;
#2936 = FACE_BOUND ( 'NONE', #4335, .T. ) ;
#2937 = DIRECTION ( 'NONE',  ( 2.861551616642210332E-16, -0.0000000000000000000, 1.000000000000000000 ) ) ;
#2938 = CARTESIAN_POINT ( 'NONE',  ( 2.300709827920167871, -57.66196619709375426, 54.10976350871129625 ) ) ;
#2939 = CARTESIAN_POINT ( 'NONE',  ( 33.61132810876036814, -52.46743981458978823, -12.89607066098225552 ) ) ;
#2940 = VERTEX_POINT ( 'NONE', #3911 ) ;
#2941 = EDGE_LOOP ( 'NONE', ( #5225, #1483, #4950, #3430 ) ) ;
#2942 = AXIS2_PLACEMENT_3D ( 'NONE', #450, #1307, #1955 ) ;
#2943 = CARTESIAN_POINT ( 'NONE',  ( 18.85714285714306726, -25.99999999999988987, -30.66607511999704982 ) ) ;
#2944 = VERTEX_POINT ( 'NONE', #6361 ) ;
#2945 = DIRECTION ( 'NONE',  ( 9.233861048563673244E-30, -1.276710262284686278E-15, -1.000000000000000000 ) ) ;
#2946 = ORIENTED_EDGE ( 'NONE', *, *, #5714, .F. ) ;
#2947 = CARTESIAN_POINT ( 'NONE',  ( -25.09999999999885745, -153.7965029924599207, -18.09999999999982734 ) ) ;
#2948 = CARTESIAN_POINT ( 'NONE',  ( 5.065392549852276716E-13, -65.30000000000003979, -31.99999999999991829 ) ) ;
#2949 = CARTESIAN_POINT ( 'NONE',  ( 20.19578677418568446, -34.36347832269395042, 29.80206904993347194 ) ) ;
#2950 = DIRECTION ( 'NONE',  ( 1.000000000000000000, 0.0000000000000000000, 0.0000000000000000000 ) ) ;
#2951 = CARTESIAN_POINT ( 'NONE',  ( 13.08908214216842225, -45.88000657200282717, 33.53620461535560082 ) ) ;
#2952 = CARTESIAN_POINT ( 'NONE',  ( -9.968456117721631315, -47.69048675197237230, 34.59524168836156122 ) ) ;
#2953 = VERTEX_POINT ( 'NONE', #363 ) ;
#2954 = CARTESIAN_POINT ( 'NONE',  ( 8.167396598825723331, -48.37823326149143099, -35.07379325567152506 ) ) ;
#2955 = DIRECTION ( 'NONE',  ( 1.000000000000000000, 9.251858538542962756E-15, 0.0000000000000000000 ) ) ;
#2956 = AXIS2_PLACEMENT_3D ( 'NONE', #8575, #8474, #6818 ) ;
#2957 = CARTESIAN_POINT ( 'NONE',  ( 1.892672535245512266, -44.21408635896555239, 34.46687043013474039 ) ) ;
#2958 = CARTESIAN_POINT ( 'NONE',  ( 7.339542750129427695, -62.18450908465021598, 59.78857882194937901 ) ) ;
#2959 = CARTESIAN_POINT ( 'NONE',  ( 33.49073931019525929, -52.37378904518824640, -13.26806067751111229 ) ) ;
#2960 = DIRECTION ( 'NONE',  ( 1.000000000000000000, 8.673617379884033500E-16, 0.0000000000000000000 ) ) ;
#2961 = CARTESIAN_POINT ( 'NONE',  ( 1.817185715004597801, -68.85922520308842820, 46.50000000000008527 ) ) ;
#2962 = CARTESIAN_POINT ( 'NONE',  ( -21.12519703881455513, 18.99999998931565059, 26.81820905479577988 ) ) ;
#2963 = CARTESIAN_POINT ( 'NONE',  ( -26.29999999999951044, -67.30000000000021032, -15.49999999999993427 ) ) ;
#2964 = EDGE_CURVE ( 'NONE', #4778, #2767, #1161, .T. ) ;
#2965 = EDGE_LOOP ( 'NONE', ( #8327, #8394, #2971, #8164 ) ) ;
#2966 = CARTESIAN_POINT ( 'NONE',  ( -27.89405192007149026, -36.54317158254470144, 15.80651423655461407 ) ) ;
#2967 = APPROVAL_DATE_TIME ( #2125, #1638 ) ;
#2968 = CARTESIAN_POINT ( 'NONE',  ( -9.497543176024018763, -42.42122801585226455, -33.60241748817436758 ) ) ;
#2969 = ADVANCED_FACE ( 'NONE', ( #5659 ), #3412, .F. ) ;
#2970 = CARTESIAN_POINT ( 'NONE',  ( 11.10000000000114539, -67.29999999999999716, -32.09999999999989484 ) ) ;
#2971 = ORIENTED_EDGE ( 'NONE', *, *, #8992, .T. ) ;
#2972 = DIRECTION ( 'NONE',  ( -1.000000000000000000, -7.324388009679854455E-15, 0.0000000000000000000 ) ) ;
#2973 = CARTESIAN_POINT ( 'NONE',  ( -31.18962860134748283, -50.40702465912025332, 17.97798766927218850 ) ) ;
#2974 = CC_DESIGN_PERSON_AND_ORGANIZATION_ASSIGNMENT ( #3016, #6071, ( #4614 ) ) ;
#2975 = VECTOR ( 'NONE', #3445, 1000.000000000000000 ) ;
#2976 = CARTESIAN_POINT ( 'NONE',  ( -35.51477039347083320, -53.93044035237497269, -5.900823128508411841 ) ) ;
#2977 = ORIENTED_EDGE ( 'NONE', *, *, #4758, .F. ) ;
#2978 = CARTESIAN_POINT ( 'NONE',  ( 1.131100109965790246, -52.51386194095289994, 30.50000000000007816 ) ) ;
#2979 = CARTESIAN_POINT ( 'NONE',  ( -6.682310246023236644, -48.77021501589607055, -35.37510353549001252 ) ) ;
#2980 = CARTESIAN_POINT ( 'NONE',  ( 23.13733193545623479, 18.99999998144393487, -23.79982914798708649 ) ) ;
#2981 = PLANE ( 'NONE',  #7345 ) ;
#2982 = CARTESIAN_POINT ( 'NONE',  ( 30.00000000000036948, -56.49999999999975842, 19.89974874213249834 ) ) ;
#2983 = CARTESIAN_POINT ( 'NONE',  ( 21.68733576050385281, -38.07727444528867977, -28.73429624022040230 ) ) ;
#2984 = ORIENTED_EDGE ( 'NONE', *, *, #6520, .T. ) ;
#2985 = EDGE_CURVE ( 'NONE', #745, #5529, #6310, .T. ) ;
#2986 = VERTEX_POINT ( 'NONE', #7874 ) ;
#2987 = CARTESIAN_POINT ( 'NONE',  ( 0.0000000000000000000, -2.000000000000000000, 0.0000000000000000000 ) ) ;
#2988 = EDGE_LOOP ( 'NONE', ( #3781, #7055, #6970, #3777 ) ) ;
#2989 = FACE_OUTER_BOUND ( 'NONE', #6839, .T. ) ;
#2990 = EDGE_LOOP ( 'NONE', ( #247 ) ) ;
#2991 = CARTESIAN_POINT ( 'NONE',  ( 1.308487742145347577, -57.05015542185228838, 54.57619233280087911 ) ) ;
#2992 = DIRECTION ( 'NONE',  ( 0.0000000000000000000, 1.000000000000000000, 0.0000000000000000000 ) ) ;
#2993 = LINE ( 'NONE', #8273, #7228 ) ;
#2994 = CARTESIAN_POINT ( 'NONE',  ( 14.99538523781679800, -44.00782557438863307, 32.72826191397624740 ) ) ;
#2995 = CARTESIAN_POINT ( 'NONE',  ( -3.672339139848562084, -49.31829544140718724, 35.81596324362109840 ) ) ;
#2996 = ORIENTED_EDGE ( 'NONE', *, *, #5709, .F. ) ;
#2997 = CARTESIAN_POINT ( 'NONE',  ( -2.620623510347193541, -49.42817271798931245, -35.90825657570967167 ) ) ;
#2998 = AXIS2_PLACEMENT_3D ( 'NONE', #8278, #1408, #9728 ) ;
#2999 = CYLINDRICAL_SURFACE ( 'NONE', #9239, 3.000000000003492762 ) ;
#3000 = DATE_AND_TIME ( #6768, #2862 ) ;
#3001 = CARTESIAN_POINT ( 'NONE',  ( -8.705133898678736770, -59.41504587346557997, 42.50000000000007816 ) ) ;
#3002 = CYLINDRICAL_SURFACE ( 'NONE', #3982, 4.000000000000000000 ) ;
#3003 = DIRECTION ( 'NONE',  ( -0.9784759524638702022, 0.2063608743195329276, -0.0000000000000000000 ) ) ;
#3004 = CARTESIAN_POINT ( 'NONE',  ( 34.71455085143497143, -53.33095070220282707, -9.556815089164937049 ) ) ;
#3005 = CARTESIAN_POINT ( 'NONE',  ( 3.340407964448766087, -55.30942946620417189, 32.32853101002091734 ) ) ;
#3006 = AXIS2_PLACEMENT_3D ( 'NONE', #8958, #4343, #538 ) ;
#3007 = CARTESIAN_POINT ( 'NONE',  ( -23.54224713199445063, 18.99999992391188286, -22.88404157565255304 ) ) ;
#3008 = LOCAL_TIME ( 17, 37, 41.00000000000000000, #3477 ) ;
#3009 = AXIS2_PLACEMENT_3D ( 'NONE', #7889, #1020, #4076 ) ;
#3010 = AXIS2_PLACEMENT_3D ( 'NONE', #196, #4798, #8721 ) ;
#3011 = CARTESIAN_POINT ( 'NONE',  ( -24.39836944727778345, 18.99999992760547940, 19.54602338244047388 ) ) ;
#3012 = CARTESIAN_POINT ( 'NONE',  ( -23.41294508588470435, -41.24272907574222558, -27.34852889814425581 ) ) ;
#3013 = FACE_OUTER_BOUND ( 'NONE', #4333, .T. ) ;
#3014 = CIRCLE ( 'NONE', #2534, 14.79999999999999361 ) ;
#3015 = EDGE_LOOP ( 'NONE', ( #5132, #5441, #4730, #7927 ) ) ;
#3016 = PERSON_AND_ORGANIZATION ( #7395, #7661 ) ;
#3017 = ORGANIZATION ( 'NAUO-ORG2', 'UNSPECIFIED', 'UNSPECIFIED' ) ;
#3018 = CARTESIAN_POINT ( 'NONE',  ( 1.571264791569836117, -64.52102746723663529, -35.96572088869626072 ) ) ;
#3019 = CIRCLE ( 'NONE', #1429, 8.000000000000001776 ) ;
#3020 = DIRECTION ( 'NONE',  ( -0.7442045946659733291, 0.6679517357399816779, -0.0000000000000000000 ) ) ;
#3021 = AXIS2_PLACEMENT_3D ( 'NONE', #1116, #3418, #7232 ) ;
#3022 = EDGE_CURVE ( 'NONE', #3682, #4097, #3461, .T. ) ;
#3023 = ORIENTED_EDGE ( 'NONE', *, *, #2985, .T. ) ;
#3024 = ORIENTED_EDGE ( 'NONE', *, *, #7199, .F. ) ;
#3025 = CIRCLE ( 'NONE', #4779, 14.99999999999998934 ) ;
#3026 = CARTESIAN_POINT ( 'NONE',  ( -32.40831514442130867, -44.53208083936783623, -4.035769654829191033 ) ) ;
#3027 = ORIENTED_EDGE ( 'NONE', *, *, #94, .T. ) ;
#3028 = DIRECTION ( 'NONE',  ( -7.232542356195668733E-15, 1.000000000000000000, 0.0000000000000000000 ) ) ;
#3029 = VERTEX_POINT ( 'NONE', #9624 ) ;
#3030 = CARTESIAN_POINT ( 'NONE',  ( 15.21024612437465606, -43.74227980514389458, -32.63060780390311066 ) ) ;
#3031 = CARTESIAN_POINT ( 'NONE',  ( 22.79652425724115616, 19.00000000000000355, -24.45301855683919712 ) ) ;
#3032 = CARTESIAN_POINT ( 'NONE',  ( -9.970185799738889187, -61.21494881046892544, 34.59184680462245609 ) ) ;
#3033 = AXIS2_PLACEMENT_3D ( 'NONE', #3185, #1546, #4545 ) ;
#3034 = CARTESIAN_POINT ( 'NONE',  ( 29.14848860665412289, -48.46406733315512838, -21.14797889497377525 ) ) ;
#3035 = EDGE_CURVE ( 'NONE', #3695, #1812, #1002, .T. ) ;
#3036 = VERTEX_POINT ( 'NONE', #7117 ) ;
#3037 = AXIS2_PLACEMENT_3D ( 'NONE', #6639, #4254, #6716 ) ;
#3038 = EDGE_CURVE ( 'NONE', #770, #3745, #4769, .T. ) ;
#3039 = EDGE_LOOP ( 'NONE', ( #9159 ) ) ;
#3040 = CARTESIAN_POINT ( 'NONE',  ( 4.265448302795478597, -55.54761138357756067, 52.49993338065588233 ) ) ;
#3041 = CARTESIAN_POINT ( 'NONE',  ( -26.29999999999951754, -63.80000000000020322, -15.49999999999993960 ) ) ;
#3042 = EDGE_LOOP ( 'NONE', ( #1554 ) ) ;
#3043 = AXIS2_PLACEMENT_3D ( 'NONE', #8697, #1924, #1821 ) ;
#3044 = DIRECTION ( 'NONE',  ( -6.308085367188395171E-15, 1.000000000000000000, 0.0000000000000000000 ) ) ;
#3045 = EDGE_LOOP ( 'NONE', ( #2286, #8464, #2275, #7537 ) ) ;
#3046 = DIRECTION ( 'NONE',  ( -0.4956404438986160566, 5.423191380774410959E-13, 0.8685278063320615027 ) ) ;
#3047 = EDGE_CURVE ( 'NONE', #8050, #1710, #3303, .T. ) ;
#3048 = CARTESIAN_POINT ( 'NONE',  ( 3.980814712676603538E-13, -60.29999999999996163, 42.50000000000007816 ) ) ;
#3049 = CIRCLE ( 'NONE', #6232, 6.000000000000000888 ) ;
#3050 = CARTESIAN_POINT ( 'NONE',  ( 19.11949698223730465, -30.26795200483139325, 30.50931250515183990 ) ) ;
#3051 = CARTESIAN_POINT ( 'NONE',  ( -6.170273830959421169, -67.17466756899789004, 46.50000000000008527 ) ) ;
#3052 = CARTESIAN_POINT ( 'NONE',  ( 12.66773550972984985, -46.19906452369158245, 33.69957132175954229 ) ) ;
#3053 = CARTESIAN_POINT ( 'NONE',  ( -9.792945935305063188, -44.91497632594776945, 34.67797430185322582 ) ) ;
#3054 = ORIENTED_EDGE ( 'NONE', *, *, #8294, .T. ) ;
#3055 = AXIS2_PLACEMENT_3D ( 'NONE', #2622, #8038, #5667 ) ;
#3056 = ORIENTED_EDGE ( 'NONE', *, *, #5926, .F. ) ;
#3057 = CARTESIAN_POINT ( 'NONE',  ( 15.87285874496704352, -42.73149387613577233, -32.31555130096496953 ) ) ;
#3058 = VERTEX_POINT ( 'NONE', #8377 ) ;
#3059 = CARTESIAN_POINT ( 'NONE',  ( 12.12435565298230777, -38.99999999999986500, 33.00000000000005684 ) ) ;
#3060 = DIRECTION ( 'NONE',  ( 0.0000000000000000000, -1.000000000000000000, 0.0000000000000000000 ) ) ;
#3061 = CARTESIAN_POINT ( 'NONE',  ( -17.74999999999988987, 18.87379565453598929, 30.29984979728843086 ) ) ;
#3062 = CIRCLE ( 'NONE', #8831, 3.299999999999998934 ) ;
#3063 = CARTESIAN_POINT ( 'NONE',  ( 31.10713673584051975, -42.74717609678540953, -9.657060713098209348 ) ) ;
#3064 = CARTESIAN_POINT ( 'NONE',  ( -5.083306010855180190, -57.11252450989819351, 32.10000000000005116 ) ) ;
#3065 = DIRECTION ( 'NONE',  ( 0.0000000000000000000, -1.000000000000000000, 0.0000000000000000000 ) ) ;
#3066 = DIRECTION ( 'NONE',  ( 1.000000000000000000, 0.0000000000000000000, 0.0000000000000000000 ) ) ;
#3067 = EDGE_LOOP ( 'NONE', ( #3486 ) ) ;
#3068 = SECURITY_CLASSIFICATION_LEVEL ( 'unclassified' ) ;
#3069 = CARTESIAN_POINT ( 'NONE',  ( -0.8833983157539010422, -63.77223556496313961, -35.98977487826518029 ) ) ;
#3070 = LINE ( 'NONE', #763, #9623 ) ;
#3071 = VERTEX_POINT ( 'NONE', #9430 ) ;
#3072 = ORIENTED_EDGE ( 'NONE', *, *, #2410, .T. ) ;
#3073 = CARTESIAN_POINT ( 'NONE',  ( -29.78227820016068250, -40.58875517429425628, -12.77984212153276822 ) ) ;
#3074 = DIRECTION ( 'NONE',  ( 0.0000000000000000000, 0.0000000000000000000, 1.000000000000000000 ) ) ;
#3075 = VERTEX_POINT ( 'NONE', #9668 ) ;
#3076 = CARTESIAN_POINT ( 'NONE',  ( 10.52931466617904199, -47.42936393646814963, -34.42583484565546570 ) ) ;
#3077 = TOROIDAL_SURFACE ( 'NONE', #6922, 13.50000000000006217, 1.500000000000017542 ) ;
#3078 = CARTESIAN_POINT ( 'NONE',  ( 23.16159351650776799, 18.99999997768904336, -23.74969477036528076 ) ) ;
#3079 = CARTESIAN_POINT ( 'NONE',  ( -3.834373504371011876, -51.05148935371741459, 35.79796567682505071 ) ) ;
#3080 = CARTESIAN_POINT ( 'NONE',  ( 3.107876638052234242, -58.38642889958674687, 57.66885866132420801 ) ) ;
#3081 = CARTESIAN_POINT ( 'NONE',  ( 19.11278195928408863, -29.70248783860723307, -30.50749452181316812 ) ) ;
#3082 = ORIENTED_EDGE ( 'NONE', *, *, #7573, .T. ) ;
#3083 = EDGE_CURVE ( 'NONE', #7057, #7057, #6857, .T. ) ;
#3084 = ORIENTED_EDGE ( 'NONE', *, *, #7743, .F. ) ;
#3085 = CARTESIAN_POINT ( 'NONE',  ( 5.000000000000003553, 4.750000000000000888, -19.50000000000002132 ) ) ;
#3086 = CARTESIAN_POINT ( 'NONE',  ( -31.02517395085486385, -50.25796355918633651, -18.26103668676698177 ) ) ;
#3087 = LINE ( 'NONE', #3888, #6054 ) ;
#3088 = ORIENTED_EDGE ( 'NONE', *, *, #1389, .F. ) ;
#3089 = DIRECTION ( 'NONE',  ( 0.0000000000000000000, -0.0000000000000000000, 1.000000000000000000 ) ) ;
#3090 = EDGE_LOOP ( 'NONE', ( #6974 ) ) ;
#3091 = EDGE_CURVE ( 'NONE', #671, #1625, #3014, .T. ) ;
#3092 = DIRECTION ( 'NONE',  ( -0.9784759524638702022, 0.2063608743195329276, 0.0000000000000000000 ) ) ;
#3093 = DIRECTION ( 'NONE',  ( 7.142979018728060535E-16, 1.000000000000000000, 0.0000000000000000000 ) ) ;
#3094 = FACE_OUTER_BOUND ( 'NONE', #2833, .T. ) ;
#3095 = DIRECTION ( 'NONE',  ( -0.0000000000000000000, 1.000000000000000000, -0.0000000000000000000 ) ) ;
#3096 = LINE ( 'NONE', #1457, #965 ) ;
#3097 = CARTESIAN_POINT ( 'NONE',  ( -5.715171228433643336, -48.98936557879910936, 35.54706920552965954 ) ) ;
#3098 = ORIENTED_EDGE ( 'NONE', *, *, #1251, .F. ) ;
#3099 = VECTOR ( 'NONE', #5777, 1000.000000000000000 ) ;
#3100 = ORIENTED_EDGE ( 'NONE', *, *, #1865, .F. ) ;
#3101 = CARTESIAN_POINT ( 'NONE',  ( 16.75838134097876875, -39.76920600193034261, -31.86159058181497983 ) ) ;
#3102 = ORIENTED_CLOSED_SHELL ( 'NONE', *, #5281, .F. );
#3103 = LINE ( 'NONE', #6155, #9247 ) ;
#3104 = AXIS2_PLACEMENT_3D ( 'NONE', #4059, #1709, #7017 ) ;
#3105 = CARTESIAN_POINT ( 'NONE',  ( 0.7567284586249642953, -44.26119838311547028, 34.49588089240925370 ) ) ;
#3106 = CARTESIAN_POINT ( 'NONE',  ( 2.314630295608983257, -57.67446034268449750, 54.25610219294456016 ) ) ;
#3107 = DIRECTION ( 'NONE',  ( 1.054711873393880372E-15, 7.628248297903733964E-30, -1.000000000000000000 ) ) ;
#3108 = CARTESIAN_POINT ( 'NONE',  ( 32.41226888359169322, -44.53798709695092839, -4.060921249384485066 ) ) ;
#3109 = CARTESIAN_POINT ( 'NONE',  ( -23.88339026017314026, 18.99999998446399374, -21.92277339504068223 ) ) ;
#3110 = B_SPLINE_CURVE_WITH_KNOTS ( 'NONE', 3,
 ( #2195, #1500, #6848, #7513, #3748, #5846, #8270, #596, #3653, #4500, #3703, #2, #7415, #9718, #6658, #6757, #6708, #1353, #1303, #9768, #8918, #1398, #2897, #3795, #7564, #2991, #9114, #7610, #551, #9815 ),
 .UNSPECIFIED., .F., .F.,
 ( 4, 2, 2, 2, 1, 1, 2, 2, 2, 2, 1, 1, 1, 1, 2, 2, 2, 4 ),
 ( 0.0000000000000000000, 0.2499999999999599209, 0.3749999999999398814, 0.4374999999999298894, 0.4687499999999249489, 0.4843749999999222844, 0.4921874999999211187, 0.4999999999999199529, 0.6249999999999013012, 0.6874999999998919753, 0.7187499999998874234, 0.7343749999998856470, 0.7421874999998850919, 0.7460937499998855360, 0.7480468749998862021, 0.7499999999998868683, 0.8749999999999433786, 1.000000000000000000 ),
 .UNSPECIFIED. ) ;
#3111 = ADVANCED_FACE ( 'NONE', ( #9531 ), #9578, .F. ) ;
#3112 = VECTOR ( 'NONE', #9563, 1000.000000000000000 ) ;
#3113 = CARTESIAN_POINT ( 'NONE',  ( -24.45284206807875904, 18.99999996015288062, 19.02114384094925370 ) ) ;
#3114 = DIRECTION ( 'NONE',  ( 0.0000000000000000000, 1.000000000000000000, 0.0000000000000000000 ) ) ;
#3115 = ORIENTED_EDGE ( 'NONE', *, *, #894, .T. ) ;
#3116 = PERSON_AND_ORGANIZATION ( #7395, #7661 ) ;
#3117 = CARTESIAN_POINT ( 'NONE',  ( -1.661542694782062624, -64.73881139478768887, -35.96166281374745921 ) ) ;
#3118 = CIRCLE ( 'NONE', #4232, 1.999999999999998224 ) ;
#3119 = DIRECTION ( 'NONE',  ( -1.000000000000000000, -6.938893903907234689E-15, 0.0000000000000000000 ) ) ;
#3120 = ORIENTED_EDGE ( 'NONE', *, *, #7794, .F. ) ;
#3121 = ORIENTED_EDGE ( 'NONE', *, *, #1325, .F. ) ;
#3122 = CARTESIAN_POINT ( 'NONE',  ( -35.71687757880933134, -54.07869888977579365, -4.519690056238023779 ) ) ;
#3123 = ORIENTED_EDGE ( 'NONE', *, *, #4684, .T. ) ;
#3124 = LINE ( 'NONE', #6174, #488 ) ;
#3125 =( NAMED_UNIT ( * ) SI_UNIT ( $, .STERADIAN. ) SOLID_ANGLE_UNIT ( ) );
#3126 = CARTESIAN_POINT ( 'NONE',  ( 16.78756936566788127, -39.93616111264106650, -31.84615384615377565 ) ) ;
#3127 = FACE_OUTER_BOUND ( 'NONE', #8317, .T. ) ;
#3128 = CARTESIAN_POINT ( 'NONE',  ( 8.629276216237290242, -65.37676770613985866, 34.95125519535309877 ) ) ;
#3129 = CARTESIAN_POINT ( 'NONE',  ( 35.39996023547494275, -53.84557436135025199, -6.545786976706726712 ) ) ;
#3130 = EDGE_LOOP ( 'NONE', ( #3464 ) ) ;
#3131 = VERTEX_POINT ( 'NONE', #8031 ) ;
#3132 = CARTESIAN_POINT ( 'NONE',  ( -19.61591172444113340, -32.50186215395071798, -30.18847959892618604 ) ) ;
#3133 = CARTESIAN_POINT ( 'NONE',  ( -27.95493176196996288, -47.20074710095122583, -22.68314329465377455 ) ) ;
#3134 = ORIENTED_EDGE ( 'NONE', *, *, #3852, .F. ) ;
#3135 = DIRECTION ( 'NONE',  ( -2.764618486664858201E-13, 1.000000000000000000, -4.665405983569896803E-13 ) ) ;
#3136 = ORIENTED_EDGE ( 'NONE', *, *, #7003, .T. ) ;
#3137 = DIRECTION ( 'NONE',  ( -7.232542356195667155E-15, 1.000000000000000000, -1.276710262284687461E-15 ) ) ;
#3138 = CARTESIAN_POINT ( 'NONE',  ( -16.69430509141374941, -1.387778780781445676E-14, 31.66923076923076863 ) ) ;
#3139 = EDGE_CURVE ( 'NONE', #787, #4840, #7973, .T. ) ;
#3140 = DIRECTION ( 'NONE',  ( 0.0000000000000000000, -1.000000000000000000, 1.276710262284678586E-15 ) ) ;
#3141 = FACE_OUTER_BOUND ( 'NONE', #2246, .T. ) ;
#3142 = CARTESIAN_POINT ( 'NONE',  ( 5.566818235657227554, -49.01347210730637727, 35.56699770173176489 ) ) ;
#3143 = CARTESIAN_POINT ( 'NONE',  ( -11.45571160006028322, -44.03373723347482382, 34.18255179994552861 ) ) ;
#3144 = VERTEX_POINT ( 'NONE', #1759 ) ;
#3145 = EDGE_CURVE ( 'NONE', #1747, #1747, #2707, .T. ) ;
#3146 = EDGE_LOOP ( 'NONE', ( #8002 ) ) ;
#3147 = CARTESIAN_POINT ( 'NONE',  ( 16.78756936517541121, -39.38572051850845668, -31.84615384641337954 ) ) ;
#3148 = EDGE_CURVE ( 'NONE', #778, #2258, #6420, .T. ) ;
#3149 = CARTESIAN_POINT ( 'NONE',  ( 3.980814712676603538E-13, -60.29999999999996163, 37.50000000000008527 ) ) ;
#3150 = CARTESIAN_POINT ( 'NONE',  ( -32.41226888359030056, -44.53798709695041680, 4.060921249386084675 ) ) ;
#3151 = LINE ( 'NONE', #3001, #7503 ) ;
#3152 = CARTESIAN_POINT ( 'NONE',  ( 18.07142857142870440, 17.49999999999999289, -29.38832198999721967 ) ) ;
#3153 = CARTESIAN_POINT ( 'NONE',  ( 35.98649025393026335, -48.96797268516373691, -1.163810256988853320 ) ) ;
#3154 = DIRECTION ( 'NONE',  ( -7.232542356195667155E-15, 1.000000000000000000, -1.276710262284687461E-15 ) ) ;
#3155 = FACE_OUTER_BOUND ( 'NONE', #6323, .T. ) ;
#3156 = EDGE_CURVE ( 'NONE', #1773, #3178, #4862, .T. ) ;
#3157 = EDGE_CURVE ( 'NONE', #940, #940, #2217, .T. ) ;
#3158 = CIRCLE ( 'NONE', #4917, 15.25000000000000000 ) ;
#3159 = CARTESIAN_POINT ( 'NONE',  ( -24.38663207083456541, 18.99999995389839214, 19.63745380710767918 ) ) ;
#3160 = CARTESIAN_POINT ( 'NONE',  ( -19.87987830171749692, -33.37467442238237680, -30.01463222535834063 ) ) ;
#3161 = CARTESIAN_POINT ( 'NONE',  ( -16.78756936566760416, -7.312526652579156448E-14, 31.84615384615381473 ) ) ;
#3162 = VERTEX_POINT ( 'NONE', #7067 ) ;
#3163 = PERSON_AND_ORGANIZATION_ROLE ( 'classification_officer' ) ;
#3164 = CARTESIAN_POINT ( 'NONE',  ( 1.070602781179856411, -66.68903120000480556, -35.98420269590907594 ) ) ;
#3165 = ADVANCED_FACE ( 'NONE', ( #4907 ), #6511, .F. ) ;
#3166 = CC_DESIGN_APPROVAL ( #1638, ( #7807 ) ) ;
#3167 = DIRECTION ( 'NONE',  ( 0.0000000000000000000, 1.000000000000000000, 0.0000000000000000000 ) ) ;
#3168 = ORIENTED_EDGE ( 'NONE', *, *, #8667, .F. ) ;
#3169 = AXIS2_PLACEMENT_3D ( 'NONE', #983, #6395, #3283 ) ;
#3170 = AXIS2_PLACEMENT_3D ( 'NONE', #4513, #6004, #9074 ) ;
#3171 = DIRECTION ( 'NONE',  ( -0.0000000000000000000, 1.000000000000000000, -0.0000000000000000000 ) ) ;
#3172 = CARTESIAN_POINT ( 'NONE',  ( 4.000000000000000000, 18.00000000000001421, -33.00000000000000000 ) ) ;
#3173 = CARTESIAN_POINT ( 'NONE',  ( 12.55297693530805780, -46.27070200934350908, -33.74065826010343017 ) ) ;
#3174 = DIRECTION ( 'NONE',  ( -7.232542356195668733E-15, 1.000000000000000000, 0.0000000000000000000 ) ) ;
#3175 = AXIS2_PLACEMENT_3D ( 'NONE', #9398, #9350, #3183 ) ;
#3176 = CARTESIAN_POINT ( 'NONE',  ( 7.141428428543299844, -67.29999999999989768, 35.28455752875476747 ) ) ;
#3177 = AXIS2_PLACEMENT_3D ( 'NONE', #8782, #9533, #4110 ) ;
#3178 = VERTEX_POINT ( 'NONE', #2907 ) ;
#3179 = VECTOR ( 'NONE', #1135, 1000.000000000000000 ) ;
#3180 = EDGE_LOOP ( 'NONE', ( #380, #7135, #780, #7277 ) ) ;
#3181 = AXIS2_PLACEMENT_3D ( 'NONE', #3608, #2605, #8069 ) ;
#3182 = CARTESIAN_POINT ( 'NONE',  ( -31.72007585143652619, -50.88503944138237500, -17.05166071637209768 ) ) ;
#3183 = DIRECTION ( 'NONE',  ( 1.000000000000000000, 0.0000000000000000000, 0.0000000000000000000 ) ) ;
#3184 = EDGE_LOOP ( 'NONE', ( #6392 ) ) ;
#3185 = CARTESIAN_POINT ( 'NONE',  ( 18.16590212458494591, 5.000000000000000888, 30.50000000000000000 ) ) ;
#3186 = VERTEX_POINT ( 'NONE', #1313 ) ;
#3187 = DIRECTION ( 'NONE',  ( -0.0000000000000000000, -1.000000000000000000, -0.0000000000000000000 ) ) ;
#3188 = AXIS2_PLACEMENT_3D ( 'NONE', #691, #3746, #9017 ) ;
#3189 = CARTESIAN_POINT ( 'NONE',  ( -8.321099320084268669, -57.59411639103115021, 46.50000000000008527 ) ) ;
#3190 = LINE ( 'NONE', #7852, #6582 ) ;
#3191 = CARTESIAN_POINT ( 'NONE',  ( 5.198967349053996934, -64.96626958466237056, 30.50000000000007816 ) ) ;
#3192 = CARTESIAN_POINT ( 'NONE',  ( 9.300500722816652299, -47.95761284759238663, 34.77855744645180636 ) ) ;
#3193 = CARTESIAN_POINT ( 'NONE',  ( -11.58555348327404566, 19.79225944319573571, 34.08498858796712483 ) ) ;
#3194 = ORIENTED_EDGE ( 'NONE', *, *, #817, .T. ) ;
#3195 = AXIS2_PLACEMENT_3D ( 'NONE', #2817, #6526, #9595 ) ;
#3196 = ORIENTED_EDGE ( 'NONE', *, *, #4559, .F. ) ;
#3197 = CARTESIAN_POINT ( 'NONE',  ( 12.10327541297439602, -39.38460300096839006, -33.00557437677568373 ) ) ;
#3198 = CLOSED_SHELL ( 'NONE', ( #2610, #4336, #7510, #8260, #5855, #7624, #4508, #8570, #1993, #3828, #7828, #4324, #1873, #3943, #5416, #3518, #2932, #6764, #709, #9488, #8481, #4633, #8239, #8068, #6274, #1215, #2302, #1756, #2176, #5666, #4066, #5831, #3774, #1768, #7763, #6135, #3213, #639, #7327, #268, #2535, #9281, #6223, #2792, #9049, #4943, #2917, #9540, #4330, #3650, #7512, #5620, #8741, #5719, #5127, #2562, #1316, #1449, #5668, #3321, #5249, #3217, #5098 ) ) ;
#3199 = DIRECTION ( 'NONE',  ( 7.232542356195667155E-15, -1.000000000000000000, 1.276710262284687461E-15 ) ) ;
#3200 = CARTESIAN_POINT ( 'NONE',  ( -26.94935814151139297, -33.50650677319939064, -16.93268519289495444 ) ) ;
#3201 = CARTESIAN_POINT ( 'NONE',  ( 8.705133898679378035, -61.18495412653451382, 46.50000000000008527 ) ) ;
#3202 = FACE_BOUND ( 'NONE', #6497, .T. ) ;
#3203 = CARTESIAN_POINT ( 'NONE',  ( 22.43637590542938653, -39.57099946413260483, 28.15881816814543370 ) ) ;
#3204 = DIRECTION ( 'NONE',  ( 0.0000000000000000000, 0.0000000000000000000, 1.000000000000000000 ) ) ;
#3205 = AXIS2_PLACEMENT_3D ( 'NONE', #9325, #2457, #8577 ) ;
#3206 = CARTESIAN_POINT ( 'NONE',  ( -22.78599015523145610, 18.99999999999857181, -24.47189447864152001 ) ) ;
#3207 = EDGE_CURVE ( 'NONE', #8519, #815, #9899, .T. ) ;
#3208 = CARTESIAN_POINT ( 'NONE',  ( -23.67244134702536940, -41.65640958749232681, -27.12457963216087364 ) ) ;
#3209 = DIRECTION ( 'NONE',  ( -1.387778780781444413E-14, 0.0000000000000000000, -1.000000000000000000 ) ) ;
#3210 = VERTEX_POINT ( 'NONE', #2854 ) ;
#3211 = AXIS2_PLACEMENT_3D ( 'NONE', #7892, #4729, #972 ) ;
#3212 = PERSON_AND_ORGANIZATION_ROLE ( 'creator' ) ;
#3213 = ADVANCED_FACE ( 'NONE', ( #5167, #8881 ), #8228, .F. ) ;
#3214 = EDGE_CURVE ( 'NONE', #7001, #3257, #4601, .T. ) ;
#3215 = CARTESIAN_POINT ( 'NONE',  ( 3.204016263794680715E-13, -44.30000000000000426, 5.655826461921165747E-14 ) ) ;
#3216 =( BOUNDED_SURFACE ( )  B_SPLINE_SURFACE ( 3, 2, ( 
 ( #2436, #4837, #5483 ),
 ( #872, #1831, #7846 ),
 ( #3383, #1877, #979 ),
 ( #4933, #235, #1081 ),
 ( #6335, #6285, #918 ),
 ( #280, #4085, #4033 ),
 ( #1683, #185, #2531 ),
 ( #3231, #4885, #9454 ),
 ( #4131, #335, #8655 ),
 ( #5582, #7897, #5527 ),
 ( #1030, #2586, #6438 ),
 ( #7947, #9500, #2635 ),
 ( #3930, #5681, #6985 ),
 ( #4280, #8206, #6594 ),
 ( #3633, #9004, #9652 ),
 ( #8000, #7347, #6540 ),
 ( #3588, #2778, #2134 ),
 ( #4986, #1286, #6688 ),
 ( #7445, #5828, #580 ),
 ( #484, #9606, #5931 ),
 ( #5143, #1335, #9751 ),
 ( #3542, #2879, #4390 ),
 ( #8098, #1132, #4181 ),
 ( #6487, #9551, #8048 ),
 ( #2681, #7243, #378 ),
 ( #2734, #8903, #7294 ),
 ( #3432, #2025, #5732 ),
 ( #4338, #4231, #8807 ),
 ( #5082, #5778, #1934 ),
 ( #1977, #8852, #8954 ),
 ( #1181, #429, #3484 ),
 ( #8154, #5034, #1227 ),
 ( #7400, #535, #6641 ),
 ( #9699, #2824, #5875 ),
 ( #2083, #5375, #1531 ),
 ( #8254, #1484, #3733 ),
 ( #4431, #9191, #6932 ),
 ( #4531, #2324, #3122 ),
 ( #2929, #75, #1579 ),
 ( #4578, #7491, #7547 ),
 ( #3874, #7594, #2976 ),
 ( #3026, #1381, #8437 ),
 ( #4630, #7694, #818 ),
 ( #8297, #6173, #9892 ),
 ( #3780, #726, #6026 ),
 ( #6789, #9094, #629 ),
 ( #9235, #6832, #6078 ),
 ( #5188, #3829, #5978 ),
 ( #3687, #5282, #7643 ),
 ( #679, #9143, #6742 ),
 ( #2231, #8350, #2277 ),
 ( #5330, #9800, #8396 ),
 ( #9050, #769, #9848 ),
 ( #6884, #33, #2179 ),
 ( #5229, #1432, #4483 ),
 ( #3073, #6123, #3221 ),
 ( #4825, #171, #4019 ),
 ( #4677, #7834, #3921 ),
 ( #6376, #2575, #3265 ),
 ( #6976, #3968, #2366 ),
 ( #1066, #325, #7078 ),
 ( #8494, #1629, #119 ),
 ( #6222, #5470, #8538 ),
 ( #1670, #4723, #7780 ),
 ( #9155, #6943, #5340 ),
 ( #9108, #7605, #7557 ),
 ( #9014, #85, #3132 ),
 ( #2332, #6751, #5988 ),
 ( #43, #1495, #9060 ),
 ( #8449, #2189, #3790 ) ),
 .UNSPECIFIED., .F., .F., .T. ) 
 B_SPLINE_SURFACE_WITH_KNOTS ( ( 4, 2, 2, 2, 2, 2, 2, 2, 2, 2, 2, 2, 2, 2, 2, 2, 2, 2, 2, 2, 2, 2, 2, 2, 2, 2, 2, 2, 2, 2, 2, 2, 2, 2, 4 ),
 ( 3, 3 ),
 ( -1.734723475976807094E-18, 0.004885280309124390673, 0.009770560618248783080, 0.01221320077281097885, 0.01465584092737317462, 0.01954112123649756616, 0.02076244131377866231, 0.02198376139105976193, 0.02442640154562195770, 0.02564772162290305385, 0.02686904170018415347, 0.02931168185474634924, 0.03175432200930854154, 0.03297564208658963769, 0.03419696216387074078, 0.03663960231843294002, 0.03786092239571403617, 0.03908224247299513232, 0.04152488262755732462, 0.04213554266619787270, 0.04274620270483842077, 0.04396752278211952386, 0.04518884285940062695, 0.04641016293668172310, 0.04885280309124391540, 0.05007412316852501155, 0.05129544324580610770, 0.05373808340036830694, 0.05618072355493050618, 0.05862336370949269848, 0.06350864401861708308, 0.06595128417317927538, 0.06839392432774148156, 0.07327920463686588004, 0.07816448494599026464 ),
 ( 0.0000000000000000000, 1.000000000000000000 ),
 .UNSPECIFIED. ) 
 GEOMETRIC_REPRESENTATION_ITEM ( )  RATIONAL_B_SPLINE_SURFACE ( (
 ( 1.000000000000000000, 0.8728715609439695600, 1.000000000000000000),
 ( 1.000000000000000000, 0.8728694836492065789, 1.000000000000000000),
 ( 1.000000000000000000, 0.8738063653260578212, 1.000000000000000000),
 ( 1.000000000000000000, 0.8773765798706648633, 1.000000000000000000),
 ( 1.000000000000000000, 0.8800118503426616057, 1.000000000000000000),
 ( 1.000000000000000000, 0.8850156662150157061, 1.000000000000000000),
 ( 1.000000000000000000, 0.8868595844618348822, 1.000000000000000000),
 ( 1.000000000000000000, 0.8907836174110898009, 1.000000000000000000),
 ( 1.000000000000000000, 0.8928691464130564803, 1.000000000000000000),
 ( 1.000000000000000000, 0.8993860093015650925, 1.000000000000000000),
 ( 1.000000000000000000, 0.9040783470542487210, 1.000000000000000000),
 ( 1.000000000000000000, 0.9099962820876580372, 1.000000000000000000),
 ( 1.000000000000000000, 0.9111823472090925247, 1.000000000000000000),
 ( 1.000000000000000000, 0.9135245964388873929, 1.000000000000000000),
 ( 1.000000000000000000, 0.9146838688575412712, 1.000000000000000000),
 ( 1.000000000000000000, 0.9181117459428904670, 1.000000000000000000),
 ( 1.000000000000000000, 0.9203300522249237003, 1.000000000000000000),
 ( 1.000000000000000000, 0.9235061556497119462, 1.000000000000000000),
 ( 1.000000000000000000, 0.9245397224386223689, 1.000000000000000000),
 ( 1.000000000000000000, 0.9265491223154668221, 1.000000000000000000),
 ( 1.000000000000000000, 0.9275282332293540710, 1.000000000000000000),
 ( 1.000000000000000000, 0.9303430082222688968, 1.000000000000000000),
 ( 1.000000000000000000, 0.9320486886534583570, 1.000000000000000000),
 ( 1.000000000000000000, 0.9351044209434199450, 1.000000000000000000),
 ( 1.000000000000000000, 0.9364549485127697803, 1.000000000000000000),
 ( 1.000000000000000000, 0.9382092665034182932, 1.000000000000000000),
 ( 1.000000000000000000, 0.9387424157316724971, 1.000000000000000000),
 ( 1.000000000000000000, 0.9397039180237981570, 1.000000000000000000),
 ( 1.000000000000000000, 0.9401336056570104294, 1.000000000000000000),
 ( 1.000000000000000000, 0.9412772075632281910, 1.000000000000000000),
 ( 1.000000000000000000, 0.9418470631079971511, 1.000000000000000000),
 ( 1.000000000000000000, 0.9424235434257687283, 1.000000000000000000),
 ( 1.000000000000000000, 0.9425688530943988619, 1.000000000000000000),
 ( 1.000000000000000000, 0.9427604685201563806, 1.000000000000000000),
 ( 1.000000000000000000, 0.9428081103246549466, 1.000000000000000000),
 ( 1.000000000000000000, 0.9428108636780498930, 1.000000000000000000),
 ( 1.000000000000000000, 0.9426277350669886035, 1.000000000000000000),
 ( 1.000000000000000000, 0.9421525326780466614, 1.000000000000000000),
 ( 1.000000000000000000, 0.9420447197834774800, 1.000000000000000000),
 ( 1.000000000000000000, 0.9418056621781419890, 1.000000000000000000),
 ( 1.000000000000000000, 0.9416743012717000427, 1.000000000000000000),
 ( 1.000000000000000000, 0.9412446580642775951, 1.000000000000000000),
 ( 1.000000000000000000, 0.9409108879977454709, 1.000000000000000000),
 ( 1.000000000000000000, 0.9401463059443735393, 1.000000000000000000),
 ( 1.000000000000000000, 0.9397154728650546351, 1.000000000000000000),
 ( 1.000000000000000000, 0.9387522758474079465, 1.000000000000000000),
 ( 1.000000000000000000, 0.9382183812001007039, 1.000000000000000000),
 ( 1.000000000000000000, 0.9364654554551170573, 1.000000000000000000),
 ( 1.000000000000000000, 0.9351135427951045020, 1.000000000000000000),
 ( 1.000000000000000000, 0.9328136764317148666, 1.000000000000000000),
 ( 1.000000000000000000, 0.9320017060760458216, 1.000000000000000000),
 ( 1.000000000000000000, 0.9302880319459413405, 1.000000000000000000),
 ( 1.000000000000000000, 0.9293827548081874390, 1.000000000000000000),
 ( 1.000000000000000000, 0.9265661644795208929, 1.000000000000000000),
 ( 1.000000000000000000, 0.9245560116724099720, 1.000000000000000000),
 ( 1.000000000000000000, 0.9203258952220115807, 1.000000000000000000),
 ( 1.000000000000000000, 0.9181058508231579873, 1.000000000000000000),
 ( 1.000000000000000000, 0.9135228494326598225, 1.000000000000000000),
 ( 1.000000000000000000, 0.9111483639501798404, 1.000000000000000000),
 ( 1.000000000000000000, 0.9040693375016780609, 1.000000000000000000),
 ( 1.000000000000000000, 0.8993809350979836692, 1.000000000000000000),
 ( 1.000000000000000000, 0.8928584135016393031, 1.000000000000000000),
 ( 1.000000000000000000, 0.8907691609054322335, 1.000000000000000000),
 ( 1.000000000000000000, 0.8868358083410872172, 1.000000000000000000),
 ( 1.000000000000000000, 0.8849920806136855056, 1.000000000000000000),
 ( 1.000000000000000000, 0.8800032590071806826, 1.000000000000000000),
 ( 1.000000000000000000, 0.8773728540555166822, 1.000000000000000000),
 ( 1.000000000000000000, 0.8738069238694107232, 1.000000000000000000),
 ( 1.000000000000000000, 0.8728695053039724483, 1.000000000000000000),
 ( 1.000000000000000000, 0.8728715609439693379, 1.000000000000000000) ) ) 
 REPRESENTATION_ITEM ( '' )  SURFACE ( )  );
#3217 = ADVANCED_FACE ( 'NONE', ( #8261, #2092 ), #3917, .T. ) ;
#3218 = DIRECTION ( 'NONE',  ( -0.0000000000000000000, 0.0000000000000000000, -1.000000000000000000 ) ) ;
#3219 = ORIENTED_EDGE ( 'NONE', *, *, #1693, .T. ) ;
#3220 = EDGE_CURVE ( 'NONE', #2944, #3186, #4936, .T. ) ;
#3221 = CARTESIAN_POINT ( 'NONE',  ( -28.58300108580925425, -47.88313276134618945, -21.90830077933059172 ) ) ;
#3222 = VERTEX_POINT ( 'NONE', #9828 ) ;
#3223 = CARTESIAN_POINT ( 'NONE',  ( -17.67766952966358929, 5.000000000000000888, 17.67766952966378469 ) ) ;
#3224 = CARTESIAN_POINT ( 'NONE',  ( 8.641315847507751613, -48.20225750992314318, -34.95053054075404475 ) ) ;
#3225 = CARTESIAN_POINT ( 'NONE',  ( -5.601683768944261566, 21.21198829071328262, -35.56221065552435334 ) ) ;
#3226 = CARTESIAN_POINT ( 'NONE',  ( 0.9865050981504508432, -50.29959666035645682, 36.00011203878128896 ) ) ;
#3227 = VERTEX_POINT ( 'NONE', #9075 ) ;
#3228 = VERTEX_POINT ( 'NONE', #7578 ) ;
#3229 = ADVANCED_FACE ( 'NONE', ( #5361, #3761 ), #3002, .F. ) ;
#3230 = DIRECTION ( 'NONE',  ( 0.0000000000000000000, 1.000000000000000000, 0.0000000000000000000 ) ) ;
#3231 = CARTESIAN_POINT ( 'NONE',  ( -27.23719720163357039, -34.54324197532239538, 16.60724949565848263 ) ) ;
#3232 = FACE_OUTER_BOUND ( 'NONE', #295, .T. ) ;
#3233 = ORIENTED_EDGE ( 'NONE', *, *, #6084, .T. ) ;
#3234 = CARTESIAN_POINT ( 'NONE',  ( 1.238478118284789074E-13, 10.50000000000000888, -3.269102988655022197E-15 ) ) ;
#3235 = DIRECTION ( 'NONE',  ( 0.0000000000000000000, -0.0000000000000000000, 1.000000000000000000 ) ) ;
#3236 = LINE ( 'NONE', #1690, #7222 ) ;
#3237 = CARTESIAN_POINT ( 'NONE',  ( -2.688534084642043354, -54.93017475550083617, 32.38935865213766618 ) ) ;
#3238 = CARTESIAN_POINT ( 'NONE',  ( 0.0000000000000000000, 0.0000000000000000000, 1.232595164407830946E-29 ) ) ;
#3239 = CARTESIAN_POINT ( 'NONE',  ( 2.909519384082253080, -49.39722027611863098, 35.88228198370263300 ) ) ;
#3240 = CONICAL_SURFACE ( 'NONE', #9035, 1.499999999990449862, 1.029744258471056773 ) ;
#3241 = CARTESIAN_POINT ( 'NONE',  ( -8.293219248023891765, 21.99770117050378460, 35.03275101706355343 ) ) ;
#3242 = EDGE_LOOP ( 'NONE', ( #1477, #6844, #8419, #7029 ) ) ;
#3243 = ORIENTED_EDGE ( 'NONE', *, *, #6407, .T. ) ;
#3244 = CARTESIAN_POINT ( 'NONE',  ( 14.09800340260369467, -41.22142236030222051, -33.20969541769675715 ) ) ;
#3245 = CARTESIAN_POINT ( 'NONE',  ( 5.899999999999994138, 18.00000000000001421, 32.99999999999998579 ) ) ;
#3246 = CARTESIAN_POINT ( 'NONE',  ( -27.23612058699440297, -34.53971178906714101, -16.60850873419837015 ) ) ;
#3247 = DIRECTION ( 'NONE',  ( 1.000000000000000000, 0.0000000000000000000, 0.0000000000000000000 ) ) ;
#3248 = CARTESIAN_POINT ( 'NONE',  ( 26.30000000000045191, -66.79999999999976978, 17.50000000000011369 ) ) ;
#3249 = CARTESIAN_POINT ( 'NONE',  ( -17.74999999999988276, 18.92166046568521054, 30.15917901052916861 ) ) ;
#3250 = CARTESIAN_POINT ( 'NONE',  ( 30.11234307504160412, -41.43529031967437959, 20.50799555197851021 ) ) ;
#3251 = DIRECTION ( 'NONE',  ( -1.000000000000000000, -7.401486830834380618E-15, 0.0000000000000000000 ) ) ;
#3252 = CARTESIAN_POINT ( 'NONE',  ( -19.46071480087485028, 18.99999993945185750, -28.40889636136867580 ) ) ;
#3253 = DIRECTION ( 'NONE',  ( -6.938893903907232322E-15, 1.000000000000000000, 0.0000000000000000000 ) ) ;
#3254 = DIRECTION ( 'NONE',  ( 7.232542356195667155E-15, -1.000000000000000000, 1.276710262284687461E-15 ) ) ;
#3255 = DIRECTION ( 'NONE',  ( 0.9505654689857891970, 0.3105242167236345607, -0.0000000000000000000 ) ) ;
#3256 = VECTOR ( 'NONE', #6801, 1000.000000000000000 ) ;
#3257 = VERTEX_POINT ( 'NONE', #1514 ) ;
#3258 = APPLICATION_PROTOCOL_DEFINITION ( 'international standard', 'config_control_design', 1994, #5546 ) ;
#3259 = CARTESIAN_POINT ( 'NONE',  ( 8.000000000000000000, 18.00000000000001421, -36.00000000000002132 ) ) ;
#3260 = CARTESIAN_POINT ( 'NONE',  ( -3.760350692650803328E-11, 18.99999999998130207, 6.355781609959751287E-11 ) ) ;
#3261 = DIRECTION ( 'NONE',  ( 1.387778780933394643E-14, -1.000000000000000000, 2.312964634888990283E-15 ) ) ;
#3262 = AXIS2_PLACEMENT_3D ( 'NONE', #1004, #7876, #6925 ) ;
#3263 = ORIENTED_EDGE ( 'NONE', *, *, #4796, .F. ) ;
#3264 = EDGE_CURVE ( 'NONE', #3351, #3351, #623, .T. ) ;
#3265 = CARTESIAN_POINT ( 'NONE',  ( -26.31265037673217577, -45.31503028684991818, -24.58116952273236677 ) ) ;
#3266 = ORIENTED_EDGE ( 'NONE', *, *, #9282, .F. ) ;
#3267 = DIRECTION ( 'NONE',  ( 2.168404344971006896E-16, 0.0000000000000000000, 1.000000000000000000 ) ) ;
#3268 = VERTEX_POINT ( 'NONE', #4023 ) ;
#3269 = CARTESIAN_POINT ( 'NONE',  ( 1.238429931521567440E-13, 10.50000000000003730, -3.269102988655022197E-15 ) ) ;
#3270 = CIRCLE ( 'NONE', #8406, 1.999999999999998224 ) ;
#3271 = CARTESIAN_POINT ( 'NONE',  ( -7.306555395065650771, -58.44509831260272392, 56.94377082634176190 ) ) ;
#3272 = CARTESIAN_POINT ( 'NONE',  ( -10.01109508343711063, 21.46720821798646028, -34.58074011945141990 ) ) ;
#3273 = CARTESIAN_POINT ( 'NONE',  ( 9.602552889129485791, -63.13378779021720533, 34.69609342070815217 ) ) ;
#3274 = ORIENTED_EDGE ( 'NONE', *, *, #6468, .F. ) ;
#3275 = ORIENTED_EDGE ( 'NONE', *, *, #7558, .T. ) ;
#3276 = EDGE_CURVE ( 'NONE', #8045, #964, #3806, .T. ) ;
#3277 = CARTESIAN_POINT ( 'NONE',  ( 1.500000000000001332, 18.50000000000000000, -32.50000000000000000 ) ) ;
#3278 = CARTESIAN_POINT ( 'NONE',  ( 8.222535032588550623E-15, 18.50000000000000000, 33.50000000000000000 ) ) ;
#3279 = DIRECTION ( 'NONE',  ( -1.074148315136534338E-16, -1.196772264678275313E-16, -1.000000000000000000 ) ) ;
#3280 = CARTESIAN_POINT ( 'NONE',  ( 30.00000000000043698, -61.49999999999980105, -7.999999999999887201 ) ) ;
#3281 = ORIENTED_EDGE ( 'NONE', *, *, #2311, .F. ) ;
#3282 = LINE ( 'NONE', #8003, #1745 ) ;
#3283 = DIRECTION ( 'NONE',  ( -1.000000000000000000, -7.232542356195667155E-15, 0.0000000000000000000 ) ) ;
#3284 = FACE_BOUND ( 'NONE', #7824, .T. ) ;
#3285 = EDGE_CURVE ( 'NONE', #1297, #3228, #7157, .T. ) ;
#3286 = CARTESIAN_POINT ( 'NONE',  ( 1.990274842673986688, -54.63404243684419015, 32.43985962661427891 ) ) ;
#3287 = CYLINDRICAL_SURFACE ( 'NONE', #9327, 1.000000000000000888 ) ;
#3288 = CARTESIAN_POINT ( 'NONE',  ( -7.116348532097958923, -48.66006426861655143, 35.29034808140610835 ) ) ;
#3289 = CARTESIAN_POINT ( 'NONE',  ( -10.40462908070047732, -41.85285918056583654, 33.41417766008237322 ) ) ;
#3290 = VERTEX_POINT ( 'NONE', #3354 ) ;
#3291 = DIRECTION ( 'NONE',  ( 0.0000000000000000000, -0.0000000000000000000, 1.000000000000000000 ) ) ;
#3292 = EDGE_LOOP ( 'NONE', ( #1281, #2747, #913, #3944, #7571, #5838 ) ) ;
#3293 = DIRECTION ( 'NONE',  ( -0.0000000000000000000, -1.000000000000000000, -0.0000000000000000000 ) ) ;
#3294 = VERTEX_POINT ( 'NONE', #8823 ) ;
#3295 = CARTESIAN_POINT ( 'NONE',  ( -27.39273627770696606, -35.04987063144243109, 16.42500160981686008 ) ) ;
#3296 = DIRECTION ( 'NONE',  ( -1.000000000000000000, 0.0000000000000000000, 0.0000000000000000000 ) ) ;
#3297 = CARTESIAN_POINT ( 'NONE',  ( 6.292069571591948574, -64.62912118596831590, 30.12126631173278568 ) ) ;
#3298 = FACE_OUTER_BOUND ( 'NONE', #7656, .T. ) ;
#3299 = CARTESIAN_POINT ( 'NONE',  ( 30.45329897604939617, -41.73322464185942948, 11.35036012150492013 ) ) ;
#3300 = DIRECTION ( 'NONE',  ( -1.000000000000000000, -7.232542356195665578E-15, 0.0000000000000000000 ) ) ;
#3301 = CARTESIAN_POINT ( 'NONE',  ( -18.90143620606382058, 18.99999997044341526, -28.83505606128615995 ) ) ;
#3302 = ORIENTED_EDGE ( 'NONE', *, *, #7443, .T. ) ;
#3303 = LINE ( 'NONE', #6469, #5889 ) ;
#3304 = CARTESIAN_POINT ( 'NONE',  ( 30.00000000000038725, -56.49999999999981526, -19.89974874213232425 ) ) ;
#3305 = CARTESIAN_POINT ( 'NONE',  ( 18.16590212458494591, 23.00000000000000000, 30.50000000000000000 ) ) ;
#3306 = DIRECTION ( 'NONE',  ( 0.0000000000000000000, 0.0000000000000000000, 1.000000000000000000 ) ) ;
#3307 = ORIENTED_EDGE ( 'NONE', *, *, #6704, .T. ) ;
#3308 = CONTEXT_DEPENDENT_SHAPE_REPRESENTATION ( #631, #9527 ) ;
#3309 = CARTESIAN_POINT ( 'NONE',  ( 4.000227249640878391, 18.27137929230790903, 35.77706223270531893 ) ) ;
#3310 = CARTESIAN_POINT ( 'NONE',  ( 1.824929367401503910, -52.52317427911392400, 30.48601936423785475 ) ) ;
#3311 = CARTESIAN_POINT ( 'NONE',  ( -25.79999999999985860, -1.734723475976807094E-15, 17.88854381999831844 ) ) ;
#3312 = CARTESIAN_POINT ( 'NONE',  ( 4.812516525153694325, -63.91932377399331244, 32.14288180125699057 ) ) ;
#3313 = EDGE_CURVE ( 'NONE', #3741, #1032, #8574, .T. ) ;
#3314 = ORIENTED_EDGE ( 'NONE', *, *, #837, .F. ) ;
#3315 = CARTESIAN_POINT ( 'NONE',  ( 5.373778970653384554E-13, -74.30000000000003979, 9.485957248775233218E-14 ) ) ;
#3316 = CARTESIAN_POINT ( 'NONE',  ( 6.000000000000398792, -60.29999999999996163, 40.00000000000007816 ) ) ;
#3317 = CIRCLE ( 'NONE', #9735, 1.000000000000000888 ) ;
#3318 = DIRECTION ( 'NONE',  ( 1.000000000000000000, 0.0000000000000000000, 0.0000000000000000000 ) ) ;
#3319 = CARTESIAN_POINT ( 'NONE',  ( -2.326192745998425071, -62.91516192132331753, 54.61849912120160866 ) ) ;
#3320 = CARTESIAN_POINT ( 'NONE',  ( -5.392145050129662387, 21.04440685642212827, -35.59439528305885858 ) ) ;
#3321 = ADVANCED_FACE ( 'NONE', ( #3202, #202 ), #4661, .T. ) ;
#3322 = CARTESIAN_POINT ( 'NONE',  ( 27.12017325111591504, -34.24922875946954548, -24.85715404313752330 ) ) ;
#3323 = AXIS2_PLACEMENT_3D ( 'NONE', #708, #9131, #9876 ) ;
#3324 = ORIENTED_EDGE ( 'NONE', *, *, #6704, .F. ) ;
#3325 = ADVANCED_FACE ( 'NONE', ( #7768 ), #7811, .F. ) ;
#3326 = ORIENTED_EDGE ( 'NONE', *, *, #4612, .T. ) ;
#3327 = APPROVAL_PERSON_ORGANIZATION ( #5325, #1638, #7587 ) ;
#3328 = CONICAL_SURFACE ( 'NONE', #8945, 7.249999999999999112, 0.7853981633974480570 ) ;
#3329 = CARTESIAN_POINT ( 'NONE',  ( -19.19243623655262709, -30.22684472352028706, 30.45756257162471670 ) ) ;
#3330 = DIRECTION ( 'NONE',  ( 0.0000000000000000000, 1.000000000000000000, 0.0000000000000000000 ) ) ;
#3331 = CARTESIAN_POINT ( 'NONE',  ( 24.31541519581364952, 18.99999989348664897, 20.13456869358942569 ) ) ;
#3332 = ORIENTED_EDGE ( 'NONE', *, *, #157, .T. ) ;
#3333 = VECTOR ( 'NONE', #1594, 1000.000000000000114 ) ;
#3334 = CARTESIAN_POINT ( 'NONE',  ( -15.05875923966461372, -43.92624169738891027, -32.69918223150668268 ) ) ;
#3335 = CARTESIAN_POINT ( 'NONE',  ( 4.179110650923774672E-13, -60.29999999999998295, 46.50000000000008527 ) ) ;
#3336 = EDGE_CURVE ( 'NONE', #74, #3210, #6433, .T. ) ;
#3337 = EDGE_CURVE ( 'NONE', #8674, #8674, #1271, .T. ) ;
#3338 = FACE_OUTER_BOUND ( 'NONE', #7511, .T. ) ;
#3339 = AXIS2_PLACEMENT_3D ( 'NONE', #8080, #4214, #1112 ) ;
#3340 = CARTESIAN_POINT ( 'NONE',  ( 3.749015958152756678, -55.60862504512163440, 32.28369746451532052 ) ) ;
#3341 = CYLINDRICAL_SURFACE ( 'NONE', #7725, 1.649999999999998579 ) ;
#3342 = EDGE_CURVE ( 'NONE', #3290, #9649, #4145, .T. ) ;
#3343 = CARTESIAN_POINT ( 'NONE',  ( -5.502187448712318130, -49.02601940610178843, 35.57705438583521129 ) ) ;
#3344 = CARTESIAN_POINT ( 'NONE',  ( -16.78756936517905984, -39.38572051850762534, 31.84615384641126212 ) ) ;
#3345 = ORIENTED_EDGE ( 'NONE', *, *, #5609, .T. ) ;
#3346 = AXIS2_PLACEMENT_3D ( 'NONE', #320, #3467, #8787 ) ;
#3347 = CARTESIAN_POINT ( 'NONE',  ( 1.734723475976807094E-15, 4.750000000000004441, 9.000000000000007105 ) ) ;
#3348 = VERTEX_POINT ( 'NONE', #4051 ) ;
#3349 = ADVANCED_FACE ( 'NONE', ( #6200, #2406 ), #9433, .F. ) ;
#3350 = CARTESIAN_POINT ( 'NONE',  ( 5.112955930810322535E-13, -65.30000000000003979, -35.99999999999990052 ) ) ;
#3351 = VERTEX_POINT ( 'NONE', #5602 ) ;
#3352 = CARTESIAN_POINT ( 'NONE',  ( -5.118959704113692943, -67.39639003632491665, 42.50000000000007816 ) ) ;
#3353 = LINE ( 'NONE', #9322, #1268 ) ;
#3354 = CARTESIAN_POINT ( 'NONE',  ( 18.75238095238118063, 18.24833147735415295, -30.49570803599725721 ) ) ;
#3355 = LINE ( 'NONE', #6460, #2473 ) ;
#3356 = CARTESIAN_POINT ( 'NONE',  ( 28.89936403527092423, -38.87668685787833311, 14.33901555467754285 ) ) ;
#3357 = DIRECTION ( 'NONE',  ( -1.000000000000000000, -7.232542356195662422E-15, 3.469446951953616161E-15 ) ) ;
#3358 = AXIS2_PLACEMENT_3D ( 'NONE', #3350, #4897, #8821 ) ;
#3359 = CARTESIAN_POINT ( 'NONE',  ( -22.24116644944003340, 18.99999996073701070, -25.36675287221661534 ) ) ;
#3360 = ORIENTED_EDGE ( 'NONE', *, *, #5960, .F. ) ;
#3361 = AXIS2_PLACEMENT_3D ( 'NONE', #6203, #4158, #7115 ) ;
#3362 = DIRECTION ( 'NONE',  ( -1.054711873393889642E-15, -7.628248297903790016E-30, 1.000000000000000000 ) ) ;
#3363 = CARTESIAN_POINT ( 'NONE',  ( -13.49290245305293645, -45.56592879793869599, -33.37756642578771249 ) ) ;
#3364 = DIRECTION ( 'NONE',  ( 0.0000000000000000000, 0.0000000000000000000, 1.000000000000000000 ) ) ;
#3365 = ORIENTED_EDGE ( 'NONE', *, *, #4255, .T. ) ;
#3366 = CIRCLE ( 'NONE', #3043, 8.249999999999998224 ) ;
#3367 = APPROVAL_DATE_TIME ( #317, #1162 ) ;
#3368 = CARTESIAN_POINT ( 'NONE',  ( -6.061990471201780473, -65.89596028640782777, 37.50000000000008527 ) ) ;
#3369 = CIRCLE ( 'NONE', #1772, 8.249999999999998224 ) ;
#3370 = CARTESIAN_POINT ( 'NONE',  ( -16.69430509141373165, -1.387778780781445676E-14, -31.66923076923077573 ) ) ;
#3371 = FACE_BOUND ( 'NONE', #348, .T. ) ;
#3372 = DIRECTION ( 'NONE',  ( 7.232542356195667155E-15, -1.000000000000000000, 1.276710262284687461E-15 ) ) ;
#3373 = AXIS2_PLACEMENT_3D ( 'NONE', #9300, #8544, #1678 ) ;
#3374 = VERTEX_POINT ( 'NONE', #9474 ) ;
#3375 = LINE ( 'NONE', #6429, #803 ) ;
#3376 = DIRECTION ( 'NONE',  ( -0.0000000000000000000, 1.000000000000000000, -1.276710262284678586E-15 ) ) ;
#3377 = CARTESIAN_POINT ( 'NONE',  ( -3.152357367716981162, -61.82073958880368281, 54.58467346019119049 ) ) ;
#3378 = ADVANCED_FACE ( 'NONE', ( #5503 ), #4854, .F. ) ;
#3379 = VECTOR ( 'NONE', #8414, 1000.000000000000000 ) ;
#3380 = VERTEX_POINT ( 'NONE', #4102 ) ;
#3381 = EDGE_LOOP ( 'NONE', ( #3794 ) ) ;
#3382 = CARTESIAN_POINT ( 'NONE',  ( -8.705133898678578674, -59.41504587346580024, 42.50000000000007816 ) ) ;
#3383 = CARTESIAN_POINT ( 'NONE',  ( -26.05993904166374264, -28.18309539063449165, 17.83417197025929113 ) ) ;
#3384 = CARTESIAN_POINT ( 'NONE',  ( 23.78183786228764518, 18.99999996084913079, 22.23734216998462543 ) ) ;
#3385 = B_SPLINE_CURVE_WITH_KNOTS ( 'NONE', 3,
 ( #8610, #931, #194, #882, #9262, #3193, #2397, #3940, #6246, #9315, #5494, #8566, #1695, #4745, #1740, #5593, #3241, #7856, #988, #245, #1794, #4847, #4241, #5045, #3497, #7304, #2095, #8108, #1888, #4349, #8912, #7358, #9710, #5886, #4293, #8964, #438, #8863, #4997, #4400, #2035, #4192, #590, #1296, #1190, #8165, #7456, #496, #5094, #9618, #6446, #6651, #3442, #4947, #8012, #6496, #1144, #7253, #2834, #8762, #9560, #9511, #2645, #5154 ),
 .UNSPECIFIED., .T., .F.,
 ( 4, 2, 2, 2, 2, 2, 2, 2, 2, 2, 2, 2, 2, 2, 2, 2, 2, 2, 2, 2, 2, 2, 2, 2, 2, 2, 2, 2, 2, 2, 2, 4 ),
 ( 0.0000000000000000000, 0.0007992727973791662359, 0.001598545594758332472, 0.002397818392137498599, 0.003197091189516664943, 0.003996363986895830854, 0.004795636784274997198, 0.005594909581654163543, 0.006394182379033329887, 0.007992727973791654769, 0.008792000771170819379, 0.009591273568549983988, 0.01039054636592914860, 0.01118981916330831321, 0.01198909196068747782, 0.01278836475806664243, 0.01358763755544580877, 0.01438691035282496991, 0.01518618315020413452, 0.01598545594758329913, 0.01678472874496246200, 0.01758400154234162488, 0.01838327433972078775, 0.01918254713709995063, 0.01998181993447911697, 0.02078109273185827638, 0.02158036552923744272, 0.02237963832661660560, 0.02317891112399576847, 0.02397818392137492788, 0.02477745671875408728, 0.02557672951613325016 ),
 .UNSPECIFIED. ) ;
#3386 = ORIENTED_EDGE ( 'NONE', *, *, #4606, .F. ) ;
#3387 = DIRECTION ( 'NONE',  ( -0.6679517357399816779, -0.7442045946659733291, 0.0000000000000000000 ) ) ;
#3388 = CARTESIAN_POINT ( 'NONE',  ( 21.21568763508161837, 18.99999998172487636, -26.71452251473691675 ) ) ;
#3389 = CARTESIAN_POINT ( 'NONE',  ( -0.8935058191895738355, -66.45755269835485990, -32.48799001471581960 ) ) ;
#3390 = DIRECTION ( 'NONE',  ( 0.0000000000000000000, -1.000000000000000000, 1.156482317317870344E-15 ) ) ;
#3391 = DIRECTION ( 'NONE',  ( 1.000000000000000000, 1.346561472515489360E-30, 1.054711873393898911E-15 ) ) ;
#3392 = CARTESIAN_POINT ( 'NONE',  ( -14.56392124234025154, -44.52282755705911654, 32.92261561237892664 ) ) ;
#3393 = CARTESIAN_POINT ( 'NONE',  ( -15.87285874497022498, -42.73149387613850081, 32.31555130096326423 ) ) ;
#3394 = ORIENTED_EDGE ( 'NONE', *, *, #6586, .T. ) ;
#3395 = EDGE_CURVE ( 'NONE', #8505, #3684, #2361, .T. ) ;
#3396 = CARTESIAN_POINT ( 'NONE',  ( -5.953636757327388729, -54.95638611408011087, 42.50000000000007816 ) ) ;
#3397 = ORIENTED_EDGE ( 'NONE', *, *, #2782, .T. ) ;
#3398 = CARTESIAN_POINT ( 'NONE',  ( 11.00000000000013500, 18.24833147735479955, 17.88854381999830423 ) ) ;
#3399 = CARTESIAN_POINT ( 'NONE',  ( -1.649999999999997025, 4.750000000000004441, 9.000000000000007105 ) ) ;
#3400 = DIRECTION ( 'NONE',  ( 2.168404344971006896E-16, 0.0000000000000000000, 1.000000000000000000 ) ) ;
#3401 = CARTESIAN_POINT ( 'NONE',  ( 7.779352964725729791, 13.99776265685590104, -35.15041597853192457 ) ) ;
#3402 = DIRECTION ( 'NONE',  ( -1.054711873393880372E-15, -7.628248297903733964E-30, 1.000000000000000000 ) ) ;
#3403 = CYLINDRICAL_SURFACE ( 'NONE', #1595, 3.299999999999997158 ) ;
#3404 = AXIS2_PLACEMENT_3D ( 'NONE', #2490, #4892, #6398 ) ;
#3405 = CARTESIAN_POINT ( 'NONE',  ( 35.81242950469382436, -54.14869808344235480, 3.708805673265310521 ) ) ;
#3406 = PLANE ( 'NONE',  #5675 ) ;
#3407 = CARTESIAN_POINT ( 'NONE',  ( 28.00789911004886434, -47.27067335318578500, 22.63459292937863054 ) ) ;
#3408 = CARTESIAN_POINT ( 'NONE',  ( -17.74999999999988276, 18.87444331460836366, -30.29826889360901632 ) ) ;
#3409 = CARTESIAN_POINT ( 'NONE',  ( -19.54965544894555052, 18.99999996801576074, -28.33670224725907971 ) ) ;
#3410 = EDGE_LOOP ( 'NONE', ( #6347, #8404, #5854, #7848, #9363 ) ) ;
#3411 = CC_DESIGN_DATE_AND_TIME_ASSIGNMENT ( #4014, #3818, ( #8144 ) ) ;
#3412 = PLANE ( 'NONE',  #5413 ) ;
#3413 = CARTESIAN_POINT ( 'NONE',  ( -16.67252963236448693, -40.52310333929433028, -31.90753866689118823 ) ) ;
#3414 = FACE_OUTER_BOUND ( 'NONE', #6699, .T. ) ;
#3415 = EDGE_LOOP ( 'NONE', ( #9690, #9113, #5382, #8125 ) ) ;
#3416 = PERSON_AND_ORGANIZATION_ROLE ( 'creator' ) ;
#3417 = FACE_OUTER_BOUND ( 'NONE', #8738, .T. ) ;
#3418 = DIRECTION ( 'NONE',  ( 4.304913725480044159E-30, 1.000000000000000000, 0.0000000000000000000 ) ) ;
#3419 = EDGE_CURVE ( 'NONE', #7108, #7108, #5422, .T. ) ;
#3420 = CARTESIAN_POINT ( 'NONE',  ( -5.500000000000000000, 4.750000000000000888, 19.50000000000000000 ) ) ;
#3421 = AXIS2_PLACEMENT_3D ( 'NONE', #2746, #441, #9620 ) ;
#3422 = CARTESIAN_POINT ( 'NONE',  ( -3.945175661737660100, -64.82758722357031900, 32.26018532536381400 ) ) ;
#3423 = ORIENTED_EDGE ( 'NONE', *, *, #6464, .F. ) ;
#3424 = LINE ( 'NONE', #7937, #8977 ) ;
#3425 =( NAMED_UNIT ( * ) PLANE_ANGLE_UNIT ( ) SI_UNIT ( $, .RADIAN. ) );
#3426 = CARTESIAN_POINT ( 'NONE',  ( 5.509491567826443337, -65.91683505297915247, 30.36786714104839646 ) ) ;
#3427 = CARTESIAN_POINT ( 'NONE',  ( -3.126043399638607223, -61.87434917720843686, 54.58114183222477322 ) ) ;
#3428 = VECTOR ( 'NONE', #3473, 1000.000000000000000 ) ;
#3429 = ORIENTED_EDGE ( 'NONE', *, *, #3035, .T. ) ;
#3430 = ORIENTED_EDGE ( 'NONE', *, *, #9290, .F. ) ;
#3431 = CARTESIAN_POINT ( 'NONE',  ( 5.509491567826443337, -65.91683505297915247, 30.36786714104839646 ) ) ;
#3432 = CARTESIAN_POINT ( 'NONE',  ( -32.02197488403597703, -44.02966085634482596, 6.310917327250185060 ) ) ;
#3433 = CIRCLE ( 'NONE', #8735, 35.79999999999999716 ) ;
#3434 = CARTESIAN_POINT ( 'NONE',  ( 23.97141337726409560, 18.99999999721000776, 21.63102294445057794 ) ) ;
#3435 = ORIENTED_EDGE ( 'NONE', *, *, #5227, .F. ) ;
#3436 = CARTESIAN_POINT ( 'NONE',  ( -15.18254796376635340, -43.76220664524526427, -32.64200707298456905 ) ) ;
#3437 = DIRECTION ( 'NONE',  ( 0.0000000000000000000, -0.0000000000000000000, 1.000000000000000000 ) ) ;
#3438 = CARTESIAN_POINT ( 'NONE',  ( -0.1872444149424053184, -63.84947199721059974, -32.50002355695549028 ) ) ;
#3439 = LINE ( 'NONE', #6493, #7804 ) ;
#3440 = CARTESIAN_POINT ( 'NONE',  ( 18.75238095238108116, -63.00000000000001421, 30.49570803599712221 ) ) ;
#3441 = FACE_OUTER_BOUND ( 'NONE', #9352, .T. ) ;
#3442 = CARTESIAN_POINT ( 'NONE',  ( -10.00438239262816786, 14.52871956646710316, 34.58269810348890871 ) ) ;
#3443 = ORIENTED_EDGE ( 'NONE', *, *, #5728, .F. ) ;
#3444 = PERSON ( 'NAUO-PER1', 'UNSPECIFIED', 'UNSPECIFIED', ('UNSPECIFIED'), ('UNSPECIFIED'), ('UNSPECIFIED') ) ;
#3445 = DIRECTION ( 'NONE',  ( 2.168404344971006896E-16, -0.0000000000000000000, 1.000000000000000000 ) ) ;
#3446 = ORIENTED_EDGE ( 'NONE', *, *, #6257, .F. ) ;
#3447 = CARTESIAN_POINT ( 'NONE',  ( -25.09999999999948272, -66.80000000000015348, -18.09999999999982734 ) ) ;
#3448 = VERTEX_POINT ( 'NONE', #3399 ) ;
#3449 = CARTESIAN_POINT ( 'NONE',  ( -26.29507678170315899, -30.33457476929801544, -17.60994643259716597 ) ) ;
#3450 = CARTESIAN_POINT ( 'NONE',  ( 4.841551653518759046, 15.53147312649027256, -35.67326361274534463 ) ) ;
#3451 = DIRECTION ( 'NONE',  ( -0.0000000000000000000, 1.000000000000000000, 0.0000000000000000000 ) ) ;
#3452 = DIRECTION ( 'NONE',  ( 0.2063608743195329276, 0.9784759524638702022, 0.0000000000000000000 ) ) ;
#3453 = CARTESIAN_POINT ( 'NONE',  ( 24.77538499540192163, -43.28555107204453378, 26.11859257443665072 ) ) ;
#3454 = LINE ( 'NONE', #2502, #6156 ) ;
#3455 = CARTESIAN_POINT ( 'NONE',  ( 27.11786774469905126, -34.24080475256860012, 24.86015719821343239 ) ) ;
#3456 = DIRECTION ( 'NONE',  ( -0.0000000000000000000, -1.000000000000000000, -0.0000000000000000000 ) ) ;
#3457 = EDGE_CURVE ( 'NONE', #6683, #1947, #8800, .T. ) ;
#3458 = CARTESIAN_POINT ( 'NONE',  ( 8.699009622748135939, -45.37089576674408420, 34.96798754086426442 ) ) ;
#3459 = ORIENTED_EDGE ( 'NONE', *, *, #6399, .T. ) ;
#3460 = EDGE_CURVE ( 'NONE', #2671, #9553, #2798, .T. ) ;
#3461 = LINE ( 'NONE', #1809, #9264 ) ;
#3462 = CARTESIAN_POINT ( 'NONE',  ( -12.12435565298182283, -39.00000000000013500, -32.99999999999995737 ) ) ;
#3463 = CARTESIAN_POINT ( 'NONE',  ( 5.621939336060966852, -63.35846562914881730, 52.49999999982581045 ) ) ;
#3464 = ORIENTED_EDGE ( 'NONE', *, *, #7589, .T. ) ;
#3465 = DATE_AND_TIME ( #8082, #9747 ) ;
#3466 = CARTESIAN_POINT ( 'NONE',  ( 8.288833092896076948, 14.00208923394041527, 35.03377585325263510 ) ) ;
#3467 = DIRECTION ( 'NONE',  ( 0.0000000000000000000, 0.0000000000000000000, 1.000000000000000000 ) ) ;
#3468 = ADVANCED_FACE ( 'NONE', ( #8826, #7312, #2046, #3563, #1953, #448 ), #4154, .T. ) ;
#3469 = B_SPLINE_CURVE_WITH_KNOTS ( 'NONE', 3,
 ( #4487, #8210, #585, #3738, #2183, #5233, #3638, #2884, #1386, #8303, #1438, #6796 ),
 .UNSPECIFIED., .F., .F.,
 ( 4, 2, 2, 2, 2, 4 ),
 ( 2.325629172429010762E-12, 0.001794338438229881776, 0.002691507656182014641, 0.003588676874134147290, 0.005383015310038423429, 0.007177353745942700002 ),
 .UNSPECIFIED. ) ;
#3470 = CARTESIAN_POINT ( 'NONE',  ( 31.50470680276509228, -43.32348578913546078, -8.405139431248580095 ) ) ;
#3471 = EDGE_CURVE ( 'NONE', #377, #6885, #3509, .T. ) ;
#3472 = CARTESIAN_POINT ( 'NONE',  ( -7.653337118841535336, -62.42543355579920217, 30.44159268983315414 ) ) ;
#3473 = DIRECTION ( 'NONE',  ( 0.3105242167232004635, -0.9505654689859309725, 0.0000000000000000000 ) ) ;
#3474 = ORIENTED_EDGE ( 'NONE', *, *, #6667, .F. ) ;
#3475 = ADVANCED_FACE ( 'NONE', ( #5105, #399 ), #3403, .F. ) ;
#3476 = DIRECTION ( 'NONE',  ( 0.7442045946659733291, -0.6679517357399816779, 0.0000000000000000000 ) ) ;
#3477 = COORDINATED_UNIVERSAL_TIME_OFFSET ( 8, 0, .AHEAD. ) ;
#3478 = CARTESIAN_POINT ( 'NONE',  ( 6.143183192324386255, -65.33507740095957672, 30.44157250713333340 ) ) ;
#3479 = CARTESIAN_POINT ( 'NONE',  ( -2.932783165131995773, -62.21360829943213844, 54.55746014083949547 ) ) ;
#3480 = EDGE_LOOP ( 'NONE', ( #1842 ) ) ;
#3481 = ORIENTED_EDGE ( 'NONE', *, *, #1572, .F. ) ;
#3482 =( GEOMETRIC_REPRESENTATION_CONTEXT ( 3 ) GLOBAL_UNCERTAINTY_ASSIGNED_CONTEXT ( ( #7959 ) ) GLOBAL_UNIT_ASSIGNED_CONTEXT ( ( #6225, #6273, #3125 ) ) REPRESENTATION_CONTEXT ( 'NONE', 'WORKASPACE' ) );
#3483 = DIRECTION ( 'NONE',  ( 1.000000000000000000, 0.0000000000000000000, -2.168404344971006896E-16 ) ) ;
#3484 = CARTESIAN_POINT ( 'NONE',  ( -35.58639081092950818, -53.98349992078419035, 5.617942420428409633 ) ) ;
#3485 = CARTESIAN_POINT ( 'NONE',  ( -8.196491563582471329, -59.36190296444598857, 37.50000000000008527 ) ) ;
#3486 = ORIENTED_EDGE ( 'NONE', *, *, #3419, .T. ) ;
#3487 = CARTESIAN_POINT ( 'NONE',  ( -8.000000000000000000, 18.00000000000001421, 36.00000000000002132 ) ) ;
#3488 = CARTESIAN_POINT ( 'NONE',  ( -7.877239002198610507, -57.84814239764316568, 37.50000000000008527 ) ) ;
#3489 = AXIS2_PLACEMENT_3D ( 'NONE', #3491, #6548, #9614 ) ;
#3490 = CARTESIAN_POINT ( 'NONE',  ( -0.7319487528394957865, -66.56586777002586075, -32.49222453335646321 ) ) ;
#3491 = CARTESIAN_POINT ( 'NONE',  ( 3.980814712676603538E-13, -60.29999999999996163, 51.00000000000007816 ) ) ;
#3492 = DIRECTION ( 'NONE',  ( 2.569960705150817904E-15, 2.600599847745095139E-29, -1.000000000000000000 ) ) ;
#3493 = APPROVAL_PERSON_ORGANIZATION ( #5559, #6217, #856 ) ;
#3494 = CARTESIAN_POINT ( 'NONE',  ( -10.68641314568565903, -47.35350508592255636, 34.37732924106594368 ) ) ;
#3495 = AXIS2_PLACEMENT_3D ( 'NONE', #8748, #4774, #6326 ) ;
#3496 = CIRCLE ( 'NONE', #3010, 1.499999999999998002 ) ;
#3497 = CARTESIAN_POINT ( 'NONE',  ( -4.839099191303382064, 20.46559888794122628, 35.67359975836833996 ) ) ;
#3498 = ORIENTED_EDGE ( 'NONE', *, *, #9088, .T. ) ;
#3499 = VECTOR ( 'NONE', #6183, 1000.000000000000000 ) ;
#3500 = DIRECTION ( 'NONE',  ( -0.0000000000000000000, -0.0000000000000000000, -1.000000000000000000 ) ) ;
#3501 = EDGE_LOOP ( 'NONE', ( #9548, #413 ) ) ;
#3502 = LINE ( 'NONE', #2649, #560 ) ;
#3503 = VERTEX_POINT ( 'NONE', #5795 ) ;
#3504 = FACE_OUTER_BOUND ( 'NONE', #389, .T. ) ;
#3505 = PLANE ( 'NONE',  #4077 ) ;
#3506 = CARTESIAN_POINT ( 'NONE',  ( 31.65478956668185617, -50.82295859456026932, 17.14868109307651878 ) ) ;
#3507 = DIRECTION ( 'NONE',  ( 1.000000000000000000, 0.0000000000000000000, 0.0000000000000000000 ) ) ;
#3508 = PLANE ( 'NONE',  #7053 ) ;
#3509 = CIRCLE ( 'NONE', #1435, 32.49999999999998579 ) ;
#3510 = CARTESIAN_POINT ( 'NONE',  ( -12.12435565298179263, -39.00000000000031264, -22.99999999999984723 ) ) ;
#3511 = ADVANCED_FACE ( 'NONE', ( #9521 ), #5700, .F. ) ;
#3512 = CARTESIAN_POINT ( 'NONE',  ( 12.05179221917655674, -46.60748144432190543, 33.92536404421534968 ) ) ;
#3513 = ORIENTED_EDGE ( 'NONE', *, *, #6809, .T. ) ;
#3514 = CIRCLE ( 'NONE', #4467, 35.80000000000000426 ) ;
#3515 = CARTESIAN_POINT ( 'NONE',  ( -8.159698144279451171, -48.38104691479556863, -35.07577714774592437 ) ) ;
#3516 = VECTOR ( 'NONE', #1321, 1000.000000000000000 ) ;
#3517 = CARTESIAN_POINT ( 'NONE',  ( -6.061990471201780473, -65.89596028640782777, 37.50000000000008527 ) ) ;
#3518 = ADVANCED_FACE ( 'NONE', ( #7264 ), #8174, .F. ) ;
#3519 = SHAPE_DEFINITION_REPRESENTATION ( #239, #9692 ) ;
#3520 = CARTESIAN_POINT ( 'NONE',  ( 11.00144210528532795, 15.34301752044657086, 34.27836184553973453 ) ) ;
#3521 = CARTESIAN_POINT ( 'NONE',  ( -2.976160574723891283, -62.33179124277062044, 65.30109019676018534 ) ) ;
#3522 = VECTOR ( 'NONE', #6499, 1000.000000000000000 ) ;
#3523 = EDGE_CURVE ( 'NONE', #6350, #6350, #9109, .T. ) ;
#3524 = CARTESIAN_POINT ( 'NONE',  ( 30.23066694818548683, -41.36189969925166565, -11.84096800597842503 ) ) ;
#3525 = CARTESIAN_POINT ( 'NONE',  ( -7.308543256653924125, -63.21350773903801468, 30.50000000000007816 ) ) ;
#3526 = CARTESIAN_POINT ( 'NONE',  ( 31.10713673584051975, -42.74717609678540953, -9.657060713098209348 ) ) ;
#3527 = CARTESIAN_POINT ( 'NONE',  ( -21.49858404250587540, 18.99999994713760287, 26.37745818871607284 ) ) ;
#3528 = CIRCLE ( 'NONE', #7530, 9.799999999999995381 ) ;
#3529 = CARTESIAN_POINT ( 'NONE',  ( -3.607508969953753475, -54.95828593704082721, 52.49999999978091836 ) ) ;
#3530 = ADVANCED_FACE ( 'NONE', ( #2703 ), #1899, .F. ) ;
#3531 = ORIENTED_EDGE ( 'NONE', *, *, #6646, .F. ) ;
#3532 = DIRECTION ( 'NONE',  ( 0.0000000000000000000, 1.000000000000000000, -1.387778780781446267E-15 ) ) ;
#3533 = APPROVAL_DATE_TIME ( #8092, #5917 ) ;
#3534 = CARTESIAN_POINT ( 'NONE',  ( 3.760036628675813120, -44.04316993364597721, -34.36468242564669850 ) ) ;
#3535 = CARTESIAN_POINT ( 'NONE',  ( -3.426313146998440917, -61.02352656965425126, 54.63150681677956300 ) ) ;
#3536 = ORIENTED_EDGE ( 'NONE', *, *, #4787, .T. ) ;
#3537 = EDGE_CURVE ( 'NONE', #770, #6075, #8728, .T. ) ;
#3538 = CIRCLE ( 'NONE', #5764, 1.500000000000001332 ) ;
#3539 = CARTESIAN_POINT ( 'NONE',  ( 5.000000000000003553, 4.750000000000000888, 19.50000000000000000 ) ) ;
#3540 = CARTESIAN_POINT ( 'NONE',  ( -27.56769636429449477, -46.77368066401412250, 23.15402199028651253 ) ) ;
#3541 = CC_DESIGN_PERSON_AND_ORGANIZATION_ASSIGNMENT ( #673, #2872, ( #1578 ) ) ;
#3542 = CARTESIAN_POINT ( 'NONE',  ( -30.89565420710738408, -42.42984938975857290, 10.24344997339825447 ) ) ;
#3543 = CARTESIAN_POINT ( 'NONE',  ( 19.99186012560926784, 18.99999999842506426, 27.95900706002062819 ) ) ;
#3544 = VERTEX_POINT ( 'NONE', #6504 ) ;
#3545 = CARTESIAN_POINT ( 'NONE',  ( -7.781954091741445367, -48.47697432782459259, -35.15151875535984516 ) ) ;
#3546 = CARTESIAN_POINT ( 'NONE',  ( 20.65997091968853994, 18.99999999905794468, -27.31918805040935538 ) ) ;
#3547 = AXIS2_PLACEMENT_3D ( 'NONE', #4360, #1456, #4597 ) ;
#3548 = CARTESIAN_POINT ( 'NONE',  ( -0.9555673584174584345, -64.20530947265663713, -32.48601848077441190 ) ) ;
#3549 =( BOUNDED_SURFACE ( )  B_SPLINE_SURFACE ( 3, 3, ( 
 ( #3040, #2288, #7654, #7459, #3744, #6092, #5341 ),
 ( #5251, #4443, #3843, #5944, #8407, #6900, #4543 ),
 ( #783, #2190, #643, #3647, #8218, #8266, #4493 ),
 ( #1544, #9110, #4588, #2244, #9763, #5242, #44 ) ),
 .UNSPECIFIED., .F., .T., .F. ) 
 B_SPLINE_SURFACE_WITH_KNOTS ( ( 4, 4 ),
 ( 4, 3, 4 ),
 ( 0.0000000000000000000, 1.000000000000000000 ),
 ( 0.0000000000000000000, 0.5000000000000000000, 1.000000000000000000 ),
 .UNSPECIFIED. ) 
 GEOMETRIC_REPRESENTATION_ITEM ( )  RATIONAL_B_SPLINE_SURFACE ( (
 ( 1.000000000000000000, 0.3333333333333333148, 0.3333333333333333148, 1.000000000000000000, 0.3333333333333333148, 0.3333333333333333148, 1.000000000000000000),
 ( 0.8025111866108179948, 0.2675037288702726279, 0.2675037288702726279, 0.8025111866108179948, 0.2675037288702726279, 0.2675037288702726279, 0.8025111866108179948),
 ( 0.8025111866108179948, 0.2675037288702726279, 0.2675037288702726279, 0.8025111866108179948, 0.2675037288702726279, 0.2675037288702726279, 0.8025111866108179948),
 ( 1.000000000000000000, 0.3333333333333333148, 0.3333333333333333148, 1.000000000000000000, 0.3333333333333333148, 0.3333333333333333148, 1.000000000000000000) ) ) 
 REPRESENTATION_ITEM ( '' )  SURFACE ( )  );
#3550 = CYLINDRICAL_SURFACE ( 'NONE', #4285, 12.50000000000000000 ) ;
#3551 = CARTESIAN_POINT ( 'NONE',  ( 25.99999999999998934, 2.068997335574266581E-13, 17.88854381999832910 ) ) ;
#3552 = CARTESIAN_POINT ( 'NONE',  ( -13.71043016921055901, -45.37952169179105510, 33.28881046130423726 ) ) ;
#3553 = ADVANCED_FACE ( 'NONE', ( #8023 ), #9568, .T. ) ;
#3554 = ORIENTED_EDGE ( 'NONE', *, *, #2838, .F. ) ;
#3555 = CARTESIAN_POINT ( 'NONE',  ( 26.30000000000045546, -66.79999999999979821, 15.50000000000010836 ) ) ;
#3556 = ORIENTED_EDGE ( 'NONE', *, *, #4929, .T. ) ;
#3557 = CARTESIAN_POINT ( 'NONE',  ( -19.19762890680506118, -30.25971902893243026, -30.45429640256618953 ) ) ;
#3558 = ORIENTED_EDGE ( 'NONE', *, *, #7329, .F. ) ;
#3559 = DIRECTION ( 'NONE',  ( -1.000000000000000000, -7.324388009679854455E-15, 0.0000000000000000000 ) ) ;
#3560 = CARTESIAN_POINT ( 'NONE',  ( 3.980814712676606062E-13, -66.29999999999996874, 34.50000000000007105 ) ) ;
#3561 = DIRECTION ( 'NONE',  ( 0.0000000000000000000, -1.000000000000000000, 0.0000000000000000000 ) ) ;
#3562 = CARTESIAN_POINT ( 'NONE',  ( 4.132590385337709726, 16.94480899683123809, -35.76205407737172948 ) ) ;
#3563 = FACE_BOUND ( 'NONE', #8214, .T. ) ;
#3564 = CARTESIAN_POINT ( 'NONE',  ( 33.81538857606766157, -52.63027428377329642, 12.34991950682341688 ) ) ;
#3565 = CYLINDRICAL_SURFACE ( 'NONE', #5023, 3.499999999999997780 ) ;
#3566 = DIRECTION ( 'NONE',  ( 0.0000000000000000000, 0.0000000000000000000, 1.000000000000000000 ) ) ;
#3567 = LINE ( 'NONE', #2802, #7539 ) ;
#3568 = CARTESIAN_POINT ( 'NONE',  ( 16.33426745786503531, -41.62687612823896188, 32.08126826740573279 ) ) ;
#3569 = VERTEX_POINT ( 'NONE', #6561 ) ;
#3570 = CARTESIAN_POINT ( 'NONE',  ( -5.201506456296651315, -43.82928580282755604, -34.24246920658779914 ) ) ;
#3571 = CARTESIAN_POINT ( 'NONE',  ( 33.00000000000039790, -56.49999999999976552, 1.190636249526422660E-13 ) ) ;
#3572 = CARTESIAN_POINT ( 'NONE',  ( 11.46515236281348926, 20.01525335991848564, 34.12585484289112259 ) ) ;
#3573 = CARTESIAN_POINT ( 'NONE',  ( 2.840165959353060376, -67.55216401648475255, 53.71355212158790948 ) ) ;
#3574 = CARTESIAN_POINT ( 'NONE',  ( 26.00000000000019895, -27.09648997795441261, -17.88854381997255771 ) ) ;
#3575 = CARTESIAN_POINT ( 'NONE',  ( -4.910661645799844877, -66.92932139818735493, 34.50000000000007816 ) ) ;
#3576 = CARTESIAN_POINT ( 'NONE',  ( 30.23066694818548683, -41.36189969925166565, -11.84096800597842503 ) ) ;
#3577 = CARTESIAN_POINT ( 'NONE',  ( -22.41209734686131583, 18.99999996856428197, 25.10267163962078030 ) ) ;
#3578 = DIRECTION ( 'NONE',  ( 1.939479807224431507E-16, -0.0000000000000000000, -1.000000000000000000 ) ) ;
#3579 = VERTEX_POINT ( 'NONE', #9627 ) ;
#3580 = DIRECTION ( 'NONE',  ( 0.0000000000000000000, 0.0000000000000000000, -1.000000000000000000 ) ) ;
#3581 = PERSON_AND_ORGANIZATION ( #7395, #7661 ) ;
#3582 = DIRECTION ( 'NONE',  ( -0.3105242167236345607, 0.9505654689857891970, -8.040613248383056045E-17 ) ) ;
#3583 = PLANE ( 'NONE',  #721 ) ;
#3584 = EDGE_CURVE ( 'NONE', #2905, #9764, #6862, .T. ) ;
#3585 = ORIENTED_EDGE ( 'NONE', *, *, #6476, .T. ) ;
#3586 = DIRECTION ( 'NONE',  ( 1.000000000000000000, 0.0000000000000000000, 0.0000000000000000000 ) ) ;
#3587 = CARTESIAN_POINT ( 'NONE',  ( -34.12506184312825042, -52.87685144550887628, 11.51151797972445046 ) ) ;
#3588 = CARTESIAN_POINT ( 'NONE',  ( -29.78269523695430365, -40.58952016151976494, 12.77905989078897164 ) ) ;
#3589 = CARTESIAN_POINT ( 'NONE',  ( 21.66072946993046600, 18.99999992564719875, 26.17688400800896531 ) ) ;
#3590 = AXIS2_PLACEMENT_3D ( 'NONE', #8061, #1003, #1193 ) ;
#3591 = CARTESIAN_POINT ( 'NONE',  ( 2.671542757562629156, -49.41914418049831426, -35.90078259068872057 ) ) ;
#3592 = DIRECTION ( 'NONE',  ( -1.000000000000000000, 0.0000000000000000000, 0.0000000000000000000 ) ) ;
#3593 = CARTESIAN_POINT ( 'NONE',  ( 0.9551386523937096529, -66.39515730079300226, -32.48603261812967702 ) ) ;
#3594 = DIRECTION ( 'NONE',  ( 1.054711873393889642E-15, -1.276710262284678586E-15, -1.000000000000000000 ) ) ;
#3595 = FACE_OUTER_BOUND ( 'NONE', #7194, .T. ) ;
#3596 = ADVANCED_FACE ( 'NONE', ( #8872, #4303, #7368, #5348, #5161 ), #9771, .F. ) ;
#3597 = ORIENTED_EDGE ( 'NONE', *, *, #9670, .F. ) ;
#3598 = CARTESIAN_POINT ( 'NONE',  ( 5.102408812076383548E-13, -65.30000000000003979, -34.99999999999991473 ) ) ;
#3599 = ORIENTED_EDGE ( 'NONE', *, *, #2731, .T. ) ;
#3600 = AXIS2_PLACEMENT_3D ( 'NONE', #1418, #2270, #8241 ) ;
#3601 = ORIENTED_EDGE ( 'NONE', *, *, #2369, .F. ) ;
#3602 = CARTESIAN_POINT ( 'NONE',  ( 17.75000000000014211, 18.67004506164665401, 30.68419737986587137 ) ) ;
#3603 = VERTEX_POINT ( 'NONE', #6125 ) ;
#3604 = CARTESIAN_POINT ( 'NONE',  ( 6.503913605100856365, -54.44665840588560002, 46.50000000000008527 ) ) ;
#3605 = EDGE_CURVE ( 'NONE', #1710, #5423, #9588, .T. ) ;
#3606 = CARTESIAN_POINT ( 'NONE',  ( 4.027158524088342517, 17.46444814627646025, -35.77408013279596588 ) ) ;
#3607 = SHAPE_REPRESENTATION ( 'EFG-C50 V4.0(法兰)', ( #9567 ), #9885 ) ;
#3608 = CARTESIAN_POINT ( 'NONE',  ( -5.499999999999996447, 4.250000000000000000, 19.50000000000000000 ) ) ;
#3609 = CARTESIAN_POINT ( 'NONE',  ( 28.16418100723848639, -47.42768913026441169, 22.42274832726344513 ) ) ;
#3610 = DIRECTION ( 'NONE',  ( -0.0000000000000000000, 1.000000000000000000, -0.0000000000000000000 ) ) ;
#3611 = AXIS2_PLACEMENT_3D ( 'NONE', #7183, #5773, #4275 ) ;
#3612 = CARTESIAN_POINT ( 'NONE',  ( 26.94935814151134679, -33.50650677319703163, 16.93268519289219398 ) ) ;
#3613 = DIRECTION ( 'NONE',  ( -2.949029909160538534E-15, 1.804112415015858868E-14, -1.000000000000000000 ) ) ;
#3614 = CARTESIAN_POINT ( 'NONE',  ( 3.750439766752321269, -44.04437302449566261, 34.36538570834112960 ) ) ;
#3615 = ORIENTED_EDGE ( 'NONE', *, *, #1460, .T. ) ;
#3616 = CARTESIAN_POINT ( 'NONE',  ( 7.819222093277261365, -43.14587458473370418, -33.89923927046423557 ) ) ;
#3617 = FACE_OUTER_BOUND ( 'NONE', #5524, .T. ) ;
#3618 = COORDINATED_UNIVERSAL_TIME_OFFSET ( 8, 0, .AHEAD. ) ;
#3619 = CARTESIAN_POINT ( 'NONE',  ( 5.015595876775949868, 20.67631324330253051, 35.64940394745958230 ) ) ;
#3620 = CARTESIAN_POINT ( 'NONE',  ( 2.663880599949556061, -67.39394124731202851, 59.78857882194937901 ) ) ;
#3621 = CARTESIAN_POINT ( 'NONE',  ( 27.92331000232439919, -36.73466506541788590, -23.78343910630752944 ) ) ;
#3622 = CARTESIAN_POINT ( 'NONE',  ( -5.499999999999998224, -4.750000000000000888, -19.49999999999999289 ) ) ;
#3623 = CARTESIAN_POINT ( 'NONE',  ( 30.89565420710670907, -42.42984938975612863, -10.24344997339666996 ) ) ;
#3624 = CARTESIAN_POINT ( 'NONE',  ( -21.28583416162599207, 18.99999997421802078, 26.63263570467564989 ) ) ;
#3625 = CARTESIAN_POINT ( 'NONE',  ( 1.567412805461363856, -54.04771001493259774, 52.49999999990781419 ) ) ;
#3626 = VERTEX_POINT ( 'NONE', #2718 ) ;
#3627 = CARTESIAN_POINT ( 'NONE',  ( 1.500000000000007994, 23.00000000000000000, 32.50000000000000000 ) ) ;
#3628 = APPLICATION_PROTOCOL_DEFINITION ( 'international standard', 'config_control_design', 1994, #440 ) ;
#3629 = CARTESIAN_POINT ( 'NONE',  ( 7.819222093277261365, -43.14587458473370418, -33.89923927046423557 ) ) ;
#3630 = EDGE_LOOP ( 'NONE', ( #7779 ) ) ;
#3631 = ORIENTED_EDGE ( 'NONE', *, *, #934, .T. ) ;
#3632 = CARTESIAN_POINT ( 'NONE',  ( -24.70792949705559849, -43.19065552021916687, 26.18241289856786125 ) ) ;
#3633 = CARTESIAN_POINT ( 'NONE',  ( -29.22935252202828593, -39.54215443014108189, 13.78519869123080532 ) ) ;
#3634 = CARTESIAN_POINT ( 'NONE',  ( 21.96804483818129583, 18.99999992730943532, 25.76079973819560465 ) ) ;
#3635 = EDGE_CURVE ( 'NONE', #7912, #7912, #4776, .T. ) ;
#3636 = CARTESIAN_POINT ( 'NONE',  ( 1.632033960738320966, -49.49334653291401764, -35.96373845914901324 ) ) ;
#3637 = CARTESIAN_POINT ( 'NONE',  ( 21.81575507717160178, 18.99999992390149472, -25.96829653508811475 ) ) ;
#3638 = CARTESIAN_POINT ( 'NONE',  ( 2.478151495390812364, -66.90709246535989507, 29.55006064219278272 ) ) ;
#3639 = DIRECTION ( 'NONE',  ( -1.000000000000000000, 0.0000000000000000000, 0.0000000000000000000 ) ) ;
#3640 = CARTESIAN_POINT ( 'NONE',  ( 2.404625055373819542, -57.75523403908904641, 55.07901479121370159 ) ) ;
#3641 = CARTESIAN_POINT ( 'NONE',  ( 23.64785849282289121, -41.61760617072865642, -27.14597072937291244 ) ) ;
#3642 = EDGE_CURVE ( 'NONE', #4593, #8364, #5619, .T. ) ;
#3643 = ORIENTED_EDGE ( 'NONE', *, *, #4787, .F. ) ;
#3644 = CARTESIAN_POINT ( 'NONE',  ( 11.00000000000019185, -25.99999999999991829, -17.88854381999826870 ) ) ;
#3645 = ORIENTED_EDGE ( 'NONE', *, *, #8504, .F. ) ;
#3646 = CIRCLE ( 'NONE', #8291, 1.500000000000041522 ) ;
#3647 = CARTESIAN_POINT ( 'NONE',  ( -5.276818712345447082, -66.17921629786114579, 51.88526003362024852 ) ) ;
#3648 = ORIENTED_EDGE ( 'NONE', *, *, #3929, .T. ) ;
#3649 = FACE_OUTER_BOUND ( 'NONE', #6956, .T. ) ;
#3650 = ADVANCED_FACE ( 'NONE', ( #6518 ), #7981, .T. ) ;
#3651 = EDGE_LOOP ( 'NONE', ( #1224, #715, #9016, #9529 ) ) ;
#3652 = EDGE_CURVE ( 'NONE', #1894, #1894, #7184, .T. ) ;
#3653 = CARTESIAN_POINT ( 'NONE',  ( -0.3983808548411598704, -56.82183861230884503, 54.66673058452300182 ) ) ;
#3654 = DIRECTION ( 'NONE',  ( -1.054711873393889642E-15, 1.276710262284678586E-15, 1.000000000000000000 ) ) ;
#3655 = EDGE_CURVE ( 'NONE', #8095, #3348, #2867, .T. ) ;
#3656 = CARTESIAN_POINT ( 'NONE',  ( 19.74315603439054456, -32.80290266661716458, 30.10332946012622202 ) ) ;
#3657 = FACE_OUTER_BOUND ( 'NONE', #5986, .T. ) ;
#3658 = CARTESIAN_POINT ( 'NONE',  ( 11.24081310448200455, -47.06971416504050865, 34.20022359378801013 ) ) ;
#3659 = CARTESIAN_POINT ( 'NONE',  ( 15.65681559145457769, -43.05795791214682566, 32.41795695244054087 ) ) ;
#3660 = EDGE_LOOP ( 'NONE', ( #6091 ) ) ;
#3661 = TOROIDAL_SURFACE ( 'NONE', #6043, 34.49999999993450928, 1.499999999999998668 ) ;
#3662 = EDGE_CURVE ( 'NONE', #5648, #5648, #8156, .T. ) ;
#3663 = LOCAL_TIME ( 17, 37, 41.00000000000000000, #2569 ) ;
#3664 = CIRCLE ( 'NONE', #5884, 1.500000000000031086 ) ;
#3665 = CARTESIAN_POINT ( 'NONE',  ( 10.82661520599000937, -47.29174916929144956, -34.33635490305464799 ) ) ;
#3666 = FACE_OUTER_BOUND ( 'NONE', #3801, .T. ) ;
#3667 = CARTESIAN_POINT ( 'NONE',  ( 9.060824632326738737, 21.86527564094176057, 34.84205049338402205 ) ) ;
#3668 = CARTESIAN_POINT ( 'NONE',  ( 3.107876638052234242, -58.38642889958674687, 57.66885866132420801 ) ) ;
#3669 = CARTESIAN_POINT ( 'NONE',  ( 30.12133271368298892, -41.44129154406448379, -20.48819129914923920 ) ) ;
#3670 = LINE ( 'NONE', #1367, #9120 ) ;
#3671 = VECTOR ( 'NONE', #2308, 999.9999999999998863 ) ;
#3672 = AXIS2_PLACEMENT_3D ( 'NONE', #4899, #7963, #1098 ) ;
#3673 = CARTESIAN_POINT ( 'NONE',  ( 30.22960059860341175, -41.36513028261456526, 11.85322599914057484 ) ) ;
#3674 = AXIS2_PLACEMENT_3D ( 'NONE', #8638, #4170, #1011 ) ;
#3675 = CARTESIAN_POINT ( 'NONE',  ( -21.82509042675951960, 18.99999992391187220, 25.95578487249166955 ) ) ;
#3676 = CYLINDRICAL_SURFACE ( 'NONE', #7914, 29.99999999999998579 ) ;
#3677 = ORIENTED_EDGE ( 'NONE', *, *, #5014, .F. ) ;
#3678 = AXIS2_PLACEMENT_3D ( 'NONE', #874, #5485, #6987 ) ;
#3679 = CARTESIAN_POINT ( 'NONE',  ( -25.99999999999981881, -26.00000000000015632, 17.88854381999831489 ) ) ;
#3680 = PERSON_AND_ORGANIZATION_ROLE ( 'creator' ) ;
#3681 = CARTESIAN_POINT ( 'NONE',  ( -11.30770014951075808, -41.02897895611637580, -33.20648445498905232 ) ) ;
#3682 = VERTEX_POINT ( 'NONE', #1918 ) ;
#3683 = AXIS2_PLACEMENT_3D ( 'NONE', #1867, #7236, #4921 ) ;
#3684 = VERTEX_POINT ( 'NONE', #8037 ) ;
#3685 = CIRCLE ( 'NONE', #1122, 35.99999999999998579 ) ;
#3686 = CARTESIAN_POINT ( 'NONE',  ( -26.64701906615350424, -45.70994265630267250, 24.20961107403311274 ) ) ;
#3687 = CARTESIAN_POINT ( 'NONE',  ( -31.50591055666182427, -43.32521301506877620, -8.401217789303872863 ) ) ;
#3688 = CARTESIAN_POINT ( 'NONE',  ( 21.85317970182351388, 18.99999992371377289, 25.91795650749200064 ) ) ;
#3689 = CARTESIAN_POINT ( 'NONE',  ( 3.720660984597318421, -49.31150087354755840, -35.81017845532144861 ) ) ;
#3690 = CARTESIAN_POINT ( 'NONE',  ( 24.32476333465528029, 19.00000000488365615, -20.06477009072305862 ) ) ;
#3691 = LINE ( 'NONE', #8959, #1736 ) ;
#3692 = DIRECTION ( 'NONE',  ( 1.000000000000000000, 0.0000000000000000000, -2.861551616642210332E-16 ) ) ;
#3693 = VECTOR ( 'NONE', #4672, 1000.000000000000000 ) ;
#3694 = CARTESIAN_POINT ( 'NONE',  ( 33.29981548003764402, -52.21595776086176244, -13.68168512011189009 ) ) ;
#3695 = VERTEX_POINT ( 'NONE', #1062 ) ;
#3696 = ORIENTED_EDGE ( 'NONE', *, *, #2486, .F. ) ;
#3697 = DIRECTION ( 'NONE',  ( 0.0000000000000000000, -1.000000000000000000, 0.0000000000000000000 ) ) ;
#3698 = DIRECTION ( 'NONE',  ( 0.0000000000000000000, -1.000000000000000000, 0.0000000000000000000 ) ) ;
#3699 = VERTEX_POINT ( 'NONE', #3370 ) ;
#3700 = CARTESIAN_POINT ( 'NONE',  ( 25.10000000000045972, -67.29999999999981242, 8.592260065175946769E-14 ) ) ;
#3701 = AXIS2_PLACEMENT_3D ( 'NONE', #9258, #5445, #95 ) ;
#3702 = ORIENTED_EDGE ( 'NONE', *, *, #5293, .T. ) ;
#3703 = CARTESIAN_POINT ( 'NONE',  ( -0.2485114190335862283, -56.80880113447930313, 54.66020240065033420 ) ) ;
#3704 = CARTESIAN_POINT ( 'NONE',  ( 5.500000000000004441, 4.249999999999999112, 19.50000000000000355 ) ) ;
#3705 = LINE ( 'NONE', #8272, #9490 ) ;
#3706 = LINE ( 'NONE', #5997, #5937 ) ;
#3707 = DIRECTION ( 'NONE',  ( -0.0000000000000000000, 0.0000000000000000000, 1.000000000000000000 ) ) ;
#3708 = MANIFOLD_SOLID_BREP ( '5A0002-CTC2002-000_1_1_1-1-solid1', #8972 ) ;
#3709 = CARTESIAN_POINT ( 'NONE',  ( -5.206204562772127176, -49.08633986720160181, 35.62527440962983150 ) ) ;
#3710 = ORIENTED_EDGE ( 'NONE', *, *, #3897, .T. ) ;
#3711 = EDGE_CURVE ( 'NONE', #3569, #2632, #216, .T. ) ;
#3712 = CARTESIAN_POINT ( 'NONE',  ( 8.988680145793621179, -42.68981258794789113, -33.70221897719473247 ) ) ;
#3713 = DIRECTION ( 'NONE',  ( -0.0000000000000000000, 1.000000000000000000, -0.0000000000000000000 ) ) ;
#3714 = CARTESIAN_POINT ( 'NONE',  ( 5.893115326324100067, -43.69052345723896735, 34.16625285902934195 ) ) ;
#3715 = DIRECTION ( 'NONE',  ( -0.0000000000000000000, -1.000000000000000000, -0.0000000000000000000 ) ) ;
#3716 = CARTESIAN_POINT ( 'NONE',  ( 34.34222113037794344, -53.04449128443755512, -10.81871541808810733 ) ) ;
#3717 = CARTESIAN_POINT ( 'NONE',  ( 7.738210134560624454, -57.77213451437481240, 30.50000000000007816 ) ) ;
#3718 = CARTESIAN_POINT ( 'NONE',  ( -24.08193334990662748, 18.99999999993930899, -21.22222752322485917 ) ) ;
#3719 = APPROVAL ( #3960, '未指定' ) ;
#3720 = CARTESIAN_POINT ( 'NONE',  ( -21.81575507281742077, 18.99999992390149472, 25.96829654090823070 ) ) ;
#3721 = LINE ( 'NONE', #9182, #9513 ) ;
#3722 = MANIFOLD_SOLID_BREP ( '输入1', #5915 ) ;
#3723 = ORIENTED_EDGE ( 'NONE', *, *, #223, .T. ) ;
#3724 = CARTESIAN_POINT ( 'NONE',  ( -31.69084306531296491, -43.58252603022298644, 7.739702062077740585 ) ) ;
#3725 = PERSON_AND_ORGANIZATION_ROLE ( 'classification_officer' ) ;
#3726 = DIRECTION ( 'NONE',  ( -0.9505654689857891970, -0.3105242167236345607, 0.0000000000000000000 ) ) ;
#3727 = EDGE_CURVE ( 'NONE', #4544, #5345, #4838, .T. ) ;
#3728 = VECTOR ( 'NONE', #8663, 1000.000000000000227 ) ;
#3729 = CARTESIAN_POINT ( 'NONE',  ( -16.13237073125725374, -42.11356546064457973, 32.18308159092811849 ) ) ;
#3730 = VERTEX_POINT ( 'NONE', #7931 ) ;
#3731 = ORIENTED_EDGE ( 'NONE', *, *, #753, .T. ) ;
#3732 = CARTESIAN_POINT ( 'NONE',  ( -21.35653616548139766, -37.36684706042393600, 28.98154649259076976 ) ) ;
#3733 = CARTESIAN_POINT ( 'NONE',  ( -36.00079513650236862, -54.28484520754260245, -1.380982442660863896 ) ) ;
#3734 = CARTESIAN_POINT ( 'NONE',  ( 18.96927945356237899, 18.99999996426191728, 28.78590871467696033 ) ) ;
#3735 = CARTESIAN_POINT ( 'NONE',  ( -8.400677495380419302, -48.27806374851846272, -35.00620519258637842 ) ) ;
#3736 = CARTESIAN_POINT ( 'NONE',  ( -7.486138166783132597, -58.28391599131978040, 55.58185406650139981 ) ) ;
#3737 = CARTESIAN_POINT ( 'NONE',  ( 22.77932273994344925, 18.99999999999286260, -24.48382168276718929 ) ) ;
#3738 = CARTESIAN_POINT ( 'NONE',  ( 3.617442792432149279, -66.53491658776221129, 29.70283815171605468 ) ) ;
#3739 = CARTESIAN_POINT ( 'NONE',  ( -9.798567074880111250, -58.28791093021622771, 34.64087368189879612 ) ) ;
#3740 = CARTESIAN_POINT ( 'NONE',  ( 24.04419964960375466, -42.22412429065357742, -26.79379961379384056 ) ) ;
#3741 = VERTEX_POINT ( 'NONE', #7280 ) ;
#3742 = ORIENTED_EDGE ( 'NONE', *, *, #8792, .T. ) ;
#3743 = AXIS2_PLACEMENT_3D ( 'NONE', #7419, #5009, #4305 ) ;
#3744 = CARTESIAN_POINT ( 'NONE',  ( 5.239328930050141331, -73.58328522201253463, 52.49993338065586101 ) ) ;
#3745 = VERTEX_POINT ( 'NONE', #8742 ) ;
#3746 = DIRECTION ( 'NONE',  ( -0.0000000000000000000, -1.000000000000000000, -0.0000000000000000000 ) ) ;
#3747 = ORIENTED_EDGE ( 'NONE', *, *, #2915, .F. ) ;
#3748 = CARTESIAN_POINT ( 'NONE',  ( -1.121576539357678426, -56.97622497124732632, 54.69422438413648990 ) ) ;
#3749 = CARTESIAN_POINT ( 'NONE',  ( 0.0000000000000000000, 5.000000000000000888, 30.00000000000000000 ) ) ;
#3750 = CARTESIAN_POINT ( 'NONE',  ( 19.96902242245841208, -33.61775505306746226, 29.95407191456122575 ) ) ;
#3751 = PLANE ( 'NONE',  #1626 ) ;
#3752 = CIRCLE ( 'NONE', #7275, 1.500000000000001332 ) ;
#3753 = CARTESIAN_POINT ( 'NONE',  ( 16.62017426854309221, -40.60970296738830143, 31.93386978565769496 ) ) ;
#3754 = CARTESIAN_POINT ( 'NONE',  ( -1.850468536307025902, -46.64908845154219819, 35.96455060206703536 ) ) ;
#3755 = ORIENTED_EDGE ( 'NONE', *, *, #8497, .T. ) ;
#3756 = CARTESIAN_POINT ( 'NONE',  ( 12.27879791258384401, -43.40664968581373984, -33.90099221156975062 ) ) ;
#3757 = CARTESIAN_POINT ( 'NONE',  ( 5.750000000000125233, 10.50000000000001421, -33.00000000000000000 ) ) ;
#3758 = CIRCLE ( 'NONE', #5509, 8.000000000000001776 ) ;
#3759 = APPROVAL_STATUS ( 'not_yet_approved' ) ;
#3760 = CARTESIAN_POINT ( 'NONE',  ( 7.212418002886091806, -43.35158229979715117, 33.99445557772278903 ) ) ;
#3761 = FACE_OUTER_BOUND ( 'NONE', #2850, .T. ) ;
#3762 = DIRECTION ( 'NONE',  ( -0.0000000000000000000, -1.000000000000000000, -0.0000000000000000000 ) ) ;
#3763 = CARTESIAN_POINT ( 'NONE',  ( 32.47796626409024157, -44.62029356823209270, 3.442146824947624584 ) ) ;
#3764 = CARTESIAN_POINT ( 'NONE',  ( 11.10000000000114539, -153.7965029924596365, -32.09999999999978115 ) ) ;
#3765 = CARTESIAN_POINT ( 'NONE',  ( -1.662955415708200415E-16, 18.50000000000000000, -33.50000000000000000 ) ) ;
#3766 = EDGE_CURVE ( 'NONE', #262, #2303, #7171, .T. ) ;
#3767 = CARTESIAN_POINT ( 'NONE',  ( -24.39257413884870829, 18.99999994138506310, 19.59157505349394057 ) ) ;
#3768 = LINE ( 'NONE', #5920, #1825 ) ;
#3769 = ORIENTED_EDGE ( 'NONE', *, *, #2496, .F. ) ;
#3770 = CARTESIAN_POINT ( 'NONE',  ( -29.11765858063320778, -39.32557819296513202, -13.98244586729664896 ) ) ;
#3771 = COORDINATED_UNIVERSAL_TIME_OFFSET ( 8, 0, .AHEAD. ) ;
#3772 = EDGE_CURVE ( 'NONE', #6589, #9307, #152, .T. ) ;
#3773 = CARTESIAN_POINT ( 'NONE',  ( 1.738058909443554345, -65.06607201898728476, -35.95802641066870819 ) ) ;
#3774 = ADVANCED_FACE ( 'NONE', ( #6318 ), #9439, .T. ) ;
#3775 = CYLINDRICAL_SURFACE ( 'NONE', #1128, 35.80000000000000426 ) ;
#3776 = ORIENTED_EDGE ( 'NONE', *, *, #4758, .T. ) ;
#3777 = ORIENTED_EDGE ( 'NONE', *, *, #8547, .F. ) ;
#3778 = ADVANCED_FACE ( 'NONE', ( #4067, #9382 ), #368, .F. ) ;
#3779 = AXIS2_PLACEMENT_3D ( 'NONE', #3347, #5645, #7256 ) ;
#3780 = CARTESIAN_POINT ( 'NONE',  ( -32.16853326320129014, -44.22294182378830385, -5.565283155716381103 ) ) ;
#3781 = ORIENTED_EDGE ( 'NONE', *, *, #3766, .T. ) ;
#3782 = CYLINDRICAL_SURFACE ( 'NONE', #1922, 1.499999999999999112 ) ;
#3783 = VERTEX_POINT ( 'NONE', #8869 ) ;
#3784 = CARTESIAN_POINT ( 'NONE',  ( 10.65113191235558965, -47.37068208140867398, -34.38827635160591001 ) ) ;
#3785 = CARTESIAN_POINT ( 'NONE',  ( 24.45284206708985764, 18.99999996015289128, -19.02114385256787443 ) ) ;
#3786 = CARTESIAN_POINT ( 'NONE',  ( -8.296158392988099095, -54.69507380026178112, 35.03202164339176505 ) ) ;
#3787 = CARTESIAN_POINT ( 'NONE',  ( 24.65542613086520163, -43.11638052454410541, -26.23186087409314027 ) ) ;
#3788 = ORIENTED_EDGE ( 'NONE', *, *, #7618, .F. ) ;
#3789 = ORIENTED_EDGE ( 'NONE', *, *, #4685, .F. ) ;
#3790 = CARTESIAN_POINT ( 'NONE',  ( -18.85714285714262672, -26.00000000000016698, -30.66607511999709246 ) ) ;
#3791 = CARTESIAN_POINT ( 'NONE',  ( -26.29999999999952465, -67.30000000000018190, 15.50000000000005329 ) ) ;
#3792 = ORIENTED_EDGE ( 'NONE', *, *, #5888, .T. ) ;
#3793 = CARTESIAN_POINT ( 'NONE',  ( 4.867501005719684114E-13, -67.29999999999999716, 8.592260065175946769E-14 ) ) ;
#3794 = ORIENTED_EDGE ( 'NONE', *, *, #5722, .T. ) ;
#3795 = CARTESIAN_POINT ( 'NONE',  ( 1.156092162644289933, -56.99644640815298402, 54.58569367145969409 ) ) ;
#3796 = CARTESIAN_POINT ( 'NONE',  ( 11.86948527621366800, 16.95279361858225187, -33.98703217691828371 ) ) ;
#3797 = DIRECTION ( 'NONE',  ( -0.0000000000000000000, 1.000000000000000000, 0.0000000000000000000 ) ) ;
#3798 = DIRECTION ( 'NONE',  ( 0.0000000000000000000, 0.0000000000000000000, 1.000000000000000000 ) ) ;
#3799 = CARTESIAN_POINT ( 'NONE',  ( 16.56778235804996058, -40.83661544296994350, 31.96112654765880734 ) ) ;
#3800 = CARTESIAN_POINT ( 'NONE',  ( -9.429063765040462286, -45.07245614909623299, 34.77617304717350066 ) ) ;
#3801 = EDGE_LOOP ( 'NONE', ( #5046, #2510, #6089, #5044 ) ) ;
#3802 = ORIENTED_EDGE ( 'NONE', *, *, #6831, .F. ) ;
#3803 = CARTESIAN_POINT ( 'NONE',  ( -0.5167279205511597917, -49.53588470427362012, -36.00019818119129411 ) ) ;
#3804 = FACE_OUTER_BOUND ( 'NONE', #2694, .T. ) ;
#3805 = CARTESIAN_POINT ( 'NONE',  ( -8.988680145787768083, -42.68981258794791955, 33.70221897719482484 ) ) ;
#3806 = LINE ( 'NONE', #17, #6543 ) ;
#3807 = CARTESIAN_POINT ( 'NONE',  ( 35.89557862932671384, -54.20875593371165735, -2.829000302848396764 ) ) ;
#3808 = DIRECTION ( 'NONE',  ( 1.000000000000000000, 0.0000000000000000000, 0.0000000000000000000 ) ) ;
#3809 = AXIS2_PLACEMENT_3D ( 'NONE', #9310, #2537, #5587 ) ;
#3810 = DIRECTION ( 'NONE',  ( 0.0000000000000000000, 1.000000000000000000, 0.0000000000000000000 ) ) ;
#3811 = LOCAL_TIME ( 17, 37, 41.00000000000000000, #69 ) ;
#3812 = AXIS2_PLACEMENT_3D ( 'NONE', #2638, #4135, #8101 ) ;
#3813 = CARTESIAN_POINT ( 'NONE',  ( -16.69430509141372454, -63.00000000000001421, -31.66923076923077573 ) ) ;
#3814 = CARTESIAN_POINT ( 'NONE',  ( -24.72459133833112688, -43.21420695177189941, -26.16670958714683337 ) ) ;
#3815 = DIRECTION ( 'NONE',  ( -1.826024711554487321E-16, 1.000000000000000000, -0.0000000000000000000 ) ) ;
#3816 = AXIS2_PLACEMENT_3D ( 'NONE', #7653, #3842, #6899 ) ;
#3817 = ORIENTED_EDGE ( 'NONE', *, *, #8685, .T. ) ;
#3818 = DATE_TIME_ROLE ( 'classification_date' ) ;
#3819 = EDGE_CURVE ( 'NONE', #4029, #5670, #2668, .T. ) ;
#3820 = CC_DESIGN_SECURITY_CLASSIFICATION ( #8308, ( #9914 ) ) ;
#3821 = CARTESIAN_POINT ( 'NONE',  ( 0.1203239671896358665, -67.04967111571848193, -35.99998401263097492 ) ) ;
#3822 = AXIS2_PLACEMENT_3D ( 'NONE', #8771, #2554, #7767 ) ;
#3823 = DIRECTION ( 'NONE',  ( -1.000000000000000000, -6.938893903907232322E-15, 0.0000000000000000000 ) ) ;
#3824 = VECTOR ( 'NONE', #8920, 1000.000000000000000 ) ;
#3825 = EDGE_LOOP ( 'NONE', ( #976 ) ) ;
#3826 = EDGE_LOOP ( 'NONE', ( #1236, #1741, #8196, #3324 ) ) ;
#3827 = ADVANCED_FACE ( 'NONE', ( #5266, #666 ), #8336, .F. ) ;
#3828 = ADVANCED_FACE ( 'NONE', ( #2812 ), #7532, .F. ) ;
#3829 = CARTESIAN_POINT ( 'NONE',  ( -34.42466070925796373, -47.36344304138190608, -10.88440507667343127 ) ) ;
#3830 = CARTESIAN_POINT ( 'NONE',  ( -5.953636757327388729, -54.95638611408011087, 42.50000000000007816 ) ) ;
#3831 = CARTESIAN_POINT ( 'NONE',  ( 5.102307465421063171E-13, -66.95000000000003126, -35.49999999999992184 ) ) ;
#3832 = CARTESIAN_POINT ( 'NONE',  ( 16.27253668271063702, -41.76659235922105040, -32.11237433817583309 ) ) ;
#3833 = CARTESIAN_POINT ( 'NONE',  ( 24.01295612348229724, 18.99999999535909367, -21.48377365900834945 ) ) ;
#3834 = CARTESIAN_POINT ( 'NONE',  ( 8.287506139743102906, -54.69846936731897813, 35.03339103467018845 ) ) ;
#3835 = AXIS2_PLACEMENT_3D ( 'NONE', #2550, #2599, #248 ) ;
#3836 = EDGE_CURVE ( 'NONE', #1696, #26, #632, .T. ) ;
#3837 = CARTESIAN_POINT ( 'NONE',  ( 19.55804954469293477, -32.05270213268197921, -30.22388177868298342 ) ) ;
#3838 = EDGE_LOOP ( 'NONE', ( #7257 ) ) ;
#3839 = AXIS2_PLACEMENT_3D ( 'NONE', #6415, #2608, #999 ) ;
#3840 = ORIENTED_EDGE ( 'NONE', *, *, #3662, .T. ) ;
#3841 = APPROVAL ( #5868, '未指定' ) ;
#3842 = DIRECTION ( 'NONE',  ( -1.120342244901687981E-15, -1.000000000000000000, 0.0000000000000000000 ) ) ;
#3843 = CARTESIAN_POINT ( 'NONE',  ( -15.67908089910557479, -55.99770790705304790, 52.50827663686965252 ) ) ;
#3844 = DIRECTION ( 'NONE',  ( 0.0000000000000000000, -0.0000000000000000000, -1.000000000000000000 ) ) ;
#3845 = ORIENTED_EDGE ( 'NONE', *, *, #9274, .F. ) ;
#3846 = CIRCLE ( 'NONE', #2875, 35.79999999993925286 ) ;
#3847 = DIRECTION ( 'NONE',  ( -1.000000000000000000, -7.232542356195667155E-15, 0.0000000000000000000 ) ) ;
#3848 = VERTEX_POINT ( 'NONE', #3622 ) ;
#3849 = CARTESIAN_POINT ( 'NONE',  ( 0.05648196433212820250, -52.86491083642056310, 29.91379131214401710 ) ) ;
#3850 = DIRECTION ( 'NONE',  ( 1.000000000000000000, 0.0000000000000000000, 0.0000000000000000000 ) ) ;
#3851 = DIRECTION ( 'NONE',  ( -1.054711873393889642E-15, 1.276710262284678586E-15, 1.000000000000000000 ) ) ;
#3852 = EDGE_CURVE ( 'NONE', #9107, #1610, #6674, .T. ) ;
#3853 = LINE ( 'NONE', #7663, #3379 ) ;
#3854 = CARTESIAN_POINT ( 'NONE',  ( 16.74581769176958090, -39.92559991354065829, 31.86826820914986769 ) ) ;
#3855 = CARTESIAN_POINT ( 'NONE',  ( 0.7567284586249642953, -44.26119838311547028, 34.49588089240925370 ) ) ;
#3856 = ORIENTED_EDGE ( 'NONE', *, *, #9290, .T. ) ;
#3857 = VECTOR ( 'NONE', #7282, 1000.000000000000000 ) ;
#3858 = ORIENTED_EDGE ( 'NONE', *, *, #4567, .F. ) ;
#3859 = CARTESIAN_POINT ( 'NONE',  ( 13.80583841200279238, -41.74064953521515520, -33.32960467351700373 ) ) ;
#3860 = DIRECTION ( 'NONE',  ( 1.000000000000000000, 0.0000000000000000000, 0.0000000000000000000 ) ) ;
#3861 = CARTESIAN_POINT ( 'NONE',  ( 5.201506456295859060, -43.82928580282769104, 34.24246920658807625 ) ) ;
#3862 = CARTESIAN_POINT ( 'NONE',  ( 3.443123065936656957, -58.68732523241111920, 58.23739165897327297 ) ) ;
#3863 = DIRECTION ( 'NONE',  ( 0.0000000000000000000, 1.000000000000000000, 0.0000000000000000000 ) ) ;
#3864 = CARTESIAN_POINT ( 'NONE',  ( 32.49943202207206383, -44.64736713022926295, 3.242569275873282919 ) ) ;
#3865 = CARTESIAN_POINT ( 'NONE',  ( -23.84289208135311000, 18.99999997578814614, -22.04997694804378838 ) ) ;
#3866 = LINE ( 'NONE', #3813, #1425 ) ;
#3867 = LINE ( 'NONE', #9227, #5661 ) ;
#3868 = ORIENTED_EDGE ( 'NONE', *, *, #9357, .F. ) ;
#3869 = COORDINATED_UNIVERSAL_TIME_OFFSET ( 8, 0, .AHEAD. ) ;
#3870 = CARTESIAN_POINT ( 'NONE',  ( -1.320103026184616057, -64.14550578560734095, -35.97587842042037209 ) ) ;
#3871 = DIRECTION ( 'NONE',  ( 0.0000000000000000000, 0.0000000000000000000, 1.000000000000000000 ) ) ;
#3872 = ORIENTED_EDGE ( 'NONE', *, *, #8907, .F. ) ;
#3873 = ORIENTED_EDGE ( 'NONE', *, *, #6840, .T. ) ;
#3874 = CARTESIAN_POINT ( 'NONE',  ( -32.47796626408987919, -44.62029356823293114, -3.442146824947261763 ) ) ;
#3875 = ORIENTED_EDGE ( 'NONE', *, *, #173, .T. ) ;
#3876 = FACE_BOUND ( 'NONE', #6365, .T. ) ;
#3877 = VERTEX_POINT ( 'NONE', #77 ) ;
#3878 = CARTESIAN_POINT ( 'NONE',  ( 12.91410472443195978, -46.01214382032891592, -33.60397033822299306 ) ) ;
#3879 = CARTESIAN_POINT ( 'NONE',  ( -11.00797249226648056, 20.64937065877537847, -34.27625279588776408 ) ) ;
#3880 = ADVANCED_FACE ( 'NONE', ( #2763 ), #7383, .T. ) ;
#3881 = CARTESIAN_POINT ( 'NONE',  ( 8.003550291161731778, -54.29974282367926719, 35.09935082221940661 ) ) ;
#3882 = CARTESIAN_POINT ( 'NONE',  ( -1.266480641316229727, -54.46027800177829192, 61.58250724268815901 ) ) ;
#3883 = CARTESIAN_POINT ( 'NONE',  ( 35.41233350774230360, -53.85473388738893874, -6.478503301557927863 ) ) ;
#3884 = ORIENTED_EDGE ( 'NONE', *, *, #6419, .T. ) ;
#3885 = ADVANCED_FACE ( 'NONE', ( #5068 ), #5914, .T. ) ;
#3886 = ORIENTED_EDGE ( 'NONE', *, *, #2830, .T. ) ;
#3887 = CARTESIAN_POINT ( 'NONE',  ( -33.32183959475494817, -52.23388245264650465, -13.62797040911532065 ) ) ;
#3888 = CARTESIAN_POINT ( 'NONE',  ( 18.16590212458494946, 5.000000000000000888, -30.00000000000000000 ) ) ;
#3889 = VERTEX_POINT ( 'NONE', #5173 ) ;
#3890 = CARTESIAN_POINT ( 'NONE',  ( 6.177443301523566355, -65.17263045897486506, 32.00000000000008527 ) ) ;
#3891 = ORIENTED_EDGE ( 'NONE', *, *, #2165, .F. ) ;
#3892 = DIRECTION ( 'NONE',  ( 1.000000000000000000, 0.0000000000000000000, 0.0000000000000000000 ) ) ;
#3893 = DIRECTION ( 'NONE',  ( 1.054711873393880372E-15, 7.628248297903733964E-30, -1.000000000000000000 ) ) ;
#3894 = EDGE_CURVE ( 'NONE', #41, #5693, #1384, .T. ) ;
#3895 = LINE ( 'NONE', #6291, #8668 ) ;
#3896 = CYLINDRICAL_SURFACE ( 'NONE', #8195, 4.000000000000000000 ) ;
#3897 = EDGE_CURVE ( 'NONE', #1947, #6846, #5216, .T. ) ;
#3898 = CARTESIAN_POINT ( 'NONE',  ( -7.821423455390948298, -48.46090433745013826, 35.14037974935528297 ) ) ;
#3899 = CARTESIAN_POINT ( 'NONE',  ( -8.988680145787768083, -42.68981258794791955, 33.70221897719482484 ) ) ;
#3900 = ORIENTED_EDGE ( 'NONE', *, *, #939, .F. ) ;
#3901 = CIRCLE ( 'NONE', #9503, 1.500000000000013989 ) ;
#3902 = ORIENTED_EDGE ( 'NONE', *, *, #825, .F. ) ;
#3903 = EDGE_CURVE ( 'NONE', #3380, #8220, #942, .T. ) ;
#3904 = CARTESIAN_POINT ( 'NONE',  ( 11.95599184493493716, -39.95624346417498174, -33.04407806090952704 ) ) ;
#3905 = DIRECTION ( 'NONE',  ( -0.0000000000000000000, -1.000000000000000000, -0.0000000000000000000 ) ) ;
#3906 = AXIS2_PLACEMENT_3D ( 'NONE', #7895, #4222, #7285 ) ;
#3907 = CARTESIAN_POINT ( 'NONE',  ( -7.199440529403181799, -43.34524337589970600, 33.99272616532616809 ) ) ;
#3908 = CARTESIAN_POINT ( 'NONE',  ( 6.410735112907668842, -64.06645939774702470, 29.91379131214870668 ) ) ;
#3909 = CARTESIAN_POINT ( 'NONE',  ( 35.57903941170044249, -48.56860215270889114, 5.662750523018048376 ) ) ;
#3910 = CARTESIAN_POINT ( 'NONE',  ( -23.99557138194621331, 18.99999999863446121, -21.54535862879867736 ) ) ;
#3911 = CARTESIAN_POINT ( 'NONE',  ( 2.337831075094086941, -57.69528391867243045, 54.50000000003966960 ) ) ;
#3912 = CARTESIAN_POINT ( 'NONE',  ( -24.51509896203211980, -42.91659988529465863, -26.36333781983205427 ) ) ;
#3913 = CARTESIAN_POINT ( 'NONE',  ( 5.750000000000122569, -63.00000000000001421, -32.79999999999999716 ) ) ;
#3914 = ORIENTED_EDGE ( 'NONE', *, *, #5177, .F. ) ;
#3915 = PERSON_AND_ORGANIZATION_ROLE ( 'design_supplier' ) ;
#3916 = CARTESIAN_POINT ( 'NONE',  ( -1.749997215241011927, -65.30312196202962127, -35.95744025576124159 ) ) ;
#3917 =( BOUNDED_SURFACE ( )  B_SPLINE_SURFACE ( 3, 3, ( 
 ( #5151, #9150, #2938, #4437, #1539, #6892, #5291, #7649, #8212, #1341, #7452, #587, #3640, #6695, #2887, #7499, #974, #3080, #5478, #126, #6230, #8594, #910, #6130 ),
 ( #4028, #5523, #3977, #9392, #2523, #7036, #5576, #8545, #181, #6280, #1025, #1722, #228, #8649, #9198, #824, #9345, #3882, #9243, #7841, #7087, #2376, #5432, #8502 ),
 ( #1074, #5677, #650, #6141, #6289, #8711, #7298, #583, #3736, #5146, #4342, #9754, #1535, #3271, #6672, #7380, #7132, #9731, #8888, #3521, #2579, #564, #7428, #4878 ),
 ( #6327, #9389, #7941, #8133, #5627, #1777, #515, #5860, #3319, #9639, #2860, #7182, #8700, #1823, #2011, #2520, #5066, #5572, #4124, #970, #8931, #1072, #1021, #3620 ),
 ( #464, #5911, #9683, #4829, #8188, #8985, #6574, #6381, #7890, #2761, #3573, #4318, #5812, #1263, #8645, #4078, #6625, #274, #2810, #2062, #5119, #1319, #4370, #2116 ),
 ( #5171, #4025, #7084, #6110, #8333, #1467, #5961, #2349, #6918, #2161, #706, #63, #8423, #8380, #4514, #6158, #1560, #5214, #6724, #9783, #8280, #2911, #9032, #4608 ),
 ( #7475, #8234, #9220, #3106, #9873, #7676, #1365, #4418, #2208, #9176, #6005, #609, #2309, #802, #1411, #6817, #9128, #3668, #3862, #4464, #7529, #5264, #5315, #2958 ) ),
 .UNSPECIFIED., .T., .F., .F. ) 
 B_SPLINE_SURFACE_WITH_KNOTS ( ( 4, 3, 4 ),
 ( 4, 2, 2, 2, 2, 2, 2, 2, 2, 2, 2, 4 ),
 ( 0.0000000000000000000, 0.5000000000000000000, 1.000000000000000000 ),
 ( -0.05123971945241377612, -0.02561985972620688806, -0.01280992986310344403, 0.0000000000000000000, 0.01562500000000000000, 0.03125000000000000000, 0.06250000000000000000, 0.1250000000000000000, 0.2500000000000000000, 0.5000000000000000000, 0.7500000000000000000, 1.000000000000000000 ),
 .UNSPECIFIED. ) 
 GEOMETRIC_REPRESENTATION_ITEM ( )  RATIONAL_B_SPLINE_SURFACE ( (
 ( 1.000000000000000000, 1.000000000000000000, 1.000000000000000000, 1.000000000000000000, 1.000000000000000000, 1.000000000000000000, 1.000000000000000000, 1.000000000000000000, 1.000000000000000000, 1.000000000000000000, 1.000000000000000000, 1.000000000000000000, 1.000000000000000000, 1.000000000000000000, 1.000000000000000000, 1.000000000000000000, 1.000000000000000000, 1.000000000000000000, 1.000000000000000000, 1.000000000000000000, 1.000000000000000000, 1.000000000000000000, 1.000000000000000000, 1.000000000000000000),
 ( 0.3333333333333333703, 0.3333333333333333703, 0.3333333333333333703, 0.3333333333333333703, 0.3333333333333333703, 0.3333333333333333703, 0.3333333333333333703, 0.3333333333333333703, 0.3333333333333333703, 0.3333333333333333703, 0.3333333333333333703, 0.3333333333333333703, 0.3333333333333333703, 0.3333333333333333703, 0.3333333333333333703, 0.3333333333333333703, 0.3333333333333333703, 0.3333333333333333703, 0.3333333333333333703, 0.3333333333333333703, 0.3333333333333333703, 0.3333333333333333703, 0.3333333333333333703, 0.3333333333333333703),
 ( 0.3333333333333333703, 0.3333333333333333703, 0.3333333333333333703, 0.3333333333333333703, 0.3333333333333333703, 0.3333333333333333703, 0.3333333333333333703, 0.3333333333333333703, 0.3333333333333333703, 0.3333333333333333703, 0.3333333333333333703, 0.3333333333333333703, 0.3333333333333333703, 0.3333333333333333703, 0.3333333333333333703, 0.3333333333333333703, 0.3333333333333333703, 0.3333333333333333703, 0.3333333333333333703, 0.3333333333333333703, 0.3333333333333333703, 0.3333333333333333703, 0.3333333333333333703, 0.3333333333333333703),
 ( 1.000000000000000000, 1.000000000000000000, 1.000000000000000000, 1.000000000000000000, 1.000000000000000000, 1.000000000000000000, 1.000000000000000000, 1.000000000000000000, 1.000000000000000000, 1.000000000000000000, 1.000000000000000000, 1.000000000000000000, 1.000000000000000000, 1.000000000000000000, 1.000000000000000000, 1.000000000000000000, 1.000000000000000000, 1.000000000000000000, 1.000000000000000000, 1.000000000000000000, 1.000000000000000000, 1.000000000000000000, 1.000000000000000000, 1.000000000000000000),
 ( 0.3333333333333333703, 0.3333333333333333703, 0.3333333333333333703, 0.3333333333333333703, 0.3333333333333333703, 0.3333333333333333703, 0.3333333333333333703, 0.3333333333333333703, 0.3333333333333333703, 0.3333333333333333703, 0.3333333333333333703, 0.3333333333333333703, 0.3333333333333333703, 0.3333333333333333703, 0.3333333333333333703, 0.3333333333333333703, 0.3333333333333333703, 0.3333333333333333703, 0.3333333333333333703, 0.3333333333333333703, 0.3333333333333333703, 0.3333333333333333703, 0.3333333333333333703, 0.3333333333333333703),
 ( 0.3333333333333333703, 0.3333333333333333703, 0.3333333333333333703, 0.3333333333333333703, 0.3333333333333333703, 0.3333333333333333703, 0.3333333333333333703, 0.3333333333333333703, 0.3333333333333333703, 0.3333333333333333703, 0.3333333333333333703, 0.3333333333333333703, 0.3333333333333333703, 0.3333333333333333703, 0.3333333333333333703, 0.3333333333333333703, 0.3333333333333333703, 0.3333333333333333703, 0.3333333333333333703, 0.3333333333333333703, 0.3333333333333333703, 0.3333333333333333703, 0.3333333333333333703, 0.3333333333333333703),
 ( 1.000000000000000000, 1.000000000000000000, 1.000000000000000000, 1.000000000000000000, 1.000000000000000000, 1.000000000000000000, 1.000000000000000000, 1.000000000000000000, 1.000000000000000000, 1.000000000000000000, 1.000000000000000000, 1.000000000000000000, 1.000000000000000000, 1.000000000000000000, 1.000000000000000000, 1.000000000000000000, 1.000000000000000000, 1.000000000000000000, 1.000000000000000000, 1.000000000000000000, 1.000000000000000000, 1.000000000000000000, 1.000000000000000000, 1.000000000000000000) ) ) 
 REPRESENTATION_ITEM ( '' )  SURFACE ( )  );
#3918 = CARTESIAN_POINT ( 'NONE',  ( -1.500000000000000888, 18.50000000000000000, -32.50000000000000000 ) ) ;
#3919 = VERTEX_POINT ( 'NONE', #8191 ) ;
#3920 = ORIENTED_EDGE ( 'NONE', *, *, #394, .T. ) ;
#3921 = CARTESIAN_POINT ( 'NONE',  ( -26.87397920717290489, -45.98836728936426255, -23.96990720069103986 ) ) ;
#3922 = DIRECTION ( 'NONE',  ( 0.0000000000000000000, 1.000000000000000000, 0.0000000000000000000 ) ) ;
#3923 = CARTESIAN_POINT ( 'NONE',  ( 5.336458585639755725, -49.05750786588929202, -35.60235627232250977 ) ) ;
#3924 = CARTESIAN_POINT ( 'NONE',  ( -9.785285515571201742, 21.58881585764795119, -34.64548072873087392 ) ) ;
#3925 = CARTESIAN_POINT ( 'NONE',  ( -2.432677179746417728, -50.58801427666369221, 35.92079962666499426 ) ) ;
#3926 = ORIENTED_EDGE ( 'NONE', *, *, #3313, .T. ) ;
#3927 = ORIENTED_EDGE ( 'NONE', *, *, #7493, .F. ) ;
#3928 = CARTESIAN_POINT ( 'NONE',  ( -30.22827043852904794, -49.51758980900675766, -19.55722336348190638 ) ) ;
#3929 = EDGE_CURVE ( 'NONE', #1930, #2276, #6627, .T. ) ;
#3930 = CARTESIAN_POINT ( 'NONE',  ( -28.90454431310840278, -38.88011166095088811, 14.32570625801733399 ) ) ;
#3931 = ORIENTED_EDGE ( 'NONE', *, *, #8857, .T. ) ;
#3932 = CARTESIAN_POINT ( 'NONE',  ( -12.12435565298216211, -4.218870601592714655E-14, 32.99999999999998579 ) ) ;
#3933 = EDGE_LOOP ( 'NONE', ( #8467, #5630, #6283, #1191 ) ) ;
#3934 = DIRECTION ( 'NONE',  ( -0.9784759524638702022, 0.2063608743195325945, 0.0000000000000000000 ) ) ;
#3935 = DIRECTION ( 'NONE',  ( 0.0000000000000000000, 0.0000000000000000000, 1.000000000000000000 ) ) ;
#3936 = EDGE_CURVE ( 'NONE', #1360, #8016, #3670, .T. ) ;
#3937 = CYLINDRICAL_SURFACE ( 'NONE', #4818, 9.800000000000006040 ) ;
#3938 = LINE ( 'NONE', #142, #3728 ) ;
#3939 = CARTESIAN_POINT ( 'NONE',  ( -10.61467954739489983, -47.38835811655673069, 34.39955976918632530 ) ) ;
#3940 = CARTESIAN_POINT ( 'NONE',  ( -11.16591902807765457, 20.45877362408530331, 34.22493484977641742 ) ) ;
#3941 = ORIENTED_EDGE ( 'NONE', *, *, #6151, .T. ) ;
#3942 = EDGE_CURVE ( 'NONE', #2730, #8722, #4782, .T. ) ;
#3943 = ADVANCED_FACE ( 'NONE', ( #6342 ), #4091, .F. ) ;
#3944 = ORIENTED_EDGE ( 'NONE', *, *, #5971, .T. ) ;
#3945 = CARTESIAN_POINT ( 'NONE',  ( 10.98172296038004703, -41.37185640942451670, -33.28381711497466711 ) ) ;
#3946 = EDGE_CURVE ( 'NONE', #6707, #6879, #6820, .T. ) ;
#3947 = CYLINDRICAL_SURFACE ( 'NONE', #6686, 1.500000000000001332 ) ;
#3948 = CARTESIAN_POINT ( 'NONE',  ( -26.05993904166374264, -28.18309539063449165, 17.83417197025929113 ) ) ;
#3949 = DIRECTION ( 'NONE',  ( -6.308085367188395171E-15, 1.000000000000000000, 0.0000000000000000000 ) ) ;
#3950 = CARTESIAN_POINT ( 'NONE',  ( -7.619067628221114497, -62.26294213107502884, 30.36786714009772581 ) ) ;
#3951 = CARTESIAN_POINT ( 'NONE',  ( 28.63590074709602007, -38.54635798506991051, 22.78723285523275877 ) ) ;
#3952 = DIRECTION ( 'NONE',  ( 0.0000000000000000000, 0.0000000000000000000, 1.000000000000000000 ) ) ;
#3953 = EDGE_CURVE ( 'NONE', #3348, #6337, #4609, .T. ) ;
#3954 = CARTESIAN_POINT ( 'NONE',  ( -19.12945084074208424, 18.99999994851253149, -28.66733153530567080 ) ) ;
#3955 = AXIS2_PLACEMENT_3D ( 'NONE', #748, #9173, #9870 ) ;
#3956 = CARTESIAN_POINT ( 'NONE',  ( -24.05991805617725632, 18.99999999963179675, 21.30773805023530088 ) ) ;
#3957 = CARTESIAN_POINT ( 'NONE',  ( -19.34270999214905018, -31.04955477024359212, -30.36219444332535033 ) ) ;
#3958 = CARTESIAN_POINT ( 'NONE',  ( -8.473850318256610947, -58.51286240491764090, 37.50000000000008527 ) ) ;
#3959 = VERTEX_POINT ( 'NONE', #1037 ) ;
#3960 = APPROVAL_STATUS ( 'not_yet_approved' ) ;
#3961 = AXIS2_PLACEMENT_3D ( 'NONE', #838, #4739, #8659 ) ;
#3962 = CARTESIAN_POINT ( 'NONE',  ( -1.520502603436564293, -64.42612969787090549, -35.96793139342010903 ) ) ;
#3963 = APPROVAL_PERSON_ORGANIZATION ( #2170, #3841, #8942 ) ;
#3964 = ADVANCED_FACE ( 'NONE', ( #6397 ), #1470, .T. ) ;
#3965 = FACE_OUTER_BOUND ( 'NONE', #1183, .T. ) ;
#3966 = ORIENTED_EDGE ( 'NONE', *, *, #7757, .T. ) ;
#3967 = AXIS2_PLACEMENT_3D ( 'NONE', #2563, #7922, #8686 ) ;
#3968 = CARTESIAN_POINT ( 'NONE',  ( -29.18575627943031847, -39.72589595343845303, -21.98867081519390965 ) ) ;
#3969 = CIRCLE ( 'NONE', #9586, 35.79999999999999716 ) ;
#3970 = ORIENTED_EDGE ( 'NONE', *, *, #540, .T. ) ;
#3971 = DIRECTION ( 'NONE',  ( 1.000000000000000000, 7.232542356195668733E-15, 1.054711873393889642E-15 ) ) ;
#3972 = CARTESIAN_POINT ( 'NONE',  ( 14.67146620040684901, -44.40186948805298783, -32.87488888810926113 ) ) ;
#3973 = CARTESIAN_POINT ( 'NONE',  ( -4.027117577838463802, 18.53635179366754926, -35.77408570049081504 ) ) ;
#3974 = VECTOR ( 'NONE', #4901, 1000.000000000000000 ) ;
#3975 = DIRECTION ( 'NONE',  ( 0.0000000000000000000, -1.000000000000000000, 0.0000000000000000000 ) ) ;
#3976 = CARTESIAN_POINT ( 'NONE',  ( 4.708023989467530868, -51.46419176194513057, 35.69357230604489217 ) ) ;
#3977 = CARTESIAN_POINT ( 'NONE',  ( -2.866680389532943352, -53.02403828085614634, 54.99728983753417566 ) ) ;
#3978 = ORIENTED_EDGE ( 'NONE', *, *, #8673, .F. ) ;
#3979 = CIRCLE ( 'NONE', #9438, 8.750000000000001776 ) ;
#3980 = ORIENTED_EDGE ( 'NONE', *, *, #6966, .T. ) ;
#3981 = LINE ( 'NONE', #1172, #1668 ) ;
#3982 = AXIS2_PLACEMENT_3D ( 'NONE', #6864, #6060, #2265 ) ;
#3983 = FACE_BOUND ( 'NONE', #7563, .T. ) ;
#3984 = ADVANCED_FACE ( 'NONE', ( #3991 ), #6292, .F. ) ;
#3985 = DIRECTION ( 'NONE',  ( -1.000000000000000000, -0.0000000000000000000, 2.861551616642210332E-16 ) ) ;
#3986 = ORIENTED_EDGE ( 'NONE', *, *, #6419, .F. ) ;
#3987 = CARTESIAN_POINT ( 'NONE',  ( 0.6030941373283175144, -52.68634731564345941, 30.12126631172883862 ) ) ;
#3988 = CIRCLE ( 'NONE', #6221, 8.249999999999998224 ) ;
#3989 = CARTESIAN_POINT ( 'NONE',  ( -8.196491563582487316, -59.36190296444593884, 37.50000000000008527 ) ) ;
#3990 = FACE_OUTER_BOUND ( 'NONE', #7734, .T. ) ;
#3991 = FACE_OUTER_BOUND ( 'NONE', #7307, .T. ) ;
#3992 = FACE_OUTER_BOUND ( 'NONE', #957, .T. ) ;
#3993 = CARTESIAN_POINT ( 'NONE',  ( -4.747707828847035572, -49.16184150952307164, 35.68682911473837294 ) ) ;
#3994 = CARTESIAN_POINT ( 'NONE',  ( 1.500000000000001110, 18.50000000000000000, -33.50000000000000000 ) ) ;
#3995 = ORIENTED_EDGE ( 'NONE', *, *, #1267, .T. ) ;
#3996 = VECTOR ( 'NONE', #8941, 1000.000000000000000 ) ;
#3997 = ORIENTED_EDGE ( 'NONE', *, *, #9407, .F. ) ;
#3998 = CARTESIAN_POINT ( 'NONE',  ( 0.2425729331559049462, -63.79164485736091450, 54.32953228608148777 ) ) ;
#3999 = AXIS2_PLACEMENT_3D ( 'NONE', #1091, #7051, #1649 ) ;
#4000 = CARTESIAN_POINT ( 'NONE',  ( -10.10000000000000675, 18.00000000000001421, 32.99999999999998579 ) ) ;
#4001 = CARTESIAN_POINT ( 'NONE',  ( -32.23302635983784370, -44.30684216883242499, 5.200831644409473320 ) ) ;
#4002 = DIRECTION ( 'NONE',  ( -6.308085367188395171E-15, 1.000000000000000000, 0.0000000000000000000 ) ) ;
#4003 = CARTESIAN_POINT ( 'NONE',  ( 7.147577899139289315, -60.57266267173712038, 29.64662843120276747 ) ) ;
#4004 = DIRECTION ( 'NONE',  ( -1.054711873393889642E-15, 1.276710262284678586E-15, 1.000000000000000000 ) ) ;
#4005 = CARTESIAN_POINT ( 'NONE',  ( 31.98071824783407635, -51.10905612278336463, 16.53976077901656083 ) ) ;
#4006 = CARTESIAN_POINT ( 'NONE',  ( -50.00000000000004263, 5.000000000000000888, -30.00000000000000000 ) ) ;
#4007 = VECTOR ( 'NONE', #859, 1000.000000000000000 ) ;
#4008 = CARTESIAN_POINT ( 'NONE',  ( -21.19605896137279188, 18.99999996848446315, -26.73840248072477266 ) ) ;
#4009 = DIRECTION ( 'NONE',  ( 0.0000000000000000000, -0.0000000000000000000, -1.000000000000000000 ) ) ;
#4010 = CARTESIAN_POINT ( 'NONE',  ( 4.006127797638059328E-13, -60.29999999999996163, 32.10000000000006537 ) ) ;
#4011 = CARTESIAN_POINT ( 'NONE',  ( -6.177443301524855102, -55.42736954103492764, 30.36786714008695043 ) ) ;
#4012 = EDGE_LOOP ( 'NONE', ( #2835 ) ) ;
#4013 = VECTOR ( 'NONE', #6890, 1000.000000000000000 ) ;
#4014 = DATE_AND_TIME ( #7825, #6697 ) ;
#4015 = DIRECTION ( 'NONE',  ( 0.0000000000000000000, 0.0000000000000000000, 1.000000000000000000 ) ) ;
#4016 = CC_DESIGN_PERSON_AND_ORGANIZATION_ASSIGNMENT ( #5222, #4426, ( #1205 ) ) ;
#4017 = LINE ( 'NONE', #2515, #8501 ) ;
#4018 = EDGE_LOOP ( 'NONE', ( #1671, #9400, #8359, #7761 ) ) ;
#4019 = CARTESIAN_POINT ( 'NONE',  ( -28.00789911004490662, -47.27067335318914587, -22.63459292938237155 ) ) ;
#4020 = EDGE_LOOP ( 'NONE', ( #1446, #4984, #3332, #3900 ) ) ;
#4021 = EDGE_CURVE ( 'NONE', #9517, #9517, #5086, .T. ) ;
#4022 = DIRECTION ( 'NONE',  ( -1.000000000000000000, 0.0000000000000000000, 0.0000000000000000000 ) ) ;
#4023 = CARTESIAN_POINT ( 'NONE',  ( 34.50000000000039790, -56.49999999999975131, 1.190636249526422660E-13 ) ) ;
#4024 = CARTESIAN_POINT ( 'NONE',  ( -50.00000000000004263, 23.00000000000000000, -30.00000000000000000 ) ) ;
#4025 = CARTESIAN_POINT ( 'NONE',  ( 7.458819733580774880, -62.29156468293757598, 53.12467805706647539 ) ) ;
#4026 = CARTESIAN_POINT ( 'NONE',  ( -11.58430324260730870, 16.20486697078047911, -34.08541695424504780 ) ) ;
#4027 = CARTESIAN_POINT ( 'NONE',  ( 0.0000000000000000000, 0.0000000000000000000, 25.50000000000000355 ) ) ;
#4028 = CARTESIAN_POINT ( 'NONE',  ( -2.885241013118024167, -53.00737942006848868, 54.80217159188972431 ) ) ;
#4029 = VERTEX_POINT ( 'NONE', #8562 ) ;
#4030 = ORIENTED_EDGE ( 'NONE', *, *, #463, .F. ) ;
#4031 = CYLINDRICAL_SURFACE ( 'NONE', #9680, 8.249999999999998224 ) ;
#4032 = DIRECTION ( 'NONE',  ( 0.0000000000000000000, 0.0000000000000000000, 1.000000000000000000 ) ) ;
#4033 = CARTESIAN_POINT ( 'NONE',  ( -20.96597511693467197, -36.48133277834657662, 29.26707343156914831 ) ) ;
#4034 = CARTESIAN_POINT ( 'NONE',  ( 23.02564765341343644, 18.99999998344640417, 24.02673217128798910 ) ) ;
#4035 = ORIENTED_EDGE ( 'NONE', *, *, #8199, .F. ) ;
#4036 = CARTESIAN_POINT ( 'NONE',  ( 5.373778970653383544E-13, -74.30000000000003979, 9.485957248775234481E-14 ) ) ;
#4037 = DIRECTION ( 'NONE',  ( 0.0000000000000000000, -1.000000000000000000, 1.276710262284678586E-15 ) ) ;
#4038 = CARTESIAN_POINT ( 'NONE',  ( 5.500000000000006217, -4.750000000000000888, 19.50000000000000000 ) ) ;
#4039 = CARTESIAN_POINT ( 'NONE',  ( -4.812516525152871871, -56.68067622600660371, 32.14288180125696925 ) ) ;
#4040 = DIRECTION ( 'NONE',  ( -3.539560450750560712E-15, -1.000000000000000000, 1.978674444587006716E-15 ) ) ;
#4041 = CARTESIAN_POINT ( 'NONE',  ( 3.610255273455755809, -49.32288185377334599, 35.81984762461236471 ) ) ;
#4042 = CARTESIAN_POINT ( 'NONE',  ( -14.39665897009098572, -40.40498562628838641, 33.08552064039744778 ) ) ;
#4043 = ORIENTED_EDGE ( 'NONE', *, *, #7487, .T. ) ;
#4044 = B_SPLINE_CURVE_WITH_KNOTS ( 'NONE', 3,
 ( #5972, #5822, #4274, #8898, #9694, #6681, #3681, #2819, #8944, #9840, #2968, #9743, #2924, #1422, #8290, #8246, #5075, #2077, #8846, #1972, #5137, #5028, #8093, #7339, #8200, #5925, #4382, #9647, #6737, #3534, #8146, #6587, #1278, #7393, #7438, #3629, #2873, #2127, #9000, #4622, #5275, #812, #7021, #7588, #9884, #6827, #7686, #7637, #1525, #1480 ),
 .UNSPECIFIED., .F., .F.,
 ( 4, 2, 2, 2, 2, 2, 2, 2, 2, 2, 2, 2, 2, 2, 2, 2, 2, 2, 2, 2, 2, 2, 2, 2, 4 ),
 ( 0.0000000000000000000, 0.06250000000000001388, 0.09375000000000001388, 0.1250000000000000000, 0.1875000000000000000, 0.2187499999999999722, 0.2500000000000000000, 0.3125000000000000000, 0.3750000000000000000, 0.4062500000000000000, 0.4374999999999999445, 0.4687499999999999445, 0.5000000000000000000, 0.5625000000000000000, 0.5937500000000000000, 0.6250000000000000000, 0.6875000000000000000, 0.7187500000000001110, 0.7500000000000000000, 0.8125000000000000000, 0.8437500000000000000, 0.8749999999999998890, 0.9374999999999998890, 0.9687500000000000000, 1.000000000000000000 ),
 .UNSPECIFIED. ) ;
#4045 = CARTESIAN_POINT ( 'NONE',  ( -5.749999999999870326, 18.24833147735481020, 32.79999999999999716 ) ) ;
#4046 = EDGE_LOOP ( 'NONE', ( #7609, #9236 ) ) ;
#4047 = DIRECTION ( 'NONE',  ( -0.0000000000000000000, 1.000000000000000000, 0.0000000000000000000 ) ) ;
#4048 = VERTEX_POINT ( 'NONE', #9564 ) ;
#4049 = CARTESIAN_POINT ( 'NONE',  ( -29.22935252202828593, -39.54215443014108189, 13.78519869123080532 ) ) ;
#4050 = CARTESIAN_POINT ( 'NONE',  ( 1.398661582160184945E-16, 18.50000000000000000, -32.50000000000000000 ) ) ;
#4051 = CARTESIAN_POINT ( 'NONE',  ( 5.083306010855898727, -57.11252450989805141, 32.10000000000006537 ) ) ;
#4052 = CARTESIAN_POINT ( 'NONE',  ( 8.196491563583283124, -61.23809703555399864, 37.50000000000008527 ) ) ;
#4053 = CARTESIAN_POINT ( 'NONE',  ( 35.19050536564913756, -48.17532411250500246, 7.816193010537792141 ) ) ;
#4054 = AXIS2_PLACEMENT_3D ( 'NONE', #1049, #4004, #4206 ) ;
#4055 = CARTESIAN_POINT ( 'NONE',  ( -1.131100109970917478, -68.08613805904134608, 32.00000000000008527 ) ) ;
#4056 = CARTESIAN_POINT ( 'NONE',  ( -21.86717884092503184, 18.99999992376389102, -25.89902265567178929 ) ) ;
#4057 = DIRECTION ( 'NONE',  ( -0.0000000000000000000, -1.000000000000000000, -0.0000000000000000000 ) ) ;
#4058 = CARTESIAN_POINT ( 'NONE',  ( 7.877239002199411644, -62.75185760235675758, 37.50000000000008527 ) ) ;
#4059 = CARTESIAN_POINT ( 'NONE',  ( 5.097033906054093677E-13, -65.30000000000003979, -34.99999999999992184 ) ) ;
#4060 = AXIS2_PLACEMENT_3D ( 'NONE', #7559, #9061, #688 ) ;
#4061 = ADVANCED_FACE ( 'NONE', ( #2541 ), #7580, .T. ) ;
#4062 = FACE_OUTER_BOUND ( 'NONE', #5396, .T. ) ;
#4063 = VERTEX_POINT ( 'NONE', #2267 ) ;
#4064 = ITEM_DEFINED_TRANSFORMATION ( 'NONE', 'NONE', #9408,  #9567 ) ;
#4065 = FACE_OUTER_BOUND ( 'NONE', #2484, .T. ) ;
#4066 = ADVANCED_FACE ( 'NONE', ( #1737 ), #5318, .T. ) ;
#4067 = FACE_OUTER_BOUND ( 'NONE', #2870, .T. ) ;
#4068 = DIRECTION ( 'NONE',  ( 1.000000000000000000, 0.0000000000000000000, -3.491564676272315652E-12 ) ) ;
#4069 = AXIS2_PLACEMENT_3D ( 'NONE', #7332, #6631, #2072 ) ;
#4070 = CARTESIAN_POINT ( 'NONE',  ( 5.083306010855960011, -63.48747549010177949, 32.10000000000007248 ) ) ;
#4071 = EDGE_CURVE ( 'NONE', #2671, #3682, #5247, .T. ) ;
#4072 = VERTEX_POINT ( 'NONE', #1984 ) ;
#4073 = FACE_OUTER_BOUND ( 'NONE', #1669, .T. ) ;
#4074 = CARTESIAN_POINT ( 'NONE',  ( 17.67766952966358929, 1.049999999999998046, -14.37766952966378753 ) ) ;
#4075 = EDGE_CURVE ( 'NONE', #8915, #6859, #4456, .T. ) ;
#4076 = DIRECTION ( 'NONE',  ( -1.000000000000000000, -6.938893903907234689E-15, 0.0000000000000000000 ) ) ;
#4077 = AXIS2_PLACEMENT_3D ( 'NONE', #9671, #6560, #6502 ) ;
#4078 = CARTESIAN_POINT ( 'NONE',  ( 2.884156711156222297, -67.59164737796092481, 53.98532386601936395 ) ) ;
#4079 = CARTESIAN_POINT ( 'NONE',  ( -10.00397106793777979, 14.52871390111545402, -34.58280037222039027 ) ) ;
#4080 = CARTESIAN_POINT ( 'NONE',  ( 26.63626606665436469, -32.35345845005618060, -25.48297413638246667 ) ) ;
#4081 = ORIENTED_EDGE ( 'NONE', *, *, #1389, .T. ) ;
#4082 = ADVANCED_FACE ( 'NONE', ( #7301, #4944 ), #5041, .F. ) ;
#4083 = ORIENTED_EDGE ( 'NONE', *, *, #9116, .F. ) ;
#4084 = LINE ( 'NONE', #4932, #3099 ) ;
#4085 = CARTESIAN_POINT ( 'NONE',  ( -27.12017325110974397, -34.24922875946707279, 24.85715404314613153 ) ) ;
#4086 = CARTESIAN_POINT ( 'NONE',  ( 23.88339025935215787, 18.99999998446399729, 21.92277339764190813 ) ) ;
#4087 = EDGE_LOOP ( 'NONE', ( #2322 ) ) ;
#4088 = CARTESIAN_POINT ( 'NONE',  ( -16.56778235804842581, -40.83661544280782607, -31.96112654765919459 ) ) ;
#4089 = CARTESIAN_POINT ( 'NONE',  ( -29.99999999999947420, -74.30000000000026716, 9.485957248775233218E-14 ) ) ;
#4090 = CARTESIAN_POINT ( 'NONE',  ( -5.509491565777013378, -54.68316494635129033, 30.50000000000007816 ) ) ;
#4091 = PLANE ( 'NONE',  #5268 ) ;
#4092 = FACE_OUTER_BOUND ( 'NONE', #9018, .T. ) ;
#4093 = CARTESIAN_POINT ( 'NONE',  ( -2.383603186325332413, -49.44343758543416811, 35.92132783876370183 ) ) ;
#4094 = CARTESIAN_POINT ( 'NONE',  ( -15.20546256071819080, -43.74371281890401519, 32.63210893384511735 ) ) ;
#4095 = ORIENTED_EDGE ( 'NONE', *, *, #2351, .T. ) ;
#4096 = CARTESIAN_POINT ( 'NONE',  ( -7.738210134559829534, -62.82786548562513218, 32.00000000000008527 ) ) ;
#4097 = VERTEX_POINT ( 'NONE', #4287 ) ;
#4098 = LINE ( 'NONE', #6349, #6718 ) ;
#4099 = CARTESIAN_POINT ( 'NONE',  ( -17.67766952966358929, 0.0000000000000000000, -14.37766952966378753 ) ) ;
#4100 = CYLINDRICAL_SURFACE ( 'NONE', #5897, 9.799999999999998934 ) ;
#4101 = CARTESIAN_POINT ( 'NONE',  ( -11.70713485823401001, -40.51209388466998007, 33.10794738367710011 ) ) ;
#4102 = CARTESIAN_POINT ( 'NONE',  ( -6.177443301522911767, -55.42736954102571900, 32.00000000000008527 ) ) ;
#4103 = CARTESIAN_POINT ( 'NONE',  ( 1.238429931521567440E-13, 0.0000000000000000000, -3.269102988655022197E-15 ) ) ;
#4104 = CARTESIAN_POINT ( 'NONE',  ( 30.22960059860341175, -41.36513028261456526, 11.85322599914057484 ) ) ;
#4105 = DIRECTION ( 'NONE',  ( 0.0000000000000000000, 1.000000000000000000, 0.0000000000000000000 ) ) ;
#4106 = CARTESIAN_POINT ( 'NONE',  ( -22.34101663772254653, 18.99999997473405955, -25.21239474199050434 ) ) ;
#4107 = EDGE_LOOP ( 'NONE', ( #9650, #4030, #3914, #6404 ) ) ;
#4108 = CARTESIAN_POINT ( 'NONE',  ( -16.78756936566699665, -72.30000000000016769, -31.84615384615376854 ) ) ;
#4109 = CARTESIAN_POINT ( 'NONE',  ( -9.744873993717396488, -42.28296439891730785, -33.55301009817188174 ) ) ;
#4110 = DIRECTION ( 'NONE',  ( 0.0000000000000000000, 0.0000000000000000000, 1.000000000000000000 ) ) ;
#4111 = ORIENTED_EDGE ( 'NONE', *, *, #3642, .F. ) ;
#4112 = COORDINATED_UNIVERSAL_TIME_OFFSET ( 8, 0, .AHEAD. ) ;
#4113 = DIRECTION ( 'NONE',  ( 1.000000000000000000, -0.0000000000000000000, 0.0000000000000000000 ) ) ;
#4114 = FACE_OUTER_BOUND ( 'NONE', #2990, .T. ) ;
#4115 = AXIS2_PLACEMENT_3D ( 'NONE', #7263, #398, #4956 ) ;
#4116 = EDGE_CURVE ( 'NONE', #1541, #7781, #766, .T. ) ;
#4117 = CARTESIAN_POINT ( 'NONE',  ( -7.534602651343590196, -62.95265029344145091, 30.48585690299188755 ) ) ;
#4118 = ORIENTED_EDGE ( 'NONE', *, *, #961, .F. ) ;
#4119 = DIRECTION ( 'NONE',  ( -7.867546706605221964E-17, 1.659267980001546522E-17, -1.000000000000000000 ) ) ;
#4120 = DIRECTION ( 'NONE',  ( 1.000000000000000000, 0.0000000000000000000, 0.0000000000000000000 ) ) ;
#4121 = ADVANCED_FACE ( 'NONE', ( #2741 ), #2688, .T. ) ;
#4122 = AXIS2_PLACEMENT_3D ( 'NONE', #5400, #3199, #4659 ) ;
#4123 = CARTESIAN_POINT ( 'NONE',  ( -25.09999999999952180, -66.80000000000016769, 17.33303027798239526 ) ) ;
#4124 = CARTESIAN_POINT ( 'NONE',  ( -1.232539084243214678, -63.89675739507291752, 58.23739165897327297 ) ) ;
#4125 = CARTESIAN_POINT ( 'NONE',  ( -29.99999999999955591, -56.50000000000021316, -19.89974874213234912 ) ) ;
#4126 = AXIS2_PLACEMENT_3D ( 'NONE', #8513, #240, #1035 ) ;
#4127 = ORIENTED_EDGE ( 'NONE', *, *, #3471, .F. ) ;
#4128 = VERTEX_POINT ( 'NONE', #7405 ) ;
#4129 = VECTOR ( 'NONE', #8036, 1000.000000000000000 ) ;
#4130 = DIRECTION ( 'NONE',  ( 0.0000000000000000000, -0.0000000000000000000, -1.000000000000000000 ) ) ;
#4131 = CARTESIAN_POINT ( 'NONE',  ( -27.39273627770696606, -35.04987063144243109, 16.42500160981686008 ) ) ;
#4132 = CARTESIAN_POINT ( 'NONE',  ( 22.79154506138605640, 18.99999999998003730, 24.46195442622658334 ) ) ;
#4133 = VERTEX_POINT ( 'NONE', #8104 ) ;
#4134 = AXIS2_PLACEMENT_3D ( 'NONE', #5342, #4939, #7560 ) ;
#4135 = DIRECTION ( 'NONE',  ( -1.054711873393889642E-15, 1.276710262284678586E-15, 1.000000000000000000 ) ) ;
#4136 = FACE_OUTER_BOUND ( 'NONE', #479, .T. ) ;
#4137 = CARTESIAN_POINT ( 'NONE',  ( 1.161441649360091866, -64.41157511332606589, -32.47951424408342547 ) ) ;
#4138 = CIRCLE ( 'NONE', #4301, 2.100000000000006306 ) ;
#4139 = VECTOR ( 'NONE', #396, 1000.000000000000000 ) ;
#4140 = CARTESIAN_POINT ( 'NONE',  ( 10.10000000000001208, 18.00000000000001421, -33.00000000000000000 ) ) ;
#4141 = CARTESIAN_POINT ( 'NONE',  ( 26.00000000000013500, -25.99999999999982592, 36.00000000000002132 ) ) ;
#4142 = CARTESIAN_POINT ( 'NONE',  ( -14.34386687591385368, -44.76241048716455140, 33.01937561342233352 ) ) ;
#4143 = CARTESIAN_POINT ( 'NONE',  ( -16.78756936566731994, -39.00000000000007105, 31.84615384615387867 ) ) ;
#4144 = ORIENTED_EDGE ( 'NONE', *, *, #2369, .T. ) ;
#4145 = CIRCLE ( 'NONE', #9272, 1.500000000000019762 ) ;
#4146 = CARTESIAN_POINT ( 'NONE',  ( 3.980814712676603538E-13, -60.29999999999996163, 34.50000000000007816 ) ) ;
#4147 = ORIENTED_EDGE ( 'NONE', *, *, #711, .F. ) ;
#4148 = VECTOR ( 'NONE', #7562, 1000.000000000000114 ) ;
#4149 = CARTESIAN_POINT ( 'NONE',  ( -8.000000000000000000, 18.00000000000001421, -36.00000000000002132 ) ) ;
#4150 = VERTEX_POINT ( 'NONE', #6454 ) ;
#4151 = CARTESIAN_POINT ( 'NONE',  ( -12.12435565298201112, -63.00000000000001421, 32.79999999999999716 ) ) ;
#4152 = EDGE_CURVE ( 'NONE', #8269, #9305, #9384, .T. ) ;
#4153 = CARTESIAN_POINT ( 'NONE',  ( 26.30000000000045191, -66.79999999999981242, 17.50000000000011369 ) ) ;
#4154 = CYLINDRICAL_SURFACE ( 'NONE', #7823, 36.00000000000002132 ) ;
#4155 = CARTESIAN_POINT ( 'NONE',  ( 21.94392611782573255, -38.60321488759608854, 28.53896626143259851 ) ) ;
#4156 = CARTESIAN_POINT ( 'NONE',  ( -17.74999999999988276, 18.99999999999310774, 29.58356807418604006 ) ) ;
#4157 = CARTESIAN_POINT ( 'NONE',  ( 32.24569209177922602, -51.33717353734844835, 16.01784029895167549 ) ) ;
#4158 = DIRECTION ( 'NONE',  ( -1.000000000000000000, 0.0000000000000000000, 0.0000000000000000000 ) ) ;
#4159 = AXIS2_PLACEMENT_3D ( 'NONE', #4679, #6934, #7644 ) ;
#4160 = CARTESIAN_POINT ( 'NONE',  ( -23.12301487810071166, 18.99999996856429263, -23.83094369864861051 ) ) ;
#4161 = ORIENTED_EDGE ( 'NONE', *, *, #1798, .T. ) ;
#4162 = CIRCLE ( 'NONE', #2252, 8.750000000000001776 ) ;
#4163 = CARTESIAN_POINT ( 'NONE',  ( -29.99999999999948841, -72.30000000000019611, 19.89974874213244149 ) ) ;
#4164 = CARTESIAN_POINT ( 'NONE',  ( -11.69534763727902416, -40.49527740559130962, -33.11074559518383609 ) ) ;
#4165 = DIRECTION ( 'NONE',  ( -7.232542356195667155E-15, 1.000000000000000000, -1.276710262284687461E-15 ) ) ;
#4166 = ORIENTED_EDGE ( 'NONE', *, *, #408, .F. ) ;
#4167 = APPROVAL_DATE_TIME ( #5663, #475 ) ;
#4168 = FACE_OUTER_BOUND ( 'NONE', #8096, .T. ) ;
#4169 = CIRCLE ( 'NONE', #9136, 10.00000000000011369 ) ;
#4170 = DIRECTION ( 'NONE',  ( 0.0000000000000000000, 0.0000000000000000000, 1.000000000000000000 ) ) ;
#4171 = CARTESIAN_POINT ( 'NONE',  ( 12.12435565298230777, -38.99999999999986500, 33.00000000000005684 ) ) ;
#4172 = CARTESIAN_POINT ( 'NONE',  ( -3.128274390878010625, -65.42611568193321148, 32.34984714711109177 ) ) ;
#4173 = AXIS2_PLACEMENT_3D ( 'NONE', #418, #963, #6267 ) ;
#4174 = ORIENTED_EDGE ( 'NONE', *, *, #6006, .T. ) ;
#4175 = CARTESIAN_POINT ( 'NONE',  ( -2.868499841844139198, -51.51905232957743408, 46.50000000000008527 ) ) ;
#4176 = CARTESIAN_POINT ( 'NONE',  ( 5.822463953917107915, -65.76884805055350114, 30.48601936461285433 ) ) ;
#4177 = CARTESIAN_POINT ( 'NONE',  ( -3.491711424487489612, -60.54108164295749361, 54.65515084061238582 ) ) ;
#4178 = ORIENTED_EDGE ( 'NONE', *, *, #6824, .T. ) ;
#4179 = VERTEX_POINT ( 'NONE', #8714 ) ;
#4180 = CYLINDRICAL_SURFACE ( 'NONE', #226, 14.80000000000000071 ) ;
#4181 = CARTESIAN_POINT ( 'NONE',  ( -31.98978017755684533, -51.12076414502581656, 16.55496122212007748 ) ) ;
#4182 = CARTESIAN_POINT ( 'NONE',  ( 23.86935574157331530, 18.99999998172487992, 21.96749669714091979 ) ) ;
#4183 = ORIENTED_EDGE ( 'NONE', *, *, #7388, .T. ) ;
#4184 = EDGE_CURVE ( 'NONE', #5101, #5101, #9254, .T. ) ;
#4185 = CARTESIAN_POINT ( 'NONE',  ( 17.75000000000013500, 18.24833147735371242, -31.08982952671214051 ) ) ;
#4186 = CARTESIAN_POINT ( 'NONE',  ( 21.49858407093927681, 18.99999994713761353, -26.37745815355784629 ) ) ;
#4187 = CARTESIAN_POINT ( 'NONE',  ( 0.6464541283160469831, -63.99861226410645543, -32.49368820982998329 ) ) ;
#4188 = DIRECTION ( 'NONE',  ( -0.0000000000000000000, -0.0000000000000000000, -1.000000000000000000 ) ) ;
#4189 = FACE_OUTER_BOUND ( 'NONE', #2344, .T. ) ;
#4190 = ADVANCED_FACE ( 'NONE', ( #4238, #1884 ), #8161, .F. ) ;
#4191 = CARTESIAN_POINT ( 'NONE',  ( -16.61906171854406011, -40.85367694731841226, 31.93670487687483472 ) ) ;
#4192 = CARTESIAN_POINT ( 'NONE',  ( -6.034951472282578777, 14.50614198392083054, 35.49124813759251396 ) ) ;
#4193 = ORIENTED_EDGE ( 'NONE', *, *, #223, .F. ) ;
#4194 = CARTESIAN_POINT ( 'NONE',  ( 4.910661645800730390, -53.67067860181259675, 37.50000000000008527 ) ) ;
#4195 = ORIENTED_EDGE ( 'NONE', *, *, #157, .F. ) ;
#4196 = LINE ( 'NONE', #7308, #5120 ) ;
#4197 = EDGE_CURVE ( 'NONE', #6558, #6558, #1093, .T. ) ;
#4198 = VERTEX_POINT ( 'NONE', #351 ) ;
#4199 = CARTESIAN_POINT ( 'NONE',  ( -18.16590212458494946, 5.000000000000000888, -30.00000000000000000 ) ) ;
#4200 = CARTESIAN_POINT ( 'NONE',  ( 7.516450388380020442, 14.02087363188604918, -35.20753759611779543 ) ) ;
#4201 = EDGE_CURVE ( 'NONE', #6081, #6081, #8612, .T. ) ;
#4202 = DIRECTION ( 'NONE',  ( -0.0000000000000000000, 1.000000000000000000, 0.0000000000000000000 ) ) ;
#4203 = DIRECTION ( 'NONE',  ( 0.0000000000000000000, 0.0000000000000000000, 1.000000000000000000 ) ) ;
#4204 = CIRCLE ( 'NONE', #5633, 1.499999999999999112 ) ;
#4205 = CARTESIAN_POINT ( 'NONE',  ( 32.16744504851149600, -51.27006008080661559, 16.17087678947951801 ) ) ;
#4206 = DIRECTION ( 'NONE',  ( 0.0000000000000000000, -1.000000000000000000, 0.0000000000000000000 ) ) ;
#4207 = CARTESIAN_POINT ( 'NONE',  ( 8.321099320085146189, -63.00588360896869489, 44.50000000000007816 ) ) ;
#4208 = CARTESIAN_POINT ( 'NONE',  ( 3.493304176744902012, -60.08316597479694110, 54.33372991398509555 ) ) ;
#4209 = CARTESIAN_POINT ( 'NONE',  ( 9.458667479917513887, -45.07769636552595216, 34.77340977496575647 ) ) ;
#4210 = ORIENTED_EDGE ( 'NONE', *, *, #5320, .T. ) ;
#4211 = EDGE_CURVE ( 'NONE', #5968, #9123, #9508, .T. ) ;
#4212 = DIRECTION ( 'NONE',  ( -7.232542356195667155E-15, 1.000000000000000000, -1.276710262284687461E-15 ) ) ;
#4213 = CARTESIAN_POINT ( 'NONE',  ( -14.08387235438555507, -41.19661778360352145, -33.21517579230402362 ) ) ;
#4214 = DIRECTION ( 'NONE',  ( -0.0000000000000000000, -1.000000000000000000, -0.0000000000000000000 ) ) ;
#4215 = VERTEX_POINT ( 'NONE', #1140 ) ;
#4216 = APPROVAL_DATE_TIME ( #1963, #3719 ) ;
#4217 = LINE ( 'NONE', #7880, #8788 ) ;
#4218 = CARTESIAN_POINT ( 'NONE',  ( 1.288913343792987165, -52.46230859463096863, 30.44157250746699717 ) ) ;
#4219 = LINE ( 'NONE', #1770, #3857 ) ;
#4220 = VECTOR ( 'NONE', #6539, 1000.000000000000000 ) ;
#4221 = CARTESIAN_POINT ( 'NONE',  ( 5.083306010855853430, -44.30000000000004690, -32.09999999999993037 ) ) ;
#4222 = DIRECTION ( 'NONE',  ( 1.054711873393889642E-15, -1.276710262284678586E-15, -1.000000000000000000 ) ) ;
#4223 = ORIENTED_EDGE ( 'NONE', *, *, #7803, .T. ) ;
#4224 = DIRECTION ( 'NONE',  ( 1.000000000000000000, 9.251858538542962756E-15, 0.0000000000000000000 ) ) ;
#4225 = CARTESIAN_POINT ( 'NONE',  ( 3.356342981319926366E-11, 17.49999999998130917, 5.580258477522193061E-11 ) ) ;
#4226 = DIRECTION ( 'NONE',  ( 1.000000000000000000, -0.0000000000000000000, 0.0000000000000000000 ) ) ;
#4227 = AXIS2_PLACEMENT_3D ( 'NONE', #7480, #615, #9835 ) ;
#4228 = ORIENTED_EDGE ( 'NONE', *, *, #2678, .F. ) ;
#4229 = ORIENTED_EDGE ( 'NONE', *, *, #1569, .F. ) ;
#4230 = DIRECTION ( 'NONE',  ( -1.025519176787315347E-29, -8.829543159789417811E-59, 1.000000000000000000 ) ) ;
#4231 = CARTESIAN_POINT ( 'NONE',  ( -35.18765708695833183, -48.17238894650854064, 7.829626013999355649 ) ) ;
#4232 = AXIS2_PLACEMENT_3D ( 'NONE', #8623, #5702, #6506 ) ;
#4233 = CARTESIAN_POINT ( 'NONE',  ( 22.78821272345610183, 18.99999999999286970, 24.46791879680371906 ) ) ;
#4234 = ORIENTED_EDGE ( 'NONE', *, *, #1951, .T. ) ;
#4235 = CARTESIAN_POINT ( 'NONE',  ( -14.96790725249051413, -44.04269716840465776, -32.74082855801827208 ) ) ;
#4236 = DIRECTION ( 'NONE',  ( 1.449315808840609664E-16, 1.614768592323987101E-16, 1.000000000000000000 ) ) ;
#4237 = CARTESIAN_POINT ( 'NONE',  ( -0.8807573444006271401, -64.14426176866535911, -32.48815927556594119 ) ) ;
#4238 = FACE_OUTER_BOUND ( 'NONE', #8696, .T. ) ;
#4239 = CARTESIAN_POINT ( 'NONE',  ( 5.060846803357006452E-13, -65.30000000000005400, -35.49999999999992184 ) ) ;
#4240 = CARTESIAN_POINT ( 'NONE',  ( -15.47310904676422183, -43.35952125808792346, 32.50610413420583455 ) ) ;
#4241 = CARTESIAN_POINT ( 'NONE',  ( -5.383701825173652367, 21.03717632504115187, 35.59567144585321330 ) ) ;
#4242 = EDGE_LOOP ( 'NONE', ( #2188, #690, #9861, #9581, #1581, #8926 ) ) ;
#4243 = FACE_OUTER_BOUND ( 'NONE', #6132, .T. ) ;
#4244 = ORIENTED_EDGE ( 'NONE', *, *, #5014, .T. ) ;
#4245 = DIRECTION ( 'NONE',  ( -7.232542356195667155E-15, 1.000000000000000000, -1.276710262284687461E-15 ) ) ;
#4246 = CARTESIAN_POINT ( 'NONE',  ( -4.000000000000000000, 18.00000000000001421, 33.00000000000000000 ) ) ;
#4247 = CARTESIAN_POINT ( 'NONE',  ( 3.980814712676603538E-13, -60.29999999999996163, 35.50000000000007816 ) ) ;
#4248 = CARTESIAN_POINT ( 'NONE',  ( 11.78838282594324482, 19.31016917122991927, -34.01537192071636895 ) ) ;
#4249 = DIRECTION ( 'NONE',  ( -1.000000000000000000, -6.938893903907232322E-15, 0.0000000000000000000 ) ) ;
#4250 = CARTESIAN_POINT ( 'NONE',  ( 27.52663528981260299, -46.73778036314178763, 23.21885924801574674 ) ) ;
#4251 = CARTESIAN_POINT ( 'NONE',  ( 8.000000000000000000, 18.00000000000001421, -32.99999999999999289 ) ) ;
#4252 = DIRECTION ( 'NONE',  ( 7.232542356195667155E-15, -1.000000000000000000, 1.276710262284687461E-15 ) ) ;
#4253 = CARTESIAN_POINT ( 'NONE',  ( -17.74999999999988276, 18.67004506164684230, -30.68419737986562978 ) ) ;
#4254 = DIRECTION ( 'NONE',  ( 7.232542356195667155E-15, -1.000000000000000000, 1.276710262284686278E-15 ) ) ;
#4255 = EDGE_CURVE ( 'NONE', #6589, #4441, #435, .T. ) ;
#4256 = EDGE_LOOP ( 'NONE', ( #6042, #7037, #3275, #7271 ) ) ;
#4257 = EDGE_CURVE ( 'NONE', #6638, #8293, #3439, .T. ) ;
#4258 = EDGE_CURVE ( 'NONE', #7414, #7414, #9412, .T. ) ;
#4259 = CARTESIAN_POINT ( 'NONE',  ( -8.704072158399512205, -42.80374072223897031, -33.75082590482822553 ) ) ;
#4260 = CARTESIAN_POINT ( 'NONE',  ( 0.0000000000000000000, 0.0000000000000000000, 0.0000000000000000000 ) ) ;
#4261 = COORDINATED_UNIVERSAL_TIME_OFFSET ( 8, 0, .AHEAD. ) ;
#4262 = CARTESIAN_POINT ( 'NONE',  ( 4.418576230153577811, 19.80084578165071107, 35.72795684817547368 ) ) ;
#4263 = ADVANCED_FACE ( 'NONE', ( #5784, #492 ), #3550, .F. ) ;
#4264 = CARTESIAN_POINT ( 'NONE',  ( 28.90454431310965688, -38.88011166095196813, -14.32570625801755781 ) ) ;
#4265 = DIRECTION ( 'NONE',  ( -7.232542356195668733E-15, 1.000000000000000000, 0.0000000000000000000 ) ) ;
#4266 = CARTESIAN_POINT ( 'NONE',  ( 26.05993904166408370, -28.18309539063356084, -17.83417197026203382 ) ) ;
#4267 = APPROVAL ( #8784, '未指定' ) ;
#4268 = CARTESIAN_POINT ( 'NONE',  ( -1.012175738005574699, -66.23558499645535846, 32.48793108300576193 ) ) ;
#4269 = CARTESIAN_POINT ( 'NONE',  ( 0.0000000000000000000, 0.0000000000000000000, 1.232595164407830946E-29 ) ) ;
#4270 = ORIENTED_EDGE ( 'NONE', *, *, #4258, .T. ) ;
#4271 = CYLINDRICAL_SURFACE ( 'NONE', #1126, 29.99999999999998579 ) ;
#4272 =( NAMED_UNIT ( * ) PLANE_ANGLE_UNIT ( ) SI_UNIT ( $, .RADIAN. ) );
#4273 = ADVANCED_FACE ( 'NONE', ( #8604 ), #3661, .T. ) ;
#4274 = CARTESIAN_POINT ( 'NONE',  ( -12.04127140132120388, -39.76155166966243826, -33.02216674085256187 ) ) ;
#4275 = DIRECTION ( 'NONE',  ( 0.0000000000000000000, 0.0000000000000000000, 1.000000000000000000 ) ) ;
#4276 = VERTEX_POINT ( 'NONE', #93 ) ;
#4277 = LINE ( 'NONE', #6022, #4481 ) ;
#4278 = AXIS2_PLACEMENT_3D ( 'NONE', #5358, #847, #1653 ) ;
#4279 = CARTESIAN_POINT ( 'NONE',  ( -33.69253723351729946, -52.53239262875938209, 12.68150143125320994 ) ) ;
#4280 = CARTESIAN_POINT ( 'NONE',  ( -29.12027100185498796, -39.32445737225921079, 13.97077391458856077 ) ) ;
#4281 = CARTESIAN_POINT ( 'NONE',  ( 18.90143619289550614, 18.99999997044340816, 28.83505607080333277 ) ) ;
#4282 = ORIENTED_EDGE ( 'NONE', *, *, #7072, .T. ) ;
#4283 = FACE_OUTER_BOUND ( 'NONE', #9296, .T. ) ;
#4284 = DIRECTION ( 'NONE',  ( -0.0000000000000000000, -0.0000000000000000000, -1.000000000000000000 ) ) ;
#4285 = AXIS2_PLACEMENT_3D ( 'NONE', #6601, #7143, #5531 ) ;
#4286 = FACE_OUTER_BOUND ( 'NONE', #4046, .T. ) ;
#4287 = CARTESIAN_POINT ( 'NONE',  ( 16.69430509141398034, -1.387778780781445676E-14, -31.66923076923077573 ) ) ;
#4288 = CARTESIAN_POINT ( 'NONE',  ( -25.09999999999952180, -66.80000000000015348, 17.33303027798239526 ) ) ;
#4289 = LOCAL_TIME ( 17, 37, 41.00000000000000000, #3771 ) ;
#4290 = CARTESIAN_POINT ( 'NONE',  ( -16.27253668270774156, -41.76659235924141456, 32.11237433817711917 ) ) ;
#4291 = AXIS2_PLACEMENT_3D ( 'NONE', #2519, #2674, #7289 ) ;
#4292 = ORIENTED_EDGE ( 'NONE', *, *, #3642, .T. ) ;
#4293 = CARTESIAN_POINT ( 'NONE',  ( -4.210411580108653240, 16.69251117877059798, 35.75308666895133314 ) ) ;
#4294 = ORIENTED_EDGE ( 'NONE', *, *, #8187, .F. ) ;
#4295 = DIRECTION ( 'NONE',  ( 1.262127095393783025E-14, 1.454680581116181952E-14, -1.000000000000000000 ) ) ;
#4296 = VERTEX_POINT ( 'NONE', #3138 ) ;
#4297 = FACE_OUTER_BOUND ( 'NONE', #1393, .T. ) ;
#4298 = SECURITY_CLASSIFICATION ( '', '', #9582 ) ;
#4299 = VERTEX_POINT ( 'NONE', #2234 ) ;
#4300 = LINE ( 'NONE', #4151, #4139 ) ;
#4301 = AXIS2_PLACEMENT_3D ( 'NONE', #2509, #4911, #1210 ) ;
#4302 = CARTESIAN_POINT ( 'NONE',  ( 8.293219248023833146, 21.99770117050378815, -35.03275101706357475 ) ) ;
#4303 = FACE_BOUND ( 'NONE', #5226, .T. ) ;
#4304 = CARTESIAN_POINT ( 'NONE',  ( 34.09308055346529898, -52.84984325282781015, 11.56620415334160157 ) ) ;
#4305 = DIRECTION ( 'NONE',  ( 0.0000000000000000000, 0.0000000000000000000, 1.000000000000000000 ) ) ;
#4306 = DIRECTION ( 'NONE',  ( -0.9505654689857891970, -0.3105242167236345607, 0.0000000000000000000 ) ) ;
#4307 = AXIS2_PLACEMENT_3D ( 'NONE', #3717, #5963, #8282 ) ;
#4308 = CARTESIAN_POINT ( 'NONE',  ( 3.105723896868370915, -58.68514463526853575, 54.41942698730122885 ) ) ;
#4309 = CARTESIAN_POINT ( 'NONE',  ( 8.704072158400059323, -42.80374072223879267, 33.75082590482833922 ) ) ;
#4310 = ORIENTED_EDGE ( 'NONE', *, *, #9592, .F. ) ;
#4311 = EDGE_CURVE ( 'NONE', #2368, #6337, #2441, .T. ) ;
#4312 = VECTOR ( 'NONE', #4693, 1000.000000000000000 ) ;
#4313 = CARTESIAN_POINT ( 'NONE',  ( -12.05179221917551757, -46.60748144432081830, -33.92536404421534968 ) ) ;
#4314 = CARTESIAN_POINT ( 'NONE',  ( 5.750000000000119016, 19.00000000000000355, -33.00000000000000000 ) ) ;
#4315 = COORDINATED_UNIVERSAL_TIME_OFFSET ( 8, 0, .AHEAD. ) ;
#4316 = CARTESIAN_POINT ( 'NONE',  ( 9.053325895043194294, 14.13263126390031665, 34.84400528747476500 ) ) ;
#4317 = EDGE_CURVE ( 'NONE', #6859, #7052, #7850, .T. ) ;
#4318 = CARTESIAN_POINT ( 'NONE',  ( 2.846593614853314413, -67.55793308009830866, 53.76685301044853560 ) ) ;
#4319 = VECTOR ( 'NONE', #3985, 1000.000000000000000 ) ;
#4320 = CARTESIAN_POINT ( 'NONE',  ( 30.45413101675123713, -41.73070456768856928, -11.33435235874904912 ) ) ;
#4321 = CARTESIAN_POINT ( 'NONE',  ( -6.249951176397342323, -61.87666647230598471, 52.49999999999096900 ) ) ;
#4322 = CIRCLE ( 'NONE', #8007, 1.449999999999993072 ) ;
#4323 = CARTESIAN_POINT ( 'NONE',  ( 29.11765858063465018, -39.32557819296628310, 13.98244586730033845 ) ) ;
#4324 = ADVANCED_FACE ( 'NONE', ( #8712 ), #285, .F. ) ;
#4325 = CARTESIAN_POINT ( 'NONE',  ( -22.75256731331188220, 18.99999999968658315, 24.53148253182196825 ) ) ;
#4326 = CIRCLE ( 'NONE', #5595, 1.699999999826562469 ) ;
#4327 = CARTESIAN_POINT ( 'NONE',  ( -12.12435565298201112, -1.387778780781445676E-14, 22.99999999999999645 ) ) ;
#4328 = ORIENTED_EDGE ( 'NONE', *, *, #6021, .F. ) ;
#4329 = DIRECTION ( 'NONE',  ( -0.0000000000000000000, -1.000000000000000000, -0.0000000000000000000 ) ) ;
#4330 = ADVANCED_FACE ( 'NONE', ( #1789 ), #6290, .T. ) ;
#4331 = CARTESIAN_POINT ( 'NONE',  ( -7.619067628221114497, -62.26294213107502884, 30.36786714009772581 ) ) ;
#4332 = CARTESIAN_POINT ( 'NONE',  ( -2.988480017989421533, -62.12432226999779061, 54.56391903511697450 ) ) ;
#4333 = EDGE_LOOP ( 'NONE', ( #5329, #7620 ) ) ;
#4334 = AXIS2_PLACEMENT_3D ( 'NONE', #71, #2321, #8535 ) ;
#4335 = EDGE_LOOP ( 'NONE', ( #9844 ) ) ;
#4336 = ADVANCED_FACE ( 'NONE', ( #5638, #6188 ), #6991, .F. ) ;
#4337 = CARTESIAN_POINT ( 'NONE',  ( -35.33775496937776950, -53.79947421339183222, 6.875650045320459647 ) ) ;
#4338 = CARTESIAN_POINT ( 'NONE',  ( -32.16676977555695061, -44.22063380141615596, 5.574808801981028239 ) ) ;
#4339 = CARTESIAN_POINT ( 'NONE',  ( 22.33345898749629654, 18.99999997368785642, 25.22409425373566805 ) ) ;
#4340 = CARTESIAN_POINT ( 'NONE',  ( -5.597237418198708347, -49.00750954298651862, -35.56222430726158734 ) ) ;
#4341 = CARTESIAN_POINT ( 'NONE',  ( -35.62421702897896125, -54.01138941882408062, -5.294860769915337606 ) ) ;
#4342 = CARTESIAN_POINT ( 'NONE',  ( -7.454131809146665510, -58.31264290632571345, 55.87345130061469689 ) ) ;
#4343 = DIRECTION ( 'NONE',  ( 0.8518354199999160770, -3.330669073875436489E-15, -0.5238095238095299422 ) ) ;
#4344 = AXIS2_PLACEMENT_3D ( 'NONE', #1490, #4436, #8356 ) ;
#4345 = DIRECTION ( 'NONE',  ( 0.0000000000000000000, 0.0000000000000000000, 1.000000000000000000 ) ) ;
#4346 = CARTESIAN_POINT ( 'NONE',  ( 17.67766952966358929, 5.000000000000000888, -17.67766952966378469 ) ) ;
#4347 = CARTESIAN_POINT ( 'NONE',  ( 4.179110650923774672E-13, -60.29999999999998295, 46.50000000000008527 ) ) ;
#4348 = VERTEX_POINT ( 'NONE', #7045 ) ;
#4349 = CARTESIAN_POINT ( 'NONE',  ( -4.025653506925314318, 18.52529459156898284, 35.77424931172652123 ) ) ;
#4350 = EDGE_LOOP ( 'NONE', ( #6800, #1113, #4927, #1969 ) ) ;
#4351 = LINE ( 'NONE', #4058, #1347 ) ;
#4352 = VERTEX_POINT ( 'NONE', #4842 ) ;
#4353 = LINE ( 'NONE', #8968, #5906 ) ;
#4354 = CARTESIAN_POINT ( 'NONE',  ( -12.00000000000000000, 18.00000000000001421, -33.00000000000000000 ) ) ;
#4355 = FACE_OUTER_BOUND ( 'NONE', #1134, .T. ) ;
#4356 = CARTESIAN_POINT ( 'NONE',  ( 5.007831339772051749, 20.66765493978135382, -35.65049363327114662 ) ) ;
#4357 = CARTESIAN_POINT ( 'NONE',  ( -29.99999999999954881, -61.50000000000020606, 8.000000000000044409 ) ) ;
#4358 = CARTESIAN_POINT ( 'NONE',  ( 28.33302047681377545, -47.60891075622804891, 22.20947513355248759 ) ) ;
#4359 = LINE ( 'NONE', #8176, #8073 ) ;
#4360 = CARTESIAN_POINT ( 'NONE',  ( 3.980814712676603538E-13, -60.29999999999996163, 35.50000000000007816 ) ) ;
#4361 = CARTESIAN_POINT ( 'NONE',  ( 3.444172799458154799, -59.66729755045408723, 54.35618443115793497 ) ) ;
#4362 = CARTESIAN_POINT ( 'NONE',  ( 8.977554564279826010, -42.68135727991411699, 33.70123842758382438 ) ) ;
#4363 = ORIENTED_EDGE ( 'NONE', *, *, #8127, .T. ) ;
#4364 = CARTESIAN_POINT ( 'NONE',  ( 7.199440529402580502, -43.34524337589752463, -33.99272616532503832 ) ) ;
#4365 = DIRECTION ( 'NONE',  ( -7.232542356195667155E-15, 1.000000000000000000, -1.276710262284687461E-15 ) ) ;
#4366 = AXIS2_PLACEMENT_3D ( 'NONE', #6807, #9067, #9864 ) ;
#4367 = B_SPLINE_CURVE_WITH_KNOTS ( 'NONE', 3,
 ( #908, #6227, #3973, #7737, #1585, #9196, #7133, #7033, #6176, #3320, #3225, #2327, #2430, #225, #6980, #5429, #867, #5379, #6277, #2474, #8592, #3924, #3272, #7698, #822, #3879, #6936, #1720, #80, #4775, #9241, #8499, #1676, #124, #5476, #971, #1022, #4026, #8543, #7085, #6328, #9390, #4830, #4079, #4728, #2521, #275, #9496, #6483, #1928, #9547, #2675, #6382, #5823, #1223, #1177, #7942, #2629, #5725, #330, #1973, #5628, #8749, #4981, #5076, #6533 ),
 .UNSPECIFIED., .T., .F.,
 ( 4, 2, 2, 2, 2, 2, 2, 2, 2, 2, 2, 2, 2, 2, 2, 2, 2, 2, 2, 2, 2, 2, 2, 2, 2, 2, 2, 2, 2, 2, 2, 2, 4 ),
 ( 0.0000000000000000000, 0.0007990023704810902960, 0.001598004740962180592, 0.002397007111443271322, 0.003196009481924361184, 0.003995011852405451480, 0.004794014222886542644, 0.005593016593367632940, 0.006392018963848722368, 0.007191021334329818736, 0.007990023704810915103, 0.008789026075292010604, 0.009588028445773106104, 0.01038703081625420334, 0.01118603318673529884, 0.01198503555721639434, 0.01278403792769749157, 0.01358304029817858707, 0.01438204266865968257, 0.01518104503914077807, 0.01598004740962187531, 0.01677904978010296561, 0.01757805215058405937, 0.01837705452106515314, 0.01917605689154624690, 0.01997505926202734067, 0.02077406163250843443, 0.02157306400298952820, 0.02237206637347062196, 0.02317106874395171573, 0.02397007111443280256, 0.02476907348491388938, 0.02556807585539497621 ),
 .UNSPECIFIED. ) ;
#4368 = APPROVAL_DATE_TIME ( #3000, #4579 ) ;
#4369 = CARTESIAN_POINT ( 'NONE',  ( 6.265637453102076648, 14.38615930318738556, 35.45140573418705543 ) ) ;
#4370 = CARTESIAN_POINT ( 'NONE',  ( 1.968147253357582116, -66.76949428770021200, 52.83718613632709804 ) ) ;
#4371 = EDGE_CURVE ( 'NONE', #7718, #2303, #2487, .T. ) ;
#4372 = CARTESIAN_POINT ( 'NONE',  ( 26.39862159260796659, -31.09243406573909851, -25.77979695735342602 ) ) ;
#4373 = CARTESIAN_POINT ( 'NONE',  ( 4.831338293938705944E-13, -66.79999999999999716, 8.528424552061711302E-14 ) ) ;
#4374 = CARTESIAN_POINT ( 'NONE',  ( 32.65840222762376044, -44.84596714327461342, -0.8301917721297322750 ) ) ;
#4375 = EDGE_CURVE ( 'NONE', #745, #4626, #4789, .T. ) ;
#4376 = CARTESIAN_POINT ( 'NONE',  ( -20.35452384770463397, 18.99999995581626777, 27.62445512060622477 ) ) ;
#4377 = DIRECTION ( 'NONE',  ( 0.0000000000000000000, 0.0000000000000000000, 1.000000000000000000 ) ) ;
#4378 = EDGE_LOOP ( 'NONE', ( #3648, #8537, #8265, #6249, #6473, #5806 ) ) ;
#4379 = DIRECTION ( 'NONE',  ( 1.000000000000000000, 7.232542356195667155E-15, 0.0000000000000000000 ) ) ;
#4380 = CALENDAR_DATE ( 2023, 16, 11 ) ;
#4381 = EDGE_CURVE ( 'NONE', #2323, #1497, #1414, .T. ) ;
#4382 = CARTESIAN_POINT ( 'NONE',  ( 1.532204118442549001, -44.24038331841627780, -34.48281767229640593 ) ) ;
#4383 = CIRCLE ( 'NONE', #546, 35.50000000000001421 ) ;
#4384 = ORIENTED_EDGE ( 'NONE', *, *, #5926, .T. ) ;
#4385 = ADVANCED_FACE ( 'NONE', ( #7097 ), #8560, .T. ) ;
#4386 = EDGE_LOOP ( 'NONE', ( #5486 ) ) ;
#4387 = EDGE_CURVE ( 'NONE', #550, #550, #4926, .T. ) ;
#4388 = EDGE_CURVE ( 'NONE', #2258, #6075, #7333, .T. ) ;
#4389 = CARTESIAN_POINT ( 'NONE',  ( -22.64211728063446571, -39.95154616823661087, 27.99569263136992703 ) ) ;
#4390 = CARTESIAN_POINT ( 'NONE',  ( -31.44596796125216542, -50.64477408479212528, 17.56019995472196626 ) ) ;
#4391 = CARTESIAN_POINT ( 'NONE',  ( -18.42175990098755278, 23.00000000000000000, 30.92957746478875691 ) ) ;
#4392 = CIRCLE ( 'NONE', #390, 9.800000000000006040 ) ;
#4393 = CARTESIAN_POINT ( 'NONE',  ( -4.643078192147380712, -49.18089885250040538, -35.70230253530488085 ) ) ;
#4394 = CARTESIAN_POINT ( 'NONE',  ( 22.41209734687202726, 18.99999996856428908, -25.10267163961167824 ) ) ;
#4395 = DIRECTION ( 'NONE',  ( -1.000000000000000000, 0.0000000000000000000, -3.491564676272315652E-12 ) ) ;
#4396 = CARTESIAN_POINT ( 'NONE',  ( -9.912160620950819734, -61.71019770448872066, 34.60864525300326022 ) ) ;
#4397 = EDGE_CURVE ( 'NONE', #5529, #3222, #9402, .T. ) ;
#4398 = CARTESIAN_POINT ( 'NONE',  ( 21.64513807215417529, -37.98881839242798009, -28.76612867593497214 ) ) ;
#4399 = ORIENTED_EDGE ( 'NONE', *, *, #8805, .F. ) ;
#4400 = CARTESIAN_POINT ( 'NONE',  ( -5.391375402266588956, 14.95598241794812822, 35.59452292268932183 ) ) ;
#4401 = ORIENTED_EDGE ( 'NONE', *, *, #5797, .T. ) ;
#4402 = VECTOR ( 'NONE', #5398, 1000.000000000000000 ) ;
#4403 = DIRECTION ( 'NONE',  ( -1.054711873393889642E-15, 1.276710262284678586E-15, 1.000000000000000000 ) ) ;
#4404 = ORIENTED_EDGE ( 'NONE', *, *, #2912, .F. ) ;
#4405 = DIRECTION ( 'NONE',  ( 1.000000000000000000, 9.251858538542962756E-15, 0.0000000000000000000 ) ) ;
#4406 = ORIENTED_EDGE ( 'NONE', *, *, #2421, .F. ) ;
#4407 = CARTESIAN_POINT ( 'NONE',  ( -5.500000000000000000, -4.750000000000000888, 19.50000000000000000 ) ) ;
#4408 = CARTESIAN_POINT ( 'NONE',  ( 8.295426784325709235, 14.00258685145812798, -35.03221332544535471 ) ) ;
#4409 = AXIS2_PLACEMENT_3D ( 'NONE', #1752, #4806, #7867 ) ;
#4410 = DIRECTION ( 'NONE',  ( 0.0000000000000000000, 0.0000000000000000000, 1.000000000000000000 ) ) ;
#4411 = FACE_OUTER_BOUND ( 'NONE', #4256, .T. ) ;
#4412 = CARTESIAN_POINT ( 'NONE',  ( 16.78756936365189034, -39.77035926642860630, 31.84615384721660547 ) ) ;
#4413 = ORIENTED_EDGE ( 'NONE', *, *, #2551, .F. ) ;
#4414 = CARTESIAN_POINT ( 'NONE',  ( 11.24567459692346638, -47.07476781686885658, -34.20107542307046344 ) ) ;
#4415 = CARTESIAN_POINT ( 'NONE',  ( -17.67766952966358929, 5.000000000000000888, 17.67766952966378469 ) ) ;
#4416 = PERSON_AND_ORGANIZATION ( #1881, #3017 ) ;
#4417 = CARTESIAN_POINT ( 'NONE',  ( 3.999775590392434133, 17.73536166644137069, 35.77711272976257106 ) ) ;
#4418 = CARTESIAN_POINT ( 'NONE',  ( 2.343491822399478064, -57.70036465321145158, 54.55949781801806608 ) ) ;
#4419 = CARTESIAN_POINT ( 'NONE',  ( 30.31062261472882113, -49.59605685158278732, -19.43031832952848248 ) ) ;
#4420 = DIRECTION ( 'NONE',  ( -2.168404344971006896E-16, -0.0000000000000000000, -1.000000000000000000 ) ) ;
#4421 = CARTESIAN_POINT ( 'NONE',  ( 32.35488083046542584, -44.46396235135346586, 4.424712754102499090 ) ) ;
#4422 = CARTESIAN_POINT ( 'NONE',  ( -20.98252613793001586, 18.99999999720999000, 26.97770697766179282 ) ) ;
#4423 = DIRECTION ( 'NONE',  ( 7.232542356195667155E-15, -1.000000000000000000, 1.276710262284687461E-15 ) ) ;
#4424 = ORIENTED_EDGE ( 'NONE', *, *, #6399, .F. ) ;
#4425 = DIRECTION ( 'NONE',  ( -0.0000000000000000000, 1.000000000000000000, 0.0000000000000000000 ) ) ;
#4426 = PERSON_AND_ORGANIZATION_ROLE ( 'design_owner' ) ;
#4427 = FACE_OUTER_BOUND ( 'NONE', #2941, .T. ) ;
#4428 = ORIENTED_EDGE ( 'NONE', *, *, #4618, .F. ) ;
#4429 = VERTEX_POINT ( 'NONE', #1644 ) ;
#4430 = CARTESIAN_POINT ( 'NONE',  ( -24.04419964965889989, -42.22412429053900240, 26.79379961374384322 ) ) ;
#4431 = CARTESIAN_POINT ( 'NONE',  ( -32.63556357717572354, -44.81789967159566146, -1.620700429172934109 ) ) ;
#4432 = DIRECTION ( 'NONE',  ( -0.0000000000000000000, 1.000000000000000000, -0.0000000000000000000 ) ) ;
#4433 = CARTESIAN_POINT ( 'NONE',  ( -3.956169260096534579, -49.27824072150443158, -35.78270350519463250 ) ) ;
#4434 = CARTESIAN_POINT ( 'NONE',  ( 23.53055622905826638, 18.99999992372409352, -22.91329629758977759 ) ) ;
#4435 = CARTESIAN_POINT ( 'NONE',  ( -1.815248531008971433, -52.25218211123855383, 37.50000000000008527 ) ) ;
#4436 = DIRECTION ( 'NONE',  ( 0.0000000000000000000, 1.000000000000000000, 0.0000000000000000000 ) ) ;
#4437 = CARTESIAN_POINT ( 'NONE',  ( 2.314630295608983257, -57.67446034268449750, 54.25610219294456016 ) ) ;
#4438 = CARTESIAN_POINT ( 'NONE',  ( 31.69746812067645436, -50.86517407244960509, -17.09348451874149788 ) ) ;
#4439 = ORIENTED_EDGE ( 'NONE', *, *, #7619, .T. ) ;
#4440 = DIRECTION ( 'NONE',  ( 6.268134159862847454E-15, -1.000000000000000000, 1.655022768831527310E-15 ) ) ;
#4441 = VERTEX_POINT ( 'NONE', #138 ) ;
#4442 = CIRCLE ( 'NONE', #447, 8.750000000000001776 ) ;
#4443 = CARTESIAN_POINT ( 'NONE',  ( -5.965614865105632880, -45.17536002494703951, 52.50827663686969515 ) ) ;
#4444 = ORIENTED_EDGE ( 'NONE', *, *, #4021, .T. ) ;
#4445 = CARTESIAN_POINT ( 'NONE',  ( -12.12435565298200935, -63.00000000000001421, -32.79999999999999716 ) ) ;
#4446 = ORIENTED_EDGE ( 'NONE', *, *, #50, .F. ) ;
#4447 = DIRECTION ( 'NONE',  ( -7.232542356195667155E-15, 1.000000000000000000, -1.276710262284687461E-15 ) ) ;
#4448 = CARTESIAN_POINT ( 'NONE',  ( -1.499999999999992895, 18.50000000000000000, 33.50000000000000000 ) ) ;
#4449 =( GEOMETRIC_REPRESENTATION_CONTEXT ( 3 ) GLOBAL_UNCERTAINTY_ASSIGNED_CONTEXT ( ( #6685 ) ) GLOBAL_UNIT_ASSIGNED_CONTEXT ( ( #1926, #3425, #1069 ) ) REPRESENTATION_CONTEXT ( 'NONE', 'WORKASPACE' ) );
#4450 = PRODUCT_RELATED_PRODUCT_CATEGORY ( 'detail', '', ( #2087 ) ) ;
#4451 = CYLINDRICAL_SURFACE ( 'NONE', #842, 9.799999999999998934 ) ;
#4452 = CARTESIAN_POINT ( 'NONE',  ( 8.000000000000000000, 18.00000000000001421, -36.00000000000002132 ) ) ;
#4453 = CARTESIAN_POINT ( 'NONE',  ( 13.05412187157038417, -45.90673688409596309, 33.54981459286368306 ) ) ;
#4454 = CARTESIAN_POINT ( 'NONE',  ( -12.27879791258655828, -43.40664968581910443, 33.90099221156720688 ) ) ;
#4455 = VERTEX_POINT ( 'NONE', #4695 ) ;
#4456 = CIRCLE ( 'NONE', #616, 8.249999999999998224 ) ;
#4457 = CIRCLE ( 'NONE', #3170, 1.500000000000001332 ) ;
#4458 = EDGE_CURVE ( 'NONE', #2788, #7633, #9738, .T. ) ;
#4459 = CARTESIAN_POINT ( 'NONE',  ( 1.850468536307218637, -46.64908845154233319, -35.96455060206430687 ) ) ;
#4460 = DIRECTION ( 'NONE',  ( 6.122553444624033856E-16, -1.000000000000000000, 0.0000000000000000000 ) ) ;
#4461 = COORDINATED_UNIVERSAL_TIME_OFFSET ( 8, 0, .AHEAD. ) ;
#4462 = AXIS2_PLACEMENT_3D ( 'NONE', #7986, #7234, #9491 ) ;
#4463 = CARTESIAN_POINT ( 'NONE',  ( 10.01109508343702714, 21.46720821798651357, 34.58074011945144832 ) ) ;
#4464 = CARTESIAN_POINT ( 'NONE',  ( 4.276741678442769867, -59.43552942674093487, 59.11882146263829441 ) ) ;
#4465 = CARTESIAN_POINT ( 'NONE',  ( 36.00079513650315022, -54.28484520754206244, 1.380982442660960929 ) ) ;
#4466 = DIRECTION ( 'NONE',  ( 0.0000000000000000000, 0.0000000000000000000, -1.000000000000000000 ) ) ;
#4467 = AXIS2_PLACEMENT_3D ( 'NONE', #92, #982, #6140 ) ;
#4468 = CARTESIAN_POINT ( 'NONE',  ( 31.69084306531360440, -43.58252603022256011, -7.739702062079361511 ) ) ;
#4469 = VECTOR ( 'NONE', #2621, 1000.000000000000000 ) ;
#4470 = CARTESIAN_POINT ( 'NONE',  ( -21.28032430475037273, 18.99999997485134173, 26.63910761192261845 ) ) ;
#4471 = CARTESIAN_POINT ( 'NONE',  ( -5.749999999999866773, 17.50000000000000711, -31.50000000000000000 ) ) ;
#4472 = VERTEX_POINT ( 'NONE', #7752 ) ;
#4473 = VECTOR ( 'NONE', #4735, 1000.000000000000000 ) ;
#4474 = CARTESIAN_POINT ( 'NONE',  ( -32.35488083046536190, -44.46396235135465957, -4.424712754102503531 ) ) ;
#4475 = PERSON_AND_ORGANIZATION ( #7395, #7661 ) ;
#4476 = DIRECTION ( 'NONE',  ( -0.8518354199999200738, 6.277030177688134380E-15, -0.5238095238095236139 ) ) ;
#4477 = CARTESIAN_POINT ( 'NONE',  ( -16.25799411154934759, -41.80440754484714461, 32.11973939495855745 ) ) ;
#4478 = ORIENTED_EDGE ( 'NONE', *, *, #3457, .F. ) ;
#4479 = CIRCLE ( 'NONE', #3195, 4.000000000000000000 ) ;
#4480 = ORIENTED_EDGE ( 'NONE', *, *, #2261, .F. ) ;
#4481 = VECTOR ( 'NONE', #9090, 1000.000000000000000 ) ;
#4482 = CARTESIAN_POINT ( 'NONE',  ( -28.03066425893274527, -47.28320422296135916, 22.58943704181910661 ) ) ;
#4483 = CARTESIAN_POINT ( 'NONE',  ( -29.73325868244250358, -49.04769542401939475, -20.31981599896879587 ) ) ;
#4484 = CARTESIAN_POINT ( 'NONE',  ( 19.45422314511946738, 18.99999993696826195, 28.41412467846048173 ) ) ;
#4485 = CARTESIAN_POINT ( 'NONE',  ( -10.73564438208330785, -47.32935707678895199, -34.36198629020018558 ) ) ;
#4486 = CARTESIAN_POINT ( 'NONE',  ( 24.39257413884906001, 18.99999994138507375, -19.59157505344535011 ) ) ;
#4487 = CARTESIAN_POINT ( 'NONE',  ( 5.509491567826443337, -65.91683505297915247, 30.36786714104839646 ) ) ;
#4488 = CARTESIAN_POINT ( 'NONE',  ( 0.0000000000000000000, 4.200000000000000178, 25.50000000000000355 ) ) ;
#4489 = CIRCLE ( 'NONE', #4334, 9.799999999999998934 ) ;
#4490 = CARTESIAN_POINT ( 'NONE',  ( 30.78089249524191828, -50.03442670159736139, -18.67197676836818587 ) ) ;
#4491 = VERTEX_POINT ( 'NONE', #3189 ) ;
#4492 = EDGE_LOOP ( 'NONE', ( #8940, #4406, #8100, #1350 ) ) ;
#4493 = CARTESIAN_POINT ( 'NONE',  ( 5.276818712346251772, -54.42078370213877747, 51.88526003362029115 ) ) ;
#4494 = EDGE_CURVE ( 'NONE', #3144, #5480, #6367, .T. ) ;
#4495 = DIRECTION ( 'NONE',  ( 1.000000000000000000, 7.259150545626026932E-15, 0.0000000000000000000 ) ) ;
#4496 = VERTEX_POINT ( 'NONE', #3488 ) ;
#4497 = CARTESIAN_POINT ( 'NONE',  ( 8.196491563583267137, -61.23809703555394890, 37.50000000000008527 ) ) ;
#4498 = AXIS2_PLACEMENT_3D ( 'NONE', #6564, #4252, #2847 ) ;
#4499 = ORIENTED_EDGE ( 'NONE', *, *, #1986, .F. ) ;
#4500 = CARTESIAN_POINT ( 'NONE',  ( -0.2935981138730179296, -56.81210838455183421, 54.66219432005819101 ) ) ;
#4501 = CARTESIAN_POINT ( 'NONE',  ( -29.99999999999953459, -61.50000000000022027, -7.999999999999952038 ) ) ;
#4502 = EDGE_CURVE ( 'NONE', #1979, #3745, #5039, .T. ) ;
#4503 = CARTESIAN_POINT ( 'NONE',  ( 5.599597648352069079, -55.85264902278179022, 29.62846302369842988 ) ) ;
#4504 = CYLINDRICAL_SURFACE ( 'NONE', #2903, 9.999999999999994671 ) ;
#4505 = CARTESIAN_POINT ( 'NONE',  ( 15.47901783975178169, -43.33395943978880638, 32.50262681579386737 ) ) ;
#4506 = CARTESIAN_POINT ( 'NONE',  ( 1.830776274633483469, -46.64029659565589014, 35.95728177090282429 ) ) ;
#4507 = ORIENTED_EDGE ( 'NONE', *, *, #9223, .T. ) ;
#4508 = ADVANCED_FACE ( 'NONE', ( #8053, #4136 ), #2686, .T. ) ;
#4509 = CARTESIAN_POINT ( 'NONE',  ( -1.047777865792246077, -49.52239676626080467, -35.98859324055554509 ) ) ;
#4510 = EDGE_CURVE ( 'NONE', #8722, #964, #8811, .T. ) ;
#4511 = DIRECTION ( 'NONE',  ( -1.000000000000000000, -7.324388009679854455E-15, 2.664535259100375303E-15 ) ) ;
#4512 = PERSON_AND_ORGANIZATION ( #9309, #2538 ) ;
#4513 = CARTESIAN_POINT ( 'NONE',  ( -5.749999999999870326, 17.50000000000000711, 31.50000000000000000 ) ) ;
#4514 = CARTESIAN_POINT ( 'NONE',  ( 7.545874488029285843, -62.36969961351320535, 53.91855369414158616 ) ) ;
#4515 = CARTESIAN_POINT ( 'NONE',  ( 32.55656350284458966, -44.71913259319779144, 2.636485866137544321 ) ) ;
#4516 = DIRECTION ( 'NONE',  ( 1.054711873393898911E-15, -1.276710262284678586E-15, -1.000000000000000000 ) ) ;
#4517 = EDGE_CURVE ( 'NONE', #4072, #5720, #1723, .T. ) ;
#4518 = CARTESIAN_POINT ( 'NONE',  ( -23.73041624633985336, 18.99999994713762064, -22.38503536919813541 ) ) ;
#4519 = B_SPLINE_CURVE_WITH_KNOTS ( 'NONE', 3,
 ( #9541, #669, #9834, #5918, #8937, #7385, #4376, #2918, #6731, #1323, #2121, #2765, #5817, #8993, #5071, #8893, #1417, #5966, #4422, #6777, #2962, #2071, #7583, #5129, #8284, #4470, #3624, #6676, #1272, #3527, #2215, #519, #5175, #5269, #3720, #3675, #9736, #1475, #6010, #3577, #2015, #6630, #8138, #4325, #9080, #9688, #2814, #8193, #1370, #5864, #8339, #4520, #7479, #7433, #6580, #9789, #569, #9643, #614, #8240, #2868, #9038, #2166, #5218, #7535, #9878, #6067, #7681, #7726, #8427, #1521, #111, #5461, #7631, #6822, #7772, #712, #3956, #7016, #6260, #807, #4666, #6967, #852, #895, #3159, #5508, #3767, #6923, #9180, #1565, #3011, #4714, #2459, #66, #3113, #160, #8579, #9283, #8386, #1707, #4615, #2269, #9328, #1660, #5322 ),
 .UNSPECIFIED., .F., .F.,
 ( 4, 2, 2, 1, 1, 1, 1, 1, 1, 2, 2, 2, 2, 2, 1, 1, 1, 2, 2, 2, 1, 1, 1, 2, 2, 2, 1, 1, 1, 1, 1, 1, 2, 2, 2, 2, 2, 1, 1, 1, 2, 2, 2, 1, 1, 1, 2, 2, 2, 1, 1, 2, 2, 2, 1, 1, 1, 1, 1, 1, 2, 2, 2, 2, 2, 1, 1, 2, 2, 4 ),
 ( 0.0000000000000000000, 0.1250000000006697420, 0.1875000000010048351, 0.2187500000011721457, 0.2343750000012555235, 0.2421875000012972123, 0.2460937500013186119, 0.2480468750013290202, 0.2490234375013339330, 0.2495117187513358759, 0.2500000000013377632, 0.2812500000012976287, 0.2968750000012770340, 0.3046875000012665424, 0.3085937500012614354, 0.3105468750012588819, 0.3115234375012576051, 0.3120117187512568280, 0.3125000000012560508, 0.3437500000012056467, 0.3593750000011806667, 0.3671875000011680656, 0.3710937500011618484, 0.3730468750011590728, 0.3750000000011563528, 0.4375000000010683121, 0.4687500000010245693, 0.4843750000010028089, 0.4921875000009915957, 0.4960937500009859891, 0.4980468750009834911, 0.4990234375009819923, 0.4995117187509817147, 0.5000000000009814372, 0.5312500000009341417, 0.5468750000009104939, 0.5546875000008985035, 0.5585937500008927303, 0.5605468750008896217, 0.5615234375008881784, 0.5620117187508877343, 0.5625000000008871792, 0.5937500000008323342, 0.6093750000008050227, 0.6171875000007908119, 0.6210937500007835954, 0.6230468750007799317, 0.6250000000007762679, 0.6875000000006776801, 0.7187500000006279421, 0.7343750000006035172, 0.7421875000005917489, 0.7500000000005799805, 0.8125000000004909406, 0.8437500000004460876, 0.8593750000004236611, 0.8671875000004124479, 0.8710937500004072298, 0.8730468750004045653, 0.8740234375004032330, 0.8745117187504030110, 0.8750000000004026779, 0.9062500000003018696, 0.9218750000002510214, 0.9296875000002258194, 0.9335937500002131628, 0.9355468750002066125, 0.9365234375002037259, 0.9375000000002007283, 1.000000000000000000 ),
 .UNSPECIFIED. ) ;
#4520 = CARTESIAN_POINT ( 'NONE',  ( -22.94208409823265526, 18.99999999839068110, 24.18488699157444088 ) ) ;
#4521 = CARTESIAN_POINT ( 'NONE',  ( 5.750000000000119904, 19.00000000000001066, -31.50000000000000000 ) ) ;
#4522 = EDGE_LOOP ( 'NONE', ( #5646, #5515, #2946, #6535 ) ) ;
#4523 = CARTESIAN_POINT ( 'NONE',  ( -32.53872084341311677, -44.69677449485656240, -2.839921419109150857 ) ) ;
#4524 = CALENDAR_DATE ( 2023, 16, 11 ) ;
#4525 = CARTESIAN_POINT ( 'NONE',  ( -1.153272249573185970, -66.62117659193907571, -35.98161373141973485 ) ) ;
#4526 = AXIS2_PLACEMENT_3D ( 'NONE', #4347, #542, #6549 ) ;
#4527 = DIRECTION ( 'NONE',  ( -1.000000000000000000, 0.0000000000000000000, 0.0000000000000000000 ) ) ;
#4528 = ORIENTED_EDGE ( 'NONE', *, *, #1869, .T. ) ;
#4529 = ORIENTED_EDGE ( 'NONE', *, *, #2132, .T. ) ;
#4530 = B_SPLINE_CURVE_WITH_KNOTS ( 'NONE', 3,
 ( #5761, #8837, #1057, #3463 ),
 .UNSPECIFIED., .F., .F.,
 ( 4, 4 ),
 ( 0.0000000000000000000, 1.000000000000000000 ),
 .UNSPECIFIED. ) ;
#4531 = CARTESIAN_POINT ( 'NONE',  ( -32.55656350284359490, -44.71913259319782696, -2.636485866137137535 ) ) ;
#4532 = ORIENTED_EDGE ( 'NONE', *, *, #7939, .T. ) ;
#4533 = CARTESIAN_POINT ( 'NONE',  ( -3.112093915902391927E-11, 18.24833147735478889, -5.212670572962707638E-11 ) ) ;
#4534 = VERTEX_POINT ( 'NONE', #8353 ) ;
#4535 = CARTESIAN_POINT ( 'NONE',  ( 13.36348819535575139, -45.67407804560213691, -33.43020340957283310 ) ) ;
#4536 = CARTESIAN_POINT ( 'NONE',  ( 24.43165781673021542, 18.99999994171593798, -19.25119495557156668 ) ) ;
#4537 = CARTESIAN_POINT ( 'NONE',  ( -1.449997699391801786, -65.29741702555000415, -32.46763783634022360 ) ) ;
#4538 = CARTESIAN_POINT ( 'NONE',  ( 21.73046406391135577, -38.16720416055671450, -28.70169361880514103 ) ) ;
#4539 = EDGE_LOOP ( 'NONE', ( #8267 ) ) ;
#4540 = ORIENTED_EDGE ( 'NONE', *, *, #4510, .T. ) ;
#4541 = FACE_OUTER_BOUND ( 'NONE', #7166, .T. ) ;
#4542 = VECTOR ( 'NONE', #955, 1000.000000000000000 ) ;
#4543 = CARTESIAN_POINT ( 'NONE',  ( 4.856733017000363084, -54.88882605894696809, 52.50827663686971647 ) ) ;
#4544 = VERTEX_POINT ( 'NONE', #1882 ) ;
#4545 = DIRECTION ( 'NONE',  ( -1.387778780781444413E-14, 0.0000000000000000000, -1.000000000000000000 ) ) ;
#4546 = EDGE_LOOP ( 'NONE', ( #7296, #7103, #5158, #1620, #3345, #5013, #1796, #4771, #2920, #7235, #9808, #624 ) ) ;
#4547 = DIRECTION ( 'NONE',  ( -1.000000000000000000, 0.0000000000000000000, 0.0000000000000000000 ) ) ;
#4548 = DIRECTION ( 'NONE',  ( -0.0000000000000000000, -0.0000000000000000000, -1.000000000000000000 ) ) ;
#4549 = B_SPLINE_CURVE_WITH_KNOTS ( 'NONE', 3,
 ( #3679, #5454, #3948, #105, #9419, #7058, #8619, #4803, #3295, #2966, #9321, #1748, #7864, #7005, #4049, #6252, #7538, #151, #7109, #5500, #250, #8522, #994, #8342, #3724, #1478, #6198, #2452, #4001, #3150, #9271, #6351, #5603, #8572, #5545, #2553, #2498, #941, #4523, #2404, #1420, #1701, #4474, #672, #6781, #9837, #1654, #4751, #4705, #2219, #200, #6301, #7586, #6014, #9083, #5273, #717, #3770, #6960, #7766, #888, #7809, #3246, #3200, #9368, #299, #3449, #4954, #7215, #6455 ),
 .UNSPECIFIED., .F., .F.,
 ( 4, 2, 2, 2, 2, 2, 2, 2, 2, 2, 2, 2, 2, 2, 2, 2, 2, 2, 2, 2, 2, 2, 2, 2, 2, 2, 2, 2, 2, 2, 2, 2, 2, 2, 4 ),
 ( 0.0000000000000000000, 0.06250000000000001388, 0.1250000000000000278, 0.1562500000000000278, 0.1875000000000000278, 0.2500000000000000000, 0.2656250000000000000, 0.2812500000000000555, 0.3125000000000000000, 0.3281250000000000000, 0.3437500000000000555, 0.3750000000000000000, 0.4062499999999999445, 0.4218749999999999445, 0.4375000000000000000, 0.4687500000000000555, 0.4843750000000000000, 0.5000000000000000000, 0.5312500000000000000, 0.5390625000000000000, 0.5468749999999998890, 0.5625000000000000000, 0.5781250000000001110, 0.5937500000000000000, 0.6250000000000000000, 0.6406250000000000000, 0.6562500000000000000, 0.6875000000000000000, 0.7187500000000000000, 0.7500000000000000000, 0.8124999999999998890, 0.8437499999999998890, 0.8750000000000000000, 0.9375000000000001110, 1.000000000000000000 ),
 .UNSPECIFIED. ) ;
#4550 = CARTESIAN_POINT ( 'NONE',  ( 8.705133898679324744, -61.18495412653505383, 44.50000000000007816 ) ) ;
#4551 = AXIS2_PLACEMENT_3D ( 'NONE', #9432, #7774, #897 ) ;
#4552 = CARTESIAN_POINT ( 'NONE',  ( 14.93935871320430309, -44.07869009951031103, 32.75386458369451503 ) ) ;
#4553 = EDGE_CURVE ( 'NONE', #8864, #2806, #4611, .T. ) ;
#4554 = CARTESIAN_POINT ( 'NONE',  ( -8.167396598825689580, -48.37823326149145231, 35.07379325567146822 ) ) ;
#4555 = EDGE_LOOP ( 'NONE', ( #7039, #1989, #8298, #497 ) ) ;
#4556 = EDGE_CURVE ( 'NONE', #9302, #6846, #4990, .T. ) ;
#4557 = ORIENTED_EDGE ( 'NONE', *, *, #7743, .T. ) ;
#4558 = CARTESIAN_POINT ( 'NONE',  ( 9.505899677259982639, -42.43189142176262152, -33.60250595556547637 ) ) ;
#4559 = EDGE_CURVE ( 'NONE', #9649, #2736, #6268, .T. ) ;
#4560 = PLANE ( 'NONE',  #2518 ) ;
#4561 = AXIS2_PLACEMENT_3D ( 'NONE', #6806, #6758, #9863 ) ;
#4562 = CARTESIAN_POINT ( 'NONE',  ( -3.760036628675188730, -44.04316993364612642, 34.36468242564692588 ) ) ;
#4563 = CARTESIAN_POINT ( 'NONE',  ( 3.469446951953614978E-15, 4.549999999881038093, -3.500000000000003109 ) ) ;
#4564 = CARTESIAN_POINT ( 'NONE',  ( 35.34583427224147556, -53.80698064555846827, -6.961579284764942699 ) ) ;
#4565 = CARTESIAN_POINT ( 'NONE',  ( -3.749554849945068380, -55.60904661199464982, 32.28363567330078610 ) ) ;
#4566 = ADVANCED_FACE ( 'NONE', ( #3127 ), #5573, .T. ) ;
#4567 = EDGE_CURVE ( 'NONE', #212, #1812, #3270, .T. ) ;
#4568 = CARTESIAN_POINT ( 'NONE',  ( -24.46476346821739156, 19.00000001794944993, -19.01633969916189670 ) ) ;
#4569 = CARTESIAN_POINT ( 'NONE',  ( 3.980814712676603538E-13, -60.29999999999996163, 40.00000000000007816 ) ) ;
#4570 = ORIENTED_EDGE ( 'NONE', *, *, #6719, .T. ) ;
#4571 = EDGE_CURVE ( 'NONE', #3603, #3603, #4367, .T. ) ;
#4572 = APPROVAL_DATE_TIME ( #9693, #5187 ) ;
#4573 = CARTESIAN_POINT ( 'NONE',  ( -1.396177485224272319, -66.37952133126172782, -35.97328095718671648 ) ) ;
#4574 = CC_DESIGN_PERSON_AND_ORGANIZATION_ASSIGNMENT ( #3116, #4762, ( #2087 ) ) ;
#4575 = DIRECTION ( 'NONE',  ( 6.308085367188421204E-15, -1.000000000000000000, 0.0000000000000000000 ) ) ;
#4576 = ORIENTED_EDGE ( 'NONE', *, *, #7636, .T. ) ;
#4577 = ORIENTED_EDGE ( 'NONE', *, *, #5960, .T. ) ;
#4578 = CARTESIAN_POINT ( 'NONE',  ( -32.49943202207114012, -44.64736713022946191, -3.242569275873401491 ) ) ;
#4579 = APPROVAL ( #3759, 'UNKNOWN' ) ;
#4580 = FACE_OUTER_BOUND ( 'NONE', #5495, .T. ) ;
#4581 = VERTEX_POINT ( 'NONE', #444 ) ;
#4582 = CARTESIAN_POINT ( 'NONE',  ( 11.52463895844424258, -46.92054828292425128, -34.10785874538903073 ) ) ;
#4583 = CARTESIAN_POINT ( 'NONE',  ( 23.53292804001983995, 18.99999992374236157, -22.90737955370067525 ) ) ;
#4584 = CARTESIAN_POINT ( 'NONE',  ( -9.561348871718386988, -57.32954931772954410, 34.70730308850411916 ) ) ;
#4585 = CARTESIAN_POINT ( 'NONE',  ( 24.70792949705293751, -43.19065552022014032, -26.18241289857085263 ) ) ;
#4586 = EDGE_LOOP ( 'NONE', ( #3027 ) ) ;
#4587 = ORIENTED_EDGE ( 'NONE', *, *, #6154, .T. ) ;
#4588 = CARTESIAN_POINT ( 'NONE',  ( -17.03525130806778876, -55.62557887316943805, 51.00000000000002132 ) ) ;
#4589 = FACE_BOUND ( 'NONE', #8949, .T. ) ;
#4590 = EDGE_LOOP ( 'NONE', ( #4428, #1787, #7976, #9661, #4935, #870, #1724, #9135, #7949, #2696, #5840, #1482, #2131, #2148, #5975, #3677 ) ) ;
#4591 = CARTESIAN_POINT ( 'NONE',  ( 5.953636757328181872, -65.64361388591983371, 42.50000000000007816 ) ) ;
#4592 = B_SPLINE_CURVE_WITH_KNOTS ( 'NONE', 3,
 ( #65, #8426, #4568, #1563, #9133, #6009, #668, #8528, #5460, #4613, #851, #3718, #6775, #6869, #4665, #23, #9079, #3910, #110, #2212, #5267, #3109, #7680, #806, #3865, #2268, #8338, #1471, #4713, #4518, #6163, #7581, #710, #9877, #9222, #3007, #2352, #5319, #5407, #4160, #6259, #1807, #7971, #9478, #8732, #7012, #9326, #3206, #893, #7161, #2458, #7920, #5507, #951, #257, #159, #8627, #1052, #9528, #4106, #2505, #308, #3359, #7817, #7771, #8777, #4859, #4056, #6309, #5552, #8578, #7223, #1706, #4008, #8681, #1851, #5705, #6417, #4757, #2659, #360, #7065, #1106, #4905, #3409, #9374, #2609, #207, #3252, #1757, #5611, #5656, #6463, #1905, #3954, #4810, #7872, #3301, #1000, #9427, #7116, #6358, #2560, #8561, #2539, #926 ),
 .UNSPECIFIED., .F., .F.,
 ( 4, 2, 2, 1, 1, 1, 1, 1, 1, 2, 2, 2, 2, 2, 1, 1, 1, 2, 2, 2, 1, 1, 1, 2, 2, 2, 1, 1, 1, 1, 1, 1, 2, 2, 2, 2, 2, 1, 1, 1, 2, 2, 2, 1, 1, 1, 2, 2, 2, 1, 1, 2, 2, 2, 1, 1, 1, 1, 1, 1, 2, 2, 2, 2, 2, 1, 1, 2, 2, 4 ),
 ( 0.0000000000000000000, 0.1249999999993735289, 0.1874999999990606125, 0.2187499999989044874, 0.2343749999988264665, 0.2421874999987879418, 0.2460937499987681798, 0.2480468749987584376, 0.2490234374987532473, 0.2495117187487505828, 0.2499999999987478905, 0.2812499999987298493, 0.2968749999987205235, 0.3046874999987160826, 0.3085937499987138066, 0.3105468749987129184, 0.3115234374987121968, 0.3120117187487118637, 0.3124999999987115307, 0.3437499999987069232, 0.3593749999987043697, 0.3671874999987027599, 0.3710937499987020938, 0.3730468749987022048, 0.3749999999987022603, 0.4374999999987213006, 0.4687499999987307375, 0.4843749999987355115, 0.4921874999987376764, 0.4960937499987390087, 0.4980468749987391197, 0.4990234374987395083, 0.4995117187487397303, 0.4999999999987398969, 0.5312499999987929655, 0.5468749999988197219, 0.5546874999988333776, 0.5585937499988400390, 0.5605468749988432586, 0.5615234374988451460, 0.5620117187488460342, 0.5624999999988469224, 0.5937499999989228616, 0.6093749999989607202, 0.6171874999989793720, 0.6210937499989884758, 0.6230468749989926946, 0.6249999999989970245, 0.6874999999991322497, 0.7187499999991997512, 0.7343749999992336130, 0.7421874999992507105, 0.7499999999992678079, 0.8124999999994068078, 0.8437499999994765298, 0.8593749999995115019, 0.8671874999995288213, 0.8710937499995375921, 0.8730468749995422550, 0.8740234374995445865, 0.8745117187495458078, 0.8749999999995470290, 0.9062499999996547206, 0.9218749999997085665, 0.9296874999997352118, 0.9335937499997485345, 0.9355468749997548628, 0.9365234374997580824, 0.9374999999997614131, 1.000000000000000000 ),
 .UNSPECIFIED. ) ;
#4593 = VERTEX_POINT ( 'NONE', #8799 ) ;
#4594 = CARTESIAN_POINT ( 'NONE',  ( -3.337656149173661824, -53.97368462795409272, 29.64662843119474900 ) ) ;
#4595 = DIRECTION ( 'NONE',  ( 6.308085367188395171E-15, -1.000000000000000000, 0.0000000000000000000 ) ) ;
#4596 = FACE_OUTER_BOUND ( 'NONE', #407, .T. ) ;
#4597 = DIRECTION ( 'NONE',  ( 1.000000000000000000, 0.0000000000000000000, 0.0000000000000000000 ) ) ;
#4598 = CARTESIAN_POINT ( 'NONE',  ( 13.46278796153831969, -45.58112082456084835, 33.38805393428690849 ) ) ;
#4599 = CARTESIAN_POINT ( 'NONE',  ( 0.5167279205517346652, -49.53588470427350643, 36.00019818119142201 ) ) ;
#4600 = EDGE_LOOP ( 'NONE', ( #7343, #7666, #7603, #7831, #1160, #9041, #1650, #2364, #2079, #7910, #4795, #1907, #7762, #8809, #6941, #5891 ) ) ;
#4601 = LINE ( 'NONE', #6087, #2374 ) ;
#4602 = ORIENTED_EDGE ( 'NONE', *, *, #4502, .F. ) ;
#4603 = CARTESIAN_POINT ( 'NONE',  ( -0.6840030694873123762, -63.74014375769303342, 54.38164087365436927 ) ) ;
#4604 = AXIS2_PLACEMENT_3D ( 'NONE', #523, #1175, #7337 ) ;
#4605 = FACE_OUTER_BOUND ( 'NONE', #4020, .T. ) ;
#4606 = EDGE_CURVE ( 'NONE', #1600, #2671, #9648, .T. ) ;
#4607 = CARTESIAN_POINT ( 'NONE',  ( 12.04127140131845408, -39.76155166965928345, 33.02216674085233450 ) ) ;
#4608 = CARTESIAN_POINT ( 'NONE',  ( 6.972328291151243640, -61.85492023633977254, 52.80599156992117571 ) ) ;
#4609 = B_SPLINE_CURVE_WITH_KNOTS ( 'NONE', 3,
 ( #9461, #7099, #8662, #4844, #3340, #3005, #2489, #1791, #7904, #3286, #5590, #21, #1517, #7048, #7146, #5534, #287, #985, #3237, #5491, #191, #4565, #6243, #8606, #4039, #3064 ),
 .UNSPECIFIED., .F., .F.,
 ( 4, 2, 2, 2, 2, 2, 2, 2, 2, 2, 2, 2, 4 ),
 ( 1.110764993427085326E-17, 0.001512789096196490938, 0.002269183644294738358, 0.003025578192392985345, 0.003781972740491232332, 0.004538367288589479319, 0.006051156384785967221, 0.007563945480982455991, 0.008320340029080696906, 0.009076734577178937821, 0.009833129125277178736, 0.01058952367337542139, 0.01210231276957190322 ),
 .UNSPECIFIED. ) ;
#4610 = CARTESIAN_POINT ( 'NONE',  ( 31.98978017755842274, -51.12076414502257649, -16.55496122211818033 ) ) ;
#4611 = CIRCLE ( 'NONE', #294, 8.750000000000001776 ) ;
#4612 = EDGE_CURVE ( 'NONE', #5449, #4700, #6588, .T. ) ;
#4613 = CARTESIAN_POINT ( 'NONE',  ( -24.09334155633772312, 18.99999999905794823, -21.17738794200852581 ) ) ;
#4614 = SECURITY_CLASSIFICATION ( '', '', #6015 ) ;
#4615 = CARTESIAN_POINT ( 'NONE',  ( -24.47264953759800221, 18.99999997954281383, 18.75136685131977998 ) ) ;
#4616 = FACE_BOUND ( 'NONE', #9204, .T. ) ;
#4617 = VECTOR ( 'NONE', #3279, 1000.000000000000000 ) ;
#4618 = EDGE_CURVE ( 'NONE', #4700, #5789, #5035, .T. ) ;
#4619 = ORIENTED_EDGE ( 'NONE', *, *, #3652, .F. ) ;
#4620 = APPLICATION_PROTOCOL_DEFINITION ( 'international standard', 'config_control_design', 1994, #9024 ) ;
#4621 = ORGANIZATION ( 'NAUO-ORG1', 'UNSPECIFIED', 'UNSPECIFIED' ) ;
#4622 = CARTESIAN_POINT ( 'NONE',  ( 10.19131289898476211, -42.00290845173102383, -33.46033364881083116 ) ) ;
#4623 = AXIS2_PLACEMENT_3D ( 'NONE', #8365, #649, #2042 ) ;
#4624 = EDGE_CURVE ( 'NONE', #195, #6763, #8081, .T. ) ;
#4625 = CARTESIAN_POINT ( 'NONE',  ( 12.12435565298243212, -38.99999999999993605, -22.99999999999993250 ) ) ;
#4626 = VERTEX_POINT ( 'NONE', #4125 ) ;
#4627 = EDGE_LOOP ( 'NONE', ( #9711, #9059, #764, #5893 ) ) ;
#4628 = VECTOR ( 'NONE', #6452, 1000.000000000000000 ) ;
#4629 = ADVANCED_FACE ( 'NONE', ( #4925, #5676 ), #7993, .F. ) ;
#4630 = CARTESIAN_POINT ( 'NONE',  ( -32.35488083046536190, -44.46396235135465957, -4.424712754102503531 ) ) ;
#4631 = LINE ( 'NONE', #2978, #1447 ) ;
#4632 = VERTEX_POINT ( 'NONE', #175 ) ;
#4633 = ADVANCED_FACE ( 'NONE', ( #2820, #5870 ), #3583, .F. ) ;
#4634 = CARTESIAN_POINT ( 'NONE',  ( 10.68641314570712275, -47.35350508590734364, -34.37732924105934273 ) ) ;
#4635 = CARTESIAN_POINT ( 'NONE',  ( 24.50000000000004974, 19.00000000000002132, -18.03367164276911438 ) ) ;
#4636 = CARTESIAN_POINT ( 'NONE',  ( -4.715264612593550453, -51.46803255335218807, 35.69261893449944978 ) ) ;
#4637 = AXIS2_PLACEMENT_3D ( 'NONE', #9895, #3922, #904 ) ;
#4638 = CARTESIAN_POINT ( 'NONE',  ( 35.24654666887933985, -53.73171334436788271, -7.335264479113313030 ) ) ;
#4639 = ORIENTED_EDGE ( 'NONE', *, *, #4743, .T. ) ;
#4640 = ADVANCED_FACE ( 'NONE', ( #7367, #5005 ), #3505, .T. ) ;
#4641 = ORIENTED_EDGE ( 'NONE', *, *, #211, .T. ) ;
#4642 = CARTESIAN_POINT ( 'NONE',  ( -29.96752233638423490, -49.26789072976115591, -19.95407756800557664 ) ) ;
#4643 = ORIENTED_EDGE ( 'NONE', *, *, #2185, .T. ) ;
#4644 = CIRCLE ( 'NONE', #19, 7.249999999999999112 ) ;
#4645 = LINE ( 'NONE', #90, #4473 ) ;
#4646 = EDGE_LOOP ( 'NONE', ( #4144, #641, #6652, #4292 ) ) ;
#4647 = DIRECTION ( 'NONE',  ( -0.0000000000000000000, -1.000000000000000000, -0.0000000000000000000 ) ) ;
#4648 = CARTESIAN_POINT ( 'NONE',  ( -18.16590212458494946, 5.000000000000000888, -30.00000000000000000 ) ) ;
#4649 = AXIS2_PLACEMENT_3D ( 'NONE', #1838, #9616, #8010 ) ;
#4650 = DIRECTION ( 'NONE',  ( -1.054711873393908180E-15, 1.276710262284678586E-15, 1.000000000000000000 ) ) ;
#4651 = CARTESIAN_POINT ( 'NONE',  ( -6.098789299295968469, -58.27791340938697573, 52.50000000000006395 ) ) ;
#4652 = CARTESIAN_POINT ( 'NONE',  ( 7.348663653656114292, -48.60095826473579450, 35.24488649419178188 ) ) ;
#4653 = CARTESIAN_POINT ( 'NONE',  ( 2.620623510347693141, -49.42817271799049905, 35.90825657570981377 ) ) ;
#4654 = ORIENTED_EDGE ( 'NONE', *, *, #53, .F. ) ;
#4655 = AXIS2_PLACEMENT_3D ( 'NONE', #140, #1604, #1790 ) ;
#4656 = DESIGN_CONTEXT ( 'detailed design', #9335, 'design' ) ;
#4657 = EDGE_LOOP ( 'NONE', ( #8491, #543, #5099, #8911 ) ) ;
#4658 = FACE_BOUND ( 'NONE', #139, .T. ) ;
#4659 = DIRECTION ( 'NONE',  ( 1.000000000000000000, 7.259150545626026932E-15, 0.0000000000000000000 ) ) ;
#4660 = CARTESIAN_POINT ( 'NONE',  ( 4.117975298226971503, -43.99602881614051597, 34.33721852930421647 ) ) ;
#4661 = PLANE ( 'NONE',  #8956 ) ;
#4662 = LINE ( 'NONE', #6919, #7759 ) ;
#4663 = AXIS2_PLACEMENT_3D ( 'NONE', #2297, #5207, #2950 ) ;
#4664 = CARTESIAN_POINT ( 'NONE',  ( 35.67099645461362201, -54.04516174230681713, 4.868436718498955429 ) ) ;
#4665 = CARTESIAN_POINT ( 'NONE',  ( -24.07817116199383989, 19.00000000000001066, -21.23689361681501708 ) ) ;
#4666 = CARTESIAN_POINT ( 'NONE',  ( -24.28839925422085244, 18.99999999842504295, 20.27312421239265561 ) ) ;
#4667 = CARTESIAN_POINT ( 'NONE',  ( -20.71568083341357536, -35.83243773103800578, -29.44328889695181317 ) ) ;
#4668 = DIRECTION ( 'NONE',  ( -0.3105242167236345607, 0.9505654689857891970, 0.0000000000000000000 ) ) ;
#4669 = ORIENTED_EDGE ( 'NONE', *, *, #667, .T. ) ;
#4670 = COORDINATED_UNIVERSAL_TIME_OFFSET ( 8, 0, .AHEAD. ) ;
#4671 = CARTESIAN_POINT ( 'NONE',  ( -1.526988974767908847, -66.18474205819154577, -35.96770825719525533 ) ) ;
#4672 = DIRECTION ( 'NONE',  ( -0.0000000000000000000, -1.000000000000000000, -0.0000000000000000000 ) ) ;
#4673 = EDGE_CURVE ( 'NONE', #8917, #8917, #5790, .T. ) ;
#4674 = ORIENTED_EDGE ( 'NONE', *, *, #7934, .F. ) ;
#4675 = EDGE_LOOP ( 'NONE', ( #6179, #3710, #521, #936 ) ) ;
#4676 = EDGE_CURVE ( 'NONE', #26, #4128, #7446, .T. ) ;
#4677 = CARTESIAN_POINT ( 'NONE',  ( -29.11765858063320778, -39.32557819296513202, -13.98244586729664896 ) ) ;
#4678 = ORIENTED_EDGE ( 'NONE', *, *, #8602, .F. ) ;
#4679 = CARTESIAN_POINT ( 'NONE',  ( 4.867501005719684114E-13, -67.29999999999999716, 8.592260065175946769E-14 ) ) ;
#4680 = CARTESIAN_POINT ( 'NONE',  ( 14.19054479839491378, -44.91902149662897870, -33.08562584662882244 ) ) ;
#4681 = AXIS2_PLACEMENT_3D ( 'NONE', #1985, #2786, #7302 ) ;
#4682 = CARTESIAN_POINT ( 'NONE',  ( 24.49983156979054399, 19.00000000649440679, -18.31652838701817032 ) ) ;
#4683 = CARTESIAN_POINT ( 'NONE',  ( 4.047630438978724321, -51.15254477432520019, 35.77241725537320605 ) ) ;
#4684 = EDGE_CURVE ( 'NONE', #3848, #1165, #651, .T. ) ;
#4685 = EDGE_CURVE ( 'NONE', #7186, #797, #1040, .T. ) ;
#4686 = ORIENTED_EDGE ( 'NONE', *, *, #6728, .F. ) ;
#4687 = EDGE_CURVE ( 'NONE', #7750, #26, #7611, .T. ) ;
#4688 = ORIENTED_EDGE ( 'NONE', *, *, #2053, .F. ) ;
#4689 = CARTESIAN_POINT ( 'NONE',  ( -26.67980502381764296, -45.74913142964112467, -24.17348009842529777 ) ) ;
#4690 = ORIENTED_EDGE ( 'NONE', *, *, #6646, .T. ) ;
#4691 = DIRECTION ( 'NONE',  ( -0.0000000000000000000, -1.000000000000000000, -0.0000000000000000000 ) ) ;
#4692 = ORIENTED_EDGE ( 'NONE', *, *, #8384, .F. ) ;
#4693 = DIRECTION ( 'NONE',  ( -1.000000000000000000, -0.0000000000000000000, -1.025519176787315347E-29 ) ) ;
#4694 = EDGE_CURVE ( 'NONE', #4128, #6604, #3758, .T. ) ;
#4695 = CARTESIAN_POINT ( 'NONE',  ( -12.12435565298200935, 10.50000000000000888, -32.79999999999999716 ) ) ;
#4696 = FACE_BOUND ( 'NONE', #1852, .T. ) ;
#4697 = FACE_OUTER_BOUND ( 'NONE', #528, .T. ) ;
#4698 = CARTESIAN_POINT ( 'NONE',  ( -10.00844938428530995, -47.66872751183790058, 34.58189591746870661 ) ) ;
#4699 = CARTESIAN_POINT ( 'NONE',  ( -10.79978795761590504, -41.53758815880897259, 33.32593974729974207 ) ) ;
#4700 = VERTEX_POINT ( 'NONE', #9163 ) ;
#4701 = CIRCLE ( 'NONE', #7268, 3.299999999999997158 ) ;
#4702 = EDGE_LOOP ( 'NONE', ( #7410, #7357 ) ) ;
#4703 = CARTESIAN_POINT ( 'NONE',  ( 1.363063266710804022, -63.53180436986127688, 54.28100204893843994 ) ) ;
#4704 = DIRECTION ( 'NONE',  ( 0.0000000000000000000, 0.0000000000000000000, 1.000000000000000000 ) ) ;
#4705 = CARTESIAN_POINT ( 'NONE',  ( -31.50591055666182427, -43.32521301506877620, -8.401217789303872863 ) ) ;
#4706 = CC_DESIGN_DATE_AND_TIME_ASSIGNMENT ( #4867, #6670, ( #4298 ) ) ;
#4707 = EDGE_CURVE ( 'NONE', #4215, #8364, #694, .T. ) ;
#4708 = CIRCLE ( 'NONE', #2154, 12.99999999999999822 ) ;
#4709 = LINE ( 'NONE', #1100, #9267 ) ;
#4710 = CARTESIAN_POINT ( 'NONE',  ( -6.177443301524855102, -55.42736954103492764, 30.36786714008695043 ) ) ;
#4711 = CARTESIAN_POINT ( 'NONE',  ( 26.31265037673140483, -45.31503028684658574, 24.58116952273396194 ) ) ;
#4712 = LINE ( 'NONE', #892, #1766 ) ;
#4713 = CARTESIAN_POINT ( 'NONE',  ( -23.78183786767131025, 18.99999996084913434, -22.23734215347094789 ) ) ;
#4714 = CARTESIAN_POINT ( 'NONE',  ( -24.40930554654908491, 18.99999992769409474, 19.46110054261051658 ) ) ;
#4715 = VECTOR ( 'NONE', #4226, 1000.000000000000000 ) ;
#4716 = CARTESIAN_POINT ( 'NONE',  ( -25.84099998729533709, -44.72554183448259124, -25.07826278609073967 ) ) ;
#4717 = CARTESIAN_POINT ( 'NONE',  ( 0.0000000000000000000, 0.4999999999999873435, 0.0000000000000000000 ) ) ;
#4718 = ORIENTED_EDGE ( 'NONE', *, *, #7255, .F. ) ;
#4719 = PERSON_AND_ORGANIZATION ( #7395, #7661 ) ;
#4720 = CARTESIAN_POINT ( 'NONE',  ( -1.749997215241011927, -65.30312196202962127, -35.95744025576124159 ) ) ;
#4721 = FACE_OUTER_BOUND ( 'NONE', #7555, .T. ) ;
#4722 = ORIENTED_EDGE ( 'NONE', *, *, #219, .T. ) ;
#4723 = CARTESIAN_POINT ( 'NONE',  ( -27.29982314366894869, -34.87157540859454485, -24.62204810929425847 ) ) ;
#4724 = ORIENTED_EDGE ( 'NONE', *, *, #8305, .T. ) ;
#4725 = DIRECTION ( 'NONE',  ( 1.000000000000000000, 0.0000000000000000000, 0.0000000000000000000 ) ) ;
#4726 = VERTEX_POINT ( 'NONE', #2371 ) ;
#4727 = CARTESIAN_POINT ( 'NONE',  ( 14.34386687555023876, -44.76241048734902961, -33.01937561358082007 ) ) ;
#4728 = CARTESIAN_POINT ( 'NONE',  ( -9.774645563570468099, 14.40595192338536812, -34.64848214495702905 ) ) ;
#4729 = DIRECTION ( 'NONE',  ( -1.000000000000000000, 0.0000000000000000000, 0.0000000000000000000 ) ) ;
#4730 = ORIENTED_EDGE ( 'NONE', *, *, #9152, .T. ) ;
#4731 = VERTEX_POINT ( 'NONE', #4448 ) ;
#4732 = CARTESIAN_POINT ( 'NONE',  ( -33.02370223358160217, -51.99044632759396478, -14.34229328207401721 ) ) ;
#4733 = FACE_BOUND ( 'NONE', #3630, .T. ) ;
#4734 = ORIENTED_EDGE ( 'NONE', *, *, #6520, .F. ) ;
#4735 = DIRECTION ( 'NONE',  ( -7.232542356195667155E-15, 1.000000000000000000, -1.276710262284687461E-15 ) ) ;
#4736 = VERTEX_POINT ( 'NONE', #3704 ) ;
#4737 = ADVANCED_FACE ( 'NONE', ( #6045, #2294 ), #6908, .F. ) ;
#4738 = DIRECTION ( 'NONE',  ( 0.6679517357399816779, 0.7442045946659733291, -0.0000000000000000000 ) ) ;
#4739 = DIRECTION ( 'NONE',  ( 0.0000000000000000000, 0.0000000000000000000, 1.000000000000000000 ) ) ;
#4740 = CARTESIAN_POINT ( 'NONE',  ( -1.499999999999992450, 23.00000000000000000, 33.50000000000000000 ) ) ;
#4741 = DIRECTION ( 'NONE',  ( 0.0000000000000000000, -0.0000000000000000000, -1.000000000000000000 ) ) ;
#4742 = CYLINDRICAL_SURFACE ( 'NONE', #2129, 35.99999999999998579 ) ;
#4743 = EDGE_CURVE ( 'NONE', #8040, #1979, #7923, .T. ) ;
#4744 = CARTESIAN_POINT ( 'NONE',  ( 8.260536656036808978, -48.32375857487695470, 35.03946868708822393 ) ) ;
#4745 = CARTESIAN_POINT ( 'NONE',  ( -9.302199593174488967, 21.79082390159888405, 34.77829232156537387 ) ) ;
#4746 = EDGE_LOOP ( 'NONE', ( #6035 ) ) ;
#4747 = EDGE_LOOP ( 'NONE', ( #9062, #8803, #3136, #8967, #7658, #2821 ) ) ;
#4748 = CARTESIAN_POINT ( 'NONE',  ( -5.083306010855180190, -57.11252450989819351, 32.10000000000005116 ) ) ;
#4749 = PRODUCT_DEFINITION ( '未知', '', #1096, #5540 ) ;
#4750 = CARTESIAN_POINT ( 'NONE',  ( -12.12435565298214968, -5.551115123125782702E-14, 22.99999999999997868 ) ) ;
#4751 = CARTESIAN_POINT ( 'NONE',  ( -31.69231087128153490, -43.58455229621721827, -7.734164115117991400 ) ) ;
#4752 = DIRECTION ( 'NONE',  ( 1.000000000000000000, 0.0000000000000000000, 0.0000000000000000000 ) ) ;
#4753 = DIRECTION ( 'NONE',  ( -7.232542356195678199E-15, 1.000000000000000000, 0.0000000000000000000 ) ) ;
#4754 = FACE_OUTER_BOUND ( 'NONE', #1179, .T. ) ;
#4755 = CARTESIAN_POINT ( 'NONE',  ( 31.69231087128215307, -43.58455229621674221, 7.734164115116008098 ) ) ;
#4756 = FACE_BOUND ( 'NONE', #7909, .T. ) ;
#4757 = CARTESIAN_POINT ( 'NONE',  ( -20.72742948173788236, 19.00000000000000711, -27.24957257952901557 ) ) ;
#4758 = EDGE_CURVE ( 'NONE', #7801, #2130, #2251, .T. ) ;
#4759 = CARTESIAN_POINT ( 'NONE',  ( -18.92233153912453858, -28.14123734122948761, -30.62627470800414642 ) ) ;
#4760 = PLANE ( 'NONE',  #8884 ) ;
#4761 = ORIENTED_EDGE ( 'NONE', *, *, #1251, .T. ) ;
#4762 = PERSON_AND_ORGANIZATION_ROLE ( 'design_owner' ) ;
#4763 = AXIS2_PLACEMENT_3D ( 'NONE', #4889, #4236, #2827 ) ;
#4764 = DIRECTION ( 'NONE',  ( 1.000000000000000000, 1.346561472515501271E-30, 1.054711873393908180E-15 ) ) ;
#4765 = LOCAL_TIME ( 17, 37, 41.00000000000000000, #8289 ) ;
#4766 = AXIS2_PLACEMENT_3D ( 'NONE', #9554, #1185, #7142 ) ;
#4767 = FACE_BOUND ( 'NONE', #6799, .T. ) ;
#4768 = ORIENTED_EDGE ( 'NONE', *, *, #5718, .T. ) ;
#4769 = CIRCLE ( 'NONE', #6210, 14.99999999999999112 ) ;
#4770 = CIRCLE ( 'NONE', #1079, 34.49999999993530508 ) ;
#4771 = ORIENTED_EDGE ( 'NONE', *, *, #7753, .F. ) ;
#4772 = LINE ( 'NONE', #7836, #5130 ) ;
#4773 = CARTESIAN_POINT ( 'NONE',  ( 17.67766952966358929, 5.000000000000000888, 24.92766952966378469 ) ) ;
#4774 = DIRECTION ( 'NONE',  ( 0.0000000000000000000, -1.000000000000000000, 0.0000000000000000000 ) ) ;
#4775 = CARTESIAN_POINT ( 'NONE',  ( -11.79272396487377428, 19.29768531087991690, -34.01386551706199413 ) ) ;
#4776 = CIRCLE ( 'NONE', #6058, 3.299999999999997158 ) ;
#4777 = FACE_OUTER_BOUND ( 'NONE', #4378, .T. ) ;
#4778 = VERTEX_POINT ( 'NONE', #7566 ) ;
#4779 = AXIS2_PLACEMENT_3D ( 'NONE', #5102, #4447, #5948 ) ;
#4780 = VERTEX_POINT ( 'NONE', #9117 ) ;
#4781 = FACE_OUTER_BOUND ( 'NONE', #2637, .T. ) ;
#4782 = CIRCLE ( 'NONE', #6066, 1.500000000000001332 ) ;
#4783 = FACE_BOUND ( 'NONE', #3067, .T. ) ;
#4784 = DIRECTION ( 'NONE',  ( -1.000000000000000000, -7.232542356195678199E-15, -1.054711873393898911E-15 ) ) ;
#4785 = ORIENTED_EDGE ( 'NONE', *, *, #4375, .F. ) ;
#4786 = CARTESIAN_POINT ( 'NONE',  ( 1.131100109967494660, -52.51386194095616844, 30.36786714009107158 ) ) ;
#4787 = EDGE_CURVE ( 'NONE', #8216, #1696, #2159, .T. ) ;
#4788 = VECTOR ( 'NONE', #5992, 1000.000000000000114 ) ;
#4789 = LINE ( 'NONE', #7902, #1890 ) ;
#4790 = LINE ( 'NONE', #4090, #5450 ) ;
#4791 = DIRECTION ( 'NONE',  ( 0.0000000000000000000, 0.0000000000000000000, 1.000000000000000000 ) ) ;
#4792 = DIRECTION ( 'NONE',  ( 1.000000000000000000, 0.0000000000000000000, 0.0000000000000000000 ) ) ;
#4793 = CARTESIAN_POINT ( 'NONE',  ( -9.074277664326663384, -48.04747830105043249, 34.84027865827645343 ) ) ;
#4794 = CARTESIAN_POINT ( 'NONE',  ( -16.75838134097608645, -39.76920600193182764, 31.86159058181618775 ) ) ;
#4795 = ORIENTED_EDGE ( 'NONE', *, *, #482, .F. ) ;
#4796 = EDGE_CURVE ( 'NONE', #3162, #4998, #1675, .T. ) ;
#4797 = AXIS2_PLACEMENT_3D ( 'NONE', #76, #2426, #4725 ) ;
#4798 = DIRECTION ( 'NONE',  ( -0.8518354199999242926, 3.202566417187917008E-16, 0.5238095238095168416 ) ) ;
#4799 = ORIENTED_EDGE ( 'NONE', *, *, #6719, .F. ) ;
#4800 = CARTESIAN_POINT ( 'NONE',  ( 14.59871394950940626, -38.99999999999992895, -32.99999999999992895 ) ) ;
#4801 = ADVANCED_FACE ( 'NONE', ( #8412 ), #7660, .F. ) ;
#4802 = VERTEX_POINT ( 'NONE', #7863 ) ;
#4803 = CARTESIAN_POINT ( 'NONE',  ( -27.23719720163357039, -34.54324197532239538, 16.60724949565848263 ) ) ;
#4804 = DIRECTION ( 'NONE',  ( -0.0000000000000000000, -0.0000000000000000000, -1.000000000000000000 ) ) ;
#4805 = CARTESIAN_POINT ( 'NONE',  ( 7.504688827020998154, -58.87939374928985359, 30.12179870301486417 ) ) ;
#4806 = DIRECTION ( 'NONE',  ( 0.0000000000000000000, 0.0000000000000000000, 1.000000000000000000 ) ) ;
#4807 = CARTESIAN_POINT ( 'NONE',  ( 22.03573865233042994, -38.80956768361971854, 28.47172925886678740 ) ) ;
#4808 = FACE_OUTER_BOUND ( 'NONE', #758, .T. ) ;
#4809 = CIRCLE ( 'NONE', #501, 35.79999999999999716 ) ;
#4810 = CARTESIAN_POINT ( 'NONE',  ( -19.01151564016448603, 18.99999996015289838, -28.75488449489856180 ) ) ;
#4811 = ADVANCED_FACE ( 'NONE', ( #2339, #5390 ), #597, .T. ) ;
#4812 = EDGE_CURVE ( 'NONE', #5060, #7334, #7604, .T. ) ;
#4813 = DIRECTION ( 'NONE',  ( 0.0000000000000000000, -1.000000000000000000, 0.0000000000000000000 ) ) ;
#4814 = CARTESIAN_POINT ( 'NONE',  ( 4.179110650923774672E-13, -60.29999999999998295, 44.50000000000007816 ) ) ;
#4815 = FACE_OUTER_BOUND ( 'NONE', #1681, .T. ) ;
#4816 = LINE ( 'NONE', #1856, #310 ) ;
#4817 = ORIENTED_EDGE ( 'NONE', *, *, #4796, .T. ) ;
#4818 = AXIS2_PLACEMENT_3D ( 'NONE', #7754, #839, #879 ) ;
#4819 = PERSON_AND_ORGANIZATION ( #7395, #7661 ) ;
#4820 = DIRECTION ( 'NONE',  ( -0.0000000000000000000, -0.0000000000000000000, -1.000000000000000000 ) ) ;
#4821 = EDGE_CURVE ( 'NONE', #3626, #8670, #7283, .T. ) ;
#4822 = DIRECTION ( 'NONE',  ( 0.0000000000000000000, 0.0000000000000000000, 1.000000000000000000 ) ) ;
#4823 = DIRECTION ( 'NONE',  ( 1.000000000000000000, 7.232542356195667155E-15, 0.0000000000000000000 ) ) ;
#4824 = CARTESIAN_POINT ( 'NONE',  ( -5.083306010855088708, -63.48747549010189317, 32.10000000000006537 ) ) ;
#4825 = CARTESIAN_POINT ( 'NONE',  ( -29.55862743161781125, -40.18044890207065833, -13.20351254191280610 ) ) ;
#4826 = EDGE_LOOP ( 'NONE', ( #7141, #9365, #1975, #6378 ) ) ;
#4827 = DIRECTION ( 'NONE',  ( 1.000000000000000000, 7.232542356195667155E-15, 0.0000000000000000000 ) ) ;
#4828 = CARTESIAN_POINT ( 'NONE',  ( 6.064563780642038715, -65.49883228314027406, 30.48585692051648621 ) ) ;
#4829 = CARTESIAN_POINT ( 'NONE',  ( 2.806358362882221069, -67.52182042158389663, 53.36857586412168786 ) ) ;
#4830 = CARTESIAN_POINT ( 'NONE',  ( -10.43072592386720743, 14.81294827395590197, -34.45648669574636358 ) ) ;
#4831 = CARTESIAN_POINT ( 'NONE',  ( 8.422903040223774340, -54.90423111017742031, 35.00102431795013302 ) ) ;
#4832 = VERTEX_POINT ( 'NONE', #7626 ) ;
#4833 = ORIENTED_EDGE ( 'NONE', *, *, #6084, .F. ) ;
#4834 = PLANE ( 'NONE',  #3906 ) ;
#4835 = PLANE ( 'NONE',  #1184 ) ;
#4836 = CIRCLE ( 'NONE', #4526, 8.750000000000001776 ) ;
#4837 = CARTESIAN_POINT ( 'NONE',  ( -25.99999999999982947, -26.00000000000014566, 26.27379873562255597 ) ) ;
#4838 = B_SPLINE_CURVE_WITH_KNOTS ( 'NONE', 3,
 ( #1168, #4218, #4869, #3310, #5665, #7074 ),
 .UNSPECIFIED., .F., .F.,
 ( 4, 2, 4 ),
 ( 1.369583753340789425E-15, 0.0005385274559227413082, 0.001077054911844113052 ),
 .UNSPECIFIED. ) ;
#4839 = CARTESIAN_POINT ( 'NONE',  ( 22.46447597750182723, 18.99999998892544539, 25.01765520495236217 ) ) ;
#4840 = VERTEX_POINT ( 'NONE', #1515 ) ;
#4841 = DIRECTION ( 'NONE',  ( 1.000000000000000000, 0.0000000000000000000, 0.0000000000000000000 ) ) ;
#4842 = CARTESIAN_POINT ( 'NONE',  ( 5.750000000000123457, 18.24833147735481376, 32.79999999999999005 ) ) ;
#4843 = DIRECTION ( 'NONE',  ( 1.000000000000000000, 7.232542356195667155E-15, 0.0000000000000000000 ) ) ;
#4844 = CARTESIAN_POINT ( 'NONE',  ( 3.945175661738464790, -55.77241277642960426, 32.26018532536382111 ) ) ;
#4845 = CARTESIAN_POINT ( 'NONE',  ( 30.00000000000048672, -72.29999999999976978, 19.89974874213251610 ) ) ;
#4846 = CARTESIAN_POINT ( 'NONE',  ( -3.720660988512633160, -49.31150087343526423, 35.81017845491469132 ) ) ;
#4847 = CARTESIAN_POINT ( 'NONE',  ( -5.592705339519486785, 21.20526151939957771, 35.56362093804781210 ) ) ;
#4848 = ORIENTED_EDGE ( 'NONE', *, *, #5001, .F. ) ;
#4849 = EDGE_LOOP ( 'NONE', ( #3599, #4920, #8652, #7375 ) ) ;
#4850 = CARTESIAN_POINT ( 'NONE',  ( 25.80000000000013216, 6.938893903907228378E-15, 33.00000000000000000 ) ) ;
#4851 = VERTEX_POINT ( 'NONE', #4099 ) ;
#4852 = DIRECTION ( 'NONE',  ( 0.0000000000000000000, -1.000000000000000000, 0.0000000000000000000 ) ) ;
#4853 = CARTESIAN_POINT ( 'NONE',  ( -11.95599184493240230, -39.95624346417520911, 33.04407806090962652 ) ) ;
#4854 = PLANE ( 'NONE',  #2226 ) ;
#4855 = FACE_OUTER_BOUND ( 'NONE', #8568, .T. ) ;
#4856 = CARTESIAN_POINT ( 'NONE',  ( 29.55862743161753059, -40.18044890206850539, 13.20351254190938839 ) ) ;
#4857 = CIRCLE ( 'NONE', #6297, 2.100000000000006306 ) ;
#4858 = CARTESIAN_POINT ( 'NONE',  ( -10.99999999999986677, -63.00000000000001421, -17.88854381999832910 ) ) ;
#4859 = CARTESIAN_POINT ( 'NONE',  ( -21.90025837465091385, 18.99999992433998131, -25.85403437102515056 ) ) ;
#4860 = ORIENTED_EDGE ( 'NONE', *, *, #8384, .T. ) ;
#4861 = EDGE_CURVE ( 'NONE', #3178, #1443, #1839, .T. ) ;
#4862 = LINE ( 'NONE', #2614, #6534 ) ;
#4863 = CARTESIAN_POINT ( 'NONE',  ( -5.701811951439236914, -48.99205763239042000, -35.54922054270362253 ) ) ;
#4864 = CIRCLE ( 'NONE', #9037, 2.000000000000001776 ) ;
#4865 = FACE_OUTER_BOUND ( 'NONE', #6331, .T. ) ;
#4866 = ORIENTED_EDGE ( 'NONE', *, *, #353, .T. ) ;
#4867 = DATE_AND_TIME ( #5762, #7502 ) ;
#4868 = CYLINDRICAL_SURFACE ( 'NONE', #8620, 2.100000000000006306 ) ;
#4869 = CARTESIAN_POINT ( 'NONE',  ( 1.470038938465036749, -52.44851756140118937, 30.48585692090533428 ) ) ;
#4870 = DIRECTION ( 'NONE',  ( 7.232542356195667155E-15, -1.000000000000000000, 1.276710262284686278E-15 ) ) ;
#4871 = VECTOR ( 'NONE', #8653, 1000.000000000000114 ) ;
#4872 = CARTESIAN_POINT ( 'NONE',  ( -7.432096422853522455, -63.10261415161913590, 30.44157245364987929 ) ) ;
#4873 = ORIENTED_EDGE ( 'NONE', *, *, #3894, .F. ) ;
#4874 = CARTESIAN_POINT ( 'NONE',  ( 1.650886994557380749, -52.47219238028517907, 42.50000000000007816 ) ) ;
#4875 = PRODUCT_DEFINITION ( '未知', '', #7980, #9364 ) ;
#4876 = FACE_OUTER_BOUND ( 'NONE', #5026, .T. ) ;
#4877 = AXIS2_PLACEMENT_3D ( 'NONE', #5303, #9066, #5347 ) ;
#4878 = CARTESIAN_POINT ( 'NONE',  ( 3.031095058927741448, -67.72353009562246484, 66.77116607397758230 ) ) ;
#4879 = DIRECTION ( 'NONE',  ( -0.0000000000000000000, -1.000000000000000000, -0.0000000000000000000 ) ) ;
#4880 = ORIENTED_EDGE ( 'NONE', *, *, #5532, .F. ) ;
#4881 = EDGE_LOOP ( 'NONE', ( #7592 ) ) ;
#4882 = CC_DESIGN_DATE_AND_TIME_ASSIGNMENT ( #6474, #8886, ( #8950 ) ) ;
#4883 = EDGE_CURVE ( 'NONE', #2791, #9338, #9276, .T. ) ;
#4884 = CARTESIAN_POINT ( 'NONE',  ( -20.17072923722525601, -34.33142687655914216, 29.82161860584045598 ) ) ;
#4885 = CARTESIAN_POINT ( 'NONE',  ( -27.70366198664443758, -36.12116712214302794, 24.08213360025798977 ) ) ;
#4886 = CARTESIAN_POINT ( 'NONE',  ( 24.09334155633814589, 18.99999999905794823, 21.17738794200935359 ) ) ;
#4887 = ORIENTED_EDGE ( 'NONE', *, *, #3336, .T. ) ;
#4888 = LINE ( 'NONE', #5781, #3179 ) ;
#4889 = CARTESIAN_POINT ( 'NONE',  ( 3.981190377366772282E-13, -60.29999999999996163, 30.49488661993074956 ) ) ;
#4890 = CARTESIAN_POINT ( 'NONE',  ( 3.980814712676606567E-13, -60.29999999999996163, 34.50000000000006395 ) ) ;
#4891 = DIRECTION ( 'NONE',  ( 0.0000000000000000000, 0.0000000000000000000, 1.000000000000000000 ) ) ;
#4892 = DIRECTION ( 'NONE',  ( 0.0000000000000000000, 1.000000000000000000, 0.0000000000000000000 ) ) ;
#4893 = CARTESIAN_POINT ( 'NONE',  ( -11.52463895903018276, -46.92054828239599118, 34.10785874519095273 ) ) ;
#4894 = CARTESIAN_POINT ( 'NONE',  ( -14.09800340261105411, -41.22142236029962703, 33.20969541769412103 ) ) ;
#4895 = ORIENTED_EDGE ( 'NONE', *, *, #5521, .F. ) ;
#4896 = ORIENTED_EDGE ( 'NONE', *, *, #3038, .T. ) ;
#4897 = DIRECTION ( 'NONE',  ( 1.054711873393889642E-15, -1.276710262284678586E-15, -1.000000000000000000 ) ) ;
#4898 = CARTESIAN_POINT ( 'NONE',  ( -1.649999999999997025, 0.2499999999999993616, 9.000000000000007105 ) ) ;
#4899 = CARTESIAN_POINT ( 'NONE',  ( 0.0000000000000000000, 23.00000000000000000, 0.0000000000000000000 ) ) ;
#4900 = FACE_OUTER_BOUND ( 'NONE', #9234, .T. ) ;
#4901 = DIRECTION ( 'NONE',  ( -7.232542356195667155E-15, 1.000000000000000000, -1.276710262284687461E-15 ) ) ;
#4902 = DIRECTION ( 'NONE',  ( 1.000000000000000000, -1.084202172485504187E-16, 0.0000000000000000000 ) ) ;
#4903 = CARTESIAN_POINT ( 'NONE',  ( 34.82957329558555415, -47.79824936544327585, 9.373343997094973901 ) ) ;
#4904 = DIRECTION ( 'NONE',  ( -2.168404344971006896E-16, -0.0000000000000000000, -1.000000000000000000 ) ) ;
#4905 = CARTESIAN_POINT ( 'NONE',  ( -19.64485527587975966, 18.99999998844310767, -28.25824213777720573 ) ) ;
#4906 = VERTEX_POINT ( 'NONE', #5404 ) ;
#4907 = FACE_OUTER_BOUND ( 'NONE', #4702, .T. ) ;
#4908 = CARTESIAN_POINT ( 'NONE',  ( -3.638019454217838344, -46.48603088526282789, -35.82246584456652982 ) ) ;
#4909 = EDGE_CURVE ( 'NONE', #4215, #3374, #5457, .T. ) ;
#4910 = APPLICATION_CONTEXT ( 'configuration controlled 3d designs of mechanical parts and assemblies' ) ;
#4911 = DIRECTION ( 'NONE',  ( -0.0000000000000000000, -0.0000000000000000000, -1.000000000000000000 ) ) ;
#4912 = ORIENTED_EDGE ( 'NONE', *, *, #6771, .T. ) ;
#4913 = APPROVAL_DATE_TIME ( #4970, #4267 ) ;
#4914 = CARTESIAN_POINT ( 'NONE',  ( -5.083306010855168644, -44.30000000000008242, -32.09999999999994458 ) ) ;
#4915 = DIRECTION ( 'NONE',  ( 0.0000000000000000000, -4.665149104390520457E-13, -1.000000000000000000 ) ) ;
#4916 = CARTESIAN_POINT ( 'NONE',  ( 7.619067628221910304, -58.33705786892490153, 30.36786714009772226 ) ) ;
#4917 = AXIS2_PLACEMENT_3D ( 'NONE', #6621, #9681, #2808 ) ;
#4918 = EDGE_CURVE ( 'NONE', #4731, #9645, #6961, .T. ) ;
#4919 = CARTESIAN_POINT ( 'NONE',  ( 3.749554849945842872, -64.99095338800532318, 32.28363567330080031 ) ) ;
#4920 = ORIENTED_EDGE ( 'NONE', *, *, #3727, .F. ) ;
#4921 = DIRECTION ( 'NONE',  ( 1.000000000000000000, 0.0000000000000000000, -0.0000000000000000000 ) ) ;
#4922 = EDGE_CURVE ( 'NONE', #1508, #5594, #5829, .T. ) ;
#4923 = CC_DESIGN_APPROVAL ( #5481, ( #1416 ) ) ;
#4924 = DIRECTION ( 'NONE',  ( -7.232542356195667155E-15, 1.000000000000000000, -1.276710262284687461E-15 ) ) ;
#4925 = FACE_OUTER_BOUND ( 'NONE', #1253, .T. ) ;
#4926 = CIRCLE ( 'NONE', #6693, 2.100000000000006306 ) ;
#4927 = ORIENTED_EDGE ( 'NONE', *, *, #8245, .T. ) ;
#4928 = EDGE_LOOP ( 'NONE', ( #4860, #6666, #2631, #7545, #3394, #4528, #6596, #6552 ) ) ;
#4929 = EDGE_CURVE ( 'NONE', #8751, #4133, #4662, .T. ) ;
#4930 = AXIS2_PLACEMENT_3D ( 'NONE', #7826, #6317, #1167 ) ;
#4931 = EDGE_CURVE ( 'NONE', #7122, #6589, #8790, .T. ) ;
#4932 = CARTESIAN_POINT ( 'NONE',  ( 7.619067628222122579, -58.33705786892498679, 30.50000000000007816 ) ) ;
#4933 = CARTESIAN_POINT ( 'NONE',  ( -26.29532373735867168, -30.33651516833213790, 17.60970874827429355 ) ) ;
#4934 = CARTESIAN_POINT ( 'NONE',  ( 22.41746608270488039, 18.99999998413697355, 25.09258685291931457 ) ) ;
#4935 = ORIENTED_EDGE ( 'NONE', *, *, #2132, .F. ) ;
#4936 = CIRCLE ( 'NONE', #5096, 36.00000000000002132 ) ;
#4937 = DIRECTION ( 'NONE',  ( -1.000000000000000000, 0.0000000000000000000, 0.0000000000000000000 ) ) ;
#4938 = CARTESIAN_POINT ( 'NONE',  ( 20.71543237982539765, 19.00000000000000355, -27.26192295098917384 ) ) ;
#4939 = DIRECTION ( 'NONE',  ( 0.0000000000000000000, 0.0000000000000000000, 1.000000000000000000 ) ) ;
#4940 = CARTESIAN_POINT ( 'NONE',  ( 1.265337075688513169, -66.03320785620788058, -32.47544120007338364 ) ) ;
#4941 = AXIS2_PLACEMENT_3D ( 'NONE', #1801, #7006, #2604 ) ;
#4942 = VECTOR ( 'NONE', #4738, 1000.000000000000000 ) ;
#4943 = ADVANCED_FACE ( 'NONE', ( #4855 ), #3406, .F. ) ;
#4944 = FACE_OUTER_BOUND ( 'NONE', #2478, .T. ) ;
#4945 = DIRECTION ( 'NONE',  ( 0.9784759524638702022, -0.2063608743195329276, 0.0000000000000000000 ) ) ;
#4946 = CARTESIAN_POINT ( 'NONE',  ( -15.21024612484423066, -43.74227980434395135, 32.63060780368932257 ) ) ;
#4947 = CARTESIAN_POINT ( 'NONE',  ( -10.43608103943771326, 14.81678687590694210, 34.45488191408109913 ) ) ;
#4948 = ORIENTED_EDGE ( 'NONE', *, *, #3337, .F. ) ;
#4949 = AXIS2_PLACEMENT_3D ( 'NONE', #2752, #8119, #5799 ) ;
#4950 = ORIENTED_EDGE ( 'NONE', *, *, #7558, .F. ) ;
#4951 = CIRCLE ( 'NONE', #3835, 1.999999999999998224 ) ;
#4952 = CARTESIAN_POINT ( 'NONE',  ( -3.000000000001746159, 4.200000000000000178, 24.49999999999607425 ) ) ;
#4953 = CARTESIAN_POINT ( 'NONE',  ( -1.499999999999995781, 1.250000000000001110, -3.500000000000003109 ) ) ;
#4954 = CARTESIAN_POINT ( 'NONE',  ( -26.05997717985608730, -28.18312513723015300, -17.83413341265926277 ) ) ;
#4955 = CARTESIAN_POINT ( 'NONE',  ( 9.776682756466351876, 21.59297481431088528, -34.64790048985537396 ) ) ;
#4956 = DIRECTION ( 'NONE',  ( -1.000000000000000000, 2.312964634635740689E-15, 0.0000000000000000000 ) ) ;
#4957 = CARTESIAN_POINT ( 'NONE',  ( -18.85714285714230343, -72.30000000000018190, -30.66607511999702496 ) ) ;
#4958 = CARTESIAN_POINT ( 'NONE',  ( 21.80658588166453526, -38.32425640749734441, 28.64390170750057507 ) ) ;
#4959 = DIRECTION ( 'NONE',  ( -1.054711873393908180E-15, 1.276710262284678586E-15, 1.000000000000000000 ) ) ;
#4960 = CARTESIAN_POINT ( 'NONE',  ( 6.503913605100843043, -54.44665840588558581, 42.50000000000007816 ) ) ;
#4961 = CARTESIAN_POINT ( 'NONE',  ( 3.337956828400880926, -59.22273104127613408, 54.38252320995540146 ) ) ;
#4962 = VECTOR ( 'NONE', #422, 1000.000000000000000 ) ;
#4963 = DIRECTION ( 'NONE',  ( 1.000000000000000000, 3.539560450750542568E-15, 1.387317882900729658E-31 ) ) ;
#4964 = ORIENTED_EDGE ( 'NONE', *, *, #6143, .F. ) ;
#4965 = AXIS2_PLACEMENT_3D ( 'NONE', #5112, #5012, #4963 ) ;
#4966 = CARTESIAN_POINT ( 'NONE',  ( -10.99999999999978861, -26.00000000000009237, -17.88854381999828647 ) ) ;
#4967 = LINE ( 'NONE', #2758, #1362 ) ;
#4968 = CARTESIAN_POINT ( 'NONE',  ( -5.083306010855166868, -44.30000000000006821, -32.09999999999993747 ) ) ;
#4969 = EDGE_LOOP ( 'NONE', ( #8060, #8703, #6238, #2723 ) ) ;
#4970 = DATE_AND_TIME ( #9436, #914 ) ;
#4971 = FACE_BOUND ( 'NONE', #8783, .T. ) ;
#4972 = CIRCLE ( 'NONE', #6883, 35.99999999999998579 ) ;
#4973 = DIRECTION ( 'NONE',  ( -0.0000000000000000000, 1.000000000000000000, -0.0000000000000000000 ) ) ;
#4974 = PLANE ( 'NONE',  #6406 ) ;
#4975 = CARTESIAN_POINT ( 'NONE',  ( -5.118959704113270170, -67.39639003632490244, 46.50000000000008527 ) ) ;
#4976 = VECTOR ( 'NONE', #2706, 1000.000000000000000 ) ;
#4977 = EDGE_LOOP ( 'NONE', ( #6281 ) ) ;
#4978 = DIRECTION ( 'NONE',  ( -0.0000000000000000000, -0.0000000000000000000, -1.000000000000000000 ) ) ;
#4979 = DIRECTION ( 'NONE',  ( 0.0000000000000000000, 0.0000000000000000000, 1.000000000000000000 ) ) ;
#4980 = CYLINDRICAL_SURFACE ( 'NONE', #2528, 9.999999999999994671 ) ;
#4981 = CARTESIAN_POINT ( 'NONE',  ( -4.026205668589250664, 17.47201852419152246, -35.77418630015252887 ) ) ;
#4982 = ORIENTED_EDGE ( 'NONE', *, *, #6204, .F. ) ;
#4983 = ADVANCED_FACE ( 'NONE', ( #4754 ), #9371, .F. ) ;
#4984 = ORIENTED_EDGE ( 'NONE', *, *, #2596, .F. ) ;
#4985 = CARTESIAN_POINT ( 'NONE',  ( -19.11278195928368007, -29.70248783719267038, 30.50749452181324983 ) ) ;
#4986 = CARTESIAN_POINT ( 'NONE',  ( -30.11859273477206855, -41.17244376713507137, 12.08313474198889459 ) ) ;
#4987 = CARTESIAN_POINT ( 'NONE',  ( 22.79930991267642426, 18.99999999992062882, 24.44803163220700526 ) ) ;
#4988 = ORIENTED_EDGE ( 'NONE', *, *, #2830, .F. ) ;
#4989 = DIRECTION ( 'NONE',  ( -0.0000000000000000000, -0.0000000000000000000, -1.000000000000000000 ) ) ;
#4990 = LINE ( 'NONE', #2738, #5880 ) ;
#4991 = EDGE_CURVE ( 'NONE', #8763, #4352, #3454, .T. ) ;
#4992 = ADVANCED_FACE ( 'NONE', ( #3298 ), #946, .F. ) ;
#4993 = CARTESIAN_POINT ( 'NONE',  ( -1.449997699391801786, -65.29741702555000415, -32.46763783634022360 ) ) ;
#4994 = DIRECTION ( 'NONE',  ( 3.447511351103833455E-17, -1.055339670082016899E-16, -1.000000000000000000 ) ) ;
#4995 = DIRECTION ( 'NONE',  ( -0.2063608743195329276, -0.9784759524638702022, 0.0000000000000000000 ) ) ;
#4996 = CARTESIAN_POINT ( 'NONE',  ( -26.00000000000000355, -1.652663701339831364E-13, 17.88854381999829357 ) ) ;
#4997 = CARTESIAN_POINT ( 'NONE',  ( -5.010751059581156852, 15.32879126537337910, 35.65009627814387727 ) ) ;
#4998 = VERTEX_POINT ( 'NONE', #7266 ) ;
#4999 = PLANE ( 'NONE',  #8232 ) ;
#5000 = VERTEX_POINT ( 'NONE', #401 ) ;
#5001 = EDGE_CURVE ( 'NONE', #2986, #4472, #3118, .T. ) ;
#5002 = DIRECTION ( 'NONE',  ( -3.491564676272315652E-12, 0.0000000000000000000, 1.000000000000000000 ) ) ;
#5003 = CARTESIAN_POINT ( 'NONE',  ( 0.0000000000000000000, 1.000000000000000000, -12.50000000000000000 ) ) ;
#5004 = DIRECTION ( 'NONE',  ( -7.232542356195667155E-15, 1.000000000000000000, -1.276710262284687461E-15 ) ) ;
#5005 = FACE_BOUND ( 'NONE', #2335, .T. ) ;
#5006 = DIRECTION ( 'NONE',  ( 6.308085367188395171E-15, -1.000000000000000000, 2.102695122396131592E-15 ) ) ;
#5007 = CIRCLE ( 'NONE', #527, 0.5000000000000004441 ) ;
#5008 = CARTESIAN_POINT ( 'NONE',  ( 28.13039165055053914, -47.39123687710747390, 22.46512408029222030 ) ) ;
#5009 = DIRECTION ( 'NONE',  ( 0.0000000000000000000, -1.000000000000000000, 0.0000000000000000000 ) ) ;
#5010 = CARTESIAN_POINT ( 'NONE',  ( 25.99999999999994671, 2.340076707033359708E-13, 36.00000000000002132 ) ) ;
#5011 = DIRECTION ( 'NONE',  ( -0.0000000000000000000, 0.0000000000000000000, 1.000000000000000000 ) ) ;
#5012 = DIRECTION ( 'NONE',  ( 3.539560450750542568E-15, -1.000000000000000000, -1.978674444587007110E-15 ) ) ;
#5013 = ORIENTED_EDGE ( 'NONE', *, *, #1379, .F. ) ;
#5014 = EDGE_CURVE ( 'NONE', #5789, #5310, #3433, .T. ) ;
#5015 = EDGE_CURVE ( 'NONE', #4780, #6638, #5987, .T. ) ;
#5016 = CARTESIAN_POINT ( 'NONE',  ( -9.986424926933320734, -47.70316459927720842, -34.60003083095180898 ) ) ;
#5017 = CARTESIAN_POINT ( 'NONE',  ( -18.85714285714288607, -9.615324409700016286E-14, 30.66607511999707469 ) ) ;
#5018 = PERSON_AND_ORGANIZATION ( #3444, #4621 ) ;
#5019 = CARTESIAN_POINT ( 'NONE',  ( 11.58430324260736022, 16.20486697078058214, 34.08541695424503359 ) ) ;
#5020 = CARTESIAN_POINT ( 'NONE',  ( 30.11859273477223908, -41.17244376713394161, -12.08313474198768667 ) ) ;
#5021 = CARTESIAN_POINT ( 'NONE',  ( -18.16590212458494946, 5.000000000000000888, 30.00000000000000000 ) ) ;
#5022 = CARTESIAN_POINT ( 'NONE',  ( 31.50591055665886131, -43.32521301506306344, 8.401217789304034511 ) ) ;
#5023 = AXIS2_PLACEMENT_3D ( 'NONE', #6615, #9674, #5850 ) ;
#5024 = CARTESIAN_POINT ( 'NONE',  ( 1.011807527244731775, -66.23564533046581460, 32.48794225661779222 ) ) ;
#5025 = CARTESIAN_POINT ( 'NONE',  ( -24.29999999999949623, -66.80000000000019611, -15.49999999999993605 ) ) ;
#5026 = EDGE_LOOP ( 'NONE', ( #5201 ) ) ;
#5027 = DIRECTION ( 'NONE',  ( -7.232542356195667155E-15, 1.000000000000000000, -1.276710262284687461E-15 ) ) ;
#5028 = CARTESIAN_POINT ( 'NONE',  ( -1.892672535244972476, -44.21408635896411710, -34.46687043013368168 ) ) ;
#5029 = CARTESIAN_POINT ( 'NONE',  ( -3.494059821801210219, -60.50438711413452353, 54.65682310532702814 ) ) ;
#5030 = CIRCLE ( 'NONE', #1990, 34.49999999993534061 ) ;
#5031 = ORIENTED_EDGE ( 'NONE', *, *, #8980, .F. ) ;
#5032 = ORIENTED_EDGE ( 'NONE', *, *, #4861, .T. ) ;
#5033 = CARTESIAN_POINT ( 'NONE',  ( 1.500000000000007994, 18.50000000000000000, 32.50000000000000000 ) ) ;
#5034 = CARTESIAN_POINT ( 'NONE',  ( -35.89373413916290190, -48.87824329399938250, 2.892546295772029818 ) ) ;
#5035 = CIRCLE ( 'NONE', #3611, 9.799999999999998934 ) ;
#5036 = CARTESIAN_POINT ( 'NONE',  ( 19.46586020829476738, 18.99999994138508086, 28.40474885700477969 ) ) ;
#5037 = ORIENTED_EDGE ( 'NONE', *, *, #9596, .F. ) ;
#5038 = CARTESIAN_POINT ( 'NONE',  ( -16.30483091144645158, -41.68050359162718621, -32.09598920030173019 ) ) ;
#5039 = LINE ( 'NONE', #8158, #7000 ) ;
#5040 = CARTESIAN_POINT ( 'NONE',  ( -1.376708532403096985, -65.76497980465762794, -32.47084829338176348 ) ) ;
#5041 = CYLINDRICAL_SURFACE ( 'NONE', #1576, 3.299999999999997158 ) ;
#5042 = DIRECTION ( 'NONE',  ( -1.054711873393880372E-15, -7.628248297903733964E-30, 1.000000000000000000 ) ) ;
#5043 = CARTESIAN_POINT ( 'NONE',  ( -16.06351323410554954, -42.26625334535872724, 32.21748633147954166 ) ) ;
#5044 = ORIENTED_EDGE ( 'NONE', *, *, #9585, .F. ) ;
#5045 = CARTESIAN_POINT ( 'NONE',  ( -5.007831339772090828, 20.66765493978138934, 35.65049363327113241 ) ) ;
#5046 = ORIENTED_EDGE ( 'NONE', *, *, #761, .F. ) ;
#5047 = B_SPLINE_CURVE_WITH_KNOTS ( 'NONE', 3,
 ( #236, #8707, #5528, #379, #3331, #5583, #8049, #6541, #5635, #4886, #2682, #281, #6488, #8808, #1878, #1182, #9607, #7193, #3434, #8600, #7948, #4086, #4182, #336, #1730, #7094, #9399, #6336, #3384, #7140, #1031, #980, #6391, #7847, #9455, #9552, #5733, #1832, #1082, #2532, #4034, #8656, #6439, #1935, #4987, #4132, #4233, #9501, #1786, #2636, #7295, #5682, #430, #8755, #4839, #4934, #2587, #8001, #7244, #2735, #680, #4339, #7401, #8299, #6791, #3634, #6743, #5230, #3688, #2135, #2779, #3589, #2180, #9051, #6643, #536, #9801, #1978, #1228, #8099, #5779, #3543, #5189, #7492, #9653, #8853, #2931, #5036, #5979, #1434, #4484, #9700, #5830, #7548, #7447, #2880, #3734, #4281, #2825, #9005, #5876, #8955, #7348, #8255, #2084, #485 ),
 .UNSPECIFIED., .F., .F.,
 ( 4, 2, 2, 1, 1, 1, 1, 1, 1, 2, 2, 2, 2, 2, 1, 1, 1, 2, 2, 2, 1, 1, 1, 2, 2, 2, 1, 1, 1, 1, 1, 1, 2, 2, 2, 2, 2, 1, 1, 1, 2, 2, 2, 1, 1, 1, 2, 2, 2, 1, 1, 2, 2, 2, 1, 1, 1, 1, 1, 1, 2, 2, 2, 2, 2, 1, 1, 2, 2, 4 ),
 ( 0.0000000000000000000, 0.1249999999997453981, 0.1874999999996176947, 0.2187499999995541067, 0.2343749999995219657, 0.2421874999995058675, 0.2460937499994982069, 0.2480468749994939881, 0.2490234374994915179, 0.2495117187494902689, 0.2499999999994890199, 0.2812499999994935163, 0.2968749999994957922, 0.3046874999994969579, 0.3085937499994976241, 0.3105468749994979016, 0.3115234374994981237, 0.3120117187494980682, 0.3124999999994980127, 0.3437499999994861333, 0.3593749999994802491, 0.3671874999994775290, 0.3710937499994760302, 0.3730468749994754196, 0.3749999999994748090, 0.4374999999994579336, 0.4687499999994498845, 0.4843749999994457767, 0.4921874999994434452, 0.4960937499994422240, 0.4980468749994413358, 0.4990234374994406696, 0.4995117187494400035, 0.4999999999994393374, 0.5312499999994851896, 0.5468749999995080602, 0.5546874999995198285, 0.5585937499995258237, 0.5605468749995287103, 0.5615234374995302646, 0.5620117187495308197, 0.5624999999995313749, 0.5937499999995682343, 0.6093749999995867750, 0.6171874999995964339, 0.6210937499996012079, 0.6230468749996037614, 0.6249999999996062039, 0.6874999999996926903, 0.7187499999997359890, 0.7343749999997578604, 0.7421874999997688516, 0.7499999999997797318, 0.8124999999998701039, 0.8437499999999149569, 0.8593749999999370504, 0.8671874999999479305, 0.8710937499999530376, 0.8730468749999553690, 0.8740234374999564793, 0.8745117187499568123, 0.8749999999999571454, 0.9062499999999650280, 0.9218749999999685807, 0.9296874999999706901, 0.9335937499999715783, 0.9355468749999721334, 0.9365234374999726885, 0.9374999999999731326, 1.000000000000000000 ),
 .UNSPECIFIED. ) ;
#5048 = CARTESIAN_POINT ( 'NONE',  ( 8.000000000000000000, 18.00000000000001421, 30.00000000000002842 ) ) ;
#5049 = ORIENTED_EDGE ( 'NONE', *, *, #7024, .F. ) ;
#5050 = FACE_OUTER_BOUND ( 'NONE', #73, .T. ) ;
#5051 = CARTESIAN_POINT ( 'NONE',  ( 7.900000000000396483, -60.29999999999996163, 51.00000000000007816 ) ) ;
#5052 = DIRECTION ( 'NONE',  ( 1.000000000000000000, 0.0000000000000000000, 1.095614826964051675E-14 ) ) ;
#5053 = CARTESIAN_POINT ( 'NONE',  ( 11.00062687507348613, 20.65758237796355701, -34.27860909768875786 ) ) ;
#5054 = DIRECTION ( 'NONE',  ( 0.0000000000000000000, 0.0000000000000000000, -1.000000000000000000 ) ) ;
#5055 = CARTESIAN_POINT ( 'NONE',  ( 22.66498458161240492, -39.97167931240773697, 27.97121155580730445 ) ) ;
#5056 = DIRECTION ( 'NONE',  ( 1.000000000000000000, 7.232542356195678199E-15, 1.054711873393898911E-15 ) ) ;
#5057 = CARTESIAN_POINT ( 'NONE',  ( 26.00000000009149304, -27.28532833643917144, 26.27379873557694623 ) ) ;
#5058 = LINE ( 'NONE', #509, #7693 ) ;
#5059 = CARTESIAN_POINT ( 'NONE',  ( 14.99401255888605888, -44.06675249902812652, 32.73253453560143100 ) ) ;
#5060 = VERTEX_POINT ( 'NONE', #5606 ) ;
#5061 = EDGE_CURVE ( 'NONE', #5332, #5332, #2800, .T. ) ;
#5062 = CARTESIAN_POINT ( 'NONE',  ( -11.44972126833652659, -40.85458568221898190, -33.17178962627701821 ) ) ;
#5063 = FACE_OUTER_BOUND ( 'NONE', #9776, .T. ) ;
#5064 = CALENDAR_DATE ( 2023, 16, 11 ) ;
#5065 = CARTESIAN_POINT ( 'NONE',  ( 10.43822484493755631, 21.18136698087896974, 34.45421707230023856 ) ) ;
#5066 = CARTESIAN_POINT ( 'NONE',  ( -1.948310836403512436, -63.25432520952089988, 56.62433202112894293 ) ) ;
#5067 = CARTESIAN_POINT ( 'NONE',  ( 32.13026143002969803, -44.54952303607896624, -16.78853408833023764 ) ) ;
#5068 = FACE_OUTER_BOUND ( 'NONE', #6498, .T. ) ;
#5069 = EDGE_CURVE ( 'NONE', #1541, #8220, #8729, .T. ) ;
#5070 = CARTESIAN_POINT ( 'NONE',  ( 32.16853326320192252, -44.22294182378782779, 5.565283155716739039 ) ) ;
#5071 = CARTESIAN_POINT ( 'NONE',  ( -20.70271356412604291, 18.99999999999999645, 27.27509573200371662 ) ) ;
#5072 = CARTESIAN_POINT ( 'NONE',  ( 3.980814712676603538E-13, -60.29999999999996163, 35.50000000000007816 ) ) ;
#5073 = ORIENTED_EDGE ( 'NONE', *, *, #4673, .T. ) ;
#5074 = DIRECTION ( 'NONE',  ( -2.764618486664751673E-13, 1.000000000000000000, 4.665405983569691826E-13 ) ) ;
#5075 = CARTESIAN_POINT ( 'NONE',  ( -5.201506456296651315, -43.82928580282755604, -34.24246920658779914 ) ) ;
#5076 = CARTESIAN_POINT ( 'NONE',  ( -3.999775590392424807, 17.73536166644148437, -35.77711272976257106 ) ) ;
#5077 = B_SPLINE_CURVE_WITH_KNOTS ( 'NONE', 3,
 ( #420, #6524, #8089, #3529, #6581, #2766, #8894, #6677, #3625, #1324, #7584, #9737, #8340, #2869, #1371, #670, #7434, #9039 ),
 .UNSPECIFIED., .F., .F.,
 ( 4, 2, 2, 2, 2, 2, 2, 2, 4 ),
 ( 0.0000000000000000000, 0.1250000000000000000, 0.2500000000000000000, 0.3750000000000000000, 0.5000000000000000000, 0.6250000000000000000, 0.7500000000000000000, 0.8750000000000000000, 1.000000000000000000 ),
 .UNSPECIFIED. ) ;
#5078 = ORIENTED_EDGE ( 'NONE', *, *, #1001, .F. ) ;
#5079 = DIRECTION ( 'NONE',  ( -0.7071067811865500152, -0.7071067811865451302, 7.251515641431590334E-30 ) ) ;
#5080 = AXIS2_PLACEMENT_3D ( 'NONE', #9494, #7991, #5771 ) ;
#5081 = CARTESIAN_POINT ( 'NONE',  ( -27.81689975928004088, -47.04959373055207550, 22.85262012475744697 ) ) ;
#5082 = CARTESIAN_POINT ( 'NONE',  ( -32.23302635983784370, -44.30684216883242499, 5.200831644409473320 ) ) ;
#5083 = DIRECTION ( 'NONE',  ( 0.0000000000000000000, 1.000000000000000000, 0.0000000000000000000 ) ) ;
#5084 = CARTESIAN_POINT ( 'NONE',  ( 2.383603187683112523, -49.44343758543364231, -35.92132783867161550 ) ) ;
#5085 = CARTESIAN_POINT ( 'NONE',  ( 18.55182074997454222, 19.00000000000001066, -29.09291985904791389 ) ) ;
#5086 = CIRCLE ( 'NONE', #5560, 1.649999999999998579 ) ;
#5087 = DIRECTION ( 'NONE',  ( 0.0000000000000000000, 0.0000000000000000000, 1.000000000000000000 ) ) ;
#5088 = CARTESIAN_POINT ( 'NONE',  ( 3.980814712676606062E-13, -60.29999999999996163, 34.50000000000006395 ) ) ;
#5089 = CARTESIAN_POINT ( 'NONE',  ( -18.16590212458494591, 5.000000000000000888, -30.50000000000000000 ) ) ;
#5090 = CC_DESIGN_APPROVAL ( #6217, ( #1096 ) ) ;
#5091 = CARTESIAN_POINT ( 'NONE',  ( -13.36348819562192247, -45.67407804546914463, 33.43020340946981150 ) ) ;
#5092 = VECTOR ( 'NONE', #4924, 1000.000000000000000 ) ;
#5093 = EDGE_LOOP ( 'NONE', ( #5584 ) ) ;
#5094 = CARTESIAN_POINT ( 'NONE',  ( -8.550718388681302073, 14.02971175524067071, 34.97074593141460497 ) ) ;
#5095 = ORIENTED_EDGE ( 'NONE', *, *, #7014, .T. ) ;
#5096 = AXIS2_PLACEMENT_3D ( 'NONE', #663, #3715, #6770 ) ;
#5097 = CARTESIAN_POINT ( 'NONE',  ( 11.00000000000016165, 17.50000000000001066, 17.88854381999829712 ) ) ;
#5098 = ADVANCED_FACE ( 'NONE', ( #2556 ), #2705, .T. ) ;
#5099 = ORIENTED_EDGE ( 'NONE', *, *, #5, .F. ) ;
#5100 = CARTESIAN_POINT ( 'NONE',  ( 17.75000000000013145, 18.92196339094717317, 30.15800888141590974 ) ) ;
#5101 = VERTEX_POINT ( 'NONE', #3560 ) ;
#5102 = CARTESIAN_POINT ( 'NONE',  ( 11.00000000000016342, -25.99999999999988276, 17.88854381999835752 ) ) ;
#5103 = VECTOR ( 'NONE', #7915, 1000.000000000000000 ) ;
#5104 = CARTESIAN_POINT ( 'NONE',  ( 8.550718388681369575, 14.02971175524068492, -34.97074593141458365 ) ) ;
#5105 = FACE_OUTER_BOUND ( 'NONE', #8263, .T. ) ;
#5106 = CARTESIAN_POINT ( 'NONE',  ( 24.82451263811078235, -43.35429227632199911, 26.07190252156993182 ) ) ;
#5107 = DIRECTION ( 'NONE',  ( 7.232542356195667155E-15, -1.000000000000000000, 1.276710262284687461E-15 ) ) ;
#5108 = CARTESIAN_POINT ( 'NONE',  ( -5.749999999999872102, 18.24833147735481020, -32.79999999999999716 ) ) ;
#5109 = VECTOR ( 'NONE', #154, 1000.000000000000000 ) ;
#5110 = DIRECTION ( 'NONE',  ( 0.0000000000000000000, -0.0000000000000000000, -1.000000000000000000 ) ) ;
#5111 = ADVANCED_FACE ( 'NONE', ( #1803 ), #7968, .T. ) ;
#5112 = CARTESIAN_POINT ( 'NONE',  ( -10.99999999999987743, 17.50000000000001421, 17.88854381999832199 ) ) ;
#5113 = EDGE_LOOP ( 'NONE', ( #4480, #1229 ) ) ;
#5114 = AXIS2_PLACEMENT_3D ( 'NONE', #1548, #1601, #2293 ) ;
#5115 = EDGE_CURVE ( 'NONE', #9450, #6638, #997, .T. ) ;
#5116 = CARTESIAN_POINT ( 'NONE',  ( -1.515788424765981635, -44.23426776601858279, -34.47927871737323358 ) ) ;
#5117 = PLANE ( 'NONE',  #2998 ) ;
#5118 = CARTESIAN_POINT ( 'NONE',  ( 10.43072592386728914, 14.81294827395597302, 34.45648669574634226 ) ) ;
#5119 = CARTESIAN_POINT ( 'NONE',  ( 1.934698053961380726, -66.73947236771218172, 52.82269428060772043 ) ) ;
#5120 = VECTOR ( 'NONE', #393, 1000.000000000000000 ) ;
#5121 = ADVANCED_FACE ( 'NONE', ( #1848, #7113 ), #8087, .F. ) ;
#5122 = CARTESIAN_POINT ( 'NONE',  ( 29.22935252202944767, -39.54215443014183506, -13.78519869123210029 ) ) ;
#5123 = CARTESIAN_POINT ( 'NONE',  ( -2.999727955825416625, -66.00521883996522376, 52.49999999992745359 ) ) ;
#5124 = EDGE_CURVE ( 'NONE', #7390, #671, #3355, .T. ) ;
#5125 = AXIS2_PLACEMENT_3D ( 'NONE', #5655, #5459, #3204 ) ;
#5126 = CARTESIAN_POINT ( 'NONE',  ( 28.89936403527092423, -38.87668685787833311, 14.33901555467754285 ) ) ;
#5127 = ADVANCED_FACE ( 'NONE', ( #8774 ), #9523, .T. ) ;
#5128 = B_SPLINE_CURVE_WITH_KNOTS ( 'NONE', 3,
 ( #8322, #9209, #5349, #6759, #9817, #2197, #5252, #1455, #4503, #8413, #695, #2254 ),
 .UNSPECIFIED., .F., .F.,
 ( 4, 2, 2, 2, 2, 4 ),
 ( 5.498177254438656846E-17, 0.001794338416310178094, 0.002691507624465234397, 0.003588676832620289834, 0.005383015248930388130, 0.007177353665240487728 ),
 .UNSPECIFIED. ) ;
#5129 = CARTESIAN_POINT ( 'NONE',  ( -21.25304237699418053, 18.99999997788341588, 26.67105864373462865 ) ) ;
#5130 = VECTOR ( 'NONE', #9387, 1000.000000000000114 ) ;
#5131 = DIRECTION ( 'NONE',  ( 1.000000000000000000, 0.0000000000000000000, 0.0000000000000000000 ) ) ;
#5132 = ORIENTED_EDGE ( 'NONE', *, *, #272, .F. ) ;
#5133 = EDGE_CURVE ( 'NONE', #6657, #6657, #4701, .T. ) ;
#5134 = CARTESIAN_POINT ( 'NONE',  ( 17.75000000000013856, 18.99999999999310774, 29.58356807418559242 ) ) ;
#5135 = AXIS2_PLACEMENT_3D ( 'NONE', #266, #4870, #4823 ) ;
#5136 = SHAPE_DEFINITION_REPRESENTATION ( #7833, #532 ) ;
#5137 = CARTESIAN_POINT ( 'NONE',  ( -2.641141698015180062, -44.16010071424140904, -34.43411665770843655 ) ) ;
#5138 = ORIENTED_EDGE ( 'NONE', *, *, #1125, .F. ) ;
#5139 = AXIS2_PLACEMENT_3D ( 'NONE', #8459, #4650, #3140 ) ;
#5140 = ORIENTED_EDGE ( 'NONE', *, *, #4909, .T. ) ;
#5141 = B_SPLINE_CURVE_WITH_KNOTS ( 'NONE', 3,
 ( #424, #3478, #4828, #4176, #374, #3426 ),
 .UNSPECIFIED., .F., .F.,
 ( 4, 2, 4 ),
 ( 1.554796419897082835E-15, 0.0005385274535437786130, 0.001077054907086002480 ),
 .UNSPECIFIED. ) ;
#5142 = CARTESIAN_POINT ( 'NONE',  ( -35.61252909134010736, -54.00284107763921071, 5.372742625985283738 ) ) ;
#5143 = CARTESIAN_POINT ( 'NONE',  ( -30.56590978385682078, -41.91065954138689165, 11.06891698760325582 ) ) ;
#5144 = LINE ( 'NONE', #1382, #2240 ) ;
#5145 = CARTESIAN_POINT ( 'NONE',  ( -11.24081310532368683, -47.06971416472538294, -34.20022359351134611 ) ) ;
#5146 = CARTESIAN_POINT ( 'NONE',  ( -7.465214416476278814, -58.30269584760637969, 55.77623845129238589 ) ) ;
#5147 = CARTESIAN_POINT ( 'NONE',  ( 22.78154516414760522, 18.99999999999856115, -24.47984592041967744 ) ) ;
#5148 = AXIS2_PLACEMENT_3D ( 'NONE', #9818, #6808, #742 ) ;
#5149 = DIRECTION ( 'NONE',  ( 0.0000000000000000000, -1.000000000000000000, 0.0000000000000000000 ) ) ;
#5150 = CARTESIAN_POINT ( 'NONE',  ( -9.269465406167215704, -64.05995045989749315, 34.78630818887234000 ) ) ;
#5151 = CARTESIAN_POINT ( 'NONE',  ( 2.282149204335089276, -57.64530733630611081, 53.91464526306684490 ) ) ;
#5152 = DIRECTION ( 'NONE',  ( -1.000000000000000000, -4.253097811789258146E-44, -2.569960705150817904E-15 ) ) ;
#5153 = ORIENTED_EDGE ( 'NONE', *, *, #5227, .T. ) ;
#5154 = CARTESIAN_POINT ( 'NONE',  ( -11.99999981623415479, 18.00121248782643235, 33.94112556192533248 ) ) ;
#5155 = EDGE_LOOP ( 'NONE', ( #4912, #5280, #7240, #8550 ) ) ;
#5156 = DIRECTION ( 'NONE',  ( 1.000000000000000000, 0.0000000000000000000, 0.0000000000000000000 ) ) ;
#5157 = DIRECTION ( 'NONE',  ( 0.6679517357399816779, 0.7442045946659733291, -1.608122649679999860E-16 ) ) ;
#5158 = ORIENTED_EDGE ( 'NONE', *, *, #2524, .T. ) ;
#5159 = DIRECTION ( 'NONE',  ( -0.0000000000000000000, 1.000000000000000000, 0.0000000000000000000 ) ) ;
#5160 = CARTESIAN_POINT ( 'NONE',  ( 4.000161017710280653, 17.73308235510098996, -35.77706963766603110 ) ) ;
#5161 = FACE_BOUND ( 'NONE', #2874, .T. ) ;
#5162 = CARTESIAN_POINT ( 'NONE',  ( -5.083306010855230817, -44.29999999999997584, 32.10000000000004405 ) ) ;
#5163 = CARTESIAN_POINT ( 'NONE',  ( 26.07998034839799928, -28.55587730096384291, 26.17608329416113833 ) ) ;
#5164 = CARTESIAN_POINT ( 'NONE',  ( 25.80000000000012861, -1.734723475976807094E-15, -17.88854381999831133 ) ) ;
#5165 = CARTESIAN_POINT ( 'NONE',  ( 14.45401400748384191, -44.69308324571999691, 32.97821868344945528 ) ) ;
#5166 = ORIENTED_EDGE ( 'NONE', *, *, #4676, .T. ) ;
#5167 = FACE_BOUND ( 'NONE', #5093, .T. ) ;
#5168 = CARTESIAN_POINT ( 'NONE',  ( 8.300006741028616020, -45.49390344298721800, -35.05546989026558435 ) ) ;
#5169 = DIRECTION ( 'NONE',  ( -1.000000000000000000, -6.938893903907222067E-15, 0.0000000000000000000 ) ) ;
#5170 = CARTESIAN_POINT ( 'NONE',  ( 10.64124551282502118, 21.01510954076190885, 34.39187197658600326 ) ) ;
#5171 = CARTESIAN_POINT ( 'NONE',  ( 7.449539421788199611, -62.28323525254371162, 53.02711893424396550 ) ) ;
#5172 = CARTESIAN_POINT ( 'NONE',  ( 21.30274913879360099, -37.26952529499574496, -29.02421613061063965 ) ) ;
#5173 = CARTESIAN_POINT ( 'NONE',  ( -4.999999999999995559, 4.750000000000000000, -19.50000000000000355 ) ) ;
#5174 = CARTESIAN_POINT ( 'NONE',  ( 26.47023969072081684, -31.39978488200223694, 17.44033741205028676 ) ) ;
#5175 = CARTESIAN_POINT ( 'NONE',  ( -21.76811186128464470, 18.99999992452620745, 26.03178783476096925 ) ) ;
#5176 = CARTESIAN_POINT ( 'NONE',  ( 56.00000000000012079, -25.99999999999953815, 36.00000000000007105 ) ) ;
#5177 = EDGE_CURVE ( 'NONE', #5000, #8216, #2144, .T. ) ;
#5178 = ORIENTED_EDGE ( 'NONE', *, *, #8376, .F. ) ;
#5179 = CARTESIAN_POINT ( 'NONE',  ( 0.0000000000000000000, -1.499999999999989120, 0.0000000000000000000 ) ) ;
#5180 = DATE_AND_TIME ( #573, #8616 ) ;
#5181 = DIRECTION ( 'NONE',  ( 0.0000000000000000000, 1.000000000000000000, 0.0000000000000000000 ) ) ;
#5182 = VECTOR ( 'NONE', #498, 1000.000000000000000 ) ;
#5183 = ORIENTED_EDGE ( 'NONE', *, *, #8305, .F. ) ;
#5184 = ORIENTED_EDGE ( 'NONE', *, *, #5061, .F. ) ;
#5185 = VECTOR ( 'NONE', #6951, 1000.000000000000000 ) ;
#5186 = CARTESIAN_POINT ( 'NONE',  ( -27.99503029235421181, -47.24443670470354562, 22.63358309224346598 ) ) ;
#5187 = APPROVAL ( #6680, '未指定' ) ;
#5188 = CARTESIAN_POINT ( 'NONE',  ( -31.69231087128153490, -43.58455229621721827, -7.734164115117991400 ) ) ;
#5189 = CARTESIAN_POINT ( 'NONE',  ( 19.83342455654999981, 19.00000000488365615, 28.09912114498663982 ) ) ;
#5190 = VECTOR ( 'NONE', #3815, 1000.000000000000000 ) ;
#5191 = CARTESIAN_POINT ( 'NONE',  ( -8.979799866238796113, -48.07903332773870630, -34.86333127436754609 ) ) ;
#5192 = CARTESIAN_POINT ( 'NONE',  ( 22.52787502312215651, 18.99999998344638286, -24.91717492228120534 ) ) ;
#5193 = DIRECTION ( 'NONE',  ( 1.000000000000000000, 1.826024711554487321E-16, 1.005797654156790052E-29 ) ) ;
#5194 = FACE_OUTER_BOUND ( 'NONE', #6983, .T. ) ;
#5195 = CARTESIAN_POINT ( 'NONE',  ( 31.20587559479898587, -50.42169819526890961, -17.94976945743557906 ) ) ;
#5196 = ORIENTED_EDGE ( 'NONE', *, *, #3584, .T. ) ;
#5197 = EDGE_CURVE ( 'NONE', #8503, #9046, #4359, .T. ) ;
#5198 = DIRECTION ( 'NONE',  ( 0.0000000000000000000, 0.0000000000000000000, -1.000000000000000000 ) ) ;
#5199 = ORIENTED_EDGE ( 'NONE', *, *, #540, .F. ) ;
#5200 = LINE ( 'NONE', #2892, #3256 ) ;
#5201 = ORIENTED_EDGE ( 'NONE', *, *, #7870, .T. ) ;
#5202 = LINE ( 'NONE', #8268, #6873 ) ;
#5203 = ORIENTED_EDGE ( 'NONE', *, *, #3145, .T. ) ;
#5204 = PLANE ( 'NONE',  #6216 ) ;
#5205 = CARTESIAN_POINT ( 'NONE',  ( 12.12435565298215145, 5.551115123125782702E-14, -22.99999999999998579 ) ) ;
#5206 = DIRECTION ( 'NONE',  ( 0.0000000000000000000, 0.0000000000000000000, 1.000000000000000000 ) ) ;
#5207 = DIRECTION ( 'NONE',  ( -0.0000000000000000000, -0.0000000000000000000, -1.000000000000000000 ) ) ;
#5208 = CARTESIAN_POINT ( 'NONE',  ( 16.78756936566781022, -38.99999999999984368, 31.84615384615391420 ) ) ;
#5209 = CARTESIAN_POINT ( 'NONE',  ( -13.16201493809341194, -45.86378284380212023, 33.51463187663240717 ) ) ;
#5210 = EDGE_LOOP ( 'NONE', ( #3902, #5921, #9666, #6926 ) ) ;
#5211 = CARTESIAN_POINT ( 'NONE',  ( 4.185934439890364622, -49.25054174974119547, -35.75951195941847516 ) ) ;
#5212 = CARTESIAN_POINT ( 'NONE',  ( -5.599597575706727781, -64.74735104241936767, 29.62846300798081955 ) ) ;
#5213 = CARTESIAN_POINT ( 'NONE',  ( 10.63046816250769666, 14.97529375739281399, 34.39521719448230641 ) ) ;
#5214 = CARTESIAN_POINT ( 'NONE',  ( 7.482233917420698432, -62.31257979739520181, 53.75521007996023570 ) ) ;
#5215 = CARTESIAN_POINT ( 'NONE',  ( 26.32597109077896036, -45.32016749138989553, -24.55835358498377019 ) ) ;
#5216 = LINE ( 'NONE', #3575, #7360 ) ;
#5217 = CARTESIAN_POINT ( 'NONE',  ( 32.40831514442248107, -44.53208083936802808, 4.035769654829017838 ) ) ;
#5218 = CARTESIAN_POINT ( 'NONE',  ( -23.32296443900096605, 18.99999994699741279, 23.40456555195410715 ) ) ;
#5219 = CARTESIAN_POINT ( 'NONE',  ( -24.29999999999953531, -66.80000000000015348, 15.50000000000005329 ) ) ;
#5220 = ORIENTED_EDGE ( 'NONE', *, *, #2740, .F. ) ;
#5221 = CARTESIAN_POINT ( 'NONE',  ( 0.0000000000000000000, 5.000000000000000888, 0.0000000000000000000 ) ) ;
#5222 = PERSON_AND_ORGANIZATION ( #7395, #7661 ) ;
#5223 = CARTESIAN_POINT ( 'NONE',  ( 1.238429931521567440E-13, -63.00000000000001421, -3.269102988655022197E-15 ) ) ;
#5224 = EDGE_CURVE ( 'NONE', #692, #1360, #7104, .T. ) ;
#5225 = ORIENTED_EDGE ( 'NONE', *, *, #1698, .F. ) ;
#5226 = EDGE_LOOP ( 'NONE', ( #1686 ) ) ;
#5227 = EDGE_CURVE ( 'NONE', #3503, #3503, #4857, .T. ) ;
#5228 = CARTESIAN_POINT ( 'NONE',  ( -31.11157110226208999, -50.33638719299612063, 18.11289401671025345 ) ) ;
#5229 = CARTESIAN_POINT ( 'NONE',  ( -30.22960059860352544, -41.36513028261627767, -11.85322599914184849 ) ) ;
#5230 = CARTESIAN_POINT ( 'NONE',  ( 21.86717883971146748, 18.99999992376389812, 25.89902265732299114 ) ) ;
#5231 = CARTESIAN_POINT ( 'NONE',  ( -14.66426553518479814, -44.42288843661750519, -32.87925271936762073 ) ) ;
#5232 = CARTESIAN_POINT ( 'NONE',  ( 24.37850237155983635, 18.99999996801576074, -19.69859826968020755 ) ) ;
#5233 = CARTESIAN_POINT ( 'NONE',  ( 2.769287569986073727, -66.81198612658222658, 29.57014852283076678 ) ) ;
#5234 = PLANE ( 'NONE',  #6739 ) ;
#5235 = ADVANCED_BREP_SHAPE_REPRESENTATION ( '', ( #7008, #9567 ), #9885 ) ;
#5236 = CARTESIAN_POINT ( 'NONE',  ( 22.17448437648183202, -39.08722294276841325, -28.36519176434519096 ) ) ;
#5237 = ADVANCED_FACE ( 'NONE', ( #8071 ), #1201, .F. ) ;
#5238 = EDGE_LOOP ( 'NONE', ( #5203 ) ) ;
#5239 = ADVANCED_FACE ( 'NONE', ( #9629 ), #9343, .T. ) ;
#5240 = ORIENTED_EDGE ( 'NONE', *, *, #482, .T. ) ;
#5241 = LINE ( 'NONE', #8312, #8791 ) ;
#5242 = CARTESIAN_POINT ( 'NONE',  ( 17.03525130806859877, -64.97442112683049231, 51.00000000000010658 ) ) ;
#5243 = DIRECTION ( 'NONE',  ( 7.232542356195667155E-15, -1.000000000000000000, 1.276710262284687461E-15 ) ) ;
#5244 = ORIENTED_EDGE ( 'NONE', *, *, #2667, .F. ) ;
#5245 = PLANE ( 'NONE',  #158 ) ;
#5246 = ORIENTED_EDGE ( 'NONE', *, *, #5293, .F. ) ;
#5247 = CIRCLE ( 'NONE', #8785, 9.799999999999998934 ) ;
#5248 = CARTESIAN_POINT ( 'NONE',  ( 5.068556685472458816E-13, -65.30000000000005400, -35.79999999999991189 ) ) ;
#5249 = ADVANCED_FACE ( 'NONE', ( #507, #2754 ), #3565, .T. ) ;
#5250 = DIRECTION ( 'NONE',  ( 0.9784759524633935834, -0.2063608743217924812, 0.0000000000000000000 ) ) ;
#5251 = CARTESIAN_POINT ( 'NONE',  ( 4.856733017000363084, -54.88882605894696809, 52.50827663686971647 ) ) ;
#5252 = CARTESIAN_POINT ( 'NONE',  ( 4.482834146977152656, -54.85031159500866238, 29.55006064380423325 ) ) ;
#5253 = CIRCLE ( 'NONE', #2692, 2.100000000000006306 ) ;
#5254 = CARTESIAN_POINT ( 'NONE',  ( -25.99999999999981881, -26.00000000000015632, 17.88854381999831489 ) ) ;
#5255 = CARTESIAN_POINT ( 'NONE',  ( 16.29446395172742257, -41.70846447700353110, 32.10125353195149245 ) ) ;
#5256 = CARTESIAN_POINT ( 'NONE',  ( 2.285872724917542786, -46.61149436935718882, 35.93171506515044200 ) ) ;
#5257 = ORIENTED_EDGE ( 'NONE', *, *, #1086, .F. ) ;
#5258 = VECTOR ( 'NONE', #3362, 1000.000000000000000 ) ;
#5259 = AXIS2_PLACEMENT_3D ( 'NONE', #7541, #5869, #2020 ) ;
#5260 = CARTESIAN_POINT ( 'NONE',  ( 14.11104862918680425, -45.00581690332105467, -33.12092395071316275 ) ) ;
#5261 = DIRECTION ( 'NONE',  ( 7.232542356195667155E-15, -1.000000000000000000, 1.276710262284687461E-15 ) ) ;
#5262 = AXIS2_PLACEMENT_3D ( 'NONE', #6370, #8840, #1214 ) ;
#5263 = DIRECTION ( 'NONE',  ( 0.0000000000000000000, -1.000000000000000000, 1.276710262284678586E-15 ) ) ;
#5264 = CARTESIAN_POINT ( 'NONE',  ( 5.934983989043704611, -60.92386453993721318, 59.80187568903145490 ) ) ;
#5265 = CARTESIAN_POINT ( 'NONE',  ( 34.12517042085484320, -47.03155185097796220, -11.83867751203761465 ) ) ;
#5266 = FACE_OUTER_BOUND ( 'NONE', #3042, .T. ) ;
#5267 = CARTESIAN_POINT ( 'NONE',  ( -23.91027977547480887, 18.99999998931566836, -21.83610159658888250 ) ) ;
#5268 = AXIS2_PLACEMENT_3D ( 'NONE', #2592, #1691, #928 ) ;
#5269 = CARTESIAN_POINT ( 'NONE',  ( -21.80165886451847967, 18.99999992395144588, 25.98715462149077027 ) ) ;
#5270 = LINE ( 'NONE', #1476, #5190 ) ;
#5271 = EDGE_LOOP ( 'NONE', ( #4195, #9027, #7458, #5568 ) ) ;
#5272 = CIRCLE ( 'NONE', #1917, 8.750000000000001776 ) ;
#5273 = CARTESIAN_POINT ( 'NONE',  ( -29.78227820016068250, -40.58875517429425628, -12.77984212153276822 ) ) ;
#5274 = PERSON_AND_ORGANIZATION_ROLE ( 'creator' ) ;
#5275 = CARTESIAN_POINT ( 'NONE',  ( 10.40462908070103687, -41.85285918056611365, -33.41417766008236612 ) ) ;
#5276 = CIRCLE ( 'NONE', #3779, 1.649999999999998579 ) ;
#5277 = CARTESIAN_POINT ( 'NONE',  ( 24.30000000000043414, -63.79999999999979821, 15.50000000000010481 ) ) ;
#5278 = ORIENTED_EDGE ( 'NONE', *, *, #3836, .T. ) ;
#5279 = VECTOR ( 'NONE', #1774, 1000.000000000000000 ) ;
#5280 = ORIENTED_EDGE ( 'NONE', *, *, #1267, .F. ) ;
#5281 = CLOSED_SHELL ( 'NONE', ( #9725, #829, #3378, #7692, #3885, #3880 ) ) ;
#5282 = CARTESIAN_POINT ( 'NONE',  ( -34.12707629381274188, -47.03373965774556353, -11.83309156760003766 ) ) ;
#5283 = ORIENTED_EDGE ( 'NONE', *, *, #1997, .T. ) ;
#5284 = CARTESIAN_POINT ( 'NONE',  ( 0.0000000000000000000, 1.000000000000000000, 0.0000000000000000000 ) ) ;
#5285 = CARTESIAN_POINT ( 'NONE',  ( 8.000000000000399680, -60.29999999999996163, 40.00000000000007816 ) ) ;
#5286 = CARTESIAN_POINT ( 'NONE',  ( -10.77617152996157834, -47.30932477613854559, -34.34929864195471794 ) ) ;
#5287 = CARTESIAN_POINT ( 'NONE',  ( 24.40930554448591749, 18.99999992769411961, -19.46110055999454858 ) ) ;
#5288 = CARTESIAN_POINT ( 'NONE',  ( 3.980814712676603538E-13, -60.29999999999996163, 42.50000000000007816 ) ) ;
#5289 = CARTESIAN_POINT ( 'NONE',  ( 1.500000000000000444, 23.00000000000000000, -33.50000000000000000 ) ) ;
#5290 = CIRCLE ( 'NONE', #7851, 1.649999999999991696 ) ;
#5291 = CARTESIAN_POINT ( 'NONE',  ( 2.333190193426148973, -57.69111855206802630, 54.45122157594772716 ) ) ;
#5292 = CARTESIAN_POINT ( 'NONE',  ( 30.20256807545908018, -49.49311824138467841, -19.59690240213135937 ) ) ;
#5293 = EDGE_CURVE ( 'NONE', #8358, #6590, #2048, .T. ) ;
#5294 = EDGE_LOOP ( 'NONE', ( #676, #1006, #9814, #9888, #6786 ) ) ;
#5295 = ORIENTED_EDGE ( 'NONE', *, *, #8990, .F. ) ;
#5296 = DIRECTION ( 'NONE',  ( 0.0000000000000000000, 0.0000000000000000000, -1.000000000000000000 ) ) ;
#5297 = ORIENTED_EDGE ( 'NONE', *, *, #7003, .F. ) ;
#5298 = CYLINDRICAL_SURFACE ( 'NONE', #2080, 1.500000000000001332 ) ;
#5299 = VECTOR ( 'NONE', #2900, 1000.000000000000000 ) ;
#5300 = ORIENTED_EDGE ( 'NONE', *, *, #4861, .F. ) ;
#5301 = EDGE_CURVE ( 'NONE', #8722, #2323, #9499, .T. ) ;
#5302 = CARTESIAN_POINT ( 'NONE',  ( -1.500000000000000444, 23.00000000000000000, -32.50000000000000000 ) ) ;
#5303 = CARTESIAN_POINT ( 'NONE',  ( 3.980814712676603538E-13, -60.29999999999996163, 42.50000000000007816 ) ) ;
#5304 = FACE_BOUND ( 'NONE', #6914, .T. ) ;
#5305 = LINE ( 'NONE', #4550, #9466 ) ;
#5306 = CARTESIAN_POINT ( 'NONE',  ( -1.441624326695970071, -67.13557259006364575, 30.50000000000007816 ) ) ;
#5307 = CARTESIAN_POINT ( 'NONE',  ( -4.983153472973074649, -46.29752533857736552, 35.66379644060651088 ) ) ;
#5308 = ORIENTED_EDGE ( 'NONE', *, *, #4821, .F. ) ;
#5309 = ADVANCED_FACE ( 'NONE', ( #8753 ), #4835, .T. ) ;
#5310 = VERTEX_POINT ( 'NONE', #1180 ) ;
#5311 = CARTESIAN_POINT ( 'NONE',  ( 0.9372216177880015042, -46.68784389640313037, -35.99969904911659313 ) ) ;
#5312 = CC_DESIGN_DATE_AND_TIME_ASSIGNMENT ( #5180, #2220, ( #2070 ) ) ;
#5313 = DIRECTION ( 'NONE',  ( 8.673617379884027583E-16, -1.000000000000000000, 0.0000000000000000000 ) ) ;
#5314 = CARTESIAN_POINT ( 'NONE',  ( -5.898675321265903548, -43.68911663059208905, 34.16553645353166502 ) ) ;
#5315 = CARTESIAN_POINT ( 'NONE',  ( 6.596481930404004324, -61.51758393012501358, 59.85913630337737601 ) ) ;
#5316 = CARTESIAN_POINT ( 'NONE',  ( -17.74999999999987921, 18.66776619446767072, 30.68746130305527942 ) ) ;
#5317 = CARTESIAN_POINT ( 'NONE',  ( 32.60159990565301769, -44.77544903768912832, -2.062953518235407291 ) ) ;
#5318 = CYLINDRICAL_SURFACE ( 'NONE', #9575, 8.249999999999998224 ) ;
#5319 = CARTESIAN_POINT ( 'NONE',  ( -23.42832321696398168, 18.99999992583259001, -23.16912162928109353 ) ) ;
#5320 = EDGE_CURVE ( 'NONE', #4455, #2632, #1976, .T. ) ;
#5321 = CC_DESIGN_PERSON_AND_ORGANIZATION_ASSIGNMENT ( #4416, #5909, ( #4298 ) ) ;
#5322 = CARTESIAN_POINT ( 'NONE',  ( -24.49999999999980815, 19.00000000000000355, 17.88854381999831844 ) ) ;
#5323 = CYLINDRICAL_SURFACE ( 'NONE', #8720, 6.000000000000000888 ) ;
#5324 = VERTEX_POINT ( 'NONE', #3382 ) ;
#5325 = PERSON_AND_ORGANIZATION ( #7395, #7661 ) ;
#5326 = CARTESIAN_POINT ( 'NONE',  ( 0.4505850743663171731, -63.60513527201168671, -35.99735515568602295 ) ) ;
#5327 = DIRECTION ( 'NONE',  ( 0.0000000000000000000, -1.000000000000000000, 0.0000000000000000000 ) ) ;
#5328 = VERTEX_POINT ( 'NONE', #428 ) ;
#5329 = ORIENTED_EDGE ( 'NONE', *, *, #1138, .F. ) ;
#5330 = CARTESIAN_POINT ( 'NONE',  ( -30.89204772597791049, -42.42033399924505233, -10.23852679876106109 ) ) ;
#5331 = FACE_OUTER_BOUND ( 'NONE', #1575, .T. ) ;
#5332 = VERTEX_POINT ( 'NONE', #3831 ) ;
#5333 = CARTESIAN_POINT ( 'NONE',  ( 5.140932286808705065, -49.09346039183017751, -35.63135121857003895 ) ) ;
#5334 = CARTESIAN_POINT ( 'NONE',  ( 22.17457119339659499, 18.99999994075151122, -25.46980514967290432 ) ) ;
#5335 = AXIS2_PLACEMENT_3D ( 'NONE', #5753, #357, #7917 ) ;
#5336 = CARTESIAN_POINT ( 'NONE',  ( -12.12435565298201290, -63.00000000000001421, 32.79999999999999716 ) ) ;
#5337 = CARTESIAN_POINT ( 'NONE',  ( 28.04933842491713136, -47.30348373042352250, -22.56624354158862644 ) ) ;
#5338 = EDGE_LOOP ( 'NONE', ( #4328, #6790, #8597, #4602 ) ) ;
#5339 = ORIENTED_EDGE ( 'NONE', *, *, #7457, .F. ) ;
#5340 = CARTESIAN_POINT ( 'NONE',  ( -20.96169901620295306, -36.47077081259528342, -29.27012154087411488 ) ) ;
#5341 = CARTESIAN_POINT ( 'NONE',  ( 4.265448302795478597, -55.54761138357756067, 52.49993338065588233 ) ) ;
#5342 = CARTESIAN_POINT ( 'NONE',  ( 3.980814712676603538E-13, -60.29999999999996163, 40.00000000000007816 ) ) ;
#5343 = ORIENTED_EDGE ( 'NONE', *, *, #5402, .T. ) ;
#5344 = PLANE ( 'NONE',  #2392 ) ;
#5345 = VERTEX_POINT ( 'NONE', #5581 ) ;
#5346 = CARTESIAN_POINT ( 'NONE',  ( -5.509491565777003608, -54.68316494635156033, 30.36786714009157961 ) ) ;
#5347 = DIRECTION ( 'NONE',  ( 1.000000000000000000, -5.204170427930420494E-15, 0.0000000000000000000 ) ) ;
#5348 = FACE_BOUND ( 'NONE', #9484, .T. ) ;
#5349 = CARTESIAN_POINT ( 'NONE',  ( 2.942562670768709143, -53.46785976198015788, 29.91754785734961786 ) ) ;
#5350 = CYLINDRICAL_SURFACE ( 'NONE', #8995, 1.500000000000001332 ) ;
#5351 = CIRCLE ( 'NONE', #72, 0.5000000000000004441 ) ;
#5352 = CARTESIAN_POINT ( 'NONE',  ( 13.89056988788762226, -45.20749641967107380, 33.21268335222527668 ) ) ;
#5353 = CARTESIAN_POINT ( 'NONE',  ( -4.185934439889900105, -49.25054174974248156, 35.75951195941856042 ) ) ;
#5354 = ORIENTED_EDGE ( 'NONE', *, *, #5844, .F. ) ;
#5355 = ADVANCED_FACE ( 'NONE', ( #5632 ), #6436, .F. ) ;
#5356 = ORIENTED_EDGE ( 'NONE', *, *, #3285, .F. ) ;
#5357 = CARTESIAN_POINT ( 'NONE',  ( 0.2036393404320846756, -63.79407301971740196, 54.33151679537544254 ) ) ;
#5358 = CARTESIAN_POINT ( 'NONE',  ( 4.867501005719684114E-13, -67.29999999999999716, 8.592260065175946769E-14 ) ) ;
#5359 = AXIS2_PLACEMENT_3D ( 'NONE', #8646, #1778, #3174 ) ;
#5360 = CARTESIAN_POINT ( 'NONE',  ( -12.12435565298187079, -39.00000000000013500, -32.99999999999995737 ) ) ;
#5361 = FACE_OUTER_BOUND ( 'NONE', #6942, .T. ) ;
#5362 = DIRECTION ( 'NONE',  ( -0.0000000000000000000, 1.000000000000000000, -0.0000000000000000000 ) ) ;
#5363 = CARTESIAN_POINT ( 'NONE',  ( 32.65840222762376044, -44.84596714327461342, -0.8301917721297322750 ) ) ;
#5364 = CARTESIAN_POINT ( 'NONE',  ( -2.689218601732195513, -52.06786155898256396, 37.50000000000008527 ) ) ;
#5365 = EDGE_CURVE ( 'NONE', #9717, #9717, #4383, .T. ) ;
#5366 = CARTESIAN_POINT ( 'NONE',  ( -21.72509286298364017, -38.15615000578397087, -28.70577468028428214 ) ) ;
#5367 = DIRECTION ( 'NONE',  ( 0.0000000000000000000, 0.0000000000000000000, -1.000000000000000000 ) ) ;
#5368 = ORIENTED_EDGE ( 'NONE', *, *, #5224, .T. ) ;
#5369 = PERSON_AND_ORGANIZATION ( #7395, #7661 ) ;
#5370 = CARTESIAN_POINT ( 'NONE',  ( -1.078376462479996301, -63.90296035546401754, -35.98420632288048893 ) ) ;
#5371 = ADVANCED_FACE ( 'NONE', ( #9604 ), #8046, .F. ) ;
#5372 = CYLINDRICAL_SURFACE ( 'NONE', #9295, 1.649999999999998579 ) ;
#5373 = EDGE_LOOP ( 'NONE', ( #4982, #8556, #4178, #5140 ) ) ;
#5374 = EDGE_LOOP ( 'NONE', ( #3100, #4873, #3868, #9301 ) ) ;
#5375 = CARTESIAN_POINT ( 'NONE',  ( -35.99974177444140366, -48.98072156804985866, 0.5898571102669802890 ) ) ;
#5376 = CARTESIAN_POINT ( 'NONE',  ( -5.083306010855088708, -63.48747549010189317, 32.10000000000006537 ) ) ;
#5377 = CARTESIAN_POINT ( 'NONE',  ( -1.349999999999497158, -65.30000000000005400, -35.79999999999991189 ) ) ;
#5378 = CARTESIAN_POINT ( 'NONE',  ( 14.79262267853529167, -44.25871018362092713, -32.82043221766753049 ) ) ;
#5379 = CARTESIAN_POINT ( 'NONE',  ( -8.301712290213679069, 21.99710958314554432, -35.03074431356603924 ) ) ;
#5380 = CARTESIAN_POINT ( 'NONE',  ( -5.941592617345911265, -52.25280997434866492, 35.50684273210294606 ) ) ;
#5381 = CARTESIAN_POINT ( 'NONE',  ( 20.17072923769007176, -34.33142687710579111, -29.82161860552632859 ) ) ;
#5382 = ORIENTED_EDGE ( 'NONE', *, *, #5671, .T. ) ;
#5383 = ORIENTED_EDGE ( 'NONE', *, *, #7862, .F. ) ;
#5384 = CARTESIAN_POINT ( 'NONE',  ( -34.14546959704129847, -52.89280730959466581, -11.45113440670501070 ) ) ;
#5385 = FACE_OUTER_BOUND ( 'NONE', #3130, .T. ) ;
#5386 = ORIENTED_EDGE ( 'NONE', *, *, #4311, .F. ) ;
#5387 = PLANE ( 'NONE',  #7997 ) ;
#5388 = ORIENTED_EDGE ( 'NONE', *, *, #4381, .T. ) ;
#5389 = CARTESIAN_POINT ( 'NONE',  ( -2.769287568662348598, -53.78801387298556591, 29.57014852271418448 ) ) ;
#5390 = FACE_OUTER_BOUND ( 'NONE', #5238, .T. ) ;
#5391 = PLANE ( 'NONE',  #5139 ) ;
#5392 = CARTESIAN_POINT ( 'NONE',  ( -25.09999999999948272, -67.30000000000019611, -17.33303027798227447 ) ) ;
#5393 = VECTOR ( 'NONE', #3402, 1000.000000000000000 ) ;
#5394 = CYLINDRICAL_SURFACE ( 'NONE', #6241, 1.000000000000000888 ) ;
#5395 = CARTESIAN_POINT ( 'NONE',  ( 3.656965428013911446, -49.32020142842019794, 35.81755382139191823 ) ) ;
#5396 = EDGE_LOOP ( 'NONE', ( #7695, #2617, #99, #7996 ) ) ;
#5397 = ORIENTED_EDGE ( 'NONE', *, *, #2499, .T. ) ;
#5398 = DIRECTION ( 'NONE',  ( -0.0000000000000000000, -0.0000000000000000000, -1.000000000000000000 ) ) ;
#5399 = CIRCLE ( 'NONE', #1573, 8.249999999999998224 ) ;
#5400 = CARTESIAN_POINT ( 'NONE',  ( 3.204016263794680715E-13, -44.30000000000000426, 5.655826461921165747E-14 ) ) ;
#5401 = CARTESIAN_POINT ( 'NONE',  ( -6.880634107597484395, -43.43680986821198076, 34.03765608640075868 ) ) ;
#5402 = EDGE_CURVE ( 'NONE', #3257, #74, #4084, .T. ) ;
#5403 = DIRECTION ( 'NONE',  ( 7.232542356195667155E-15, -1.000000000000000000, 1.276710262284687461E-15 ) ) ;
#5404 = CARTESIAN_POINT ( 'NONE',  ( 7.877239002199405427, -62.75185760235677179, 34.50000000000007816 ) ) ;
#5405 = CARTESIAN_POINT ( 'NONE',  ( 35.72725464176981092, -48.71529232810222254, 4.548180000209385732 ) ) ;
#5406 = AXIS2_PLACEMENT_3D ( 'NONE', #6063, #7628, #4741 ) ;
#5407 = CARTESIAN_POINT ( 'NONE',  ( -23.31133374449943929, 18.99999994075151477, -23.43630247885368334 ) ) ;
#5408 = ADVANCED_FACE ( 'NONE', ( #978 ), #4180, .T. ) ;
#5409 = CC_DESIGN_APPROVAL ( #5917, ( #2070 ) ) ;
#5410 = CONICAL_SURFACE ( 'NONE', #6698, 7.249999999999999112, 0.7853981633974480570 ) ;
#5411 = CARTESIAN_POINT ( 'NONE',  ( -6.640591675757012702, -62.46930300539456482, 30.50000000000007816 ) ) ;
#5412 = CARTESIAN_POINT ( 'NONE',  ( 26.00000000000001066, 1.880461012610874186E-13, 0.0000000000000000000 ) ) ;
#5413 = AXIS2_PLACEMENT_3D ( 'NONE', #2661, #4813, #4009 ) ;
#5414 = EDGE_LOOP ( 'NONE', ( #4641 ) ) ;
#5415 = APPROVAL_STATUS ( 'not_yet_approved' ) ;
#5416 = ADVANCED_FACE ( 'NONE', ( #7999 ), #7138, .T. ) ;
#5417 = ADVANCED_FACE ( 'NONE', ( #7242 ), #5654, .T. ) ;
#5418 = CARTESIAN_POINT ( 'NONE',  ( -1.694997328047654683, -64.85001505734993543, -35.96008162546625897 ) ) ;
#5419 = AXIS2_PLACEMENT_3D ( 'NONE', #7865, #9520, #4002 ) ;
#5420 = VECTOR ( 'NONE', #8116, 1000.000000000000000 ) ;
#5421 = LINE ( 'NONE', #6828, #22 ) ;
#5422 = CIRCLE ( 'NONE', #6383, 3.299999999999997158 ) ;
#5423 = VERTEX_POINT ( 'NONE', #8654 ) ;
#5424 = VERTEX_POINT ( 'NONE', #3431 ) ;
#5425 = VECTOR ( 'NONE', #4691, 1000.000000000000000 ) ;
#5426 = EDGE_CURVE ( 'NONE', #8040, #770, #6522, .T. ) ;
#5427 = CARTESIAN_POINT ( 'NONE',  ( 17.75000000000013500, 10.50000000000000178, -33.00000000000000000 ) ) ;
#5428 = LINE ( 'NONE', #36, #1580 ) ;
#5429 = CARTESIAN_POINT ( 'NONE',  ( -7.523041329004445998, 21.97988357662651637, -35.20612622919264112 ) ) ;
#5430 = DIRECTION ( 'NONE',  ( 0.0000000000000000000, 0.0000000000000000000, -1.000000000000000000 ) ) ;
#5431 = CIRCLE ( 'NONE', #9129, 36.00000000000002132 ) ;
#5432 = CARTESIAN_POINT ( 'NONE',  ( 6.549154457270558893, -61.47510573521162058, 66.88108647042764687 ) ) ;
#5433 = EDGE_LOOP ( 'NONE', ( #6750, #5985, #1419, #736 ) ) ;
#5434 = CIRCLE ( 'NONE', #9292, 2.100000000000006306 ) ;
#5435 = EDGE_LOOP ( 'NONE', ( #8410 ) ) ;
#5436 = CARTESIAN_POINT ( 'NONE',  ( -7.647393315901219957, -62.60797774258368520, 30.48601938205052875 ) ) ;
#5437 = CARTESIAN_POINT ( 'NONE',  ( -35.33952252569697094, -53.80079000717005044, -6.865582746591123886 ) ) ;
#5438 = ORIENTED_EDGE ( 'NONE', *, *, #6021, .T. ) ;
#5439 = CIRCLE ( 'NONE', #2407, 1.500000000000001332 ) ;
#5440 = CARTESIAN_POINT ( 'NONE',  ( 5.500000000000006217, -4.750000000000000888, 19.50000000000000000 ) ) ;
#5441 = ORIENTED_EDGE ( 'NONE', *, *, #1951, .F. ) ;
#5442 = DIRECTION ( 'NONE',  ( -1.000000000000000000, -7.324388009679854455E-15, 0.0000000000000000000 ) ) ;
#5443 = DIRECTION ( 'NONE',  ( -1.000000000000000000, 0.0000000000000000000, 0.0000000000000000000 ) ) ;
#5444 = VECTOR ( 'NONE', #5110, 1000.000000000000000 ) ;
#5445 = DIRECTION ( 'NONE',  ( 0.0000000000000000000, 0.0000000000000000000, -1.000000000000000000 ) ) ;
#5446 = CARTESIAN_POINT ( 'NONE',  ( 2.296666140971383552, -67.06435239900157796, 52.80599156992117571 ) ) ;
#5447 = CARTESIAN_POINT ( 'NONE',  ( -5.140932288791861815, -49.09346039177390253, 35.63135121828111807 ) ) ;
#5448 = CARTESIAN_POINT ( 'NONE',  ( -11.46373131609405327, -40.86574693812611514, 33.16950463650916703 ) ) ;
#5449 = VERTEX_POINT ( 'NONE', #7306 ) ;
#5450 = VECTOR ( 'NONE', #7144, 1000.000000000000000 ) ;
#5451 = ORIENTED_EDGE ( 'NONE', *, *, #6012, .T. ) ;
#5452 = CARTESIAN_POINT ( 'NONE',  ( -0.4791180792812605449, -63.77192852170597348, 54.36937924484377760 ) ) ;
#5453 = DIRECTION ( 'NONE',  ( -0.0000000000000000000, -0.0000000000000000000, -1.000000000000000000 ) ) ;
#5454 = CARTESIAN_POINT ( 'NONE',  ( -25.99999999999981171, -27.09648997795426695, 17.88854381997265008 ) ) ;
#5455 = DIRECTION ( 'NONE',  ( 0.0000000000000000000, 0.0000000000000000000, -1.000000000000000000 ) ) ;
#5456 = CARTESIAN_POINT ( 'NONE',  ( 17.67766952966358929, 5.000000000000000888, 17.67766952966378469 ) ) ;
#5457 = LINE ( 'NONE', #9177, #2301 ) ;
#5458 = CARTESIAN_POINT ( 'NONE',  ( 28.27407414342089709, -37.50161605645183016, 15.30105227979541382 ) ) ;
#5459 = DIRECTION ( 'NONE',  ( -0.0000000000000000000, 1.000000000000000000, -0.0000000000000000000 ) ) ;
#5460 = CARTESIAN_POINT ( 'NONE',  ( -24.10834526094645014, 18.99999999638483317, -21.11754912953280083 ) ) ;
#5461 = CARTESIAN_POINT ( 'NONE',  ( -23.74387214716711014, 18.99999994060213737, 22.35400034645347844 ) ) ;
#5462 = CARTESIAN_POINT ( 'NONE',  ( -19.56885834997869011, -32.09903146949299924, -30.21688476716053984 ) ) ;
#5463 = LINE ( 'NONE', #3913, #860 ) ;
#5464 = EDGE_LOOP ( 'NONE', ( #5468, #3536, #5278, #5166, #7945, #1326 ) ) ;
#5465 = DATE_AND_TIME ( #7685, #2851 ) ;
#5466 = CARTESIAN_POINT ( 'NONE',  ( 0.7802179115492573480, -66.87063333364881146, -35.99169963577438836 ) ) ;
#5467 = CARTESIAN_POINT ( 'NONE',  ( 1.238478118284789074E-13, -63.00000000000001421, -3.269102988655022197E-15 ) ) ;
#5468 = ORIENTED_EDGE ( 'NONE', *, *, #5177, .T. ) ;
#5469 = EDGE_CURVE ( 'NONE', #5594, #3919, #2037, .T. ) ;
#5470 = CARTESIAN_POINT ( 'NONE',  ( -27.70213935434637165, -36.11688587656593796, -24.08420290979709577 ) ) ;
#5471 = EDGE_LOOP ( 'NONE', ( #3645, #9168, #7960, #8250 ) ) ;
#5472 = DIRECTION ( 'NONE',  ( -7.232542356195667155E-15, 1.000000000000000000, -1.276710262284687461E-15 ) ) ;
#5473 = EDGE_CURVE ( 'NONE', #920, #1630, #9183, .T. ) ;
#5474 = CARTESIAN_POINT ( 'NONE',  ( 12.97719350989461340, -45.96500664060733499, -33.57964571198817083 ) ) ;
#5475 = CIRCLE ( 'NONE', #4366, 6.000000000000000888 ) ;
#5476 = CARTESIAN_POINT ( 'NONE',  ( -11.97207688361280731, 17.45946323717144466, -33.95103080687025709 ) ) ;
#5477 = LINE ( 'NONE', #6228, #4013 ) ;
#5478 = CARTESIAN_POINT ( 'NONE',  ( 3.443123065936656957, -58.68732523241111920, 58.23739165897327297 ) ) ;
#5479 = ORIENTED_EDGE ( 'NONE', *, *, #8547, .T. ) ;
#5480 = VERTEX_POINT ( 'NONE', #1298 ) ;
#5481 = APPROVAL ( #5415, '未指定' ) ;
#5482 = CARTESIAN_POINT ( 'NONE',  ( -28.63862659754305184, -47.94115362421788973, -21.83072061564669752 ) ) ;
#5483 = CARTESIAN_POINT ( 'NONE',  ( -18.85714285714268712, -26.00000000000008527, 30.66607511999712443 ) ) ;
#5484 = ORIENTED_EDGE ( 'NONE', *, *, #2782, .F. ) ;
#5485 = DIRECTION ( 'NONE',  ( -0.0000000000000000000, -1.000000000000000000, -0.0000000000000000000 ) ) ;
#5486 = ORIENTED_EDGE ( 'NONE', *, *, #6033, .T. ) ;
#5487 = CARTESIAN_POINT ( 'NONE',  ( 2.689218601732991765, -68.53213844101736640, 37.50000000000008527 ) ) ;
#5488 = CARTESIAN_POINT ( 'NONE',  ( 3.371261603213326907E-11, 17.49999999998130207, -5.624320453812003962E-11 ) ) ;
#5489 = DIRECTION ( 'NONE',  ( 1.000000000000000000, 0.0000000000000000000, -0.0000000000000000000 ) ) ;
#5490 = ADVANCED_FACE ( 'NONE', ( #1946 ), #9825, .T. ) ;
#5491 = CARTESIAN_POINT ( 'NONE',  ( -3.128437877503343234, -55.17397667510724801, 32.34983223863284252 ) ) ;
#5492 = FACE_BOUND ( 'NONE', #3501, .T. ) ;
#5493 = CARTESIAN_POINT ( 'NONE',  ( 2.331241782938177742, -49.45071056453799940, 35.92741047858451964 ) ) ;
#5494 = CARTESIAN_POINT ( 'NONE',  ( -10.43125357609557113, 21.18674578193622082, 34.45633382368194475 ) ) ;
#5495 = EDGE_LOOP ( 'NONE', ( #9184 ) ) ;
#5496 = AXIS2_PLACEMENT_3D ( 'NONE', #5890, #8966, #592 ) ;
#5497 = ORIENTED_EDGE ( 'NONE', *, *, #2006, .T. ) ;
#5498 = CARTESIAN_POINT ( 'NONE',  ( 16.78756936566788838, -38.99999999999991473, -31.84615384615377565 ) ) ;
#5499 = DIRECTION ( 'NONE',  ( 1.000000000000000000, 0.0000000000000000000, -2.168404344971006896E-16 ) ) ;
#5500 = CARTESIAN_POINT ( 'NONE',  ( -30.45413101675081080, -41.73070456768930114, 11.33435235874919655 ) ) ;
#5501 = CONICAL_SURFACE ( 'NONE', #234, 36.00000000000002132, 0.7853981633974561616 ) ;
#5502 = CYLINDRICAL_SURFACE ( 'NONE', #6858, 8.750000000000001776 ) ;
#5503 = FACE_OUTER_BOUND ( 'NONE', #4492, .T. ) ;
#5504 = CARTESIAN_POINT ( 'NONE',  ( 6.170273830960215200, -53.42533243100205453, 46.50000000000008527 ) ) ;
#5505 = CARTESIAN_POINT ( 'NONE',  ( 28.58300108580974097, -47.88313276134569207, 21.90830077933099673 ) ) ;
#5506 = DIRECTION ( 'NONE',  ( -0.9784759524633873662, 0.2063608743218219022, 0.0000000000000000000 ) ) ;
#5507 = CARTESIAN_POINT ( 'NONE',  ( -22.57396853302584816, 18.99999999686262342, -24.83884409174670083 ) ) ;
#5508 = CARTESIAN_POINT ( 'NONE',  ( -24.39060823425550950, 18.99999994574812590, 19.60686989067533048 ) ) ;
#5509 = AXIS2_PLACEMENT_3D ( 'NONE', #8320, #2898, #6098 ) ;
#5510 = PLANE ( 'NONE',  #3262 ) ;
#5511 = ORIENTED_EDGE ( 'NONE', *, *, #4553, .T. ) ;
#5512 = COORDINATED_UNIVERSAL_TIME_OFFSET ( 8, 0, .AHEAD. ) ;
#5513 = LINE ( 'NONE', #7929, #6537 ) ;
#5514 = CARTESIAN_POINT ( 'NONE',  ( -12.12435565298200935, -1.734723475976807094E-15, -32.79999999999999716 ) ) ;
#5515 = ORIENTED_EDGE ( 'NONE', *, *, #953, .F. ) ;
#5516 = EDGE_LOOP ( 'NONE', ( #6418 ) ) ;
#5517 = CARTESIAN_POINT ( 'NONE',  ( -7.619067628221324995, -62.26294213107494357, 30.50000000000007816 ) ) ;
#5518 = CARTESIAN_POINT ( 'NONE',  ( 4.000001420016654485, 18.00337047937464163, 35.77708748123394145 ) ) ;
#5519 = CARTESIAN_POINT ( 'NONE',  ( 12.28229083022792167, -46.45383959146593611, -33.84054271159875782 ) ) ;
#5520 = CARTESIAN_POINT ( 'NONE',  ( 24.30000000000045546, -66.79999999999979821, 15.50000000000010658 ) ) ;
#5521 = EDGE_CURVE ( 'NONE', #4780, #4906, #4351, .T. ) ;
#5522 = CARTESIAN_POINT ( 'NONE',  ( 9.082446327193425262, -64.51273629270501431, 34.83624285798436659 ) ) ;
#5523 = CARTESIAN_POINT ( 'NONE',  ( -2.875960701325477320, -53.01570885046234594, 54.89973071471225552 ) ) ;
#5524 = EDGE_LOOP ( 'NONE', ( #2583 ) ) ;
#5525 = ORIENTED_EDGE ( 'NONE', *, *, #2428, .T. ) ;
#5526 = CARTESIAN_POINT ( 'NONE',  ( -25.09999999999948272, -66.80000000000018190, -17.33303027798227802 ) ) ;
#5527 = CARTESIAN_POINT ( 'NONE',  ( -23.72756208047113802, -41.81475737386208635, 27.09688154896886658 ) ) ;
#5528 = CARTESIAN_POINT ( 'NONE',  ( 24.46476346821587455, 19.00000001794944993, 19.01633969919048184 ) ) ;
#5529 = VERTEX_POINT ( 'NONE', #6607 ) ;
#5530 = CARTESIAN_POINT ( 'NONE',  ( -4.999999999999995559, 4.749999999999999112, -19.49999999999999289 ) ) ;
#5531 = DIRECTION ( 'NONE',  ( 0.0000000000000000000, 0.0000000000000000000, -1.000000000000000000 ) ) ;
#5532 = EDGE_CURVE ( 'NONE', #4534, #4534, #6629, .T. ) ;
#5533 = DIRECTION ( 'NONE',  ( 0.0000000000000000000, 0.0000000000000000000, 1.000000000000000000 ) ) ;
#5534 = CARTESIAN_POINT ( 'NONE',  ( -1.746094034895083968, -54.55412620991202033, 32.45398576841812854 ) ) ;
#5535 = DIRECTION ( 'NONE',  ( -1.000000000000000000, -7.232542356195649800E-15, 1.421085471520200372E-14 ) ) ;
#5536 = EDGE_CURVE ( 'NONE', #3131, #1092, #6653, .T. ) ;
#5537 = CARTESIAN_POINT ( 'NONE',  ( -1.632033958083697112, -49.49334653291421660, 35.96373845926956392 ) ) ;
#5538 = LINE ( 'NONE', #3994, #1925 ) ;
#5539 = ORIENTED_EDGE ( 'NONE', *, *, #6728, .T. ) ;
#5540 = DESIGN_CONTEXT ( 'detailed design', #5546, 'design' ) ;
#5541 = ORIENTED_EDGE ( 'NONE', *, *, #4387, .F. ) ;
#5542 = ADVANCED_FACE ( 'NONE', ( #7119 ), #547, .T. ) ;
#5543 = CARTESIAN_POINT ( 'NONE',  ( 16.64220384089901472, -40.53175278915291813, -31.92242708333488466 ) ) ;
#5544 = VERTEX_POINT ( 'NONE', #8618 ) ;
#5545 = CARTESIAN_POINT ( 'NONE',  ( -32.66650862712356229, -44.85598526763669724, 0.4207893775628162025 ) ) ;
#5546 = APPLICATION_CONTEXT ( 'configuration controlled 3d designs of mechanical parts and assemblies' ) ;
#5547 = CARTESIAN_POINT ( 'NONE',  ( 1.500000000000000888, 23.00000000000000000, -32.50000000000000000 ) ) ;
#5548 = CARTESIAN_POINT ( 'NONE',  ( -6.773667770887044526, -58.25441370558900900, 29.54987913871439531 ) ) ;
#5549 = DIRECTION ( 'NONE',  ( -1.084202172485504187E-16, -1.000000000000000000, 0.0000000000000000000 ) ) ;
#5550 = CARTESIAN_POINT ( 'NONE',  ( 34.95648777383352268, -47.93200813153683981, 8.858954331011158700 ) ) ;
#5551 = LINE ( 'NONE', #8680, #7687 ) ;
#5552 = CARTESIAN_POINT ( 'NONE',  ( -21.84388683001443709, 18.99999992372410418, -25.93050224368709067 ) ) ;
#5553 = AXIS2_PLACEMENT_3D ( 'NONE', #8897, #6430, #7938 ) ;
#5554 = DIRECTION ( 'NONE',  ( -0.0000000000000000000, 1.000000000000000000, 0.0000000000000000000 ) ) ;
#5555 = CARTESIAN_POINT ( 'NONE',  ( -19.11674385512021601, -29.73141143317170076, -30.50501496015671776 ) ) ;
#5556 = DIRECTION ( 'NONE',  ( -0.0000000000000000000, -1.000000000000000000, -0.0000000000000000000 ) ) ;
#5557 = FACE_BOUND ( 'NONE', #2710, .T. ) ;
#5558 = ORIENTED_EDGE ( 'NONE', *, *, #2165, .T. ) ;
#5559 = PERSON_AND_ORGANIZATION ( #7395, #7661 ) ;
#5560 = AXIS2_PLACEMENT_3D ( 'NONE', #9312, #2443, #9405 ) ;
#5561 = DIRECTION ( 'NONE',  ( -0.0000000000000000000, -0.0000000000000000000, -1.000000000000000000 ) ) ;
#5562 = CC_DESIGN_SECURITY_CLASSIFICATION ( #4614, ( #7807 ) ) ;
#5563 = DIRECTION ( 'NONE',  ( 0.0000000000000000000, -0.0000000000000000000, -1.000000000000000000 ) ) ;
#5564 = VECTOR ( 'NONE', #318, 1000.000000000000000 ) ;
#5565 = FACE_OUTER_BOUND ( 'NONE', #8090, .T. ) ;
#5566 = AXIS2_PLACEMENT_3D ( 'NONE', #9250, #3698, #3844 ) ;
#5567 = CC_DESIGN_SECURITY_CLASSIFICATION ( #8950, ( #9911 ) ) ;
#5568 = ORIENTED_EDGE ( 'NONE', *, *, #3942, .F. ) ;
#5569 = DIRECTION ( 'NONE',  ( 7.232542356195667155E-15, -1.000000000000000000, 1.276710262284686278E-15 ) ) ;
#5570 = VERTEX_POINT ( 'NONE', #4074 ) ;
#5571 = LINE ( 'NONE', #6380, #2701 ) ;
#5572 = CARTESIAN_POINT ( 'NONE',  ( -1.567785512127637837, -63.59586106224855939, 57.66885866132420801 ) ) ;
#5573 = PLANE ( 'NONE',  #5359 ) ;
#5574 = VECTOR ( 'NONE', #9830, 1000.000000000000000 ) ;
#5575 = CARTESIAN_POINT ( 'NONE',  ( 5.131292808285584428, -51.70302618627113134, 35.63479954323807419 ) ) ;
#5576 = CARTESIAN_POINT ( 'NONE',  ( -2.835669038171496403, -53.05187214014428321, 55.32331046761503046 ) ) ;
#5577 = ORIENTED_EDGE ( 'NONE', *, *, #6780, .T. ) ;
#5578 = AXIS2_PLACEMENT_3D ( 'NONE', #3234, #3187, #6239 ) ;
#5579 = ORIENTED_EDGE ( 'NONE', *, *, #2985, .F. ) ;
#5580 = CYLINDRICAL_SURFACE ( 'NONE', #2630, 6.000000000000000888 ) ;
#5581 = CARTESIAN_POINT ( 'NONE',  ( 2.109576062436783417, -52.72022281527035403, 30.36786714009706500 ) ) ;
#5582 = CARTESIAN_POINT ( 'NONE',  ( -27.89405192007149026, -36.54317158254470144, 15.80651423655461407 ) ) ;
#5583 = CARTESIAN_POINT ( 'NONE',  ( 24.23625525905812239, 18.99999992712057306, 20.55013904293878824 ) ) ;
#5584 = ORIENTED_EDGE ( 'NONE', *, *, #9841, .F. ) ;
#5585 = CYLINDRICAL_SURFACE ( 'NONE', #9420, 4.000000000000000000 ) ;
#5586 = VECTOR ( 'NONE', #786, 1000.000000000000000 ) ;
#5587 = DIRECTION ( 'NONE',  ( 0.0000000000000000000, 0.0000000000000000000, 1.000000000000000000 ) ) ;
#5588 = EDGE_CURVE ( 'NONE', #6337, #7287, #7591, .T. ) ;
#5589 = FACE_BOUND ( 'NONE', #1879, .T. ) ;
#5590 = CARTESIAN_POINT ( 'NONE',  ( 1.746491250091797065, -54.55424630209028436, 32.45396446904508991 ) ) ;
#5591 = CARTESIAN_POINT ( 'NONE',  ( 7.916373332801711175E-15, 18.50000000000000000, 32.50000000000000000 ) ) ;
#5592 = CARTESIAN_POINT ( 'NONE',  ( 6.682310249579554551, -48.77021501480478349, 35.37510353481847858 ) ) ;
#5593 = CARTESIAN_POINT ( 'NONE',  ( -8.548945644062051485, 21.97047021654882926, 34.97117221101382256 ) ) ;
#5594 = VERTEX_POINT ( 'NONE', #3304 ) ;
#5595 = AXIS2_PLACEMENT_3D ( 'NONE', #7436, #4425, #2018 ) ;
#5596 = ADVANCED_FACE ( 'NONE', ( #6362 ), #4999, .T. ) ;
#5597 = EDGE_CURVE ( 'NONE', #2736, #7390, #3901, .T. ) ;
#5598 = FACE_OUTER_BOUND ( 'NONE', #2292, .T. ) ;
#5599 = EDGE_LOOP ( 'NONE', ( #6484 ) ) ;
#5600 = DIRECTION ( 'NONE',  ( -9.233861048563673244E-30, 1.276710262284686278E-15, 1.000000000000000000 ) ) ;
#5601 = CONICAL_SURFACE ( 'NONE', #1292, 1.499999999835771591, 1.029744257789689144 ) ;
#5602 = CARTESIAN_POINT ( 'NONE',  ( 3.469446951953614978E-15, 4.549999999881038093, -2.000000000123236532 ) ) ;
#5603 = CARTESIAN_POINT ( 'NONE',  ( -32.62605835579666547, -44.80583728915599551, 1.650250176658557111 ) ) ;
#5604 = FACE_OUTER_BOUND ( 'NONE', #4881, .T. ) ;
#5605 = DIRECTION ( 'NONE',  ( -0.0000000000000000000, 1.000000000000000000, -0.0000000000000000000 ) ) ;
#5606 = CARTESIAN_POINT ( 'NONE',  ( 12.12435565298215145, 4.218870601592715286E-14, -32.99999999999998579 ) ) ;
#5607 = CARTESIAN_POINT ( 'NONE',  ( 32.16853326320192252, -44.22294182378782779, 5.565283155716739039 ) ) ;
#5608 = FACE_OUTER_BOUND ( 'NONE', #5210, .T. ) ;
#5609 = EDGE_CURVE ( 'NONE', #5670, #9107, #9431, .T. ) ;
#5610 = CIRCLE ( 'NONE', #9141, 2.100000000000006306 ) ;
#5611 = CARTESIAN_POINT ( 'NONE',  ( -19.45422314479458237, 18.99999993696826550, -28.41412467872688197 ) ) ;
#5612 = EDGE_LOOP ( 'NONE', ( #2660, #5993, #4896, #3082 ) ) ;
#5613 = CARTESIAN_POINT ( 'NONE',  ( 25.10000000000045972, -66.79999999999984084, 18.10000000000022524 ) ) ;
#5614 = CARTESIAN_POINT ( 'NONE',  ( -7.202085862465406940, -48.65857160543724547, -35.28683780282855054 ) ) ;
#5615 = CARTESIAN_POINT ( 'NONE',  ( -24.29999999999953531, -66.80000000000016769, 15.50000000000005329 ) ) ;
#5616 = EDGE_LOOP ( 'NONE', ( #7423 ) ) ;
#5617 = DATE_AND_TIME ( #5064, #1886 ) ;
#5618 = PLANE ( 'NONE',  #8147 ) ;
#5619 = LINE ( 'NONE', #5021, #4469 ) ;
#5620 = ADVANCED_FACE ( 'NONE', ( #2507 ), #1760, .T. ) ;
#5621 = FACE_BOUND ( 'NONE', #4012, .T. ) ;
#5622 = LINE ( 'NONE', #4975, #306 ) ;
#5623 = ORIENTED_EDGE ( 'NONE', *, *, #7464, .F. ) ;
#5624 = FACE_OUTER_BOUND ( 'NONE', #4087, .T. ) ;
#5625 = DIRECTION ( 'NONE',  ( 2.764618486664858201E-13, -1.000000000000000000, 4.665405983569896803E-13 ) ) ;
#5626 = B_SPLINE_CURVE_WITH_KNOTS ( 'NONE', 3,
 ( #382, #8810, #5637, #2684, #4088, #6441, #6544, #7247, #1981, #5038, #5684, #339, #1937, #7901, #1033, #283, #9504, #3436, #3334, #6394, #4235, #9458, #2589, #5231, #7351, #6690, #5877, #8957, #2934, #2136, #8354, #8905, #1288, #8157, #9006, #2085, #2826, #2781, #5145, #1488, #8208, #1337, #5286, #5980, #4485, #681, #9098, #2027, #5191, #7549, #3735, #9753, #9851, #8256, #3545, #2881, #2979, #1383, #6029, #5935, #6794, #4340, #9654, #7402, #4393, #4433, #9802, #7448, #582, #2236, #487, #7494, #1436, #6597, #8301, #6744, #537, #3636, #5832, #5084, #633, #3591, #6644, #9702, #3689, #9052, #2181, #5333, #3923, #9298, #1534, #730, #1674, #8591, #7784, #907, #176, #1584, #7646, #7032, #9240, #3224, #6275, #6082, #2372, #821, #3076, #2326, #3784, #866, #4634, #2472, #4582, #8542, #5519, #3173, #2281, #9341, #3878, #6126, #8400, #5474, #4535, #9195, #4680, #4727, #7736, #3972, #5378, #7598, #6835, #6979, #9897, #3030, #6175, #2429, #9147, #6935, #8443, #7697, #123, #79, #773, #3832, #6888, #3126, #6226 ),
 .UNSPECIFIED., .F., .F.,
 ( 4, 2, 2, 1, 1, 1, 2, 2, 2, 2, 1, 1, 1, 2, 2, 2, 2, 1, 1, 1, 2, 2, 2, 2, 1, 1, 1, 2, 2, 2, 1, 1, 1, 2, 2, 2, 1, 1, 1, 2, 2, 2, 1, 1, 2, 2, 2, 2, 2, 1, 1, 2, 2, 2, 1, 1, 1, 2, 2, 2, 1, 1, 1, 2, 2, 2, 1, 1, 1, 1, 2, 2, 2, 2, 1, 1, 1, 2, 2, 2, 2, 1, 1, 1, 2, 2, 2, 2, 1, 1, 1, 2, 2, 4 ),
 ( 0.0000000000000000000, 0.03125000000000280331, 0.04687500000000442701, 0.05468750000000502376, 0.05859375000000553724, 0.06054687500000557887, 0.06152343750000588418, 0.06250000000000618949, 0.09375000000000729972, 0.1093750000000076605, 0.1171875000000080491, 0.1210937500000082295, 0.1230468750000081046, 0.1240234375000080214, 0.1250000000000079103, 0.1562500000000080769, 0.1718750000000080214, 0.1796875000000079381, 0.1835937500000078826, 0.1855468750000078548, 0.1865234375000077993, 0.1875000000000077438, 0.2187500000000081601, 0.2343750000000083544, 0.2421875000000085487, 0.2460937500000086875, 0.2480468750000087708, 0.2490234375000086042, 0.2500000000000084377, 0.2812500000000022204, 0.2968749999999992228, 0.3046874999999977796, 0.3085937499999970579, 0.3105468749999966138, 0.3124999999999961697, 0.3437499999999883427, 0.3593749999999844569, 0.3671874999999825140, 0.3710937499999815148, 0.3730468749999810152, 0.3749999999999805156, 0.4062499999999729661, 0.4218749999999692468, 0.4296874999999673039, 0.4335937499999664158, 0.4374999999999654721, 0.4687499999999580891, 0.4999999999999507616, 0.5312499999999433786, 0.5468749999999397149, 0.5546874999999378275, 0.5585937499999369393, 0.5624999999999360512, 0.5937499999999290567, 0.6093749999999255040, 0.6171874999999238387, 0.6210937499999229505, 0.6230468749999225064, 0.6249999999999221734, 0.6562499999999173994, 0.6718749999999150679, 0.6796874999999138467, 0.6835937499999134026, 0.6855468749999132916, 0.6874999999999130695, 0.7187499999999110711, 0.7343749999999098499, 0.7421874999999094058, 0.7460937499999090727, 0.7480468749999088507, 0.7490234374999087397, 0.7499999999999086286, 0.7812499999999062972, 0.7968749999999054090, 0.8046874999999049649, 0.8085937499999048539, 0.8105468749999049649, 0.8115234374999051870, 0.8124999999999052980, 0.8437499999999220623, 0.8593749999999300559, 0.8671874999999341638, 0.8710937499999362732, 0.8730468749999370504, 0.8740234374999376055, 0.8749999999999381606, 0.9062499999999549249, 0.9218749999999634737, 0.9296874999999676925, 0.9335937499999700240, 0.9355468749999713562, 0.9365234374999720224, 0.9374999999999725775, 1.000000000000000000 ),
 .UNSPECIFIED. ) ;
#5627 = CARTESIAN_POINT ( 'NONE',  ( -2.356391698674621615, -62.88805722054321734, 54.30488175435569786 ) ) ;
#5628 = CARTESIAN_POINT ( 'NONE',  ( -4.209062820572682995, 16.69646877953246999, -35.75324446229752340 ) ) ;
#5629 = CARTESIAN_POINT ( 'NONE',  ( 28.27475655018518808, -37.50353234616078169, -15.30028115357963081 ) ) ;
#5630 = ORIENTED_EDGE ( 'NONE', *, *, #660, .T. ) ;
#5631 = ORIENTED_EDGE ( 'NONE', *, *, #4612, .F. ) ;
#5632 = FACE_OUTER_BOUND ( 'NONE', #3651, .T. ) ;
#5633 = AXIS2_PLACEMENT_3D ( 'NONE', #9509, #5688, #8105 ) ;
#5634 = FACE_BOUND ( 'NONE', #1591, .T. ) ;
#5635 = CARTESIAN_POINT ( 'NONE',  ( 24.10834526094705765, 18.99999999638483672, 21.11754912953450969 ) ) ;
#5636 = ORIENTED_EDGE ( 'NONE', *, *, #9841, .T. ) ;
#5637 = CARTESIAN_POINT ( 'NONE',  ( -16.74581769176882418, -39.92559991336138836, -31.86826820914988900 ) ) ;
#5638 = FACE_BOUND ( 'NONE', #1395, .T. ) ;
#5639 = CARTESIAN_POINT ( 'NONE',  ( 0.3733394769907222854, -66.70431707936441512, -32.49798872478280032 ) ) ;
#5640 = DIRECTION ( 'NONE',  ( -1.000000000000000000, -7.232542356195667155E-15, -0.0000000000000000000 ) ) ;
#5641 = DIRECTION ( 'NONE',  ( 1.086326531467812312E-16, -2.291065940513937741E-17, 1.000000000000000000 ) ) ;
#5642 = CARTESIAN_POINT ( 'NONE',  ( -5.996376498500706198, -48.93016132167170440, 35.50021176289193647 ) ) ;
#5643 = CARTESIAN_POINT ( 'NONE',  ( -14.47272092645238750, -40.12531638068782769, 33.05342644656263928 ) ) ;
#5644 = ORIENTED_EDGE ( 'NONE', *, *, #2783, .T. ) ;
#5645 = DIRECTION ( 'NONE',  ( 4.304913725480044159E-30, 1.000000000000000000, 0.0000000000000000000 ) ) ;
#5646 = ORIENTED_EDGE ( 'NONE', *, *, #2731, .F. ) ;
#5647 = CARTESIAN_POINT ( 'NONE',  ( 7.141428428543298956, -67.29999999999994031, 8.592260065175946769E-14 ) ) ;
#5648 = VERTEX_POINT ( 'NONE', #4898 ) ;
#5649 = DIRECTION ( 'NONE',  ( 0.0000000000000000000, 0.0000000000000000000, 1.000000000000000000 ) ) ;
#5650 = DIRECTION ( 'NONE',  ( -1.000000000000000000, -7.232542356195678199E-15, -1.054711873393898911E-15 ) ) ;
#5651 = DIRECTION ( 'NONE',  ( -0.0000000000000000000, 1.000000000000000000, -0.0000000000000000000 ) ) ;
#5652 = DIRECTION ( 'NONE',  ( -0.6679517357399816779, -0.7442045946659733291, 0.0000000000000000000 ) ) ;
#5653 = CARTESIAN_POINT ( 'NONE',  ( 30.78311689566764642, -42.25271913287141956, 10.52539734596038556 ) ) ;
#5654 = TOROIDAL_SURFACE ( 'NONE', #1512, 34.49999999992529354, 1.499999999999989564 ) ;
#5655 = CARTESIAN_POINT ( 'NONE',  ( -17.67766952966358929, 0.0000000000000000000, -17.67766952966378469 ) ) ;
#5656 = CARTESIAN_POINT ( 'NONE',  ( -19.43009334638907148, 18.99999992760550427, -28.43354588323906995 ) ) ;
#5657 = ORIENTED_EDGE ( 'NONE', *, *, #5133, .T. ) ;
#5658 = EDGE_CURVE ( 'NONE', #3186, #9807, #854, .T. ) ;
#5659 = FACE_OUTER_BOUND ( 'NONE', #8854, .T. ) ;
#5660 = CARTESIAN_POINT ( 'NONE',  ( -11.74281793276945685, -43.81594564671778613, -34.08447484463596311 ) ) ;
#5661 = VECTOR ( 'NONE', #6969, 1000.000000000000000 ) ;
#5662 = ORIENTED_EDGE ( 'NONE', *, *, #1997, .F. ) ;
#5663 = DATE_AND_TIME ( #7230, #3663 ) ;
#5664 = LINE ( 'NONE', #3368, #6852 ) ;
#5665 = CARTESIAN_POINT ( 'NONE',  ( 1.985989132270788993, -52.60929887700009289, 30.44159267418428172 ) ) ;
#5666 = ADVANCED_FACE ( 'NONE', ( #4243 ), #9810, .T. ) ;
#5667 = DIRECTION ( 'NONE',  ( 7.232542356195678199E-15, -1.000000000000000000, 0.0000000000000000000 ) ) ;
#5668 = ADVANCED_FACE ( 'NONE', ( #9015, #9156 ), #3549, .T. ) ;
#5669 = CARTESIAN_POINT ( 'NONE',  ( 5.118959704114970144, -53.20360996367521977, 46.50000000000008527 ) ) ;
#5670 = VERTEX_POINT ( 'NONE', #1348 ) ;
#5671 = EDGE_CURVE ( 'NONE', #9046, #1058, #2780, .T. ) ;
#5672 = DIRECTION ( 'NONE',  ( -0.0000000000000000000, 1.000000000000000000, 0.0000000000000000000 ) ) ;
#5673 = DIRECTION ( 'NONE',  ( 0.0000000000000000000, 0.0000000000000000000, 1.000000000000000000 ) ) ;
#5674 = DIRECTION ( 'NONE',  ( -0.0000000000000000000, -1.000000000000000000, -0.0000000000000000000 ) ) ;
#5675 = AXIS2_PLACEMENT_3D ( 'NONE', #254, #6305, #5652 ) ;
#5676 = FACE_OUTER_BOUND ( 'NONE', #4746, .T. ) ;
#5677 = CARTESIAN_POINT ( 'NONE',  ( -7.551622851505349843, -58.22514101312414425, 54.89973071471225552 ) ) ;
#5678 = ORIENTED_EDGE ( 'NONE', *, *, #5973, .T. ) ;
#5679 = EDGE_LOOP ( 'NONE', ( #3196, #6998, #7652, #3360, #1405, #197 ) ) ;
#5680 = DIRECTION ( 'NONE',  ( 1.000000000000000000, 0.0000000000000000000, 0.0000000000000000000 ) ) ;
#5681 = CARTESIAN_POINT ( 'NONE',  ( -30.12133271368308840, -41.44129154406342508, 20.48819129914866366 ) ) ;
#5682 = CARTESIAN_POINT ( 'NONE',  ( 22.61882552079715580, 18.99999999839069886, 24.76314951494622107 ) ) ;
#5683 = ORIENTED_EDGE ( 'NONE', *, *, #6771, .F. ) ;
#5684 = CARTESIAN_POINT ( 'NONE',  ( -16.29446395172463369, -41.70846447700228765, -32.10125353195248721 ) ) ;
#5685 = CARTESIAN_POINT ( 'NONE',  ( 21.28583416134282302, 18.99999997421802789, -26.63263570501435851 ) ) ;
#5686 = CARTESIAN_POINT ( 'NONE',  ( 0.9614604754555082788, -64.21049087880371076, -32.48584371404343329 ) ) ;
#5687 = DIRECTION ( 'NONE',  ( -0.0000000000000000000, 1.000000000000000000, -0.0000000000000000000 ) ) ;
#5688 = DIRECTION ( 'NONE',  ( 4.304913725480044159E-30, 1.000000000000000000, 0.0000000000000000000 ) ) ;
#5689 = CARTESIAN_POINT ( 'NONE',  ( -15.81434991214370989, -42.76911067449380255, 32.34072222826040388 ) ) ;
#5690 = DIRECTION ( 'NONE',  ( 1.054711873393889642E-15, -1.276710262284678586E-15, -1.000000000000000000 ) ) ;
#5691 = VERTEX_POINT ( 'NONE', #2943 ) ;
#5692 = CARTESIAN_POINT ( 'NONE',  ( 1.499999999999999778, 23.00000000000000000, -33.50000000000000000 ) ) ;
#5693 = VERTEX_POINT ( 'NONE', #2145 ) ;
#5694 = DIRECTION ( 'NONE',  ( 1.000000000000000000, 0.0000000000000000000, 0.0000000000000000000 ) ) ;
#5695 = VERTEX_POINT ( 'NONE', #3245 ) ;
#5696 = DIRECTION ( 'NONE',  ( -1.000000000000000000, -7.232542356195665578E-15, 0.0000000000000000000 ) ) ;
#5697 = CARTESIAN_POINT ( 'NONE',  ( 10.43125357609552140, 21.18674578193626701, -34.45633382368195186 ) ) ;
#5698 =( BOUNDED_SURFACE ( )  B_SPLINE_SURFACE ( 3, 2, ( 
 ( #5853, #8124, #1359 ),
 ( #8832, #2109, #4412 ),
 ( #453, #1958, #5805 ),
 ( #8180, #8878, #3568 ),
 ( #2004, #601, #6618 ),
 ( #2849, #7422, #8925 ),
 ( #7469, #2051, #3659 ),
 ( #9723, #5903, #5059 ),
 ( #2709, #9026, #5165 ),
 ( #6665, #2904, #1311 ),
 ( #1252, #8029, #8226 ),
 ( #4362, #5953, #557 ),
 ( #4309, #9677, #3512 ),
 ( #1159, #4209, #7270 ),
 ( #405, #3458, #6510 ),
 ( #9573, #7374, #5757 ),
 ( #8075, #1206, #7318 ),
 ( #6567, #9633, #510 ),
 ( #3614, #9167, #6810 ),
 ( #1553, #6912, #9070 ),
 ( #9212, #6192, #5395 ),
 ( #9122, #5256, #4653 ),
 ( #2299, #4506, #1404 ),
 ( #3855, #2257, #8326 ),
 ( #7616, #6103, #4599 ),
 ( #656, #56, #6855 ),
 ( #1458, #3754, #1505 ),
 ( #8371, #6052, #2995 ),
 ( #7521, #2201, #5353 ),
 ( #9867, #7570, #3709 ),
 ( #2155, #5307, #3097 ),
 ( #7665, #2343, #8463 ),
 ( #6148, #8416, #4554 ),
 ( #744, #794, #6762 ),
 ( #698, #9820, #2952 ),
 ( #5999, #3800, #1607 ),
 ( #9, #3053, #7716 ),
 ( #3899, #6954, #843 ),
 ( #98, #3143, #5209 ),
 ( #8275, #4454, #7800 ),
 ( #3289, #9464, #1041 ),
 ( #4699, #6295, #6346 ),
 ( #144, #8665, #4094 ),
 ( #5448, #6401, #3393 ),
 ( #2594, #4894, #9362 ),
 ( #1840, #4042, #9410 ),
 ( #8517, #5643, #7149 ),
 ( #2446, #2492, #4794 ),
 ( #7908, #292, #3344 ),
 ( #8718, #6997, #4143 ) ),
 .UNSPECIFIED., .F., .F., .T. ) 
 B_SPLINE_SURFACE_WITH_KNOTS ( ( 4, 2, 2, 2, 2, 2, 2, 2, 2, 2, 2, 2, 2, 2, 2, 2, 2, 2, 2, 2, 2, 2, 2, 2, 4 ),
 ( 3, 3 ),
 ( -2.710505431213761085E-19, 0.002271147503845274800, 0.003406721255767912199, 0.004542295007690549599, 0.006813442511535824399, 0.007949016263458461365, 0.009084590015381099198, 0.01135573751922637487, 0.01362688502307164880, 0.01476245877499428663, 0.01589803252691692273, 0.01703360627883956230, 0.01816918003076219840, 0.02044032753460747406, 0.02157590128653011363, 0.02271147503845274973, 0.02498262254229802193, 0.02611819629422065803, 0.02725377004614329760, 0.02952491754998857326, 0.03066049130191120936, 0.03179606505383384546, 0.03406721255767912460, 0.03520278630960176069, 0.03633836006152439679 ),
 ( 0.0000000000000000000, 1.000000000000000000 ),
 .UNSPECIFIED. ) 
 GEOMETRIC_REPRESENTATION_ITEM ( )  RATIONAL_B_SPLINE_SURFACE ( (
 ( 1.000000000000000000, 0.9707253433941507303, 1.000000000000000000),
 ( 1.000000000000000000, 0.9707243437057221369, 1.000000000000000000),
 ( 1.000000000000000000, 0.9706619717556448368, 1.000000000000000000),
 ( 1.000000000000000000, 0.9704595985383550616, 1.000000000000000000),
 ( 1.000000000000000000, 0.9703737417132267673, 1.000000000000000000),
 ( 1.000000000000000000, 0.9701580729668568548, 1.000000000000000000),
 ( 1.000000000000000000, 0.9700298907059156095, 1.000000000000000000),
 ( 1.000000000000000000, 0.9695819542471986185, 1.000000000000000000),
 ( 1.000000000000000000, 0.9691966979413382255, 1.000000000000000000),
 ( 1.000000000000000000, 0.9684781683906280580, 1.000000000000000000),
 ( 1.000000000000000000, 0.9682178871645347185, 1.000000000000000000),
 ( 1.000000000000000000, 0.9676674335668383753, 1.000000000000000000),
 ( 1.000000000000000000, 0.9673764105907048938, 1.000000000000000000),
 ( 1.000000000000000000, 0.9664694010649538258, 1.000000000000000000),
 ( 1.000000000000000000, 0.9658134382868633905, 1.000000000000000000),
 ( 1.000000000000000000, 0.9645603933254053297, 1.000000000000000000),
 ( 1.000000000000000000, 0.9639594355719750540, 1.000000000000000000),
 ( 1.000000000000000000, 0.9631818938566879540, 1.000000000000000000),
 ( 1.000000000000000000, 0.9629446818798550467, 1.000000000000000000),
 ( 1.000000000000000000, 0.9625311057416277016, 1.000000000000000000),
 ( 1.000000000000000000, 0.9623537012138064783, 1.000000000000000000),
 ( 1.000000000000000000, 0.9620656044596312961, 1.000000000000000000),
 ( 1.000000000000000000, 0.9619549140687262412, 1.000000000000000000),
 ( 1.000000000000000000, 0.9618063721649445785, 1.000000000000000000),
 ( 1.000000000000000000, 0.9617685591498563724, 1.000000000000000000),
 ( 1.000000000000000000, 0.9617705160927211283, 1.000000000000000000),
 ( 1.000000000000000000, 0.9619254050713155202, 1.000000000000000000),
 ( 1.000000000000000000, 0.9623587175218945022, 1.000000000000000000),
 ( 1.000000000000000000, 0.9625364128523158369, 1.000000000000000000),
 ( 1.000000000000000000, 0.9629506274559050949, 1.000000000000000000),
 ( 1.000000000000000000, 0.9631883725947054664, 1.000000000000000000),
 ( 1.000000000000000000, 0.9639665690040769563, 1.000000000000000000),
 ( 1.000000000000000000, 0.9645656431637518180, 1.000000000000000000),
 ( 1.000000000000000000, 0.9654983326472618144, 1.000000000000000000),
 ( 1.000000000000000000, 0.9658149535296609578, 1.000000000000000000),
 ( 1.000000000000000000, 0.9664461477177570536, 1.000000000000000000),
 ( 1.000000000000000000, 0.9667624810178915284, 1.000000000000000000),
 ( 1.000000000000000000, 0.9676764676641057550, 1.000000000000000000),
 ( 1.000000000000000000, 0.9682304823871967780, 1.000000000000000000),
 ( 1.000000000000000000, 0.9689404461033448435, 1.000000000000000000),
 ( 1.000000000000000000, 0.9691573398764792291, 1.000000000000000000),
 ( 1.000000000000000000, 0.9695494793134751266, 1.000000000000000000),
 ( 1.000000000000000000, 0.9697247428348531040, 1.000000000000000000),
 ( 1.000000000000000000, 0.9701761189746276326, 1.000000000000000000),
 ( 1.000000000000000000, 0.9703850231622435096, 1.000000000000000000),
 ( 1.000000000000000000, 0.9705914028180794295, 1.000000000000000000),
 ( 1.000000000000000000, 0.9706422292092633519, 1.000000000000000000),
 ( 1.000000000000000000, 0.9707089564356374822, 1.000000000000000000),
 ( 1.000000000000000000, 0.9707252717642097517, 1.000000000000000000),
 ( 1.000000000000000000, 0.9707253433941511744, 1.000000000000000000) ) ) 
 REPRESENTATION_ITEM ( '' )  SURFACE ( )  );
#5699 = CYLINDRICAL_SURFACE ( 'NONE', #3822, 1.500000000000001332 ) ;
#5700 = CYLINDRICAL_SURFACE ( 'NONE', #7674, 1.500000000000001332 ) ;
#5701 = CARTESIAN_POINT ( 'NONE',  ( 30.22926897061353912, -49.52450537409939813, 19.57195270716457358 ) ) ;
#5702 = DIRECTION ( 'NONE',  ( 7.232542356195667155E-15, -1.000000000000000000, 1.276710262284687461E-15 ) ) ;
#5703 = PLANE ( 'NONE',  #5768 ) ;
#5704 = CARTESIAN_POINT ( 'NONE',  ( 2.869553887258940783, -58.29282009700142453, 54.44880899981189515 ) ) ;
#5705 = CARTESIAN_POINT ( 'NONE',  ( -20.80377051592897786, 18.99999999828796859, -27.16967558308357056 ) ) ;
#5706 = ORIENTED_EDGE ( 'NONE', *, *, #9908, .T. ) ;
#5707 = DIRECTION ( 'NONE',  ( 1.054711873393889642E-15, -1.276710262284678586E-15, -1.000000000000000000 ) ) ;
#5708 = CARTESIAN_POINT ( 'NONE',  ( -14.59871394950877921, -39.00000000000012790, -32.99999999999995737 ) ) ;
#5709 = EDGE_CURVE ( 'NONE', #8115, #8115, #8393, .T. ) ;
#5710 = CARTESIAN_POINT ( 'NONE',  ( -18.07142857142829939, 19.00000000000000000, 29.38832198999704204 ) ) ;
#5711 = VERTEX_POINT ( 'NONE', #8314 ) ;
#5712 = COORDINATED_UNIVERSAL_TIME_OFFSET ( 8, 0, .AHEAD. ) ;
#5713 = CARTESIAN_POINT ( 'NONE',  ( -9.038773672810638260, -58.39371989858278766, 46.50000000000008527 ) ) ;
#5714 = EDGE_CURVE ( 'NONE', #118, #218, #5200, .T. ) ;
#5715 = CARTESIAN_POINT ( 'NONE',  ( 4.179110650923774672E-13, -60.29999999999998295, 42.50000000000007816 ) ) ;
#5716 = DIRECTION ( 'NONE',  ( -7.232542356195678199E-15, 1.000000000000000000, -0.0000000000000000000 ) ) ;
#5717 = LINE ( 'NONE', #1818, #7814 ) ;
#5718 = EDGE_CURVE ( 'NONE', #3959, #1959, #1394, .T. ) ;
#5719 = ADVANCED_FACE ( 'NONE', ( #6752 ), #5989, .F. ) ;
#5720 = VERTEX_POINT ( 'NONE', #9858 ) ;
#5721 = DIRECTION ( 'NONE',  ( 1.000000000000000000, 7.232542356195678199E-15, 1.054711873393898911E-15 ) ) ;
#5722 = EDGE_CURVE ( 'NONE', #729, #729, #4708, .T. ) ;
#5723 = LOCAL_TIME ( 17, 37, 41.00000000000000000, #1711 ) ;
#5724 = FACE_OUTER_BOUND ( 'NONE', #183, .T. ) ;
#5725 = CARTESIAN_POINT ( 'NONE',  ( -4.836968138796700067, 15.53722754284767760, -35.67388610782770542 ) ) ;
#5726 = AXIS2_PLACEMENT_3D ( 'NONE', #385, #9657, #7954 ) ;
#5727 = EDGE_LOOP ( 'NONE', ( #258, #9144, #9189, #8866 ) ) ;
#5728 = EDGE_CURVE ( 'NONE', #2449, #5324, #6637, .T. ) ;
#5729 = VERTEX_POINT ( 'NONE', #3791 ) ;
#5730 = TOROIDAL_SURFACE ( 'NONE', #1423, 34.49999999993493560, 1.499999999999993117 ) ;
#5731 = CARTESIAN_POINT ( 'NONE',  ( -19.55804954469244095, -32.05270213245560029, 30.22388177868306869 ) ) ;
#5732 = CARTESIAN_POINT ( 'NONE',  ( -34.34222113037684920, -53.04449128443801698, 10.81871541808935078 ) ) ;
#5733 = CARTESIAN_POINT ( 'NONE',  ( 23.53988852532971876, 18.99999992393012249, 22.88996134325465093 ) ) ;
#5734 = ORIENTED_EDGE ( 'NONE', *, *, #3091, .T. ) ;
#5735 = AXIS2_PLACEMENT_3D ( 'NONE', #2334, #5243, #4495 ) ;
#5736 = DIRECTION ( 'NONE',  ( -0.7442045946659733291, 0.6679517357399816779, 0.0000000000000000000 ) ) ;
#5737 = CARTESIAN_POINT ( 'NONE',  ( 20.77277674643880445, 19.00000000073248430, -27.20326832180085574 ) ) ;
#5738 = CARTESIAN_POINT ( 'NONE',  ( 0.4637804964304038102, -66.67710953783944205, -32.49680948966356198 ) ) ;
#5739 = AXIS2_PLACEMENT_3D ( 'NONE', #9609, #4989, #4937 ) ;
#5740 = CARTESIAN_POINT ( 'NONE',  ( 17.75000000000013856, 18.47905521005749918, -30.91060194709014652 ) ) ;
#5741 = CARTESIAN_POINT ( 'NONE',  ( 4.049370984447208974E-13, -60.29999999999996874, 28.00000000000006040 ) ) ;
#5742 = CARTESIAN_POINT ( 'NONE',  ( -12.28229083076005956, -46.45383959098263915, 33.84054271140489334 ) ) ;
#5743 = CARTESIAN_POINT ( 'NONE',  ( 5.102408812076383548E-13, -65.30000000000003979, -34.99999999999991473 ) ) ;
#5744 = VERTEX_POINT ( 'NONE', #6160 ) ;
#5745 = AXIS2_PLACEMENT_3D ( 'NONE', #890, #9275, #6254 ) ;
#5746 = ORIENTED_EDGE ( 'NONE', *, *, #2224, .T. ) ;
#5747 = LINE ( 'NONE', #7153, #319 ) ;
#5748 = VERTEX_POINT ( 'NONE', #7808 ) ;
#5749 = CARTESIAN_POINT ( 'NONE',  ( 26.30000000000043414, -63.79999999999978400, 15.50000000000010658 ) ) ;
#5750 = CARTESIAN_POINT ( 'NONE',  ( 10.63653344092298703, 14.98084433953166439, -34.39332778849367855 ) ) ;
#5751 = DIRECTION ( 'NONE',  ( -7.232542356195667155E-15, 1.000000000000000000, -1.276710262284687461E-15 ) ) ;
#5752 = CARTESIAN_POINT ( 'NONE',  ( 31.30211150092829797, -50.50838060980275657, 17.78141491245762396 ) ) ;
#5753 = CARTESIAN_POINT ( 'NONE',  ( -25.09999999999885745, -153.7965029924599207, -18.09999999999982734 ) ) ;
#5754 = CARTESIAN_POINT ( 'NONE',  ( 26.05997717985660600, -28.18312513723065749, 17.83413341265370988 ) ) ;
#5755 = FACE_BOUND ( 'NONE', #1016, .T. ) ;
#5756 = VECTOR ( 'NONE', #4379, 1000.000000000000000 ) ;
#5757 = CARTESIAN_POINT ( 'NONE',  ( 8.159698144279456500, -48.38104691479539099, 35.07577714774620858 ) ) ;
#5758 = VERTEX_POINT ( 'NONE', #9348 ) ;
#5759 = DIRECTION ( 'NONE',  ( 1.000000000000000000, 7.232542356195678199E-15, 1.054711873393898911E-15 ) ) ;
#5760 = CARTESIAN_POINT ( 'NONE',  ( -11.79697094170558280, -40.31343806411074837, -33.08490242988124663 ) ) ;
#5761 = CARTESIAN_POINT ( 'NONE',  ( 6.229340388867913525, -61.76810023817371587, 52.50000000000008527 ) ) ;
#5762 = CALENDAR_DATE ( 2023, 16, 11 ) ;
#5763 = CARTESIAN_POINT ( 'NONE',  ( 11.86670179440586637, 16.94255402292180435, 33.98800532951050002 ) ) ;
#5764 = AXIS2_PLACEMENT_3D ( 'NONE', #722, #5327, #3871 ) ;
#5765 = CARTESIAN_POINT ( 'NONE',  ( 32.41226888359169322, -44.53798709695092839, -4.060921249384485066 ) ) ;
#5766 = CARTESIAN_POINT ( 'NONE',  ( -3.340407964447962730, -65.29057053379577269, 32.32853101002093865 ) ) ;
#5767 = LINE ( 'NONE', #1218, #1029 ) ;
#5768 = AXIS2_PLACEMENT_3D ( 'NONE', #5010, #8072, #5851 ) ;
#5769 = EDGE_LOOP ( 'NONE', ( #9465 ) ) ;
#5770 = CARTESIAN_POINT ( 'NONE',  ( -1.499999999999992673, 18.50000000000000000, 32.50000000000000000 ) ) ;
#5771 = DIRECTION ( 'NONE',  ( 1.000000000000000000, 0.0000000000000000000, 0.0000000000000000000 ) ) ;
#5772 = CARTESIAN_POINT ( 'NONE',  ( -18.07142857142822479, 19.00000000000001066, -29.38832198999688572 ) ) ;
#5773 = DIRECTION ( 'NONE',  ( 0.0000000000000000000, 1.000000000000000000, 0.0000000000000000000 ) ) ;
#5774 = B_SPLINE_CURVE_WITH_KNOTS ( 'NONE', 3,
 ( #8058, #1189, #7303, #437, #9659, #2743 ),
 .UNSPECIFIED., .F., .F.,
 ( 4, 2, 4 ),
 ( 7.812069920079895996E-16, 0.0005385274559224454295, 0.001077054911844109800 ),
 .UNSPECIFIED. ) ;
#5775 = VERTEX_POINT ( 'NONE', #2529 ) ;
#5776 = ORIENTED_EDGE ( 'NONE', *, *, #3711, .F. ) ;
#5777 = DIRECTION ( 'NONE',  ( -7.867546706605221964E-17, 1.659267980001546522E-17, -1.000000000000000000 ) ) ;
#5778 = CARTESIAN_POINT ( 'NONE',  ( -35.29482533349082729, -48.28206240748527023, 7.302453239732850321 ) ) ;
#5779 = CARTESIAN_POINT ( 'NONE',  ( 20.30432126528709347, 18.99999999015325969, 27.67394500690492976 ) ) ;
#5780 = EDGE_LOOP ( 'NONE', ( #5184 ) ) ;
#5781 = CARTESIAN_POINT ( 'NONE',  ( -5.500000000000000000, -4.750000000000000888, -19.49999999999999289 ) ) ;
#5782 = CARTESIAN_POINT ( 'NONE',  ( 18.07142857142855163, 19.00000000000001066, -29.38832198999700651 ) ) ;
#5783 = DIRECTION ( 'NONE',  ( 0.0000000000000000000, -1.000000000000000000, 1.276710262284678586E-15 ) ) ;
#5784 = FACE_OUTER_BOUND ( 'NONE', #1781, .T. ) ;
#5785 = DIRECTION ( 'NONE',  ( 0.0000000000000000000, 1.000000000000000000, 0.0000000000000000000 ) ) ;
#5786 = CARTESIAN_POINT ( 'NONE',  ( -12.97719350987777354, -45.96500664061744601, 33.57964571199450887 ) ) ;
#5787 = CC_DESIGN_PERSON_AND_ORGANIZATION_ASSIGNMENT ( #3581, #2578, ( #950 ) ) ;
#5788 = DIRECTION ( 'NONE',  ( -0.6679517357399816779, -0.7442045946659733291, -0.0000000000000000000 ) ) ;
#5789 = VERTEX_POINT ( 'NONE', #9396 ) ;
#5790 = B_SPLINE_CURVE_WITH_KNOTS ( 'NONE', 3,
 ( #2844, #5798, #8825, #7261, #4248, #2796, #6612, #1198, #5053, #2652, #5697, #8871, #4955, #8769, #1304, #5847, #4302, #6659, #5898, #1244, #8971, #8067, #8172, #4356, #9626, #2751, #1152, #7465, #2103, #397, #8117, #5160, #3606, #3562, #504, #1354, #8222, #3450, #1897, #8021, #9566, #8919, #7311, #2043, #1952, #4200, #3401, #4408, #5104, #2702, #6456, #7416, #9519, #552, #5750, #446, #6142, #2196, #740, #1549, #3796, #5995, #5949, #1501 ),
 .UNSPECIFIED., .T., .F.,
 ( 4, 2, 2, 2, 2, 2, 2, 2, 2, 2, 2, 2, 2, 2, 2, 2, 2, 2, 2, 2, 2, 2, 2, 2, 2, 2, 2, 2, 2, 2, 2, 4 ),
 ( 0.0000000000000000000, 0.0007992727973791659106, 0.001598545594758331821, 0.002397818392137497298, 0.003197091189516663642, 0.003996363986895829119, 0.004795636784274994596, 0.005594909581654160941, 0.006394182379033327285, 0.007992727973791651300, 0.008792000771170812440, 0.009591273568549971845, 0.01039054636592913125, 0.01118981916330829239, 0.01198909196068745180, 0.01278836475806661120, 0.01358763755544577408, 0.01438691035282493522, 0.01518618315020409462, 0.01598545594758325403, 0.01678472874496241690, 0.01758400154234157631, 0.01838327433972073571, 0.01918254713709989512, 0.01998181993447906146, 0.02078109273185822781, 0.02158036552923739068, 0.02237963832661655703, 0.02317891112399572337, 0.02397818392137488971, 0.02477745671875405606, 0.02557672951613322240 ),
 .UNSPECIFIED. ) ;
#5791 = DIRECTION ( 'NONE',  ( -0.0000000000000000000, -1.000000000000000000, -0.0000000000000000000 ) ) ;
#5792 = ORIENTED_EDGE ( 'NONE', *, *, #8927, .F. ) ;
#5793 = FACE_OUTER_BOUND ( 'NONE', #2469, .T. ) ;
#5794 = CARTESIAN_POINT ( 'NONE',  ( -35.90082271191509733, -54.21280825992715791, 2.723244789796751331 ) ) ;
#5795 = CARTESIAN_POINT ( 'NONE',  ( 5.899999999999994138, 18.00000000000001421, -32.99999999999999289 ) ) ;
#5796 = FACE_OUTER_BOUND ( 'NONE', #1795, .T. ) ;
#5797 = EDGE_CURVE ( 'NONE', #4296, #723, #4392, .T. ) ;
#5798 = CARTESIAN_POINT ( 'NONE',  ( 11.99991853970940525, 18.26934390900103367, -33.94115429751573743 ) ) ;
#5799 = DIRECTION ( 'NONE',  ( 1.000000000000000000, 7.259150545626026932E-15, 0.0000000000000000000 ) ) ;
#5800 = VECTOR ( 'NONE', #5785, 1000.000000000000000 ) ;
#5801 = CARTESIAN_POINT ( 'NONE',  ( 26.11899338839979379, -45.06476534940657075, 24.77836257943905096 ) ) ;
#5802 = CARTESIAN_POINT ( 'NONE',  ( -10.99999999999979039, 17.50000000000000711, -17.88854381999829002 ) ) ;
#5803 = CARTESIAN_POINT ( 'NONE',  ( 18.85714285714300331, -25.99999999999981526, 30.66607511999715996 ) ) ;
#5804 = CARTESIAN_POINT ( 'NONE',  ( 3.421903278166277929, -59.55589382188996694, 54.36258422358261555 ) ) ;
#5805 = CARTESIAN_POINT ( 'NONE',  ( 16.67252963236298768, -40.52310333928875963, 31.90753866689236062 ) ) ;
#5806 = ORIENTED_EDGE ( 'NONE', *, *, #8987, .F. ) ;
#5807 = DIRECTION ( 'NONE',  ( 0.0000000000000000000, 0.0000000000000000000, -1.000000000000000000 ) ) ;
#5808 = DIRECTION ( 'NONE',  ( -0.0000000000000000000, -0.0000000000000000000, -1.000000000000000000 ) ) ;
#5809 = CARTESIAN_POINT ( 'NONE',  ( -3.809921694949723658, -66.35365274968063432, 29.64662844413361853 ) ) ;
#5810 = SECURITY_CLASSIFICATION_LEVEL ( 'unclassified' ) ;
#5811 = CARTESIAN_POINT ( 'NONE',  ( 4.213028866617213097, 19.31472102874929320, 35.75277757343918950 ) ) ;
#5812 = CARTESIAN_POINT ( 'NONE',  ( 2.850854952679831023, -67.56175779176790286, 53.79829326321252125 ) ) ;
#5813 = CARTESIAN_POINT ( 'NONE',  ( 19.01127182132677262, -29.27464308595089904, -30.57286623454260166 ) ) ;
#5814 = CARTESIAN_POINT ( 'NONE',  ( 0.7314198943308930501, -66.70413942159231624, 52.49999999984578380 ) ) ;
#5815 = CARTESIAN_POINT ( 'NONE',  ( 31.69231087128215307, -43.58455229621674221, 7.734164115116008098 ) ) ;
#5816 = AXIS2_PLACEMENT_3D ( 'NONE', #3278, #1829, #1131 ) ;
#5817 = CARTESIAN_POINT ( 'NONE',  ( -20.69678578653704548, 18.99999999997824673, 27.28123115966502255 ) ) ;
#5818 = CARTESIAN_POINT ( 'NONE',  ( -7.604523751887758642, -62.78419373378965673, 42.50000000000007816 ) ) ;
#5819 = ORIENTED_EDGE ( 'NONE', *, *, #1056, .T. ) ;
#5820 = FACE_BOUND ( 'NONE', #6220, .T. ) ;
#5821 = SHAPE_REPRESENTATION_RELATIONSHIP ( 'NONE' , 'NONE' ,  #3607, #5235 ) ;
#5822 = CARTESIAN_POINT ( 'NONE',  ( -12.12435565153186978, -39.38517963320202853, -32.99999999999995737 ) ) ;
#5823 = CARTESIAN_POINT ( 'NONE',  ( -6.265637453101981613, 14.38615930318742109, -35.45140573418706964 ) ) ;
#5824 = AXIS2_PLACEMENT_3D ( 'NONE', #8581, #956, #8480 ) ;
#5825 = EDGE_LOOP ( 'NONE', ( #8454, #4161, #1372, #5792 ) ) ;
#5826 = VERTEX_POINT ( 'NONE', #2481 ) ;
#5827 = CARTESIAN_POINT ( 'NONE',  ( -34.98560278561360093, -53.53636090047242391, 8.502318990343246341 ) ) ;
#5828 = CARTESIAN_POINT ( 'NONE',  ( -32.13026143002901591, -44.54952303608221342, 16.78853408833327876 ) ) ;
#5829 = CIRCLE ( 'NONE', #2956, 35.99999999999998579 ) ;
#5830 = CARTESIAN_POINT ( 'NONE',  ( 19.36348147631002092, 18.99999992769411961, 28.48734504851767113 ) ) ;
#5831 = ADVANCED_FACE ( 'NONE', ( #6284 ), #4031, .T. ) ;
#5832 = CARTESIAN_POINT ( 'NONE',  ( 1.979604844121085394, -49.47351514851058596, -35.94683478842659241 ) ) ;
#5833 = CARTESIAN_POINT ( 'NONE',  ( 21.28032430416906351, 18.99999997485135594, -26.63910761261184490 ) ) ;
#5834 = DIRECTION ( 'NONE',  ( 1.000000000000000000, 0.0000000000000000000, 0.0000000000000000000 ) ) ;
#5835 = CARTESIAN_POINT ( 'NONE',  ( 3.980814712676603538E-13, -60.29999999999996163, 52.50000000000007816 ) ) ;
#5836 = FACE_OUTER_BOUND ( 'NONE', #3826, .T. ) ;
#5837 = CARTESIAN_POINT ( 'NONE',  ( -12.91410472450643177, -46.01214382025934668, 33.60397033819420187 ) ) ;
#5838 = ORIENTED_EDGE ( 'NONE', *, *, #9340, .T. ) ;
#5839 = PLANE ( 'NONE',  #7533 ) ;
#5840 = ORIENTED_EDGE ( 'NONE', *, *, #1693, .F. ) ;
#5841 = CARTESIAN_POINT ( 'NONE',  ( -18.85714285714263383, -27.07411954038813917, -30.66607511999707825 ) ) ;
#5842 = VERTEX_POINT ( 'NONE', #1728 ) ;
#5843 = CARTESIAN_POINT ( 'NONE',  ( 17.75000000000014211, 19.00000000000004619, 29.73097269461675296 ) ) ;
#5844 = EDGE_CURVE ( 'NONE', #7703, #8112, #5767, .T. ) ;
#5845 = VERTEX_POINT ( 'NONE', #6834 ) ;
#5846 = CARTESIAN_POINT ( 'NONE',  ( -0.7801853855365807888, -56.88603392546963988, 54.68198603129464175 ) ) ;
#5847 = CARTESIAN_POINT ( 'NONE',  ( 8.548945644061989313, 21.97047021654883636, -34.97117221101381546 ) ) ;
#5848 = ADVANCED_FACE ( 'NONE', ( #8598 ), #9590, .F. ) ;
#5849 = CARTESIAN_POINT ( 'NONE',  ( 25.84185747569145519, -44.71545230931843662, 25.06690275734306539 ) ) ;
#5850 = DIRECTION ( 'NONE',  ( 1.000000000000000000, 0.0000000000000000000, 0.0000000000000000000 ) ) ;
#5851 = DIRECTION ( 'NONE',  ( 7.232542356195678199E-15, -1.000000000000000000, 0.0000000000000000000 ) ) ;
#5852 = LINE ( 'NONE', #8924, #5444 ) ;
#5853 = CARTESIAN_POINT ( 'NONE',  ( 12.12435565298235751, -38.99999999999985789, 33.00000000000005684 ) ) ;
#5854 = ORIENTED_EDGE ( 'NONE', *, *, #2902, .F. ) ;
#5855 = ADVANCED_FACE ( 'NONE', ( #4781, #7386 ), #5580, .T. ) ;
#5856 = CARTESIAN_POINT ( 'NONE',  ( -0.3731923870647019803, -44.26794235213606754, -34.50007156538880082 ) ) ;
#5857 = DIRECTION ( 'NONE',  ( -0.0000000000000000000, 1.000000000000000000, 0.0000000000000000000 ) ) ;
#5858 = APPROVAL_STATUS ( 'not_yet_approved' ) ;
#5859 = CARTESIAN_POINT ( 'NONE',  ( 6.760211200470061854, 21.81203604478720237, 35.36044119987148804 ) ) ;
#5860 = CARTESIAN_POINT ( 'NONE',  ( -2.332170327780394015, -62.90979681587326411, 54.55949781801806608 ) ) ;
#5861 = CARTESIAN_POINT ( 'NONE',  ( 26.88069686198621966, -45.98668605842442503, -23.94989813948316737 ) ) ;
#5862 = CARTESIAN_POINT ( 'NONE',  ( 3.980814712676603538E-13, -60.29999999999996163, 42.50000000000007816 ) ) ;
#5863 = CARTESIAN_POINT ( 'NONE',  ( 29.55862743161753059, -40.18044890206850539, 13.20351254190938839 ) ) ;
#5864 = CARTESIAN_POINT ( 'NONE',  ( -22.79652426419411881, 18.99999999999999289, 24.45301854438617184 ) ) ;
#5865 = CARTESIAN_POINT ( 'NONE',  ( 3.314873704019953450E-11, 18.99999999998130207, 5.510277387768644523E-11 ) ) ;
#5866 = ORIENTED_EDGE ( 'NONE', *, *, #2044, .T. ) ;
#5867 = DIRECTION ( 'NONE',  ( 0.0000000000000000000, 1.000000000000000000, -1.196772264678275313E-16 ) ) ;
#5868 = APPROVAL_STATUS ( 'not_yet_approved' ) ;
#5869 = DIRECTION ( 'NONE',  ( -7.232542356195667155E-15, 1.000000000000000000, -1.276710262284687461E-15 ) ) ;
#5870 = FACE_OUTER_BOUND ( 'NONE', #7441, .T. ) ;
#5871 = ORIENTED_EDGE ( 'NONE', *, *, #4510, .F. ) ;
#5872 = PLANE ( 'NONE',  #3037 ) ;
#5873 = AXIS2_PLACEMENT_3D ( 'NONE', #5956, #9029, #2263 ) ;
#5874 = CARTESIAN_POINT ( 'NONE',  ( -30.58906563254341648, -49.85616635739566505, 18.98334768305095821 ) ) ;
#5875 = CARTESIAN_POINT ( 'NONE',  ( -35.97874858518146368, -54.26895071493323996, 1.423185895074687846 ) ) ;
#5876 = CARTESIAN_POINT ( 'NONE',  ( 18.80471620351413620, 18.99999997855789502, 28.90413791414642830 ) ) ;
#5877 = CARTESIAN_POINT ( 'NONE',  ( -13.72359555351568261, -45.35881413941406493, -33.28209948227837600 ) ) ;
#5878 = CARTESIAN_POINT ( 'NONE',  ( 20.61685718309842130, 18.99999999638483317, -27.36331287729417383 ) ) ;
#5879 = DIRECTION ( 'NONE',  ( 0.0000000000000000000, 0.0000000000000000000, 1.000000000000000000 ) ) ;
#5880 = VECTOR ( 'NONE', #7299, 1000.000000000000000 ) ;
#5881 = DIRECTION ( 'NONE',  ( -0.0000000000000000000, -1.000000000000000000, -0.0000000000000000000 ) ) ;
#5882 = DIRECTION ( 'NONE',  ( -0.0000000000000000000, 1.000000000000000000, 0.0000000000000000000 ) ) ;
#5883 = CC_DESIGN_APPROVAL ( #5187, ( #8011 ) ) ;
#5884 = AXIS2_PLACEMENT_3D ( 'NONE', #1222, #4476, #476 ) ;
#5885 = ORIENTED_EDGE ( 'NONE', *, *, #3537, .T. ) ;
#5886 = CARTESIAN_POINT ( 'NONE',  ( -4.132590385337696404, 16.94480899683129849, 35.76205407737174369 ) ) ;
#5887 = ORIENTED_EDGE ( 'NONE', *, *, #4556, .T. ) ;
#5888 = EDGE_CURVE ( 'NONE', #6296, #9347, #6302, .T. ) ;
#5889 = VECTOR ( 'NONE', #2506, 1000.000000000000000 ) ;
#5890 = CARTESIAN_POINT ( 'NONE',  ( 12.12435565298235929, -39.00000000000013500, 22.99999999999994316 ) ) ;
#5891 = ORIENTED_EDGE ( 'NONE', *, *, #5888, .F. ) ;
#5892 = CARTESIAN_POINT ( 'NONE',  ( -25.79999999999985150, -63.00000000000001421, -17.88854381999833265 ) ) ;
#5893 = ORIENTED_EDGE ( 'NONE', *, *, #3903, .T. ) ;
#5894 = CARTESIAN_POINT ( 'NONE',  ( 0.0000000000000000000, -2.000000000000000000, -12.99999999999999822 ) ) ;
#5895 = CYLINDRICAL_SURFACE ( 'NONE', #1592, 14.99999999999999289 ) ;
#5896 = AXIS2_PLACEMENT_3D ( 'NONE', #7450, #5193, #8022 ) ;
#5897 = AXIS2_PLACEMENT_3D ( 'NONE', #8768, #7310, #445 ) ;
#5898 = CARTESIAN_POINT ( 'NONE',  ( 6.995391255702072542, 21.90734185699562886, -35.31728468470188886 ) ) ;
#5899 = CARTESIAN_POINT ( 'NONE',  ( 24.99165934448257786, -43.58630781791210040, 25.91200640213299167 ) ) ;
#5900 = CARTESIAN_POINT ( 'NONE',  ( 26.29507678170348584, -30.33457476929667962, 17.60994643260288228 ) ) ;
#5901 = AXIS2_PLACEMENT_3D ( 'NONE', #5715, #4822, #1965 ) ;
#5902 = DIRECTION ( 'NONE',  ( 0.0000000000000000000, 0.0000000000000000000, 1.000000000000000000 ) ) ;
#5903 = CARTESIAN_POINT ( 'NONE',  ( 13.04414792264569911, -42.71960206475841204, 33.62452530245818849 ) ) ;
#5904 = EDGE_LOOP ( 'NONE', ( #7543, #1637, #3873, #3966, #4183, #5631, #5539, #8548 ) ) ;
#5905 = EDGE_CURVE ( 'NONE', #4128, #1874, #1273, .T. ) ;
#5906 = VECTOR ( 'NONE', #6706, 1000.000000000000000 ) ;
#5907 = CARTESIAN_POINT ( 'NONE',  ( -2.641141698015180062, -44.16010071424140904, -34.43411665770843655 ) ) ;
#5908 = CARTESIAN_POINT ( 'NONE',  ( -4.482834095406471597, -65.74968845127722261, 29.55006064703901458 ) ) ;
#5909 = PERSON_AND_ORGANIZATION_ROLE ( 'classification_officer' ) ;
#5910 = CARTESIAN_POINT ( 'NONE',  ( 6.032405278703689255, 14.50732484555376800, 35.49169730590987371 ) ) ;
#5911 = CARTESIAN_POINT ( 'NONE',  ( 2.783157583400901913, -67.50099684559936009, 53.12467805706647539 ) ) ;
#5912 = AXIS2_PLACEMENT_3D ( 'NONE', #4175, #3476, #2724 ) ;
#5913 = CARTESIAN_POINT ( 'NONE',  ( 26.05104713141208705, -44.97928665288390704, -24.84937412534715406 ) ) ;
#5914 = PLANE ( 'NONE',  #1749 ) ;
#5915 = CLOSED_SHELL ( 'NONE', ( #7930, #9169, #3325, #3111, #5309, #3530, #1078, #87, #2433, #2613, #3778, #876, #757, #7317, #3984, #2969, #9526, #2177 ) ) ;
#5916 = CARTESIAN_POINT ( 'NONE',  ( 28.27407414342089709, -37.50161605645183016, 15.30105227979541382 ) ) ;
#5917 = APPROVAL ( #8698, '未指定' ) ;
#5918 = CARTESIAN_POINT ( 'NONE',  ( -19.67360090561049546, 18.99999991030950497, 28.23806813388785031 ) ) ;
#5919 = CIRCLE ( 'NONE', #6732, 15.75000000000000000 ) ;
#5920 = CARTESIAN_POINT ( 'NONE',  ( -18.42175990098756344, 23.00000000000000000, -30.92957746478874625 ) ) ;
#5921 = ORIENTED_EDGE ( 'NONE', *, *, #2496, .T. ) ;
#5922 = DIRECTION ( 'NONE',  ( -1.000000000000000000, -6.938893903907234689E-15, 0.0000000000000000000 ) ) ;
#5923 = AXIS2_PLACEMENT_3D ( 'NONE', #6973, #1624, #6170 ) ;
#5924 = SECURITY_CLASSIFICATION_LEVEL ( 'unclassified' ) ;
#5925 = CARTESIAN_POINT ( 'NONE',  ( 0.7759108536062373496, -44.26759141637802486, -34.49985407502546764 ) ) ;
#5926 = EDGE_CURVE ( 'NONE', #6825, #8965, #3981, .T. ) ;
#5927 = ORIENTED_EDGE ( 'NONE', *, *, #2673, .T. ) ;
#5928 = VECTOR ( 'NONE', #8923, 1000.000000000000000 ) ;
#5929 = EDGE_LOOP ( 'NONE', ( #2545 ) ) ;
#5930 = CARTESIAN_POINT ( 'NONE',  ( -26.92921678133466301, -46.04395253741987659, 23.89570810788196198 ) ) ;
#5931 = CARTESIAN_POINT ( 'NONE',  ( -30.31062261472872166, -49.59605685158315680, 19.43031832952765114 ) ) ;
#5932 = LINE ( 'NONE', #630, #2568 ) ;
#5933 = CARTESIAN_POINT ( 'NONE',  ( -35.99937813225466243, -54.28381884695080828, 0.5779396009221393626 ) ) ;
#5934 =( REPRESENTATION_RELATIONSHIP ('NONE','NONE', #532, #9749 ) REPRESENTATION_RELATIONSHIP_WITH_TRANSFORMATION ( #7576 )SHAPE_REPRESENTATION_RELATIONSHIP( ) );
#5935 = CARTESIAN_POINT ( 'NONE',  ( -5.742307475948773998, -48.97864802231969605, -35.53916050657694115 ) ) ;
#5936 = CARTESIAN_POINT ( 'NONE',  ( 22.76819496213926186, 18.99999999992062172, -24.50369174782537129 ) ) ;
#5937 = VECTOR ( 'NONE', #9068, 1000.000000000000000 ) ;
#5938 = PLANE ( 'NONE',  #2067 ) ;
#5939 = DIRECTION ( 'NONE',  ( 0.0000000000000000000, -1.000000000000000000, 0.0000000000000000000 ) ) ;
#5940 = CARTESIAN_POINT ( 'NONE',  ( 31.00184870980379870, -50.23668561127995957, -18.30060956264711436 ) ) ;
#5941 = VERTEX_POINT ( 'NONE', #5526 ) ;
#5942 = LINE ( 'NONE', #9012, #962 ) ;
#5943 = EDGE_LOOP ( 'NONE', ( #571 ) ) ;
#5944 = CARTESIAN_POINT ( 'NONE',  ( -4.856733016999561947, -65.71117394105297649, 52.50827663686968094 ) ) ;
#5945 = ORIENTED_EDGE ( 'NONE', *, *, #272, .T. ) ;
#5946 = DIRECTION ( 'NONE',  ( -0.7442045946659733291, 0.6679517357399816779, 0.0000000000000000000 ) ) ;
#5947 = ORIENTED_EDGE ( 'NONE', *, *, #4676, .F. ) ;
#5948 = DIRECTION ( 'NONE',  ( -1.000000000000000000, -7.170190367370808442E-15, 0.0000000000000000000 ) ) ;
#5949 = CARTESIAN_POINT ( 'NONE',  ( 12.00008109275890611, 17.73308106665196604, -33.94109682633494174 ) ) ;
#5950 = DIRECTION ( 'NONE',  ( 0.0000000000000000000, 1.000000000000000000, 0.0000000000000000000 ) ) ;
#5951 = CARTESIAN_POINT ( 'NONE',  ( -5.893918109724279653, -57.74149868558483689, 52.49999999989460520 ) ) ;
#5952 = CARTESIAN_POINT ( 'NONE',  ( 10.77617152986145754, -47.30932477617541565, 34.34929864198644367 ) ) ;
#5953 = CARTESIAN_POINT ( 'NONE',  ( 10.82124745305562108, -44.39707004565279647, 34.37939794140093852 ) ) ;
#5954 = EDGE_LOOP ( 'NONE', ( #5297, #8641, #2729, #5734 ) ) ;
#5955 = CARTESIAN_POINT ( 'NONE',  ( 3.650629153518130554, -46.48456229591666045, -35.82120527739180460 ) ) ;
#5956 = CARTESIAN_POINT ( 'NONE',  ( 4.867501005719684114E-13, -67.29999999999999716, 8.592260065175946769E-14 ) ) ;
#5957 = AXIS2_PLACEMENT_3D ( 'NONE', #4239, #3492, #5152 ) ;
#5958 = PERSON_AND_ORGANIZATION_ROLE ( 'classification_officer' ) ;
#5959 = CARTESIAN_POINT ( 'NONE',  ( 11.78918688466671760, 16.69164413073894693, 34.01509669484742204 ) ) ;
#5960 = EDGE_CURVE ( 'NONE', #4072, #7607, #5030, .T. ) ;
#5961 = CARTESIAN_POINT ( 'NONE',  ( 7.502049425023792573, -62.33036496399176229, 53.57913268428041675 ) ) ;
#5962 = CARTESIAN_POINT ( 'NONE',  ( 26.47080610424019298, -31.40336367172284682, -17.43980067418161184 ) ) ;
#5963 = DIRECTION ( 'NONE',  ( -0.9784759524638702022, 0.2063608743195329276, 8.040613248383053580E-17 ) ) ;
#5964 = CARTESIAN_POINT ( 'NONE',  ( 30.56590978385808199, -41.91065954138752403, -11.06891698760382070 ) ) ;
#5965 = ADVANCED_FACE ( 'NONE', ( #2016 ), #471, .T. ) ;
#5966 = CARTESIAN_POINT ( 'NONE',  ( -20.92220843715105616, 18.99999999863445410, 27.04315740106934385 ) ) ;
#5967 = CARTESIAN_POINT ( 'NONE',  ( -9.038773672810638260, -58.39371989858278766, 46.50000000000008527 ) ) ;
#5968 = VERTEX_POINT ( 'NONE', #3277 ) ;
#5969 = CARTESIAN_POINT ( 'NONE',  ( -25.99999999999944578, -72.30000000000022453, -17.88854381999822962 ) ) ;
#5970 = APPROVAL_ROLE ( '' ) ;
#5971 = EDGE_CURVE ( 'NONE', #4736, #602, #520, .T. ) ;
#5972 = CARTESIAN_POINT ( 'NONE',  ( -12.12435565298187079, -39.00000000000013500, -32.99999999999995737 ) ) ;
#5973 = EDGE_CURVE ( 'NONE', #4133, #5941, #4864, .T. ) ;
#5974 = ORIENTED_EDGE ( 'NONE', *, *, #768, .T. ) ;
#5975 = ORIENTED_EDGE ( 'NONE', *, *, #9161, .F. ) ;
#5976 = ADVANCED_FACE ( 'NONE', ( #1783 ), #4834, .T. ) ;
#5977 = CARTESIAN_POINT ( 'NONE',  ( -24.65542613087007950, -43.11638052452855163, 26.23186087408806699 ) ) ;
#5978 = CARTESIAN_POINT ( 'NONE',  ( -33.49451366844538569, -52.37682844417701489, -13.25856705416405390 ) ) ;
#5979 = CARTESIAN_POINT ( 'NONE',  ( 19.46071480084872718, 18.99999993945186105, 28.40889636138462038 ) ) ;
#5980 = CARTESIAN_POINT ( 'NONE',  ( -10.74986176496712709, -47.32234620402692826, -34.35754156035388007 ) ) ;
#5981 = CARTESIAN_POINT ( 'NONE',  ( 22.78356672611073819, 19.00000000000000355, -24.47622635545643632 ) ) ;
#5982 = FACE_OUTER_BOUND ( 'NONE', #7359, .T. ) ;
#5983 = CARTESIAN_POINT ( 'NONE',  ( 1.131100109970590184, -52.51386194095515947, 32.00000000000008527 ) ) ;
#5984 = CARTESIAN_POINT ( 'NONE',  ( 28.60910853918401031, -47.91037734791011360, -21.86938888246451640 ) ) ;
#5985 = ORIENTED_EDGE ( 'NONE', *, *, #5069, .F. ) ;
#5986 = EDGE_LOOP ( 'NONE', ( #8150, #8532, #9479, #1506 ) ) ;
#5987 = CIRCLE ( 'NONE', #4409, 8.249999999999998224 ) ;
#5988 = CARTESIAN_POINT ( 'NONE',  ( -19.01136989099764918, -29.27468770584128421, -30.57280013579913103 ) ) ;
#5989 = PLANE ( 'NONE',  #4060 ) ;
#5990 = DIRECTION ( 'NONE',  ( -7.232542356195667155E-15, 1.000000000000000000, -1.276710262284687461E-15 ) ) ;
#5991 = ORIENTED_EDGE ( 'NONE', *, *, #7524, .T. ) ;
#5992 = DIRECTION ( 'NONE',  ( -0.9784759524638702022, 0.2063608743195329276, -0.0000000000000000000 ) ) ;
#5993 = ORIENTED_EDGE ( 'NONE', *, *, #3537, .F. ) ;
#5994 = DIRECTION ( 'NONE',  ( -1.000000000000000000, -7.232542356195668733E-15, -1.054711873393889642E-15 ) ) ;
#5995 = CARTESIAN_POINT ( 'NONE',  ( 11.97348302842643442, 17.46991497764651058, -33.95053373785330564 ) ) ;
#5996 = CARTESIAN_POINT ( 'NONE',  ( 21.29930394920870640, -37.27503001204327404, 29.02865362268358851 ) ) ;
#5997 = CARTESIAN_POINT ( 'NONE',  ( 18.85714285714341187, -72.29999999999991189, -30.66607511999698232 ) ) ;
#5998 = CYLINDRICAL_SURFACE ( 'NONE', #8182, 15.75000000000000000 ) ;
#5999 = CARTESIAN_POINT ( 'NONE',  ( -7.819222093275559615, -43.14587458473156545, 33.89923927046332608 ) ) ;
#6000 = ORIENTED_EDGE ( 'NONE', *, *, #7589, .F. ) ;
#6001 = CARTESIAN_POINT ( 'NONE',  ( 3.672339139849245093, -49.31829544140723698, -35.81596324362097050 ) ) ;
#6002 = CARTESIAN_POINT ( 'NONE',  ( 12.12435565298225626, -1.734723475976807094E-15, -32.79999999999999716 ) ) ;
#6003 = DATE_AND_TIME ( #9871, #2065 ) ;
#6004 = DIRECTION ( 'NONE',  ( 1.000000000000000000, 0.0000000000000000000, 0.0000000000000000000 ) ) ;
#6005 = CARTESIAN_POINT ( 'NONE',  ( 2.368679225283068845, -57.72297129874342403, 54.79350171110131384 ) ) ;
#6006 = EDGE_CURVE ( 'NONE', #5826, #765, #5077, .T. ) ;
#6007 = CARTESIAN_POINT ( 'NONE',  ( 32.23302635983811371, -44.30684216883150839, -5.200831644409989352 ) ) ;
#6008 = DIRECTION ( 'NONE',  ( 1.000000000000000000, 7.232542356195668733E-15, 1.054711873393889642E-15 ) ) ;
#6009 = CARTESIAN_POINT ( 'NONE',  ( -24.23625525905656275, 18.99999992712057661, -20.55013904292927762 ) ) ;
#6010 = CARTESIAN_POINT ( 'NONE',  ( -22.17457119337993987, 18.99999994075149701, 25.46980514968739939 ) ) ;
#6011 = DIRECTION ( 'NONE',  ( -1.000000000000000000, 0.0000000000000000000, 0.0000000000000000000 ) ) ;
#6012 = EDGE_CURVE ( 'NONE', #815, #2944, #3768, .T. ) ;
#6013 = ORIENTED_EDGE ( 'NONE', *, *, #3819, .T. ) ;
#6014 = CARTESIAN_POINT ( 'NONE',  ( -30.45329897604916169, -41.73322464186048109, -11.35036012150261975 ) ) ;
#6015 = SECURITY_CLASSIFICATION_LEVEL ( 'unclassified' ) ;
#6016 = EDGE_CURVE ( 'NONE', #2891, #7633, #7536, .T. ) ;
#6017 = CARTESIAN_POINT ( 'NONE',  ( -0.4533029573572709969, -67.00580342444203552, -35.99777281439193644 ) ) ;
#6018 = CYLINDRICAL_SURFACE ( 'NONE', #4649, 1.499999999999999556 ) ;
#6019 = ORIENTED_EDGE ( 'NONE', *, *, #4184, .F. ) ;
#6020 = B_SPLINE_CURVE_WITH_KNOTS ( 'NONE', 3,
 ( #4993, #2030, #490, #7249, #8759, #3548, #4237, #1085, #2641, #1139, #3438, #7953, #2784, #6599, #8159, #4187, #9612, #9506, #5686, #4137, #434, #1883, #384, #7404, #9460, #9656, #6492, #4940, #539, #3593, #9556, #8812, #2591, #5738, #5639, #1186, #8858, #8713, #340, #3490, #3389, #1983, #2687, #6546, #1940, #5040, #1232, #8306, #2090, #4537 ),
 .UNSPECIFIED., .T., .F.,
 ( 4, 2, 2, 2, 2, 2, 2, 2, 2, 2, 2, 2, 2, 2, 2, 2, 2, 2, 2, 2, 2, 2, 2, 2, 4 ),
 ( 0.0000000000000000000, 0.0005715865419825906556, 0.001143173083965181311, 0.001428966354956491330, 0.001714759625947801349, 0.002286346167930422037, 0.002572139438921732923, 0.002857932709913042942, 0.003143725980904353828, 0.003429519251895664280, 0.004001105793878256128, 0.004572692335860846675, 0.004858485606852163199, 0.005144278877843479723, 0.005715865419826111904, 0.006001658690817428428, 0.006287451961808745819, 0.006573245232800062343, 0.006859038503791378000, 0.007430625045774011915, 0.008002211587756645830, 0.008288004858747963222, 0.008573798129739278878, 0.008859591400730594535, 0.009145384671721911926 ),
 .UNSPECIFIED. ) ;
#6021 = EDGE_CURVE ( 'NONE', #778, #1979, #570, .T. ) ;
#6022 = CARTESIAN_POINT ( 'NONE',  ( -3.586174194570501683, -52.31865583712906442, 44.50000000000007816 ) ) ;
#6023 = EDGE_CURVE ( 'NONE', #2317, #8751, #2313, .T. ) ;
#6024 = EDGE_CURVE ( 'NONE', #1763, #262, #1357, .T. ) ;
#6025 = CARTESIAN_POINT ( 'NONE',  ( -30.78089249641934089, -50.03442670306525031, 18.67197676641293214 ) ) ;
#6026 = CARTESIAN_POINT ( 'NONE',  ( -34.71908553398176167, -53.33441273576269026, -9.540485409862419885 ) ) ;
#6027 = VERTEX_POINT ( 'NONE', #8994 ) ;
#6028 = CARTESIAN_POINT ( 'NONE',  ( 7.141428428543298956, -67.29999999999989768, 34.50000000000007105 ) ) ;
#6029 = CARTESIAN_POINT ( 'NONE',  ( -5.944400332894963945, -48.93720565397189404, -35.50616816510303408 ) ) ;
#6030 = CARTESIAN_POINT ( 'NONE',  ( 24.39446519114707712, 18.99999993696826550, -19.57675104618755668 ) ) ;
#6031 = CARTESIAN_POINT ( 'NONE',  ( -8.321099320084266893, -57.59411639103115021, 46.50000000000008527 ) ) ;
#6032 = DIRECTION ( 'NONE',  ( -1.000000000000000000, -7.232542356195668733E-15, -1.054711873393889642E-15 ) ) ;
#6033 = EDGE_CURVE ( 'NONE', #3075, #3075, #8399, .T. ) ;
#6034 = CARTESIAN_POINT ( 'NONE',  ( 22.64211728054650408, -39.95154616840725481, -27.99569263144146092 ) ) ;
#6035 = ORIENTED_EDGE ( 'NONE', *, *, #8997, .F. ) ;
#6036 = EDGE_LOOP ( 'NONE', ( #5153 ) ) ;
#6037 = AXIS2_PLACEMENT_3D ( 'NONE', #4415, #3713, #9073 ) ;
#6038 = CC_DESIGN_PERSON_AND_ORGANIZATION_ASSIGNMENT ( #4475, #3680, ( #1578 ) ) ;
#6039 = DIRECTION ( 'NONE',  ( -0.0000000000000000000, 1.000000000000000000, -0.0000000000000000000 ) ) ;
#6040 = ORIENTED_EDGE ( 'NONE', *, *, #3214, .F. ) ;
#6041 = CYLINDRICAL_SURFACE ( 'NONE', #8168, 1.750000000000001554 ) ;
#6042 = ORIENTED_EDGE ( 'NONE', *, *, #3852, .T. ) ;
#6043 = AXIS2_PLACEMENT_3D ( 'NONE', #5488, #6949, #9355 ) ;
#6044 = DIRECTION ( 'NONE',  ( -0.0000000000000000000, -0.0000000000000000000, 1.000000000000000000 ) ) ;
#6045 = FACE_OUTER_BOUND ( 'NONE', #4539, .T. ) ;
#6046 = APPROVAL_PERSON_ORGANIZATION ( #899, #3719, #7020 ) ;
#6047 = ADVANCED_FACE ( 'NONE', ( #3013 ), #3676, .F. ) ;
#6048 = VECTOR ( 'NONE', #8699, 1000.000000000000000 ) ;
#6049 = AXIS2_PLACEMENT_3D ( 'NONE', #347, #8015, #990 ) ;
#6050 = FACE_OUTER_BOUND ( 'NONE', #625, .T. ) ;
#6051 = CARTESIAN_POINT ( 'NONE',  ( 16.35537126350898518, -41.54056331266167490, 32.07027746460663309 ) ) ;
#6052 = CARTESIAN_POINT ( 'NONE',  ( -3.202927458704422303, -46.53299287959696784, 35.86312167141009866 ) ) ;
#6053 = ORIENTED_EDGE ( 'NONE', *, *, #6466, .T. ) ;
#6054 = VECTOR ( 'NONE', #2387, 1000.000000000000000 ) ;
#6055 = CARTESIAN_POINT ( 'NONE',  ( 0.7759108536062373496, -44.26759141637802486, -34.49985407502546764 ) ) ;
#6056 = CARTESIAN_POINT ( 'NONE',  ( 1.238429931521567440E-13, -1.387778780781445676E-14, -3.269102988655022197E-15 ) ) ;
#6057 = CONTEXT_DEPENDENT_SHAPE_REPRESENTATION ( #5934, #6308 ) ;
#6058 = AXIS2_PLACEMENT_3D ( 'NONE', #2514, #4973, #9537 ) ;
#6059 = CARTESIAN_POINT ( 'NONE',  ( 10.43901011682358160, -41.84654162296116908, 33.40880119130328296 ) ) ;
#6060 = DIRECTION ( 'NONE',  ( -0.0000000000000000000, -0.0000000000000000000, 1.000000000000000000 ) ) ;
#6061 = CARTESIAN_POINT ( 'NONE',  ( -17.74999999999988631, 18.37138978993988303, 31.00826030796520882 ) ) ;
#6062 = CARTESIAN_POINT ( 'NONE',  ( 35.29482533349158047, -48.28206240749042877, -7.302453239734953527 ) ) ;
#6063 = CARTESIAN_POINT ( 'NONE',  ( 2.152456862740021869E-29, 0.2499999999999993616, -2.207385789947354276E-58 ) ) ;
#6064 = VECTOR ( 'NONE', #3934, 1000.000000000000114 ) ;
#6065 = DIRECTION ( 'NONE',  ( 0.0000000000000000000, -0.0000000000000000000, -1.000000000000000000 ) ) ;
#6066 = AXIS2_PLACEMENT_3D ( 'NONE', #9786, #2914, #7853 ) ;
#6067 = CARTESIAN_POINT ( 'NONE',  ( -23.49494613586101366, 18.99999992433996354, 23.00137018267189148 ) ) ;
#6068 = FACE_OUTER_BOUND ( 'NONE', #9600, .T. ) ;
#6069 = ORIENTED_EDGE ( 'NONE', *, *, #2120, .T. ) ;
#6070 = CIRCLE ( 'NONE', #3033, 0.5000000000000004441 ) ;
#6071 = PERSON_AND_ORGANIZATION_ROLE ( 'classification_officer' ) ;
#6072 = CARTESIAN_POINT ( 'NONE',  ( 0.2339184581193634593, -67.03804260825050676, -35.99941368243111128 ) ) ;
#6073 = ADVANCED_FACE ( 'NONE', ( #8286 ), #2167, .T. ) ;
#6074 = DIRECTION ( 'NONE',  ( -1.000000000000000000, -7.232542356195678199E-15, -1.054711873393898911E-15 ) ) ;
#6075 = VERTEX_POINT ( 'NONE', #8194 ) ;
#6076 = VECTOR ( 'NONE', #372, 1000.000000000000000 ) ;
#6077 = ORIENTED_EDGE ( 'NONE', *, *, #8667, .T. ) ;
#6078 = CARTESIAN_POINT ( 'NONE',  ( -34.14320430545996743, -52.88964112062713241, -11.43064352123099248 ) ) ;
#6079 = ORIENTED_EDGE ( 'NONE', *, *, #8204, .F. ) ;
#6080 = DIRECTION ( 'NONE',  ( 0.0000000000000000000, -0.0000000000000000000, 1.000000000000000000 ) ) ;
#6081 = VERTEX_POINT ( 'NONE', #5285 ) ;
#6082 = CARTESIAN_POINT ( 'NONE',  ( 9.700866378553712366, -47.79788230574507679, -34.66900740624631538 ) ) ;
#6083 = CARTESIAN_POINT ( 'NONE',  ( 22.98306689041191930, 18.99999999686261631, -24.10702670343766485 ) ) ;
#6084 = EDGE_CURVE ( 'NONE', #2300, #8915, #3721, .T. ) ;
#6085 = CARTESIAN_POINT ( 'NONE',  ( -7.059862151350015935, -53.20096394378678895, 35.30289322884287628 ) ) ;
#6086 = VECTOR ( 'NONE', #4904, 1000.000000000000000 ) ;
#6087 = CARTESIAN_POINT ( 'NONE',  ( 7.738210134560624454, -57.77213451437481240, 32.00000000000008527 ) ) ;
#6088 = CARTESIAN_POINT ( 'NONE',  ( 19.33531763240593193, -31.01085455662055779, -30.36690095611706042 ) ) ;
#6089 = ORIENTED_EDGE ( 'NONE', *, *, #6162, .F. ) ;
#6090 = ADVANCED_FACE ( 'NONE', ( #714, #6778 ), #8387, .F. ) ;
#6091 = ORIENTED_EDGE ( 'NONE', *, *, #1070, .T. ) ;
#6092 = CARTESIAN_POINT ( 'NONE',  ( 13.77022553564029472, -64.07850798916771851, 52.49993338065588233 ) ) ;
#6093 = ORIENTED_EDGE ( 'NONE', *, *, #3276, .F. ) ;
#6094 = LINE ( 'NONE', #9158, #5586 ) ;
#6095 = AXIS2_PLACEMENT_3D ( 'NONE', #7300, #1835, #5087 ) ;
#6096 = VERTEX_POINT ( 'NONE', #2963 ) ;
#6097 = DIRECTION ( 'NONE',  ( 0.0000000000000000000, 0.0000000000000000000, 1.000000000000000000 ) ) ;
#6098 = DIRECTION ( 'NONE',  ( 1.000000000000000000, 1.734723475976806700E-15, 0.0000000000000000000 ) ) ;
#6099 = EDGE_CURVE ( 'NONE', #9286, #7095, #2216, .T. ) ;
#6100 = CARTESIAN_POINT ( 'NONE',  ( 12.12435565298225448, -63.00000000000001421, -23.00000000000000355 ) ) ;
#6101 = DIRECTION ( 'NONE',  ( 0.9784759524638702022, -0.2063608743195329276, -0.0000000000000000000 ) ) ;
#6102 = DIRECTION ( 'NONE',  ( -3.447511351103833455E-17, 1.055339670082016899E-16, 1.000000000000000000 ) ) ;
#6103 = CARTESIAN_POINT ( 'NONE',  ( 0.4507794715823633114, -46.68834448488758682, 36.00014759441336309 ) ) ;
#6104 = VERTEX_POINT ( 'NONE', #4521 ) ;
#6105 = ORIENTED_EDGE ( 'NONE', *, *, #3157, .F. ) ;
#6106 = EDGE_CURVE ( 'NONE', #1426, #4736, #5270, .T. ) ;
#6107 = CARTESIAN_POINT ( 'NONE',  ( 13.00914377945655431, -42.72551376685686364, -33.63616076517195808 ) ) ;
#6108 = VERTEX_POINT ( 'NONE', #395 ) ;
#6109 = CARTESIAN_POINT ( 'NONE',  ( 11.69534763728057847, -40.49527740559084066, 33.11074559518390714 ) ) ;
#6110 = CARTESIAN_POINT ( 'NONE',  ( 7.482020513062095368, -62.31238825892208411, 53.36857586412168786 ) ) ;
#6111 = DIRECTION ( 'NONE',  ( 0.0000000000000000000, 0.0000000000000000000, -1.000000000000000000 ) ) ;
#6112 = CARTESIAN_POINT ( 'NONE',  ( 32.02197488403611203, -44.02966085634371041, -6.310917327249831565 ) ) ;
#6113 = DIRECTION ( 'NONE',  ( 0.0000000000000000000, -0.0000000000000000000, 1.000000000000000000 ) ) ;
#6114 = FACE_OUTER_BOUND ( 'NONE', #7561, .T. ) ;
#6115 = CARTESIAN_POINT ( 'NONE',  ( -24.68851293767293598, -43.16329966346643943, -26.20075574640765836 ) ) ;
#6116 = DIRECTION ( 'NONE',  ( 7.232542356195667155E-15, -1.000000000000000000, 1.276710262284687461E-15 ) ) ;
#6117 = EDGE_LOOP ( 'NONE', ( #4948 ) ) ;
#6118 = APPROVAL_DATE_TIME ( #5465, #2360 ) ;
#6119 = CARTESIAN_POINT ( 'NONE',  ( 1.750484992300078035, -65.52467778242383645, -35.95741651636581793 ) ) ;
#6120 = CARTESIAN_POINT ( 'NONE',  ( -5.499999999999998224, 4.250000000000000000, 19.50000000000000000 ) ) ;
#6121 = EDGE_LOOP ( 'NONE', ( #3219, #1636, #8969, #642 ) ) ;
#6122 = ORIENTED_EDGE ( 'NONE', *, *, #7457, .T. ) ;
#6123 = CARTESIAN_POINT ( 'NONE',  ( -31.44160308216016020, -43.57554583736361309, -18.16913371856206894 ) ) ;
#6124 = CARTESIAN_POINT ( 'NONE',  ( 3.980814712676603538E-13, -60.29999999999996163, 34.50000000000007816 ) ) ;
#6125 = CARTESIAN_POINT ( 'NONE',  ( -4.000001420016654485, 18.00337047937473756, -35.77708748123393434 ) ) ;
#6126 = CARTESIAN_POINT ( 'NONE',  ( 12.94621862009776869, -45.98820013657278594, -33.59159946472983194 ) ) ;
#6127 = CARTESIAN_POINT ( 'NONE',  ( 22.77598758817256908, 18.99999999998002664, -24.48978448035931166 ) ) ;
#6128 = VECTOR ( 'NONE', #7896, 1000.000000000000000 ) ;
#6129 = CARTESIAN_POINT ( 'NONE',  ( 3.823233937108984737, -51.05646251896703802, 35.79714718804186191 ) ) ;
#6130 = CARTESIAN_POINT ( 'NONE',  ( 7.339542750129427695, -62.18450908465021598, 59.78857882194937901 ) ) ;
#6131 = CARTESIAN_POINT ( 'NONE',  ( 33.00133405929842922, -51.97198660967658412, -14.39363835964711491 ) ) ;
#6132 = EDGE_LOOP ( 'NONE', ( #746, #4384, #9245, #5887 ) ) ;
#6133 = ORIENTED_EDGE ( 'NONE', *, *, #7145, .F. ) ;
#6134 = CARTESIAN_POINT ( 'NONE',  ( -35.26198395873304747, -53.74322519921832964, -7.260737209950384852 ) ) ;
#6135 = ADVANCED_FACE ( 'NONE', ( #6871, #6068 ), #5323, .T. ) ;
#6136 = DIRECTION ( 'NONE',  ( 1.000000000000000000, 9.251858538542962756E-15, 0.0000000000000000000 ) ) ;
#6137 = ORIENTED_EDGE ( 'NONE', *, *, #9883, .F. ) ;
#6138 = CARTESIAN_POINT ( 'NONE',  ( -8.196491563582473105, -59.36190296444598147, 34.50000000000007816 ) ) ;
#6139 = EDGE_LOOP ( 'NONE', ( #8750 ) ) ;
#6140 = DIRECTION ( 'NONE',  ( 0.0000000000000000000, 0.0000000000000000000, 1.000000000000000000 ) ) ;
#6141 = CARTESIAN_POINT ( 'NONE',  ( -7.528422072024000933, -58.24596458910869501, 55.14362852176746088 ) ) ;
#6142 = CARTESIAN_POINT ( 'NONE',  ( 11.17062499806661258, 15.54733403796591240, -34.22339639416026813 ) ) ;
#6143 = EDGE_CURVE ( 'NONE', #1994, #1994, #8079, .T. ) ;
#6144 = CARTESIAN_POINT ( 'NONE',  ( 9.038773672811435844, -62.20628010141714270, 46.50000000000008527 ) ) ;
#6145 = DIRECTION ( 'NONE',  ( -1.000000000000000000, -6.938893903907232322E-15, 0.0000000000000000000 ) ) ;
#6146 = AXIS2_PLACEMENT_3D ( 'NONE', #6195, #885, #149 ) ;
#6147 = CARTESIAN_POINT ( 'NONE',  ( 16.32025602197503389, -41.63854911660340008, 32.08815160642733133 ) ) ;
#6148 = CARTESIAN_POINT ( 'NONE',  ( -5.898675321265903548, -43.68911663059208905, 34.16553645353166502 ) ) ;
#6149 = ORIENTED_EDGE ( 'NONE', *, *, #6907, .T. ) ;
#6150 = ADVANCED_FACE ( 'NONE', ( #8428, #6312, #9329 ), #5510, .T. ) ;
#6151 = EDGE_CURVE ( 'NONE', #8438, #1600, #5463, .T. ) ;
#6152 = VERTEX_POINT ( 'NONE', #7120 ) ;
#6153 = CARTESIAN_POINT ( 'NONE',  ( -2.100332019636721892, -63.11788045502977695, 54.47917844367530193 ) ) ;
#6154 = EDGE_CURVE ( 'NONE', #3684, #2022, #2105, .T. ) ;
#6155 = CARTESIAN_POINT ( 'NONE',  ( -1.499999999999993117, 18.50000000000000000, 33.50000000000000000 ) ) ;
#6156 = VECTOR ( 'NONE', #7158, 1000.000000000000000 ) ;
#6157 = CARTESIAN_POINT ( 'NONE',  ( 0.3731923870652116837, -44.26794235213598228, 34.50007156538890740 ) ) ;
#6158 = CARTESIAN_POINT ( 'NONE',  ( 7.559818861336093931, -62.38221521529911229, 53.98532386601936395 ) ) ;
#6159 = CARTESIAN_POINT ( 'NONE',  ( -17.74999999999988631, 18.47905521005751339, 30.91060194709014297 ) ) ;
#6160 = CARTESIAN_POINT ( 'NONE',  ( 8.321099320085144413, -63.00588360896869489, 46.50000000000008527 ) ) ;
#6161 = CARTESIAN_POINT ( 'NONE',  ( 35.58510420268435581, -48.57596900951149621, -5.698222242927952763 ) ) ;
#6162 = EDGE_CURVE ( 'NONE', #1892, #981, #3867, .T. ) ;
#6163 = CARTESIAN_POINT ( 'NONE',  ( -23.65560672543275800, 18.99999993302148837, -22.58992829832420313 ) ) ;
#6164 = DIRECTION ( 'NONE',  ( -0.9505654689857891970, -0.3105242167236345607, 0.0000000000000000000 ) ) ;
#6165 = CARTESIAN_POINT ( 'NONE',  ( -21.36643032971754153, -37.38890446746160734, -28.97424938127782923 ) ) ;
#6166 = CARTESIAN_POINT ( 'NONE',  ( 5.750000000000119904, 17.50000000000000711, 31.50000000000000000 ) ) ;
#6167 = VERTEX_POINT ( 'NONE', #260 ) ;
#6168 = MECHANICAL_CONTEXT ( 'NONE', #9024, 'mechanical' ) ;
#6169 = CARTESIAN_POINT ( 'NONE',  ( -1.749584646941051869, -65.53438466451962086, -35.95746033487063187 ) ) ;
#6170 = DIRECTION ( 'NONE',  ( 0.0000000000000000000, -0.0000000000000000000, -1.000000000000000000 ) ) ;
#6171 = VERTEX_POINT ( 'NONE', #1761 ) ;
#6172 = ORIENTED_EDGE ( 'NONE', *, *, #1865, .T. ) ;
#6173 = CARTESIAN_POINT ( 'NONE',  ( -35.29800308231963868, -48.28530784890239147, -7.286445291067972008 ) ) ;
#6174 = CARTESIAN_POINT ( 'NONE',  ( -5.953636757327388729, -54.95638611408011087, 42.50000000000007816 ) ) ;
#6175 = CARTESIAN_POINT ( 'NONE',  ( 15.47310904606214166, -43.35952125929146916, -32.50610413454020176 ) ) ;
#6176 = CARTESIAN_POINT ( 'NONE',  ( -5.015595876776011153, 20.67631324330260512, -35.64940394745959651 ) ) ;
#6177 = CARTESIAN_POINT ( 'NONE',  ( 8.373024031607725348, -65.78893033239857857, 35.01397449915332061 ) ) ;
#6178 = CARTESIAN_POINT ( 'NONE',  ( 35.80094818689914149, -54.14223587637264501, -4.332028227344236981 ) ) ;
#6179 = ORIENTED_EDGE ( 'NONE', *, *, #817, .F. ) ;
#6180 = VERTEX_POINT ( 'NONE', #161 ) ;
#6181 = CARTESIAN_POINT ( 'NONE',  ( 1.817185715004616897, -68.85922520308842820, 46.50000000000008527 ) ) ;
#6182 = CARTESIAN_POINT ( 'NONE',  ( -31.21312530491766069, -50.42825856945677288, -17.93723533910529255 ) ) ;
#6183 = DIRECTION ( 'NONE',  ( -7.232542356195667155E-15, 1.000000000000000000, -1.276710262284687461E-15 ) ) ;
#6184 = EDGE_LOOP ( 'NONE', ( #5073 ) ) ;
#6185 = CARTESIAN_POINT ( 'NONE',  ( 25.10000000000044196, -61.49999999999982947, -7.999999999999892530 ) ) ;
#6186 = ORIENTED_EDGE ( 'NONE', *, *, #6320, .T. ) ;
#6187 = DIRECTION ( 'NONE',  ( 2.764618486664509840E-13, 1.000000000000000000, -4.665405983569240471E-13 ) ) ;
#6188 = FACE_OUTER_BOUND ( 'NONE', #9696, .T. ) ;
#6189 = CARTESIAN_POINT ( 'NONE',  ( 16.69430509141397678, 10.49999999999996803, 31.66923076923078284 ) ) ;
#6190 = CARTESIAN_POINT ( 'NONE',  ( 6.972328291151259627, -61.85492023633977254, 52.80599156992117571 ) ) ;
#6191 = CARTESIAN_POINT ( 'NONE',  ( 0.4680626858178596472, -49.53565389066764624, 36.00000411410113088 ) ) ;
#6192 = CARTESIAN_POINT ( 'NONE',  ( 3.189524416138941110, -46.53435526270210687, 35.86430304289853410 ) ) ;
#6193 = ORIENTED_EDGE ( 'NONE', *, *, #4553, .F. ) ;
#6194 = EDGE_LOOP ( 'NONE', ( #2896, #6451, #8587, #8452, #1178 ) ) ;
#6195 = CARTESIAN_POINT ( 'NONE',  ( 0.0000000000000000000, -1.499999999999988454, 1.492691239139412516E-33 ) ) ;
#6196 = SECURITY_CLASSIFICATION ( '', '', #366 ) ;
#6197 = CARTESIAN_POINT ( 'NONE',  ( 4.179110650923774672E-13, -60.29999999999998295, 46.50000000000008527 ) ) ;
#6198 = CARTESIAN_POINT ( 'NONE',  ( -32.02197488403597703, -44.02966085634482596, 6.310917327250185060 ) ) ;
#6199 = CARTESIAN_POINT ( 'NONE',  ( 11.79697094170777127, -40.31343806411195629, 33.08490242988152374 ) ) ;
#6200 = FACE_OUTER_BOUND ( 'NONE', #486, .T. ) ;
#6201 = CARTESIAN_POINT ( 'NONE',  ( 36.00050524201976287, -48.98145722875197094, 1.129238648356811758 ) ) ;
#6202 = AXIS2_PLACEMENT_3D ( 'NONE', #9706, #4994, #2031 ) ;
#6203 = CARTESIAN_POINT ( 'NONE',  ( -25.99999999999986855, 17.50000000000000711, -31.50000000000000000 ) ) ;
#6204 = EDGE_CURVE ( 'NONE', #3227, #3374, #5351, .T. ) ;
#6205 = CARTESIAN_POINT ( 'NONE',  ( 26.29507678170348584, -30.33457476929667962, 17.60994643260288228 ) ) ;
#6206 = LOCAL_TIME ( 17, 37, 41.00000000000000000, #7167 ) ;
#6207 = DIRECTION ( 'NONE',  ( -0.0000000000000000000, -1.000000000000000000, -0.0000000000000000000 ) ) ;
#6208 = CARTESIAN_POINT ( 'NONE',  ( -19.61611650181795952, -32.29716454227138911, -30.18622725681433394 ) ) ;
#6209 = CARTESIAN_POINT ( 'NONE',  ( -5.784631716524012646, -66.74500084593503857, 37.50000000000008527 ) ) ;
#6210 = AXIS2_PLACEMENT_3D ( 'NONE', #4966, #4212, #312 ) ;
#6211 = ORIENTED_EDGE ( 'NONE', *, *, #4821, .T. ) ;
#6212 = DATE_AND_TIME ( #2318, #613 ) ;
#6213 = LOCAL_TIME ( 17, 37, 41.00000000000000000, #3618 ) ;
#6214 = CARTESIAN_POINT ( 'NONE',  ( 0.7717878881701870641, -63.72520259412767274, -35.99188225760286741 ) ) ;
#6215 = AXIS2_PLACEMENT_3D ( 'NONE', #636, #4202, #5879 ) ;
#6216 = AXIS2_PLACEMENT_3D ( 'NONE', #4407, #7463, #1452 ) ;
#6217 = APPROVAL ( #2511, '未指定' ) ;
#6218 = DIRECTION ( 'NONE',  ( 0.0000000000000000000, 0.0000000000000000000, 1.000000000000000000 ) ) ;
#6219 = AXIS2_PLACEMENT_3D ( 'NONE', #5862, #6773, #2960 ) ;
#6220 = EDGE_LOOP ( 'NONE', ( #2516 ) ) ;
#6221 = AXIS2_PLACEMENT_3D ( 'NONE', #7911, #8113, #5694 ) ;
#6222 = CARTESIAN_POINT ( 'NONE',  ( -27.23612058699440297, -34.53971178906714101, -16.60850873419837015 ) ) ;
#6223 = ADVANCED_FACE ( 'NONE', ( #2460 ), #4760, .F. ) ;
#6224 = DIRECTION ( 'NONE',  ( -0.5238095238095406003, 0.0000000000000000000, -0.8518354199999095266 ) ) ;
#6225 =( LENGTH_UNIT ( ) NAMED_UNIT ( * ) SI_UNIT ( .MILLI., .METRE. ) );
#6226 = CARTESIAN_POINT ( 'NONE',  ( 16.78756936566787772, -38.99999999999990763, -31.84615384615377565 ) ) ;
#6227 = CARTESIAN_POINT ( 'NONE',  ( -4.000227249640881944, 18.27137929230799429, -35.77706223270529762 ) ) ;
#6228 = CARTESIAN_POINT ( 'NONE',  ( 16.78756936566810865, -72.29999999999992610, -31.84615384615373301 ) ) ;
#6229 = AXIS2_PLACEMENT_3D ( 'NONE', #5284, #7696, #7735 ) ;
#6230 = CARTESIAN_POINT ( 'NONE',  ( 4.775113863065357123, -59.88283728824721663, 59.43171826863923712 ) ) ;
#6231 = ORIENTED_EDGE ( 'NONE', *, *, #5301, .T. ) ;
#6232 = AXIS2_PLACEMENT_3D ( 'NONE', #1283, #530, #3586 ) ;
#6233 = EDGE_LOOP ( 'NONE', ( #589, #1555, #4294, #9849, #3397, #2202 ) ) ;
#6234 = CARTESIAN_POINT ( 'NONE',  ( -28.06285058605207894, -47.31817439621274701, -22.54948672885621264 ) ) ;
#6235 = PLANE ( 'NONE',  #7342 ) ;
#6236 = ORIENTED_EDGE ( 'NONE', *, *, #6257, .T. ) ;
#6237 = CARTESIAN_POINT ( 'NONE',  ( 17.75000000000014211, 18.37163415148952694, 31.00809833287958739 ) ) ;
#6238 = ORIENTED_EDGE ( 'NONE', *, *, #9585, .T. ) ;
#6239 = DIRECTION ( 'NONE',  ( 8.881784197001250351E-16, 0.0000000000000000000, 1.000000000000000000 ) ) ;
#6240 = DIRECTION ( 'NONE',  ( 0.7442045946659733291, -0.6679517357399816779, 0.0000000000000000000 ) ) ;
#6241 = AXIS2_PLACEMENT_3D ( 'NONE', #5306, #6102, #697 ) ;
#6242 = FACE_OUTER_BOUND ( 'NONE', #9157, .T. ) ;
#6243 = CARTESIAN_POINT ( 'NONE',  ( -3.945538268948607374, -55.77273563930322808, 32.26014040374391101 ) ) ;
#6244 = FACE_OUTER_BOUND ( 'NONE', #6945, .T. ) ;
#6245 = CARTESIAN_POINT ( 'NONE',  ( 8.595424104353364569, -48.21300174318179899, 34.95914039262657269 ) ) ;
#6246 = CARTESIAN_POINT ( 'NONE',  ( -11.00062687507352344, 20.65758237796350372, 34.27860909768876496 ) ) ;
#6247 = ORIENTED_EDGE ( 'NONE', *, *, #7630, .T. ) ;
#6248 = AXIS2_PLACEMENT_3D ( 'NONE', #6965, #3065, #6065 ) ;
#6249 = ORIENTED_EDGE ( 'NONE', *, *, #4255, .F. ) ;
#6250 = LINE ( 'NONE', #9319, #3112 ) ;
#6251 = PLANE ( 'NONE',  #4278 ) ;
#6252 = CARTESIAN_POINT ( 'NONE',  ( -29.55922980345924600, -40.18152754156444217, 13.20234667806741058 ) ) ;
#6253 = CARTESIAN_POINT ( 'NONE',  ( -12.12435565262926751, -39.19286025925286054, 33.00000000000002842 ) ) ;
#6254 = DIRECTION ( 'NONE',  ( 1.000000000000000000, 0.0000000000000000000, 1.025519176787315347E-29 ) ) ;
#6255 = CARTESIAN_POINT ( 'NONE',  ( 27.23612058699542970, -34.53971178906859762, 16.60850873420132245 ) ) ;
#6256 = CYLINDRICAL_SURFACE ( 'NONE', #3361, 1.500000000000001332 ) ;
#6257 = EDGE_CURVE ( 'NONE', #4352, #7718, #3752, .T. ) ;
#6258 = EDGE_CURVE ( 'NONE', #3131, #2345, #7822, .T. ) ;
#6259 = CARTESIAN_POINT ( 'NONE',  ( -23.02564765344630615, 18.99999998344638996, -24.02673217130062255 ) ) ;
#6260 = CARTESIAN_POINT ( 'NONE',  ( -24.14790068056305472, 18.99999999999999289, 20.96396383115008533 ) ) ;
#6261 = CARTESIAN_POINT ( 'NONE',  ( -5.822463951386906089, -54.83115194727886177, 30.48601936423270331 ) ) ;
#6262 = ADVANCED_FACE ( 'NONE', ( #4815, #4616 ), #5501, .T. ) ;
#6263 = EDGE_LOOP ( 'NONE', ( #991 ) ) ;
#6264 = PERSON_AND_ORGANIZATION ( #7395, #7661 ) ;
#6265 = FACE_OUTER_BOUND ( 'NONE', #6856, .T. ) ;
#6266 = EDGE_CURVE ( 'NONE', #2842, #2842, #9194, .T. ) ;
#6267 = DIRECTION ( 'NONE',  ( 0.0000000000000000000, 0.0000000000000000000, -1.000000000000000000 ) ) ;
#6268 = B_SPLINE_CURVE_WITH_KNOTS ( 'NONE', 3,
 ( #5782, #5085, #9703, #433, #6491, #1982, #8102, #7352, #5878, #3546, #8758, #2029, #7951, #489, #383, #4938, #5737, #6598, #9555, #7197, #9655, #2640, #3388, #9505, #8005, #5833, #5685, #1136, #8906, #4186, #7248, #2685, #1938, #584, #3637, #2137, #6691, #9755, #5334, #4394, #5192, #2088, #37, #682, #5936, #6127, #3737, #5147, #5981, #3031, #9803, #1338, #6083, #8401, #2883, #6795, #2980, #3078, #1536, #7449, #9007, #9099, #6745, #8257, #1489, #6836, #1385, #8209, #9148, #4434, #4583, #7647, #774, #9053, #7495, #3833, #9852, #2237, #6889, #635, #2182, #8302, #3690, #2935, #5232, #8355, #1437, #4486, #7551, #2282, #6030, #731, #5287, #4536, #7599, #3785, #9898, #8444, #1634, #7785, #7891, #9342, #7839, #4682, #4635, #177 ),
 .UNSPECIFIED., .F., .F.,
 ( 4, 2, 2, 1, 1, 1, 1, 1, 1, 2, 2, 2, 2, 2, 1, 1, 1, 2, 2, 2, 1, 1, 1, 2, 2, 2, 1, 1, 1, 1, 1, 1, 2, 2, 2, 2, 2, 1, 1, 1, 2, 2, 2, 1, 1, 1, 2, 2, 2, 1, 1, 2, 2, 2, 1, 1, 1, 1, 1, 1, 2, 2, 2, 2, 2, 1, 1, 2, 2, 4 ),
 ( 0.0000000000000000000, 0.1249999999999333311, 0.1874999999998999967, 0.2187499999998830935, 0.2343749999998743228, 0.2421874999998702149, 0.2460937499998684386, 0.2480468749998675781, 0.2490234374998668565, 0.2495117187498659406, 0.2499999999998650524, 0.2812499999998299138, 0.2968749999998120392, 0.3046874999998033240, 0.3085937499997987721, 0.3105468749997966627, 0.3115234374997954414, 0.3120117187497948308, 0.3124999999997942757, 0.3437499999997815081, 0.3593749999997754019, 0.3671874999997720157, 0.3710937499997701283, 0.3730468749997691291, 0.3749999999997681299, 0.4374999999997436495, 0.4687499999997310485, 0.4843749999997242761, 0.4921874999997208899, 0.4960937499997188915, 0.4980468749997178923, 0.4990234374997171707, 0.4995117187497170597, 0.4999999999997168931, 0.5312499999997142286, 0.5468749999997127853, 0.5546874999997117861, 0.5585937499997115641, 0.5605468749997116751, 0.5615234374997116751, 0.5620117187497116751, 0.5624999999997116751, 0.5937499999996871392, 0.6093749999996744826, 0.6171874999996681543, 0.6210937499996649347, 0.6230468749996630473, 0.6249999999996611599, 0.6874999999995902167, 0.7187499999995544675, 0.7343749999995364819, 0.7421874999995279332, 0.7499999999995192734, 0.8124999999994518829, 0.8437499999994181321, 0.8593749999994008126, 0.8671874999993921529, 0.8710937499993879340, 0.8730468749993854916, 0.8740234374993842703, 0.8745117187493841593, 0.8749999999993840483, 0.9062499999995333733, 0.9218749999996080913, 0.9296874999996455058, 0.9335937499996641575, 0.9355468749996738165, 0.9365234374996788125, 0.9374999999996838085, 1.000000000000000000 ),
 .UNSPECIFIED. ) ;
#6269 = ORIENTED_EDGE ( 'NONE', *, *, #4618, .T. ) ;
#6270 = EDGE_CURVE ( 'NONE', #7095, #8358, #7745, .T. ) ;
#6271 = VERTEX_POINT ( 'NONE', #1619 ) ;
#6272 = DIRECTION ( 'NONE',  ( 1.000000000000000000, 0.0000000000000000000, -0.0000000000000000000 ) ) ;
#6273 =( NAMED_UNIT ( * ) PLANE_ANGLE_UNIT ( ) SI_UNIT ( $, .RADIAN. ) );
#6274 = ADVANCED_FACE ( 'NONE', ( #7069 ), #8632, .F. ) ;
#6275 = CARTESIAN_POINT ( 'NONE',  ( 9.074277663092084723, -48.04747830142856202, -34.84027865859807349 ) ) ;
#6276 = VECTOR ( 'NONE', #3391, 1000.000000000000000 ) ;
#6277 = CARTESIAN_POINT ( 'NONE',  ( -8.558782058279586380, 21.96906378033330398, -34.96876142044740732 ) ) ;
#6278 = DIRECTION ( 'NONE',  ( 0.0000000000000000000, -0.0000000000000000000, -1.000000000000000000 ) ) ;
#6279 = CARTESIAN_POINT ( 'NONE',  ( 7.390452308369377832, -53.54597218308630602, 35.23466690013424341 ) ) ;
#6280 = CARTESIAN_POINT ( 'NONE',  ( -2.789552266296407623, -53.09326368494456005, 55.77623845129238589 ) ) ;
#6281 = ORIENTED_EDGE ( 'NONE', *, *, #1137, .F. ) ;
#6282 = EDGE_CURVE ( 'NONE', #1194, #2368, #1520, .T. ) ;
#6283 = ORIENTED_EDGE ( 'NONE', *, *, #6386, .T. ) ;
#6284 = FACE_OUTER_BOUND ( 'NONE', #8436, .T. ) ;
#6285 = CARTESIAN_POINT ( 'NONE',  ( -26.63626606666537100, -32.35345845006246179, 25.48297413636533193 ) ) ;
#6286 = CARTESIAN_POINT ( 'NONE',  ( 5.083306010855971557, -67.29999999999995453, 32.10000000000007958 ) ) ;
#6287 = ORIENTED_EDGE ( 'NONE', *, *, #6893, .F. ) ;
#6288 = FACE_OUTER_BOUND ( 'NONE', #6465, .T. ) ;
#6289 = CARTESIAN_POINT ( 'NONE',  ( -7.523781916127731506, -58.25012930430561653, 55.19240808317857017 ) ) ;
#6290 = CYLINDRICAL_SURFACE ( 'NONE', #3961, 8.750000000000001776 ) ;
#6291 = CARTESIAN_POINT ( 'NONE',  ( 3.000000000003491873, 0.0000000000000000000, 25.50000000000000355 ) ) ;
#6292 = PLANE ( 'NONE',  #5406 ) ;
#6293 = DIRECTION ( 'NONE',  ( 0.0000000000000000000, -1.000000000000000000, 0.0000000000000000000 ) ) ;
#6294 = CARTESIAN_POINT ( 'NONE',  ( 0.9370156613227864639, -49.52503604512196489, 35.99081840589613535 ) ) ;
#6295 = CARTESIAN_POINT ( 'NONE',  ( -13.00914377945299805, -42.72551376685298408, 33.63616076517474340 ) ) ;
#6296 = VERTEX_POINT ( 'NONE', #3161 ) ;
#6297 = AXIS2_PLACEMENT_3D ( 'NONE', #4251, #7370, #7314 ) ;
#6298 = ORIENTED_EDGE ( 'NONE', *, *, #6667, .T. ) ;
#6299 = CARTESIAN_POINT ( 'NONE',  ( 16.20987903469870162, -42.02418776941446765, -32.14508506206420435 ) ) ;
#6300 = CARTESIAN_POINT ( 'NONE',  ( -17.67766952966358929, 0.0000000000000000000, 20.97766952966378184 ) ) ;
#6301 = CARTESIAN_POINT ( 'NONE',  ( -30.89204772597791049, -42.42033399924505233, -10.23852679876106109 ) ) ;
#6302 = CIRCLE ( 'NONE', #1192, 35.99999999999998579 ) ;
#6303 = CARTESIAN_POINT ( 'NONE',  ( 30.00000000000042277, -61.49999999999978684, 8.000000000000106581 ) ) ;
#6304 = CARTESIAN_POINT ( 'NONE',  ( -25.79999999999985860, 6.938893903907228378E-15, 33.00000000000000000 ) ) ;
#6305 = DIRECTION ( 'NONE',  ( -0.7442045946659733291, 0.6679517357399816779, 0.0000000000000000000 ) ) ;
#6306 = CARTESIAN_POINT ( 'NONE',  ( 27.70213935434261643, -36.11688587656831828, 24.08420290980428646 ) ) ;
#6307 = CARTESIAN_POINT ( 'NONE',  ( 12.12435565298209994, 1.249000902703301108E-13, 23.00000000000000355 ) ) ;
#6308 = PRODUCT_DEFINITION_SHAPE ( 'NONE', 'NONE',  #9913 ) ;
#6309 = CARTESIAN_POINT ( 'NONE',  ( -21.85317970254018860, 18.99999992371376933, -25.91795650651621941 ) ) ;
#6310 = LINE ( 'NONE', #4163, #9583 ) ;
#6311 = CARTESIAN_POINT ( 'NONE',  ( 18.16590212458494591, 23.00000000000000000, 30.50000000000000000 ) ) ;
#6312 = FACE_BOUND ( 'NONE', #7728, .T. ) ;
#6313 = CYLINDRICAL_SURFACE ( 'NONE', #3339, 0.5000000000000004441 ) ;
#6314 = ORIENTED_EDGE ( 'NONE', *, *, #1572, .T. ) ;
#6315 = CARTESIAN_POINT ( 'NONE',  ( -35.90678553711513388, -54.21713206938591867, -2.643501954582833768 ) ) ;
#6316 = DATE_TIME_ROLE ( 'classification_date' ) ;
#6317 = DIRECTION ( 'NONE',  ( 0.0000000000000000000, 1.000000000000000000, 0.0000000000000000000 ) ) ;
#6318 = FACE_OUTER_BOUND ( 'NONE', #2073, .T. ) ;
#6319 = DIRECTION ( 'NONE',  ( 0.0000000000000000000, 0.0000000000000000000, 1.000000000000000000 ) ) ;
#6320 = EDGE_CURVE ( 'NONE', #8979, #9302, #2508, .T. ) ;
#6321 = ORIENTED_EDGE ( 'NONE', *, *, #3264, .T. ) ;
#6322 = EDGE_CURVE ( 'NONE', #7718, #6104, #4967, .T. ) ;
#6323 = EDGE_LOOP ( 'NONE', ( #7741, #7733, #6756, #4540 ) ) ;
#6324 = DIRECTION ( 'NONE',  ( -1.000000000000000000, 0.0000000000000000000, 2.168404344971006896E-16 ) ) ;
#6325 = DIRECTION ( 'NONE',  ( 1.000000000000000000, 0.0000000000000000000, 0.0000000000000000000 ) ) ;
#6326 = DIRECTION ( 'NONE',  ( 0.0000000000000000000, -0.0000000000000000000, -1.000000000000000000 ) ) ;
#6327 = CARTESIAN_POINT ( 'NONE',  ( -2.393512945844782358, -62.85473949896791623, 53.91464526306684490 ) ) ;
#6328 = CARTESIAN_POINT ( 'NONE',  ( -11.00144210528525868, 15.34301752044649447, -34.27836184553977716 ) ) ;
#6329 = PLANE ( 'NONE',  #3211 ) ;
#6330 = ADVANCED_FACE ( 'NONE', ( #2565 ), #8672, .T. ) ;
#6331 = EDGE_LOOP ( 'NONE', ( #8448 ) ) ;
#6332 = EDGE_LOOP ( 'NONE', ( #6898, #7943, #309, #7504 ) ) ;
#6333 = CARTESIAN_POINT ( 'NONE',  ( 5.500000000000004441, 4.250000000000000000, 19.50000000000000000 ) ) ;
#6334 = DIRECTION ( 'NONE',  ( -2.764618486664509840E-13, -1.000000000000000000, 4.665405983569240471E-13 ) ) ;
#6335 = CARTESIAN_POINT ( 'NONE',  ( -26.47080610424146840, -31.40336367173100030, 17.43980067417602697 ) ) ;
#6336 = CARTESIAN_POINT ( 'NONE',  ( 23.83450825844493437, 18.99999997377023675, 22.07578380202847512 ) ) ;
#6337 = VERTEX_POINT ( 'NONE', #4748 ) ;
#6338 = CYLINDRICAL_SURFACE ( 'NONE', #5739, 2.100000000000006306 ) ;
#6339 = EDGE_CURVE ( 'NONE', #9338, #83, #2346, .T. ) ;
#6340 = DIRECTION ( 'NONE',  ( 0.0000000000000000000, 0.0000000000000000000, 1.000000000000000000 ) ) ;
#6341 = DIRECTION ( 'NONE',  ( 3.447511351103833455E-17, -1.055339670082016899E-16, -1.000000000000000000 ) ) ;
#6342 = FACE_OUTER_BOUND ( 'NONE', #5433, .T. ) ;
#6343 = DIRECTION ( 'NONE',  ( 0.0000000000000000000, 0.0000000000000000000, 1.000000000000000000 ) ) ;
#6344 = CARTESIAN_POINT ( 'NONE',  ( 5.944400334720557844, -48.93720565341429563, 35.50616816480029314 ) ) ;
#6345 = CC_DESIGN_PERSON_AND_ORGANIZATION_ASSIGNMENT ( #7278, #6366, ( #4875 ) ) ;
#6346 = CARTESIAN_POINT ( 'NONE',  ( -14.95355255652684789, -44.07517631748121545, 32.74875622357927085 ) ) ;
#6347 = ORIENTED_EDGE ( 'NONE', *, *, #1208, .F. ) ;
#6348 = ORIENTED_EDGE ( 'NONE', *, *, #9231, .T. ) ;
#6349 = CARTESIAN_POINT ( 'NONE',  ( -3.000000000003492762, 4.200000000000000178, 25.49999999999215916 ) ) ;
#6350 = VERTEX_POINT ( 'NONE', #6408 ) ;
#6351 = CARTESIAN_POINT ( 'NONE',  ( -32.60159990565236399, -44.77544903768960438, 2.062953518235857597 ) ) ;
#6352 = CC_DESIGN_PERSON_AND_ORGANIZATION_ASSIGNMENT ( #4512, #5958, ( #9904 ) ) ;
#6353 = DIRECTION ( 'NONE',  ( 7.232542356195667155E-15, -1.000000000000000000, 1.276710262284687461E-15 ) ) ;
#6354 = DIRECTION ( 'NONE',  ( 0.0000000000000000000, 0.0000000000000000000, 1.000000000000000000 ) ) ;
#6355 = DIRECTION ( 'NONE',  ( 0.0000000000000000000, 1.000000000000000000, 0.0000000000000000000 ) ) ;
#6356 = CARTESIAN_POINT ( 'NONE',  ( 32.47328086046272944, -45.01712904259865411, 16.07269733976460913 ) ) ;
#6357 = PLANE ( 'NONE',  #8814 ) ;
#6358 = CARTESIAN_POINT ( 'NONE',  ( -18.79208535978470707, 18.99999997954282449, -28.91306897494787265 ) ) ;
#6359 = VERTEX_POINT ( 'NONE', #8520 ) ;
#6360 = CIRCLE ( 'NONE', #6521, 1.500000000000001332 ) ;
#6361 = CARTESIAN_POINT ( 'NONE',  ( -18.42175990098755989, 23.00000000000000000, -30.92957746478873915 ) ) ;
#6362 = FACE_OUTER_BOUND ( 'NONE', #2598, .T. ) ;
#6363 = DIRECTION ( 'NONE',  ( 0.0000000000000000000, 0.0000000000000000000, 1.000000000000000000 ) ) ;
#6364 = CYLINDRICAL_SURFACE ( 'NONE', #6995, 2.000000000000001776 ) ;
#6365 = EDGE_LOOP ( 'NONE', ( #2187, #7842, #5388, #9140 ) ) ;
#6366 = PERSON_AND_ORGANIZATION_ROLE ( 'creator' ) ;
#6367 = CIRCLE ( 'NONE', #9091, 1.500000000000001332 ) ;
#6368 = CARTESIAN_POINT ( 'NONE',  ( 4.000001420016656262, 18.00337047937464163, 35.77708748123394145 ) ) ;
#6369 = AXIS2_PLACEMENT_3D ( 'NONE', #2627, #5673, #4120 ) ;
#6370 = CARTESIAN_POINT ( 'NONE',  ( 4.006127797638059328E-13, -60.29999999999996163, 32.10000000000006537 ) ) ;
#6371 = CIRCLE ( 'NONE', #3812, 9.999999999999994671 ) ;
#6372 = DIRECTION ( 'NONE',  ( -3.491564676272315652E-12, 0.0000000000000000000, -1.000000000000000000 ) ) ;
#6373 = VECTOR ( 'NONE', #2720, 1000.000000000000000 ) ;
#6374 = DIRECTION ( 'NONE',  ( -7.232542356195667155E-15, 1.000000000000000000, -1.276710262284687461E-15 ) ) ;
#6375 = CC_DESIGN_APPROVAL ( #1162, ( #4298 ) ) ;
#6376 = CARTESIAN_POINT ( 'NONE',  ( -28.89936403527012487, -38.87668685787830469, -14.33901555467668310 ) ) ;
#6377 = AXIS2_PLACEMENT_3D ( 'NONE', #8727, #1846, #943 ) ;
#6378 = ORIENTED_EDGE ( 'NONE', *, *, #8294, .F. ) ;
#6379 = CARTESIAN_POINT ( 'NONE',  ( -7.619067628221324107, -62.26294213107494357, 32.00000000000008527 ) ) ;
#6380 = CARTESIAN_POINT ( 'NONE',  ( 5.083306010855898727, -153.7965029924597502, 32.10000000000019327 ) ) ;
#6381 = CARTESIAN_POINT ( 'NONE',  ( 2.833428049572601637, -67.54611648793498091, 53.65314156911493626 ) ) ;
#6382 = CARTESIAN_POINT ( 'NONE',  ( -6.748993817454938871, 14.19174035059904959, -35.36257150824331319 ) ) ;
#6383 = AXIS2_PLACEMENT_3D ( 'NONE', #2555, #5605, #1802 ) ;
#6384 = CARTESIAN_POINT ( 'NONE',  ( 26.00000000000019185, -25.99999999999982592, -17.88854381999824028 ) ) ;
#6385 = EDGE_LOOP ( 'NONE', ( #1173 ) ) ;
#6386 = EDGE_CURVE ( 'NONE', #6180, #195, #7907, .T. ) ;
#6387 = VERTEX_POINT ( 'NONE', #7806 ) ;
#6388 = CARTESIAN_POINT ( 'NONE',  ( -19.51290588337145593, -31.85772565770827214, 30.25307749493805431 ) ) ;
#6389 = CIRCLE ( 'NONE', #322, 8.249999999999998224 ) ;
#6390 = CARTESIAN_POINT ( 'NONE',  ( 2.109576062436744781, -52.72022281527031851, 30.50000000000007816 ) ) ;
#6391 = CARTESIAN_POINT ( 'NONE',  ( 23.57714322799680318, 18.99999992452622521, 22.79569415023717838 ) ) ;
#6392 = ORIENTED_EDGE ( 'NONE', *, *, #3145, .F. ) ;
#6393 = ADVANCED_FACE ( 'NONE', ( #4658, #7719 ), #2634, .T. ) ;
#6394 = CARTESIAN_POINT ( 'NONE',  ( -14.99538523779921206, -44.00782557445134557, -32.72826191398390705 ) ) ;
#6395 = DIRECTION ( 'NONE',  ( 7.232542356195667155E-15, -1.000000000000000000, 1.276710262284687461E-15 ) ) ;
#6396 = VECTOR ( 'NONE', #5506, 1000.000000000000114 ) ;
#6397 = FACE_OUTER_BOUND ( 'NONE', #9001, .T. ) ;
#6398 = DIRECTION ( 'NONE',  ( 0.0000000000000000000, 0.0000000000000000000, 1.000000000000000000 ) ) ;
#6399 = EDGE_CURVE ( 'NONE', #5775, #6590, #6250, .T. ) ;
#6400 = CARTESIAN_POINT ( 'NONE',  ( -8.007827767630407934, -48.40377053010659125, 35.09814640674369457 ) ) ;
#6401 = CARTESIAN_POINT ( 'NONE',  ( -13.80583841201082329, -41.74064953522309906, 33.32960467351443867 ) ) ;
#6402 = ORIENTED_EDGE ( 'NONE', *, *, #8546, .F. ) ;
#6403 = VECTOR ( 'NONE', #1336, 1000.000000000000000 ) ;
#6404 = ORIENTED_EDGE ( 'NONE', *, *, #338, .F. ) ;
#6405 = CARTESIAN_POINT ( 'NONE',  ( -5.083306010855085155, -153.7965029924597502, 32.10000000000018616 ) ) ;
#6406 = AXIS2_PLACEMENT_3D ( 'NONE', #2572, #4068, #6372 ) ;
#6407 = EDGE_CURVE ( 'NONE', #3186, #8670, #3502, .T. ) ;
#6408 = CARTESIAN_POINT ( 'NONE',  ( -29.99999999999953815, -63.15000000000020464, 8.000000000000046185 ) ) ;
#6409 = DIRECTION ( 'NONE',  ( 0.0000000000000000000, 3.469446951953614189E-17, -1.000000000000000000 ) ) ;
#6410 = EDGE_CURVE ( 'NONE', #8170, #8170, #1830, .T. ) ;
#6411 = CYLINDRICAL_SURFACE ( 'NONE', #1108, 1.500000000000001332 ) ;
#6412 = DIRECTION ( 'NONE',  ( 1.000000000000000000, 9.251858538542962756E-15, 0.0000000000000000000 ) ) ;
#6413 = DIRECTION ( 'NONE',  ( 0.7423533593736342251, -0.6662901821354441090, -0.07049030441554911264 ) ) ;
#6414 = CARTESIAN_POINT ( 'NONE',  ( 34.14320430546039375, -52.88964112062659240, 11.43064352123201743 ) ) ;
#6415 = CARTESIAN_POINT ( 'NONE',  ( 3.469446951953614189E-15, 4.750000000000000888, -9.000000000000007105 ) ) ;
#6416 = AXIS2_PLACEMENT_3D ( 'NONE', #6647, #6837, #3639 ) ;
#6417 = CARTESIAN_POINT ( 'NONE',  ( -20.75350021117197841, 18.99999999963180386, -27.22243810099422845 ) ) ;
#6418 = ORIENTED_EDGE ( 'NONE', *, *, #5365, .F. ) ;
#6419 = EDGE_CURVE ( 'NONE', #5480, #5720, #8726, .T. ) ;
#6420 = LINE ( 'NONE', #7273, #8313 ) ;
#6421 = CARTESIAN_POINT ( 'NONE',  ( -12.12435565153186978, -39.38517963320202853, -32.99999999999995737 ) ) ;
#6422 = DIRECTION ( 'NONE',  ( 0.0000000000000000000, 1.000000000000000000, -1.196772264678275313E-16 ) ) ;
#6423 = ORIENTED_EDGE ( 'NONE', *, *, #8252, .F. ) ;
#6424 = COORDINATED_UNIVERSAL_TIME_OFFSET ( 8, 0, .AHEAD. ) ;
#6425 = CARTESIAN_POINT ( 'NONE',  ( 18.42175990098755989, 5.000000000000000888, -30.92957746478873915 ) ) ;
#6426 = DIRECTION ( 'NONE',  ( -2.764618486664509840E-13, -1.000000000000000000, 4.665405983569240471E-13 ) ) ;
#6427 = CARTESIAN_POINT ( 'NONE',  ( -5.118959704113870579, -67.39639003632477454, 46.50000000000008527 ) ) ;
#6428 = ORIENTED_EDGE ( 'NONE', *, *, #8546, .T. ) ;
#6429 = CARTESIAN_POINT ( 'NONE',  ( 25.10000000000043485, -63.79999999999978400, 17.33303027798243789 ) ) ;
#6430 = DIRECTION ( 'NONE',  ( 0.0000000000000000000, 0.0000000000000000000, 1.000000000000000000 ) ) ;
#6431 = CARTESIAN_POINT ( 'NONE',  ( -25.79999999999986571, -63.00000000000001421, 17.88854381999831489 ) ) ;
#6432 = CARTESIAN_POINT ( 'NONE',  ( -3.265159335336768720, -61.58528076338298263, 54.60002732425000715 ) ) ;
#6433 = B_SPLINE_CURVE_WITH_KNOTS ( 'NONE', 3,
 ( #9323, #4805, #8622, #2454, #4003, #7722, #849, #944, #6963, #3908, #3297, #7866 ),
 .UNSPECIFIED., .F., .F.,
 ( 4, 2, 2, 2, 2, 4 ),
 ( 5.849388785869382599E-17, 0.001794338435320641436, 0.002691507652980933748, 0.003588676870641226060, 0.005383015305961810250, 0.007177353741282394874 ),
 .UNSPECIFIED. ) ;
#6434 = EDGE_LOOP ( 'NONE', ( #833 ) ) ;
#6435 = ORIENTED_EDGE ( 'NONE', *, *, #8493, .F. ) ;
#6436 = CYLINDRICAL_SURFACE ( 'NONE', #5816, 1.500000000000001332 ) ;
#6437 = VECTOR ( 'NONE', #9615, 1000.000000000000000 ) ;
#6438 = CARTESIAN_POINT ( 'NONE',  ( -24.70651684264616677, -43.25529851918361146, 26.22905340526518359 ) ) ;
#6439 = CARTESIAN_POINT ( 'NONE',  ( 22.84560174938789601, 18.99999999877891099, 24.36432949584064644 ) ) ;
#6440 = ORIENTED_EDGE ( 'NONE', *, *, #6410, .T. ) ;
#6441 = CARTESIAN_POINT ( 'NONE',  ( -16.47330879017547645, -41.17530134267511954, -32.00986337237796420 ) ) ;
#6442 = DIRECTION ( 'NONE',  ( -1.054711873393908180E-15, 1.276710262284678586E-15, 1.000000000000000000 ) ) ;
#6443 = CARTESIAN_POINT ( 'NONE',  ( 17.75000000000014211, 19.00000000000002132, -29.73075227874839399 ) ) ;
#6444 = FACE_OUTER_BOUND ( 'NONE', #5769, .T. ) ;
#6445 = CARTESIAN_POINT ( 'NONE',  ( -14.79262267863879643, -44.25871018357093334, 32.82043221762065599 ) ) ;
#6446 = CARTESIAN_POINT ( 'NONE',  ( -9.305244073609856059, 14.21027792620752450, 34.77747200464740018 ) ) ;
#6447 = ORIENTED_EDGE ( 'NONE', *, *, #814, .T. ) ;
#6448 = APPLICATION_CONTEXT ( 'configuration controlled 3d designs of mechanical parts and assemblies' ) ;
#6449 = EDGE_CURVE ( 'NONE', #8429, #671, #1797, .T. ) ;
#6450 = CYLINDRICAL_SURFACE ( 'NONE', #8585, 8.750000000000001776 ) ;
#6451 = ORIENTED_EDGE ( 'NONE', *, *, #2476, .F. ) ;
#6452 = DIRECTION ( 'NONE',  ( 1.826024711554487321E-16, -1.000000000000000000, -0.0000000000000000000 ) ) ;
#6453 = EDGE_CURVE ( 'NONE', #6846, #6825, #3988, .T. ) ;
#6454 = CARTESIAN_POINT ( 'NONE',  ( -17.67766952966358929, 1.049999999999998934, -14.37766952966378575 ) ) ;
#6455 = CARTESIAN_POINT ( 'NONE',  ( -25.99999999999978328, -26.00000000000019540, -17.88854381999829002 ) ) ;
#6456 = CARTESIAN_POINT ( 'NONE',  ( 9.305244073609909350, 14.21027792620754227, -34.77747200464737887 ) ) ;
#6457 = DIRECTION ( 'NONE',  ( 0.0000000000000000000, 1.000000000000000000, 0.0000000000000000000 ) ) ;
#6458 = DIRECTION ( 'NONE',  ( 0.0000000000000000000, 0.0000000000000000000, 1.000000000000000000 ) ) ;
#6459 = CARTESIAN_POINT ( 'NONE',  ( 35.75356473892753684, -54.10581679035195890, 4.238529176069239846 ) ) ;
#6460 = CARTESIAN_POINT ( 'NONE',  ( 25.80000000000012861, -63.00000000000001421, -17.88854381999830778 ) ) ;
#6461 = CARTESIAN_POINT ( 'NONE',  ( 29.11765858063465018, -39.32557819296628310, 13.98244586730033845 ) ) ;
#6462 = CARTESIAN_POINT ( 'NONE',  ( -17.74999999999988987, 18.74790026526376963, -30.56190972328570510 ) ) ;
#6463 = CARTESIAN_POINT ( 'NONE',  ( -19.36348151027082309, 18.99999992769413026, -28.48734502166545113 ) ) ;
#6464 = EDGE_CURVE ( 'NONE', #3684, #3380, #4196, .T. ) ;
#6465 = EDGE_LOOP ( 'NONE', ( #4424, #5095, #5683, #3481 ) ) ;
#6466 = EDGE_CURVE ( 'NONE', #8358, #6882, #4098, .T. ) ;
#6467 = VECTOR ( 'NONE', #2832, 1000.000000000000000 ) ;
#6468 = EDGE_CURVE ( 'NONE', #816, #1165, #9416, .T. ) ;
#6469 = CARTESIAN_POINT ( 'NONE',  ( 6.503913605100851036, -54.44665840588557870, 46.50000000000008527 ) ) ;
#6470 = CARTESIAN_POINT ( 'NONE',  ( -14.20583023140562950, -40.92960043808821524, -33.16488341658327954 ) ) ;
#6471 = VECTOR ( 'NONE', #9285, 1000.000000000000000 ) ;
#6472 = DIRECTION ( 'NONE',  ( 0.0000000000000000000, 0.0000000000000000000, -1.000000000000000000 ) ) ;
#6473 = ORIENTED_EDGE ( 'NONE', *, *, #4931, .F. ) ;
#6474 = DATE_AND_TIME ( #7123, #925 ) ;
#6475 = CARTESIAN_POINT ( 'NONE',  ( -1.500000000000001332, 18.50000000000000000, -33.50000000000000000 ) ) ;
#6476 = EDGE_CURVE ( 'NONE', #5775, #6882, #5747, .T. ) ;
#6477 = CARTESIAN_POINT ( 'NONE',  ( 3.469446951953614189E-15, 4.750000000000000888, -9.000000000000007105 ) ) ;
#6478 = DIRECTION ( 'NONE',  ( -4.304913725480043459E-30, -1.000000000000000000, 4.414771579894708905E-59 ) ) ;
#6479 = VECTOR ( 'NONE', #8366, 1000.000000000000000 ) ;
#6480 = CARTESIAN_POINT ( 'NONE',  ( 2.460892435705592796, -65.77798766705919320, 32.40755713891848444 ) ) ;
#6481 = ORIENTED_EDGE ( 'NONE', *, *, #3936, .T. ) ;
#6482 = FACE_OUTER_BOUND ( 'NONE', #4018, .T. ) ;
#6483 = CARTESIAN_POINT ( 'NONE',  ( -8.288833092895966814, 14.00208923394039751, -35.03377585325264931 ) ) ;
#6484 = ORIENTED_EDGE ( 'NONE', *, *, #2477, .F. ) ;
#6485 = EDGE_LOOP ( 'NONE', ( #3098, #6583, #4404, #7775, #3365, #12 ) ) ;
#6486 = DIRECTION ( 'NONE',  ( 1.007193466449946496E-30, -4.665405983569240471E-13, -1.000000000000000000 ) ) ;
#6487 = CARTESIAN_POINT ( 'NONE',  ( -31.50470680276445279, -43.32348578913588000, 8.405139431248056070 ) ) ;
#6488 = CARTESIAN_POINT ( 'NONE',  ( 24.08029251024215611, 18.99999999997826450, 21.22863033043986647 ) ) ;
#6489 = VERTEX_POINT ( 'NONE', #1992 ) ;
#6490 = CARTESIAN_POINT ( 'NONE',  ( 6.061990471202573616, -54.70403971359209550, 37.50000000000008527 ) ) ;
#6491 = CARTESIAN_POINT ( 'NONE',  ( 19.88798483457314958, 18.99999989348664897, -28.05459689629605435 ) ) ;
#6492 = CARTESIAN_POINT ( 'NONE',  ( 1.375052257310695580, -65.76986616024680643, -32.47091885138600986 ) ) ;
#6493 = CARTESIAN_POINT ( 'NONE',  ( 8.473850318257403202, -62.08713759508228947, 37.50000000000008527 ) ) ;
#6494 = DIRECTION ( 'NONE',  ( 0.0000000000000000000, 0.0000000000000000000, -1.000000000000000000 ) ) ;
#6495 = CARTESIAN_POINT ( 'NONE',  ( -16.24291178383208489, -41.84324695362023050, 32.12737214729231994 ) ) ;
#6496 = CARTESIAN_POINT ( 'NONE',  ( -11.00266108209720528, 15.34469664382728915, 34.27795631479725103 ) ) ;
#6497 = EDGE_LOOP ( 'NONE', ( #8913 ) ) ;
#6498 = EDGE_LOOP ( 'NONE', ( #7207, #231, #282, #3429 ) ) ;
#6499 = DIRECTION ( 'NONE',  ( 1.054711873393889642E-15, 7.628248297903790016E-30, -1.000000000000000000 ) ) ;
#6500 = VERTEX_POINT ( 'NONE', #2699 ) ;
#6501 = DIRECTION ( 'NONE',  ( -1.000000000000000000, 0.0000000000000000000, 2.168404344971006896E-16 ) ) ;
#6502 = DIRECTION ( 'NONE',  ( 0.0000000000000000000, -1.000000000000000000, 1.276710262284678586E-15 ) ) ;
#6503 = DIRECTION ( 'NONE',  ( 0.9505654689857891970, 0.3105242167236345607, -0.0000000000000000000 ) ) ;
#6504 = CARTESIAN_POINT ( 'NONE',  ( 3.000000000003492318, 0.0000000000000000000, 25.49999999999084110 ) ) ;
#6505 = CARTESIAN_POINT ( 'NONE',  ( 21.77934416998613898, -38.26829625590561790, 28.66462035975106915 ) ) ;
#6506 = DIRECTION ( 'NONE',  ( -1.000000000000000000, -6.938893903907234689E-15, 0.0000000000000000000 ) ) ;
#6507 = EDGE_CURVE ( 'NONE', #376, #4832, #4951, .T. ) ;
#6508 = CARTESIAN_POINT ( 'NONE',  ( -3.112093915902391927E-11, 17.49999999999999645, -5.212497100615109957E-11 ) ) ;
#6509 = CARTESIAN_POINT ( 'NONE',  ( 3.494031466035396605, -60.09508753844067996, 54.33311411354253551 ) ) ;
#6510 = CARTESIAN_POINT ( 'NONE',  ( 9.986424926934562407, -47.70316459927703789, 34.60003083095178056 ) ) ;
#6511 = CYLINDRICAL_SURFACE ( 'NONE', #6702, 9.999999999999994671 ) ;
#6512 = CARTESIAN_POINT ( 'NONE',  ( -16.19355826683251465, -41.99055481116374722, -32.15283395570642000 ) ) ;
#6513 = DIRECTION ( 'NONE',  ( 0.0000000000000000000, 4.665149104389274436E-13, -1.000000000000000000 ) ) ;
#6514 = ORIENTED_EDGE ( 'NONE', *, *, #2171, .T. ) ;
#6515 = ITEM_DEFINED_TRANSFORMATION ( 'NONE', 'NONE', #5080,  #9567 ) ;
#6516 = CARTESIAN_POINT ( 'NONE',  ( 6.748993817455033906, 14.19174035059902295, 35.36257150824329187 ) ) ;
#6517 = EDGE_CURVE ( 'NONE', #2317, #5941, #7258, .T. ) ;
#6518 = FACE_OUTER_BOUND ( 'NONE', #9762, .T. ) ;
#6519 = CARTESIAN_POINT ( 'NONE',  ( 32.23499082998077370, -44.30939391139398964, 5.189470333970509053 ) ) ;
#6520 = EDGE_CURVE ( 'NONE', #7241, #6152, #8766, .T. ) ;
#6521 = AXIS2_PLACEMENT_3D ( 'NONE', #3571, #4365, #2955 ) ;
#6522 = B_SPLINE_CURVE_WITH_KNOTS ( 'NONE', 3,
 ( #279, #9550, #1784, #4985, #3329, #2585, #2680, #6388, #5731, #9453, #8806, #8705, #4884, #7946, #9003, #8296, #3732, #579, #9698, #9750, #2133, #7444, #9093, #4389, #1431, #6687, #4430, #6787, #2230, #2878, #5977, #8097, #3632, #6640, #2823, #3686, #5930, #1226, #3540, #5081, #1380, #5186, #4482, #7546, #8253, #678, #2082, #7490, #5874, #6025, #6741, #5228, #9847, #2973, #9651, #628, #1333, #2024, #9799, #8902, #9048, #2928, #4279, #2178, #7346, #483, #3587, #6593, #2777, #5827, #8153, #1285, #4337, #8953, #7399, #534, #5142, #8205, #5794, #2600, #2933, #5933, #8300, #7634, #8430, #6315, #2028, #4341, #2639, #7550, #5437, #6134, #9202, #2386, #2333, #5384, #130, #871, #1639, #9303, #2435, #3887, #4732, #6944, #6984, #3182, #6182, #9249, #8450, #3086, #1596, #86, #3928, #4642, #7705, #5482, #6234, #831, #3133, #8552, #7746, #1682, #8507, #4689, #4716, #9879, #3814, #6115, #9226, #3912, #9181, #2315, #3208, #3012, #713, #6968, #5366, #2414, #112, #6924, #6165, #2355, #8479, #4667, #7773, #3160, #6208, #9284, #5462, #1661, #896, #3957, #3557, #5555, #4759, #5841, #2837 ),
 .UNSPECIFIED., .F., .F.,
 ( 4, 2, 2, 1, 1, 2, 2, 2, 2, 1, 1, 1, 2, 2, 2, 2, 1, 1, 1, 2, 2, 2, 2, 1, 1, 1, 2, 2, 2, 2, 1, 1, 1, 2, 2, 2, 2, 1, 1, 1, 2, 2, 2, 2, 1, 1, 2, 2, 2, 2, 2, 2, 2, 2, 2, 1, 1, 2, 2, 2, 1, 1, 2, 2, 2, 2, 1, 1, 2, 2, 2, 2, 1, 1, 2, 2, 2, 2, 1, 1, 2, 2, 2, 2, 1, 1, 2, 2, 2, 2, 1, 1, 2, 2, 4 ),
 ( 0.0000000000000000000, 0.03124999999999900080, 0.04687499999999850120, 0.05468749999999830691, 0.05859374999999811262, 0.06054687499999792527, 0.06249999999999773792, 0.09374999999999597544, 0.1093749999999951983, 0.1171874999999949207, 0.1210937499999947126, 0.1230468749999946709, 0.1240234374999946571, 0.1249999999999946571, 0.1562499999999963640, 0.1718749999999972244, 0.1796874999999976408, 0.1835937499999979183, 0.1855468749999980294, 0.1865234374999980849, 0.1874999999999981404, 0.2187499999999988343, 0.2343749999999990563, 0.2421874999999992228, 0.2460937499999992784, 0.2480468749999993339, 0.2490234374999992784, 0.2499999999999992228, 0.2812499999999980016, 0.2968749999999973910, 0.3046874999999971134, 0.3085937499999970024, 0.3105468749999968914, 0.3115234374999968359, 0.3124999999999967248, 0.3437499999999963363, 0.3593749999999961697, 0.3671874999999960587, 0.3710937499999960032, 0.3730468749999959477, 0.3740234374999959477, 0.3749999999999958922, 0.4062499999999953371, 0.4218749999999950595, 0.4296874999999948930, 0.4335937499999948375, 0.4355468749999948375, 0.4374999999999948375, 0.4687499999999945599, 0.4843749999999944489, 0.4999999999999943379, 0.5156249999999941158, 0.5312499999999940048, 0.5624999999999937828, 0.5664062499999937828, 0.5703124999999937828, 0.5781249999999936717, 0.5937499999999935607, 0.6249999999999932276, 0.6269531249999932276, 0.6289062499999933387, 0.6328124999999934497, 0.6406249999999933387, 0.6562499999999934497, 0.6874999999999935607, 0.6894531249999935607, 0.6914062499999936717, 0.6953124999999937828, 0.7031249999999936717, 0.7187499999999936717, 0.7499999999999936717, 0.7519531249999935607, 0.7539062499999935607, 0.7578124999999936717, 0.7656249999999937828, 0.7812499999999945599, 0.8124999999999957812, 0.8144531249999957812, 0.8164062499999958922, 0.8203124999999960032, 0.8281249999999962252, 0.8437499999999965583, 0.8749999999999974465, 0.8769531249999973355, 0.8789062499999973355, 0.8828124999999975575, 0.8906249999999977796, 0.9062499999999985567, 0.9374999999999996669, 0.9394531249999995559, 0.9414062499999995559, 0.9453124999999995559, 0.9531249999999995559, 0.9687499999999997780, 1.000000000000000000 ),
 .UNSPECIFIED. ) ;
#6523 = CARTESIAN_POINT ( 'NONE',  ( 0.5105508031458332319, -66.30006041268174499, 32.50001115311048494 ) ) ;
#6524 = CARTESIAN_POINT ( 'NONE',  ( -5.255583576545078905, -56.56812093324257518, 52.49999999971006304 ) ) ;
#6525 = ORIENTED_EDGE ( 'NONE', *, *, #8805, .T. ) ;
#6526 = DIRECTION ( 'NONE',  ( -0.0000000000000000000, -0.0000000000000000000, -1.000000000000000000 ) ) ;
#6527 = CALENDAR_DATE ( 2023, 16, 11 ) ;
#6528 = CC_DESIGN_APPROVAL ( #4267, ( #6196 ) ) ;
#6529 = PRODUCT_RELATED_PRODUCT_CATEGORY ( 'detail', '', ( #1205 ) ) ;
#6530 = DIRECTION ( 'NONE',  ( 4.304913725480044159E-30, 1.000000000000000000, 0.0000000000000000000 ) ) ;
#6531 = AXIS2_PLACEMENT_3D ( 'NONE', #5713, #367, #2619 ) ;
#6532 = CIRCLE ( 'NONE', #945, 14.79999999999999005 ) ;
#6533 = CARTESIAN_POINT ( 'NONE',  ( -4.000001420016652709, 18.00337047937473756, -35.77708748123393434 ) ) ;
#6534 = VECTOR ( 'NONE', #1910, 1000.000000000000000 ) ;
#6535 = ORIENTED_EDGE ( 'NONE', *, *, #2428, .F. ) ;
#6536 = ORIENTED_EDGE ( 'NONE', *, *, #7245, .T. ) ;
#6537 = VECTOR ( 'NONE', #4764, 1000.000000000000000 ) ;
#6538 = EDGE_CURVE ( 'NONE', #3730, #6489, #5272, .T. ) ;
#6539 = DIRECTION ( 'NONE',  ( -0.0000000000000000000, 1.000000000000000000, -0.0000000000000000000 ) ) ;
#6540 = CARTESIAN_POINT ( 'NONE',  ( -28.00944806623715877, -47.27229131242869897, 22.63259430566003161 ) ) ;
#6541 = CARTESIAN_POINT ( 'NONE',  ( 24.13764137025654222, 18.99999998672684498, 20.99769385417931744 ) ) ;
#6542 = ORIENTED_EDGE ( 'NONE', *, *, #1137, .T. ) ;
#6543 = VECTOR ( 'NONE', #3060, 1000.000000000000000 ) ;
#6544 = CARTESIAN_POINT ( 'NONE',  ( -16.42209985864522537, -41.34422358922660834, -32.03619323792443652 ) ) ;
#6545 = CARTESIAN_POINT ( 'NONE',  ( 4.179110650923774672E-13, -60.29999999999998295, 46.50000000000008527 ) ) ;
#6546 = CARTESIAN_POINT ( 'NONE',  ( -1.259846977990584316, -66.02406064239480088, -32.47561458417877844 ) ) ;
#6547 = AXIS2_PLACEMENT_3D ( 'NONE', #4036, #3137, #5442 ) ;
#6548 = DIRECTION ( 'NONE',  ( -0.0000000000000000000, -0.0000000000000000000, -1.000000000000000000 ) ) ;
#6549 = DIRECTION ( 'NONE',  ( 1.000000000000000000, -7.930164461608259651E-15, 0.0000000000000000000 ) ) ;
#6550 = CARTESIAN_POINT ( 'NONE',  ( -16.26798154878921920, -41.77849341717000442, 32.11468211985727095 ) ) ;
#6551 = CARTESIAN_POINT ( 'NONE',  ( 7.308543385254596458, -57.38649237638514222, 32.00000000000008527 ) ) ;
#6552 = ORIENTED_EDGE ( 'NONE', *, *, #3655, .T. ) ;
#6553 = AXIS2_PLACEMENT_3D ( 'NONE', #8890, #1413, #6727 ) ;
#6554 = DIRECTION ( 'NONE',  ( -0.0000000000000000000, -0.0000000000000000000, -1.000000000000000000 ) ) ;
#6555 = ORIENTED_EDGE ( 'NONE', *, *, #5521, .T. ) ;
#6556 = AXIS2_PLACEMENT_3D ( 'NONE', #3280, #4784, #7898 ) ;
#6557 = DIRECTION ( 'NONE',  ( 0.0000000000000000000, 0.0000000000000000000, 1.000000000000000000 ) ) ;
#6558 = VERTEX_POINT ( 'NONE', #2749 ) ;
#6559 = CARTESIAN_POINT ( 'NONE',  ( 1.238429931521567440E-13, -63.00000000000001421, -3.269102988655022197E-15 ) ) ;
#6560 = DIRECTION ( 'NONE',  ( -1.054711873393889642E-15, 1.276710262284678586E-15, 1.000000000000000000 ) ) ;
#6561 = CARTESIAN_POINT ( 'NONE',  ( -5.749999999999872102, 10.50000000000003730, 32.79999999999999716 ) ) ;
#6562 = CARTESIAN_POINT ( 'NONE',  ( 25.22719518058853794, -43.90804583133101602, 25.68366727001922811 ) ) ;
#6563 = DIRECTION ( 'NONE',  ( -6.938893903907232322E-15, 1.000000000000000000, 0.0000000000000000000 ) ) ;
#6564 = CARTESIAN_POINT ( 'NONE',  ( -11.00000000000001421, -5.551115123125782702E-14, 17.88854381999829357 ) ) ;
#6565 = CARTESIAN_POINT ( 'NONE',  ( 16.69430509141396612, -63.00000000000001421, 31.66923076923078284 ) ) ;
#6566 = AXIS2_PLACEMENT_3D ( 'NONE', #8207, #5083, #8155 ) ;
#6567 = CARTESIAN_POINT ( 'NONE',  ( 4.117975298226971503, -43.99602881614051597, 34.33721852930421647 ) ) ;
#6568 = ORIENTED_EDGE ( 'NONE', *, *, #4606, .T. ) ;
#6569 = CIRCLE ( 'NONE', #7843, 9.999999999999994671 ) ;
#6570 = CARTESIAN_POINT ( 'NONE',  ( -8.699009622747562176, -45.37089576674426183, -34.96798754086152883 ) ) ;
#6571 = CARTESIAN_POINT ( 'NONE',  ( -26.00000000000002132, -1.420845318188391189E-13, 35.99999999999995737 ) ) ;
#6572 = COORDINATED_UNIVERSAL_TIME_OFFSET ( 8, 0, .AHEAD. ) ;
#6573 = CARTESIAN_POINT ( 'NONE',  ( 9.298286328761260933, 14.20777096394886563, 34.77934562626508352 ) ) ;
#6574 = CARTESIAN_POINT ( 'NONE',  ( 2.826387274843920494, -67.53979712665355351, 53.57913268428041675 ) ) ;
#6575 = VECTOR ( 'NONE', #1574, 1000.000000000000000 ) ;
#6576 = CARTESIAN_POINT ( 'NONE',  ( 29.73600072367905867, -49.04284954882782444, -20.29880229571876882 ) ) ;
#6577 = DIRECTION ( 'NONE',  ( 0.9784759524638702022, -0.2063608743195326778, 0.0000000000000000000 ) ) ;
#6578 = CARTESIAN_POINT ( 'NONE',  ( 30.45413101675123713, -41.73070456768856928, -11.33435235874904912 ) ) ;
#6579 = ADVANCED_FACE ( 'NONE', ( #5793, #9622 ), #9470, .F. ) ;
#6580 = CARTESIAN_POINT ( 'NONE',  ( -23.07803129626372396, 18.99999998892543118, 23.92009408373666801 ) ) ;
#6581 = CARTESIAN_POINT ( 'NONE',  ( -2.936822938115160486, -54.56213593829309616, 52.49999999980234833 ) ) ;
#6582 = VECTOR ( 'NONE', #2340, 1000.000000000000000 ) ;
#6583 = ORIENTED_EDGE ( 'NONE', *, *, #301, .F. ) ;
#6584 = CARTESIAN_POINT ( 'NONE',  ( -12.12435565298189388, -39.00000000000000711, 33.00000000000003553 ) ) ;
#6585 = PERSON_AND_ORGANIZATION ( #7395, #7661 ) ;
#6586 = EDGE_CURVE ( 'NONE', #7287, #377, #443, .T. ) ;
#6587 = CARTESIAN_POINT ( 'NONE',  ( 5.210182743564647723, -43.82766768252017187, -34.24157422677598106 ) ) ;
#6588 = LINE ( 'NONE', #8044, #2772 ) ;
#6589 = VERTEX_POINT ( 'NONE', #1843 ) ;
#6590 = VERTEX_POINT ( 'NONE', #4952 ) ;
#6591 = ADVANCED_FACE ( 'NONE', ( #1948, #8017 ), #1095, .F. ) ;
#6592 = ADVANCED_FACE ( 'NONE', ( #9516 ), #8063, .T. ) ;
#6593 = CARTESIAN_POINT ( 'NONE',  ( -34.44200438172598666, -53.12266973086008903, 10.52826704212164266 ) ) ;
#6594 = CARTESIAN_POINT ( 'NONE',  ( -26.88069686198517871, -45.98668605842617296, 23.94989813948369672 ) ) ;
#6595 = LINE ( 'NONE', #8904, #6403 ) ;
#6596 = ORIENTED_EDGE ( 'NONE', *, *, #6831, .T. ) ;
#6597 = CARTESIAN_POINT ( 'NONE',  ( -0.9370156557096999128, -49.52503604512210700, -35.99081840604214477 ) ) ;
#6598 = CARTESIAN_POINT ( 'NONE',  ( 20.92220842196605091, 18.99999999863446831, -27.04315741756076363 ) ) ;
#6599 = CARTESIAN_POINT ( 'NONE',  ( 0.3790979702129536610, -63.89724684078609585, -32.49792098751910885 ) ) ;
#6600 = ADVANCED_FACE ( 'NONE', ( #5050, #9714 ), #5298, .F. ) ;
#6601 = CARTESIAN_POINT ( 'NONE',  ( 0.0000000000000000000, 1.000000000000000000, 0.0000000000000000000 ) ) ;
#6602 = CARTESIAN_POINT ( 'NONE',  ( 18.85714285714306726, -25.99999999999988987, -30.66607511999704982 ) ) ;
#6603 = CARTESIAN_POINT ( 'NONE',  ( -26.29999999999952820, -67.30000000000019611, 8.592260065175946769E-14 ) ) ;
#6604 = VERTEX_POINT ( 'NONE', #2193 ) ;
#6605 = DIRECTION ( 'NONE',  ( 0.0000000000000000000, 1.000000000000000000, 0.0000000000000000000 ) ) ;
#6606 = ORIENTED_EDGE ( 'NONE', *, *, #3457, .T. ) ;
#6607 = CARTESIAN_POINT ( 'NONE',  ( -29.99999999999947420, -74.30000000000023874, 19.89974874213244505 ) ) ;
#6608 = EDGE_LOOP ( 'NONE', ( #2664, #4692, #6902, #5386 ) ) ;
#6609 = CARTESIAN_POINT ( 'NONE',  ( 5.784631716524810230, -53.85499915406488469, 37.50000000000008527 ) ) ;
#6610 = CARTESIAN_POINT ( 'NONE',  ( 11.99999981623415657, 18.00121248782650341, -33.94112556192533248 ) ) ;
#6611 = FACE_OUTER_BOUND ( 'NONE', #4350, .T. ) ;
#6612 = CARTESIAN_POINT ( 'NONE',  ( 11.45952982523025376, 20.02491096475478827, -34.12774662056793318 ) ) ;
#6613 = CARTESIAN_POINT ( 'NONE',  ( -7.738210134559829534, -62.82786548562513218, 30.50000000000007816 ) ) ;
#6614 = CARTESIAN_POINT ( 'NONE',  ( 33.42904997598081707, -52.32289503975135858, 13.40209595031233114 ) ) ;
#6615 = CARTESIAN_POINT ( 'NONE',  ( 3.980814712676603538E-13, -60.29999999999996163, 52.50000000000007816 ) ) ;
#6616 = LINE ( 'NONE', #4207, #5928 ) ;
#6617 = CARTESIAN_POINT ( 'NONE',  ( 3.521966060452320857, -60.61086600825061765, 54.30661189539449651 ) ) ;
#6618 = CARTESIAN_POINT ( 'NONE',  ( 16.19355826683472088, -41.99055481116210586, 32.15283395570574498 ) ) ;
#6619 = ORIENTED_EDGE ( 'NONE', *, *, #8867, .T. ) ;
#6620 = CARTESIAN_POINT ( 'NONE',  ( -6.277683920566659026, -46.06014827733813632, -35.47159549230828191 ) ) ;
#6621 = CARTESIAN_POINT ( 'NONE',  ( 0.0000000000000000000, -1.999999999999999112, 3.441911658684215499E-18 ) ) ;
#6622 = PERSON_AND_ORGANIZATION ( #7027, #7668 ) ;
#6623 = AXIS2_PLACEMENT_3D ( 'NONE', #5205, #8271, #1400 ) ;
#6624 = CARTESIAN_POINT ( 'NONE',  ( 5.588893399194360789, 14.79738018470649585, 35.56423430461147461 ) ) ;
#6625 = CARTESIAN_POINT ( 'NONE',  ( 2.882866527820955316, -67.59048938968136611, 53.96463607487711300 ) ) ;
#6626 = CARTESIAN_POINT ( 'NONE',  ( 23.72756208047314175, -41.81475737386188030, -27.09688154896760892 ) ) ;
#6627 = LINE ( 'NONE', #8236, #3516 ) ;
#6628 = CARTESIAN_POINT ( 'NONE',  ( 32.47796626409024157, -44.62029356823209270, 3.442146824947624584 ) ) ;
#6629 = CIRCLE ( 'NONE', #6938, 2.100000000000006306 ) ;
#6630 = CARTESIAN_POINT ( 'NONE',  ( -22.65761722962217917, 18.99999999537091711, 24.69755702639801243 ) ) ;
#6631 = DIRECTION ( 'NONE',  ( 7.232542356195667155E-15, -1.000000000000000000, 1.276710262284687461E-15 ) ) ;
#6632 = ORIENTED_EDGE ( 'NONE', *, *, #8329, .T. ) ;
#6633 = FACE_OUTER_BOUND ( 'NONE', #6982, .T. ) ;
#6634 = APPROVAL_DATE_TIME ( #9084, #9172 ) ;
#6635 = CARTESIAN_POINT ( 'NONE',  ( -18.42175990098755278, 5.000000000000000888, 30.92957746478874270 ) ) ;
#6636 = CARTESIAN_POINT ( 'NONE',  ( -8.930455135991282489, -52.28457917112018549, 34.50000000000007816 ) ) ;
#6637 = CIRCLE ( 'NONE', #9349, 8.750000000000001776 ) ;
#6638 = VERTEX_POINT ( 'NONE', #4497 ) ;
#6639 = CARTESIAN_POINT ( 'NONE',  ( 0.0000000000000000000, 0.0000000000000000000, 0.0000000000000000000 ) ) ;
#6640 = CARTESIAN_POINT ( 'NONE',  ( -25.25763697039776545, -43.96517060184989134, 25.66300065443871503 ) ) ;
#6641 = CARTESIAN_POINT ( 'NONE',  ( -35.89557862932593224, -54.20875593371215473, 2.829000302848434512 ) ) ;
#6642 = AXIS2_PLACEMENT_3D ( 'NONE', #1561, #5362, #8525 ) ;
#6643 = CARTESIAN_POINT ( 'NONE',  ( 21.05178238989614670, 18.99999998340416596, 26.90271247980099290 ) ) ;
#6644 = CARTESIAN_POINT ( 'NONE',  ( 2.727794095197458191, -49.41413848882545778, -35.89655434152422941 ) ) ;
#6645 = DIRECTION ( 'NONE',  ( 1.000000000000000000, 1.586032892321651891E-15, 0.0000000000000000000 ) ) ;
#6646 = EDGE_CURVE ( 'NONE', #1508, #5594, #4353, .T. ) ;
#6647 = CARTESIAN_POINT ( 'NONE',  ( -8.000000000000000000, 18.00000000000001421, -36.00000000000002132 ) ) ;
#6648 = CARTESIAN_POINT ( 'NONE',  ( 17.75000000000013145, 18.66776619446767072, -30.68746130305528652 ) ) ;
#6649 = LINE ( 'NONE', #2643, #6467 ) ;
#6650 = EDGE_LOOP ( 'NONE', ( #5866 ) ) ;
#6651 = CARTESIAN_POINT ( 'NONE',  ( -9.778118034120801383, 14.40779291451369737, 34.64748957737465673 ) ) ;
#6652 = ORIENTED_EDGE ( 'NONE', *, *, #6721, .T. ) ;
#6653 = LINE ( 'NONE', #259, #4542 ) ;
#6654 = CARTESIAN_POINT ( 'NONE',  ( -36.00000000000002842, -38.99999999999985789, 33.00000000000000000 ) ) ;
#6655 = ORIENTED_EDGE ( 'NONE', *, *, #5671, .F. ) ;
#6656 = CARTESIAN_POINT ( 'NONE',  ( 5.112955930810322535E-13, -65.30000000000003979, -35.99999999999990052 ) ) ;
#6657 = VERTEX_POINT ( 'NONE', #2041 ) ;
#6658 = CARTESIAN_POINT ( 'NONE',  ( 0.2365115771613339746, -56.80049478951036690, 54.63754757944838047 ) ) ;
#6659 = CARTESIAN_POINT ( 'NONE',  ( 7.513291323541001709, 22.00418323363149042, -35.21129038767321617 ) ) ;
#6660 = CC_DESIGN_PERSON_AND_ORGANIZATION_ASSIGNMENT ( #6264, #3163, ( #8144 ) ) ;
#6661 = DIRECTION ( 'NONE',  ( -0.0000000000000000000, 1.000000000000000000, -0.0000000000000000000 ) ) ;
#6662 = CARTESIAN_POINT ( 'NONE',  ( 22.13969708150684923, -38.99113211324219463, 28.38783854159337494 ) ) ;
#6663 = FACE_OUTER_BOUND ( 'NONE', #9089, .T. ) ;
#6664 = CARTESIAN_POINT ( 'NONE',  ( 3.130823379258081296, -58.73428313190192540, 54.41588319864199974 ) ) ;
#6665 = CARTESIAN_POINT ( 'NONE',  ( 9.744873993718941918, -42.28296439891790470, 33.55301009817225832 ) ) ;
#6666 = ORIENTED_EDGE ( 'NONE', *, *, #2261, .T. ) ;
#6667 = EDGE_CURVE ( 'NONE', #6825, #4906, #9813, .T. ) ;
#6668 = CARTESIAN_POINT ( 'NONE',  ( 9.429063765041709289, -45.07245614909881226, -34.77617304717205826 ) ) ;
#6669 = FACE_OUTER_BOUND ( 'NONE', #5294, .T. ) ;
#6670 = DATE_TIME_ROLE ( 'classification_date' ) ;
#6671 = CARTESIAN_POINT ( 'NONE',  ( 4.414449522387711156, 16.20717370791474465, 35.72846672924303846 ) ) ;
#6672 = CARTESIAN_POINT ( 'NONE',  ( -7.237917127710311149, -58.50670375033689652, 57.33359642280355928 ) ) ;
#6673 = CARTESIAN_POINT ( 'NONE',  ( 24.70651684265242309, -43.25529851918335567, -26.22905340525930740 ) ) ;
#6674 = LINE ( 'NONE', #8135, #478 ) ;
#6675 = CARTESIAN_POINT ( 'NONE',  ( 32.02343683996684121, -44.03160654443217226, 6.304033145093329793 ) ) ;
#6676 = CARTESIAN_POINT ( 'NONE',  ( -21.28967698805094955, 18.99999997377023320, 26.62811637159923706 ) ) ;
#6677 = CARTESIAN_POINT ( 'NONE',  ( 0.8017858466384464311, -53.90429288081032411, 52.49999999989298516 ) ) ;
#6678 = ORIENTED_EDGE ( 'NONE', *, *, #2171, .F. ) ;
#6679 = DIRECTION ( 'NONE',  ( 2.168404344971006896E-16, -0.0000000000000000000, 1.000000000000000000 ) ) ;
#6680 = APPROVAL_STATUS ( 'not_yet_approved' ) ;
#6681 = CARTESIAN_POINT ( 'NONE',  ( -11.44972126833652659, -40.85458568221898190, -33.17178962627701821 ) ) ;
#6682 = AXIS2_PLACEMENT_3D ( 'NONE', #6303, #5650, #3949 ) ;
#6683 = VERTEX_POINT ( 'NONE', #1241 ) ;
#6684 = ORIENTED_EDGE ( 'NONE', *, *, #7886, .F. ) ;
#6685 = UNCERTAINTY_MEASURE_WITH_UNIT (LENGTH_MEASURE( 1.000000000000000082E-05 ), #1926, 'distance_accuracy_value', 'NONE');
#6686 = AXIS2_PLACEMENT_3D ( 'NONE', #9320, #7673, #6861 ) ;
#6687 = CARTESIAN_POINT ( 'NONE',  ( -23.64785849290047892, -41.61760617057182543, 27.14597072930467192 ) ) ;
#6688 = CARTESIAN_POINT ( 'NONE',  ( -29.44780988959035994, -48.75866565074968406, 20.71394527220976300 ) ) ;
#6689 = CARTESIAN_POINT ( 'NONE',  ( 3.000000000001746159, 4.200000000000000178, 25.49999999999608136 ) ) ;
#6690 = CARTESIAN_POINT ( 'NONE',  ( -13.89056988842251883, -45.20749641874797931, -33.21268335200115018 ) ) ;
#6691 = CARTESIAN_POINT ( 'NONE',  ( 21.82889763360832447, 18.99999992393010828, -25.95067489747937728 ) ) ;
#6692 = DIRECTION ( 'NONE',  ( 0.0000000000000000000, -0.0000000000000000000, -1.000000000000000000 ) ) ;
#6693 = AXIS2_PLACEMENT_3D ( 'NONE', #9256, #6340, #5443 ) ;
#6694 = CARTESIAN_POINT ( 'NONE',  ( 25.80000000000012861, -63.00000000000001421, 17.88854381999830778 ) ) ;
#6695 = CARTESIAN_POINT ( 'NONE',  ( 2.453877267360263126, -57.79943975982924798, 55.41204413016328800 ) ) ;
#6696 = CARTESIAN_POINT ( 'NONE',  ( 24.48343061180871771, -42.87097182647175231, -26.39274500534683554 ) ) ;
#6697 = LOCAL_TIME ( 17, 37, 41.00000000000000000, #3869 ) ;
#6698 = AXIS2_PLACEMENT_3D ( 'NONE', #7169, #9486, #8636 ) ;
#6699 = EDGE_LOOP ( 'NONE', ( #371 ) ) ;
#6700 = DIRECTION ( 'NONE',  ( -0.0000000000000000000, -0.0000000000000000000, -1.000000000000000000 ) ) ;
#6701 = ORIENTED_EDGE ( 'NONE', *, *, #3276, .T. ) ;
#6702 = AXIS2_PLACEMENT_3D ( 'NONE', #1109, #5759, #3253 ) ;
#6703 = DIRECTION ( 'NONE',  ( 0.0000000000000000000, -1.000000000000000000, 0.0000000000000000000 ) ) ;
#6704 = EDGE_CURVE ( 'NONE', #2480, #7617, #2039, .T. ) ;
#6705 = ORIENTED_EDGE ( 'NONE', *, *, #7015, .T. ) ;
#6706 = DIRECTION ( 'NONE',  ( 9.233861048563673244E-30, -1.276710262284686278E-15, -1.000000000000000000 ) ) ;
#6707 = VERTEX_POINT ( 'NONE', #2894 ) ;
#6708 = CARTESIAN_POINT ( 'NONE',  ( 0.6926929581044681816, -56.86712621043918858, 54.61311073274168848 ) ) ;
#6709 = AXIS2_PLACEMENT_3D ( 'NONE', #7276, #7121, #412 ) ;
#6710 = VECTOR ( 'NONE', #137, 1000.000000000000000 ) ;
#6711 = DIRECTION ( 'NONE',  ( 0.0000000000000000000, -1.000000000000000000, 0.0000000000000000000 ) ) ;
#6712 = CARTESIAN_POINT ( 'NONE',  ( 19.66286327534160350, -32.48720560315457107, 30.15579827678237734 ) ) ;
#6713 = DIRECTION ( 'NONE',  ( 0.0000000000000000000, -1.000000000000000000, 0.0000000000000000000 ) ) ;
#6714 = AXIS2_PLACEMENT_3D ( 'NONE', #9021, #3975, #6278 ) ;
#6715 = CARTESIAN_POINT ( 'NONE',  ( 16.47330879017742333, -41.17530134279112275, 32.00986337237737445 ) ) ;
#6716 = DIRECTION ( 'NONE',  ( 1.000000000000000000, 7.232542356195667155E-15, 0.0000000000000000000 ) ) ;
#6717 = ORIENTED_EDGE ( 'NONE', *, *, #7389, .F. ) ;
#6718 = VECTOR ( 'NONE', #3293, 1000.000000000000000 ) ;
#6719 = EDGE_CURVE ( 'NONE', #4455, #1130, #1396, .T. ) ;
#6720 = CARTESIAN_POINT ( 'NONE',  ( -1.830776274633176159, -46.64029659565729702, -35.95728177090397537 ) ) ;
#6721 = EDGE_CURVE ( 'NONE', #4063, #4593, #7363, .T. ) ;
#6722 = FACE_OUTER_BOUND ( 'NONE', #5338, .T. ) ;
#6723 = CARTESIAN_POINT ( 'NONE',  ( 10.00397106793785973, 14.52871390111551264, 34.58280037222035475 ) ) ;
#6724 = CARTESIAN_POINT ( 'NONE',  ( 7.308819902105308408, -62.15693416800542082, 53.41747754735408193 ) ) ;
#6725 = AXIS2_PLACEMENT_3D ( 'NONE', #7595, #8397, #8496 ) ;
#6726 = CARTESIAN_POINT ( 'NONE',  ( 27.16119219940174645, -46.31323164517294799, -23.63176918476771249 ) ) ;
#6727 = DIRECTION ( 'NONE',  ( 1.000000000000000000, -1.387778780781444413E-14, 0.0000000000000000000 ) ) ;
#6728 = EDGE_CURVE ( 'NONE', #5449, #8763, #8219, .T. ) ;
#6729 = VECTOR ( 'NONE', #5788, 1000.000000000000000 ) ;
#6730 = CARTESIAN_POINT ( 'NONE',  ( 29.55922980345868822, -40.18152754156182738, -13.20234667806444584 ) ) ;
#6731 = CARTESIAN_POINT ( 'NONE',  ( -20.61685718309883697, 18.99999999638482606, 27.36331287729401041 ) ) ;
#6732 = AXIS2_PLACEMENT_3D ( 'NONE', #5179, #8243, #618 ) ;
#6733 = DIRECTION ( 'NONE',  ( 0.3105242167236345607, -0.9505654689857891970, -0.0000000000000000000 ) ) ;
#6734 = ORIENTED_EDGE ( 'NONE', *, *, #1698, .T. ) ;
#6735 = LINE ( 'NONE', #2922, #3996 ) ;
#6736 = PERSON_AND_ORGANIZATION ( #7395, #7661 ) ;
#6737 = CARTESIAN_POINT ( 'NONE',  ( 3.023174873247773231, -44.12527087482610710, -34.41315709650950083 ) ) ;
#6738 = ORIENTED_EDGE ( 'NONE', *, *, #5124, .F. ) ;
#6739 = AXIS2_PLACEMENT_3D ( 'NONE', #5336, #2937, #3692 ) ;
#6740 = LINE ( 'NONE', #9798, #8651 ) ;
#6741 = CARTESIAN_POINT ( 'NONE',  ( -31.00184871042239010, -50.23668561206591221, 18.30060956159417174 ) ) ;
#6742 = CARTESIAN_POINT ( 'NONE',  ( -32.24569209177825257, -51.33717353734612487, -16.01784029895206629 ) ) ;
#6743 = CARTESIAN_POINT ( 'NONE',  ( 21.90025837240633422, 18.99999992433998131, 25.85403437409538441 ) ) ;
#6744 = CARTESIAN_POINT ( 'NONE',  ( 0.4686953276807853674, -49.53565361179893500, -35.99999588311931831 ) ) ;
#6745 = CARTESIAN_POINT ( 'NONE',  ( 23.25843340215693189, 18.99999996073700004, -23.54701042360640528 ) ) ;
#6746 = PLANE ( 'NONE',  #5896 ) ;
#6747 = CARTESIAN_POINT ( 'NONE',  ( -9.920016917445499516, -59.01429494499772233, 34.60627064164113875 ) ) ;
#6748 = CARTESIAN_POINT ( 'NONE',  ( 33.44610800131700756, -52.33467013814222213, -13.32203638020698122 ) ) ;
#6749 = EDGE_LOOP ( 'NONE', ( #1127 ) ) ;
#6750 = ORIENTED_EDGE ( 'NONE', *, *, #1399, .F. ) ;
#6751 = CARTESIAN_POINT ( 'NONE',  ( -26.07998034839193124, -28.55587730096133114, -26.17608329417238977 ) ) ;
#6752 = FACE_OUTER_BOUND ( 'NONE', #3410, .T. ) ;
#6753 = CARTESIAN_POINT ( 'NONE',  ( -32.99999999999958078, -56.50000000000023448, 3.732863799708619654E-14 ) ) ;
#6754 = EDGE_LOOP ( 'NONE', ( #2232, #3723, #1207, #2757, #6447, #6186, #3302, #8611, #2567, #699, #3875, #3307 ) ) ;
#6755 = DIRECTION ( 'NONE',  ( 7.232542356195667155E-15, -1.000000000000000000, 1.276710262284687461E-15 ) ) ;
#6756 = ORIENTED_EDGE ( 'NONE', *, *, #3942, .T. ) ;
#6757 = CARTESIAN_POINT ( 'NONE',  ( 0.5770938986756237732, -56.84600503138673844, 54.61947812329591301 ) ) ;
#6758 = DIRECTION ( 'NONE',  ( 7.494005416219809803E-15, -1.000000000000000000, 1.241267076623641884E-15 ) ) ;
#6759 = CARTESIAN_POINT ( 'NONE',  ( 3.590874744347222425, -54.04974433774297182, 29.70283815603360011 ) ) ;
#6760 = DIRECTION ( 'NONE',  ( -0.0000000000000000000, -0.0000000000000000000, -1.000000000000000000 ) ) ;
#6761 = CARTESIAN_POINT ( 'NONE',  ( 14.96790725250273724, -44.04269716836600423, 32.74082855801308511 ) ) ;
#6762 = CARTESIAN_POINT ( 'NONE',  ( -9.527031841213995378, -47.87361973627031375, 34.71966300862547428 ) ) ;
#6763 = VERTEX_POINT ( 'NONE', #1351 ) ;
#6764 = ADVANCED_FACE ( 'NONE', ( #3649 ), #2147, .F. ) ;
#6765 = CARTESIAN_POINT ( 'NONE',  ( -2.098783972748350823, -49.46853553200745779, -35.94261798653429452 ) ) ;
#6766 = CYLINDRICAL_SURFACE ( 'NONE', #6037, 3.299999999999997158 ) ;
#6767 = AXIS2_PLACEMENT_3D ( 'NONE', #3238, #7147, #5535 ) ;
#6768 = CALENDAR_DATE ( 2023, 16, 11 ) ;
#6769 = CARTESIAN_POINT ( 'NONE',  ( -7.877239002198610507, -57.84814239764316568, 34.50000000000007816 ) ) ;
#6770 = DIRECTION ( 'NONE',  ( 0.0000000000000000000, 0.0000000000000000000, -1.000000000000000000 ) ) ;
#6771 = EDGE_CURVE ( 'NONE', #9286, #2561, #5202, .T. ) ;
#6772 = CARTESIAN_POINT ( 'NONE',  ( 33.01210320742659121, -51.98522868385892082, -14.40881045390503346 ) ) ;
#6773 = DIRECTION ( 'NONE',  ( -0.0000000000000000000, -0.0000000000000000000, -1.000000000000000000 ) ) ;
#6774 = EDGE_CURVE ( 'NONE', #4832, #2986, #9860, .T. ) ;
#6775 = CARTESIAN_POINT ( 'NONE',  ( -24.08029251024187190, 18.99999999997826094, -21.22863033043975634 ) ) ;
#6776 = EDGE_CURVE ( 'NONE', #4998, #4296, #9063, .T. ) ;
#6777 = CARTESIAN_POINT ( 'NONE',  ( -21.08769587631955389, 18.99999999171770781, 26.86046877040243785 ) ) ;
#6778 = FACE_OUTER_BOUND ( 'NONE', #7791, .T. ) ;
#6779 = ORIENTED_EDGE ( 'NONE', *, *, #6322, .F. ) ;
#6780 = EDGE_CURVE ( 'NONE', #5529, #3036, #8802, .T. ) ;
#6781 = CARTESIAN_POINT ( 'NONE',  ( -32.16853326320129014, -44.22294182378830385, -5.565283155716381103 ) ) ;
#6782 = APPROVAL_STATUS ( 'not_yet_approved' ) ;
#6783 = CARTESIAN_POINT ( 'NONE',  ( -18.75238095238089642, 18.24833147735416361, 30.49570803599727142 ) ) ;
#6784 = LINE ( 'NONE', #2970, #2411 ) ;
#6785 = ORIENTED_EDGE ( 'NONE', *, *, #5473, .F. ) ;
#6786 = ORIENTED_EDGE ( 'NONE', *, *, #7440, .T. ) ;
#6787 = CARTESIAN_POINT ( 'NONE',  ( -24.24496841491012589, -42.52477558182138040, 26.61279490841819140 ) ) ;
#6788 = ADVANCED_FACE ( 'NONE', ( #500 ), #5245, .T. ) ;
#6789 = CARTESIAN_POINT ( 'NONE',  ( -32.02343683996620882, -44.03160654443265543, -6.304033145093328905 ) ) ;
#6790 = ORIENTED_EDGE ( 'NONE', *, *, #3148, .T. ) ;
#6791 = CARTESIAN_POINT ( 'NONE',  ( 22.02882511049811143, 18.99999993285256039, 25.67522665284028704 ) ) ;
#6792 = ADVANCED_FACE ( 'NONE', ( #2989, #4297 ), #6041, .F. ) ;
#6793 = VECTOR ( 'NONE', #6116, 1000.000000000000000 ) ;
#6794 = CARTESIAN_POINT ( 'NONE',  ( -5.655316078239399857, -48.99601718208520396, -35.55303453224317423 ) ) ;
#6795 = CARTESIAN_POINT ( 'NONE',  ( 23.11723649295742433, 18.99999998413696645, -23.84079948853831610 ) ) ;
#6796 = CARTESIAN_POINT ( 'NONE',  ( -1.131100109967818179, -68.08613805904032290, 30.36786714008783861 ) ) ;
#6797 = LINE ( 'NONE', #6694, #8189 ) ;
#6798 = CARTESIAN_POINT ( 'NONE',  ( 27.35453444663933453, -46.53251358431050022, -23.40462221049366676 ) ) ;
#6799 = EDGE_LOOP ( 'NONE', ( #8595 ) ) ;
#6800 = ORIENTED_EDGE ( 'NONE', *, *, #1559, .T. ) ;
#6801 = DIRECTION ( 'NONE',  ( 7.415753963601008017E-17, 8.262330760336000271E-17, 1.000000000000000000 ) ) ;
#6802 = VERTEX_POINT ( 'NONE', #2248 ) ;
#6803 = CARTESIAN_POINT ( 'NONE',  ( -1.679909339373117483, -68.26541929916501772, 30.50000000000007816 ) ) ;
#6804 = EDGE_LOOP ( 'NONE', ( #1053 ) ) ;
#6805 = CARTESIAN_POINT ( 'NONE',  ( 11.00000000000053646, -72.29999999999995453, -17.88854381999820475 ) ) ;
#6806 = CARTESIAN_POINT ( 'NONE',  ( -10.99999999999988098, -26.00000000000004263, 17.88854381999833976 ) ) ;
#6807 = CARTESIAN_POINT ( 'NONE',  ( 3.980814712676603538E-13, -60.29999999999996163, 37.50000000000008527 ) ) ;
#6808 = DIRECTION ( 'NONE',  ( -3.447511351103833455E-17, 1.055339670082016899E-16, 1.000000000000000000 ) ) ;
#6809 = EDGE_CURVE ( 'NONE', #7607, #1773, #7192, .T. ) ;
#6810 = CARTESIAN_POINT ( 'NONE',  ( 5.192916600108214098, -49.08874604890280580, 35.62722196169522704 ) ) ;
#6811 = EDGE_LOOP ( 'NONE', ( #5927 ) ) ;
#6812 = CARTESIAN_POINT ( 'NONE',  ( -0.4507794715818271847, -46.68834448488633626, -36.00014759441193490 ) ) ;
#6813 = CYLINDRICAL_SURFACE ( 'NONE', #4122, 32.49999999999998579 ) ;
#6814 = ADVANCED_FACE ( 'NONE', ( #919 ), #5344, .F. ) ;
#6815 = SECURITY_CLASSIFICATION_LEVEL ( 'unclassified' ) ;
#6816 = CARTESIAN_POINT ( 'NONE',  ( -0.7759108536056504857, -44.26759141637795381, 34.49985407502557422 ) ) ;
#6817 = CARTESIAN_POINT ( 'NONE',  ( 2.620900258610346256, -57.94934920370207010, 56.24420195043937554 ) ) ;
#6818 = DIRECTION ( 'NONE',  ( -1.000000000000000000, -7.324388009679854455E-15, 0.0000000000000000000 ) ) ;
#6819 = CARTESIAN_POINT ( 'NONE',  ( 34.82742970763526813, -47.79597489662899079, -9.381782985642344030 ) ) ;
#6820 = LINE ( 'NONE', #9358, #2235 ) ;
#6821 = FACE_BOUND ( 'NONE', #3381, .T. ) ;
#6822 = CARTESIAN_POINT ( 'NONE',  ( -23.94380749335189407, 18.99999998340416596, 21.72930070062360031 ) ) ;
#6823 = CARTESIAN_POINT ( 'NONE',  ( 2.999999999999999556, 4.200000000000000178, 25.50000000000000355 ) ) ;
#6824 = EDGE_CURVE ( 'NONE', #2745, #4215, #6070, .T. ) ;
#6825 = VERTEX_POINT ( 'NONE', #8453 ) ;
#6826 = CALENDAR_DATE ( 2023, 16, 11 ) ;
#6827 = CARTESIAN_POINT ( 'NONE',  ( 11.95599184493493716, -39.95624346417498174, -33.04407806090952704 ) ) ;
#6828 = CARTESIAN_POINT ( 'NONE',  ( 1.679909339373913957, -52.33458070083491975, 32.00000000000008527 ) ) ;
#6829 = EDGE_LOOP ( 'NONE', ( #6931 ) ) ;
#6830 = ORIENTED_EDGE ( 'NONE', *, *, #7618, .T. ) ;
#6831 = EDGE_CURVE ( 'NONE', #6885, #8095, #46, .T. ) ;
#6832 = CARTESIAN_POINT ( 'NONE',  ( -34.82957329558488624, -47.79824936544667224, -9.373343997094425006 ) ) ;
#6833 = CARTESIAN_POINT ( 'NONE',  ( 0.0000000000000000000, 23.00000000000000000, 0.0000000000000000000 ) ) ;
#6834 = CARTESIAN_POINT ( 'NONE',  ( -17.67766952966358929, 5.000000000000000888, 24.92766952966378469 ) ) ;
#6835 = CARTESIAN_POINT ( 'NONE',  ( 14.87739849335894426, -44.15561504093028589, -32.78205452912796858 ) ) ;
#6836 = CARTESIAN_POINT ( 'NONE',  ( 23.45103277755514526, 18.99999992730942466, -23.10795025994804419 ) ) ;
#6837 = DIRECTION ( 'NONE',  ( -0.0000000000000000000, -0.0000000000000000000, -1.000000000000000000 ) ) ;
#6838 = CARTESIAN_POINT ( 'NONE',  ( 27.94158256107353466, -47.18618813220774655, -22.69963804112769523 ) ) ;
#6839 = EDGE_LOOP ( 'NONE', ( #4678 ) ) ;
#6840 = EDGE_CURVE ( 'NONE', #3569, #3162, #9252, .T. ) ;
#6841 = ORIENTED_EDGE ( 'NONE', *, *, #4673, .F. ) ;
#6842 = CIRCLE ( 'NONE', #9086, 35.99999999999998579 ) ;
#6843 = DIRECTION ( 'NONE',  ( 0.0000000000000000000, 0.0000000000000000000, 1.000000000000000000 ) ) ;
#6844 = ORIENTED_EDGE ( 'NONE', *, *, #3836, .F. ) ;
#6845 = CARTESIAN_POINT ( 'NONE',  ( 1.815248531009771460, -68.34781788876136943, 34.50000000000007816 ) ) ;
#6846 = VERTEX_POINT ( 'NONE', #6845 ) ;
#6847 = AXIS2_PLACEMENT_3D ( 'NONE', #7793, #3235, #923 ) ;
#6848 = CARTESIAN_POINT ( 'NONE',  ( -1.956672105623793900, -57.36207494806711082, 54.71734127283780680 ) ) ;
#6849 = CARTESIAN_POINT ( 'NONE',  ( 3.980814712676603538E-13, -60.29999999999996163, 34.50000000000007816 ) ) ;
#6850 = LOCAL_TIME ( 17, 37, 41.00000000000000000, #4261 ) ;
#6851 = DIRECTION ( 'NONE',  ( 0.0000000000000000000, 1.000000000000000000, 0.0000000000000000000 ) ) ;
#6852 = VECTOR ( 'NONE', #5561, 1000.000000000000000 ) ;
#6853 = FACE_OUTER_BOUND ( 'NONE', #346, .T. ) ;
#6854 = CARTESIAN_POINT ( 'NONE',  ( 13.03076041260420048, -45.92453276977999366, 33.55889509686884509 ) ) ;
#6855 = CARTESIAN_POINT ( 'NONE',  ( -1.074338104992405452, -49.53518283275290912, 35.99959589984158015 ) ) ;
#6856 = EDGE_LOOP ( 'NONE', ( #6122 ) ) ;
#6857 = CIRCLE ( 'NONE', #3967, 5.999999999977441156 ) ;
#6858 = AXIS2_PLACEMENT_3D ( 'NONE', #2653, #995, #3247 ) ;
#6859 = VERTEX_POINT ( 'NONE', #6138 ) ;
#6860 = CARTESIAN_POINT ( 'NONE',  ( 1.143327048205868612, -63.61665690971496190, 54.28901995194497232 ) ) ;
#6861 = DIRECTION ( 'NONE',  ( -1.000000000000000000, 0.0000000000000000000, 0.0000000000000000000 ) ) ;
#6862 = CIRCLE ( 'NONE', #4949, 32.49999999999998579 ) ;
#6863 = CARTESIAN_POINT ( 'NONE',  ( -9.505899677257444225, -42.43189142176187545, 33.60250595556531295 ) ) ;
#6864 = CARTESIAN_POINT ( 'NONE',  ( 8.000000000000000000, 18.00000000000001421, 36.00000000000002132 ) ) ;
#6865 = B_SPLINE_CURVE_WITH_KNOTS ( 'NONE', 3,
 ( #6602, #9658, #9056, #3081, #1342, #6088, #2186, #1388, #3837, #2329, #1441, #685, #5381, #7554, #1540, #9855, #7601, #6894, #4398, #2983, #9151, #4538, #5236, #6034, #588, #3641, #3740, #2888, #6696, #2284, #3787, #2241, #4585, #776, #9103, #40, #8307, #6798, #9806, #9199, #6838, #9010, #7453, #5337, #5984, #3034, #9759, #5292, #9903, #4490, #5940, #7650, #8262, #2140, #5195, #4438, #7500, #640, #6131, #3694, #6748, #2939, #8357, #1491, #733, #8403, #8446, #1588, #6940, #2377, #82, #4638, #7701, #826, #3129, #3883, #6178, #9244, #1306, #7218, #3405, #6459, #1101, #7369, #9522, #8120, #2655, #1155, #449, #356, #8827, #1247, #9720, #4304, #2704, #1999, #506, #3564, #8175, #6614, #2846, #8070, #4205, #1200, #3506, #7418, #8921, #5752, #7265, #2799, #2753, #5701, #400, #9569, #1954, #8773, #4358, #2047, #3609, #5008, #9673, #4250, #7313, #5801, #5849, #8024, #6562, #5899, #7967, #5106, #9628, #3453, #553, #8973, #8873, #5055, #2104, #6662, #4155, #1900, #4958, #6505, #9022, #5996, #7612, #8368, #2949, #3750, #7466, #3656, #7567, #6712, #9772, #3050, #741, #9118 ),
 .UNSPECIFIED., .F., .F.,
 ( 4, 2, 2, 1, 1, 2, 2, 2, 2, 1, 1, 1, 2, 2, 2, 2, 1, 1, 1, 2, 2, 2, 2, 1, 1, 1, 2, 2, 2, 2, 1, 1, 1, 2, 2, 2, 2, 1, 1, 1, 2, 2, 2, 2, 1, 1, 2, 2, 2, 2, 2, 1, 1, 2, 2, 2, 2, 1, 1, 1, 2, 2, 2, 2, 1, 1, 1, 2, 2, 2, 2, 1, 1, 1, 2, 2, 2, 2, 1, 1, 1, 2, 2, 2, 2, 1, 1, 1, 2, 2, 2, 2, 1, 1, 2, 2, 4 ),
 ( 0.0000000000000000000, 0.03125000000001274675, 0.04687500000001912359, 0.05468750000002237099, 0.05859375000002398082, 0.06054687500002478573, 0.06250000000002559064, 0.09375000000003708145, 0.1093750000000427713, 0.1171875000000456163, 0.1210937500000471290, 0.1230468750000478229, 0.1240234375000480588, 0.1250000000000482947, 0.1562500000000526246, 0.1718750000000547062, 0.1796875000000558165, 0.1835937500000564271, 0.1855468750000566491, 0.1865234375000568157, 0.1875000000000569822, 0.2187500000000568712, 0.2343750000000568157, 0.2421875000000568712, 0.2460937500000569267, 0.2480468750000569544, 0.2490234375000570655, 0.2500000000000571210, 0.2812500000000553446, 0.2968750000000544009, 0.3046875000000540124, 0.3085937500000538458, 0.3105468750000537348, 0.3115234375000536793, 0.3125000000000536238, 0.3437500000000539568, 0.3593750000000541234, 0.3671875000000542344, 0.3710937500000542899, 0.3730468750000542344, 0.3740234375000542899, 0.3750000000000543454, 0.4062500000000535127, 0.4218750000000531242, 0.4296875000000529021, 0.4335937500000527911, 0.4355468750000527356, 0.4375000000000527356, 0.5000000000000505151, 0.5312500000000494049, 0.5468750000000488498, 0.5546875000000486278, 0.5585937500000484057, 0.5605468750000482947, 0.5625000000000482947, 0.5937500000000468514, 0.6093750000000461853, 0.6171875000000458522, 0.6210937500000456302, 0.6230468750000456302, 0.6240234375000456302, 0.6250000000000455191, 0.6562500000000447420, 0.6718750000000444089, 0.6796875000000442979, 0.6835937500000441869, 0.6855468750000440759, 0.6865234375000438538, 0.6875000000000437428, 0.7187500000000371925, 0.7343750000000338618, 0.7421875000000323075, 0.7460937500000314193, 0.7480468750000309752, 0.7490234375000308642, 0.7500000000000306422, 0.7812500000000255351, 0.7968750000000229816, 0.8046875000000217604, 0.8085937500000213163, 0.8105468750000210942, 0.8115234375000210942, 0.8125000000000209832, 0.8437500000000189848, 0.8593750000000177636, 0.8671875000000172085, 0.8710937500000168754, 0.8730468750000167644, 0.8740234375000165423, 0.8750000000000164313, 0.9062500000000137668, 0.9218750000000124345, 0.9296875000000117684, 0.9335937500000113243, 0.9355468750000109912, 0.9375000000000106581, 1.000000000000000000 ),
 .UNSPECIFIED. ) ;
#6866 = CARTESIAN_POINT ( 'NONE',  ( 35.99974177444352108, -48.98072156804934707, -0.5898571102667298227 ) ) ;
#6867 = CARTESIAN_POINT ( 'NONE',  ( 12.12435565298225448, 10.49999999999996803, -23.00000000000000355 ) ) ;
#6868 = AXIS2_PLACEMENT_3D ( 'NONE', #6559, #2603, #5649 ) ;
#6869 = CARTESIAN_POINT ( 'NONE',  ( -24.07919756067351358, 18.99999999999563016, -21.23289859628374643 ) ) ;
#6870 = CARTESIAN_POINT ( 'NONE',  ( 9.038773672811435844, -62.20628010141714270, 46.50000000000008527 ) ) ;
#6871 = FACE_OUTER_BOUND ( 'NONE', #9821, .T. ) ;
#6872 = EDGE_LOOP ( 'NONE', ( #5945, #9907, #9253, #1651 ) ) ;
#6873 = VECTOR ( 'NONE', #647, 1000.000000000000000 ) ;
#6874 = APPROVAL_STATUS ( 'not_yet_approved' ) ;
#6875 = CARTESIAN_POINT ( 'NONE',  ( 1.160386864023234432, -66.61492162441270182, -35.98138383207429314 ) ) ;
#6876 = CIRCLE ( 'NONE', #3839, 1.649999999999998579 ) ;
#6877 = CARTESIAN_POINT ( 'NONE',  ( 4.910661645800725061, -53.67067860181258254, 34.50000000000007816 ) ) ;
#6878 = EDGE_CURVE ( 'NONE', #1773, #5720, #2717, .T. ) ;
#6879 = VERTEX_POINT ( 'NONE', #3932 ) ;
#6880 = AXIS2_PLACEMENT_3D ( 'NONE', #8795, #6324, #3267 ) ;
#6881 = BREP_WITH_VOIDS ( 'NONE', #9613, ( #3102, #7582 ) );
#6882 = VERTEX_POINT ( 'NONE', #9205 ) ;
#6883 = AXIS2_PLACEMENT_3D ( 'NONE', #256, #2409, #3300 ) ;
#6884 = CARTESIAN_POINT ( 'NONE',  ( -30.45329897604916169, -41.73322464186048109, -11.35036012150261975 ) ) ;
#6885 = VERTEX_POINT ( 'NONE', #6286 ) ;
#6886 = CARTESIAN_POINT ( 'NONE',  ( 25.10000000000108500, -153.7965029924594660, 18.10000000000022524 ) ) ;
#6887 = VERTEX_POINT ( 'NONE', #35 ) ;
#6888 = CARTESIAN_POINT ( 'NONE',  ( 16.61906171854539238, -40.85367694822246420, -31.93670487687433379 ) ) ;
#6889 = CARTESIAN_POINT ( 'NONE',  ( 24.06937606972593713, 19.00000000000000355, -21.27131678119835101 ) ) ;
#6890 = DIRECTION ( 'NONE',  ( -7.232542356195667155E-15, 1.000000000000000000, -1.276710262284687461E-15 ) ) ;
#6891 = AXIS2_PLACEMENT_3D ( 'NONE', #4488, #5939, #8402 ) ;
#6892 = CARTESIAN_POINT ( 'NONE',  ( 2.328550763297794646, -57.68695448827524075, 54.40244087717785959 ) ) ;
#6893 = EDGE_CURVE ( 'NONE', #4276, #8963, #2483, .T. ) ;
#6894 = CARTESIAN_POINT ( 'NONE',  ( 21.54764108221676366, -37.78202394122451580, -28.83934055506416883 ) ) ;
#6895 = EDGE_CURVE ( 'NONE', #3889, #8849, #6094, .T. ) ;
#6896 = ORIENTED_EDGE ( 'NONE', *, *, #5728, .T. ) ;
#6897 = ADVANCED_FACE ( 'NONE', ( #3232 ), #5387, .F. ) ;
#6898 = ORIENTED_EDGE ( 'NONE', *, *, #6023, .F. ) ;
#6899 = DIRECTION ( 'NONE',  ( 1.000000000000000000, -1.120342244901687981E-15, 0.0000000000000000000 ) ) ;
#6900 = CARTESIAN_POINT ( 'NONE',  ( 15.67908089910637237, -64.60229209294689667, 52.50827663686973068 ) ) ;
#6901 = CARTESIAN_POINT ( 'NONE',  ( -5.749999999999877431, 10.50000000000001776, -32.79999999999999716 ) ) ;
#6902 = ORIENTED_EDGE ( 'NONE', *, *, #3953, .T. ) ;
#6903 = LINE ( 'NONE', #4591, #1440 ) ;
#6904 = VECTOR ( 'NONE', #242, 1000.000000000000000 ) ;
#6905 = ORIENTED_EDGE ( 'NONE', *, *, #3936, .F. ) ;
#6906 = FACE_OUTER_BOUND ( 'NONE', #4675, .T. ) ;
#6907 = EDGE_CURVE ( 'NONE', #1696, #920, #6903, .T. ) ;
#6908 = CYLINDRICAL_SURFACE ( 'NONE', #9687, 1.649999999999998579 ) ;
#6909 = DIRECTION ( 'NONE',  ( 0.0000000000000000000, -1.000000000000000000, 1.387778780781446464E-15 ) ) ;
#6910 = CARTESIAN_POINT ( 'NONE',  ( 7.916373332801711175E-15, 18.50000000000000000, 32.50000000000000000 ) ) ;
#6911 = CARTESIAN_POINT ( 'NONE',  ( 14.37109988461405585, -44.74420346473895194, 33.00897691792783206 ) ) ;
#6912 = CARTESIAN_POINT ( 'NONE',  ( 3.638019454217939153, -46.48603088526130733, 35.82246584456659377 ) ) ;
#6913 = ORIENTED_EDGE ( 'NONE', *, *, #3264, .F. ) ;
#6914 = EDGE_LOOP ( 'NONE', ( #3845 ) ) ;
#6915 = CARTESIAN_POINT ( 'NONE',  ( -1.851049854107393866, -63.28307415197999575, 54.46006887281973974 ) ) ;
#6916 = CARTESIAN_POINT ( 'NONE',  ( 1.499999999999999778, 18.50000000000000000, -33.50000000000000000 ) ) ;
#6917 = CARTESIAN_POINT ( 'NONE',  ( 2.641141698015723627, -44.16010071423976058, 34.43411665770761942 ) ) ;
#6918 = CARTESIAN_POINT ( 'NONE',  ( 7.509414824966157198, -62.33697568866503502, 53.65514417590183172 ) ) ;
#6919 = CARTESIAN_POINT ( 'NONE',  ( -26.29999999999952820, -66.80000000000018190, 17.50000000000005684 ) ) ;
#6920 = CARTESIAN_POINT ( 'NONE',  ( 35.69231743084510811, -48.68084601312509818, 4.828505301428155150 ) ) ;
#6921 = FACE_OUTER_BOUND ( 'NONE', #8389, .T. ) ;
#6922 = AXIS2_PLACEMENT_3D ( 'NONE', #880, #4040, #2542 ) ;
#6923 = CARTESIAN_POINT ( 'NONE',  ( -24.39341191655985241, 18.99999993945183974, 19.58501951088694071 ) ) ;
#6924 = CARTESIAN_POINT ( 'NONE',  ( -21.55686102795865366, -37.80183603478545251, -28.83244847553899248 ) ) ;
#6925 = DIRECTION ( 'NONE',  ( 7.232542356195678199E-15, -1.000000000000000000, 0.0000000000000000000 ) ) ;
#6926 = ORIENTED_EDGE ( 'NONE', *, *, #7077, .T. ) ;
#6927 = DATE_AND_TIME ( #811, #5723 ) ;
#6928 = CARTESIAN_POINT ( 'NONE',  ( -1.062987522603257462, -66.69485319345437802, -35.98442897299638332 ) ) ;
#6929 = LINE ( 'NONE', #9232, #8343 ) ;
#6930 = ORIENTED_EDGE ( 'NONE', *, *, #7524, .F. ) ;
#6931 = ORIENTED_EDGE ( 'NONE', *, *, #6410, .F. ) ;
#6932 = CARTESIAN_POINT ( 'NONE',  ( -35.92002062675103247, -54.22684950747684240, -2.778343592856283184 ) ) ;
#6933 = EDGE_LOOP ( 'NONE', ( #4270 ) ) ;
#6934 = DIRECTION ( 'NONE',  ( 7.232542356195667155E-15, -1.000000000000000000, 1.276710262284686278E-15 ) ) ;
#6935 = CARTESIAN_POINT ( 'NONE',  ( 16.06351323364189909, -42.26625334615930285, -32.21748633171101517 ) ) ;
#6936 = CARTESIAN_POINT ( 'NONE',  ( -11.17294867700189087, 20.44967828403783372, -34.22263732270913295 ) ) ;
#6937 = EDGE_CURVE ( 'NONE', #3783, #3783, #9442, .T. ) ;
#6938 = AXIS2_PLACEMENT_3D ( 'NONE', #5048, #6554, #2564 ) ;
#6939 = CARTESIAN_POINT ( 'NONE',  ( 9.867327451213807166, -61.94185560011911207, 34.62135380346263247 ) ) ;
#6940 = CARTESIAN_POINT ( 'NONE',  ( 34.85722709496584315, -53.43943355622251801, -9.013752683276546662 ) ) ;
#6941 = ORIENTED_EDGE ( 'NONE', *, *, #1689, .F. ) ;
#6942 = EDGE_LOOP ( 'NONE', ( #8362 ) ) ;
#6943 = CARTESIAN_POINT ( 'NONE',  ( -27.11786774470282069, -34.24080475257185441, -24.86015719820482772 ) ) ;
#6944 = CARTESIAN_POINT ( 'NONE',  ( -32.81700722801414827, -51.81937808515885990, -14.80871828352813502 ) ) ;
#6945 = EDGE_LOOP ( 'NONE', ( #2775, #2243, #2017, #9057, #4866, #7442, #3023, #5577 ) ) ;
#6946 = DIRECTION ( 'NONE',  ( 1.000000000000000000, 7.232542356195667155E-15, 0.0000000000000000000 ) ) ;
#6947 = ORIENTED_EDGE ( 'NONE', *, *, #1798, .F. ) ;
#6948 = CARTESIAN_POINT ( 'NONE',  ( -3.112093915902391927E-11, 19.00000000000001776, -5.212497100615109957E-11 ) ) ;
#6949 = DIRECTION ( 'NONE',  ( 2.764618486664751673E-13, -1.000000000000000000, -4.665405983569691826E-13 ) ) ;
#6950 = FACE_BOUND ( 'NONE', #172, .T. ) ;
#6951 = DIRECTION ( 'NONE',  ( -0.0000000000000000000, -0.0000000000000000000, -1.000000000000000000 ) ) ;
#6952 = AXIS2_PLACEMENT_3D ( 'NONE', #7727, #9377, #113 ) ;
#6953 = CARTESIAN_POINT ( 'NONE',  ( -9.700866379782326021, -47.79788230536724569, 34.66900740590246244 ) ) ;
#6954 = CARTESIAN_POINT ( 'NONE',  ( -10.83439260267323512, -44.40977927005930326, 34.38115101248371985 ) ) ;
#6955 = ORIENTED_EDGE ( 'NONE', *, *, #7126, .T. ) ;
#6956 = EDGE_LOOP ( 'NONE', ( #3134, #2683, #884, #2381 ) ) ;
#6957 = CARTESIAN_POINT ( 'NONE',  ( 14.57341386603479805, -39.56514063178890694, -33.01080457483156039 ) ) ;
#6958 = EDGE_CURVE ( 'NONE', #1426, #4778, #1599, .T. ) ;
#6959 = FACE_OUTER_BOUND ( 'NONE', #6986, .T. ) ;
#6960 = CARTESIAN_POINT ( 'NONE',  ( -28.89936403527012487, -38.87668685787830469, -14.33901555467668310 ) ) ;
#6961 = CIRCLE ( 'NONE', #6642, 1.500000000000001332 ) ;
#6962 = CARTESIAN_POINT ( 'NONE',  ( 1.400000000000505063, -65.30000000000003979, -31.99999999999991829 ) ) ;
#6963 = CARTESIAN_POINT ( 'NONE',  ( 6.651317739670375317, -62.92571837479805907, 29.62846303175957985 ) ) ;
#6964 = CARTESIAN_POINT ( 'NONE',  ( 35.18765708695762129, -48.17238894650520109, -7.829626013998431056 ) ) ;
#6965 = CARTESIAN_POINT ( 'NONE',  ( 0.0000000000000000000, -2.000000000000000000, 0.0000000000000000000 ) ) ;
#6966 = EDGE_CURVE ( 'NONE', #4348, #5758, #4645, .T. ) ;
#6967 = CARTESIAN_POINT ( 'NONE',  ( -24.32476333465172047, 19.00000000488364904, 20.06477009075734586 ) ) ;
#6968 = CARTESIAN_POINT ( 'NONE',  ( -22.18642596722758142, -39.11053294686956860, -28.35594183475727803 ) ) ;
#6969 = DIRECTION ( 'NONE',  ( -9.233861048563673244E-30, 1.276710262284686278E-15, 1.000000000000000000 ) ) ;
#6970 = ORIENTED_EDGE ( 'NONE', *, *, #6322, .T. ) ;
#6971 = COORDINATED_UNIVERSAL_TIME_OFFSET ( 8, 0, .AHEAD. ) ;
#6972 = CARTESIAN_POINT ( 'NONE',  ( 1.401741416916958416, -66.37223468059889342, -35.97305994186673672 ) ) ;
#6973 = CARTESIAN_POINT ( 'NONE',  ( -25.99999999999986855, 19.00000000000000711, 33.00000000000000000 ) ) ;
#6974 = ORIENTED_EDGE ( 'NONE', *, *, #8051, .F. ) ;
#6975 = ORIENTED_EDGE ( 'NONE', *, *, #4071, .F. ) ;
#6976 = CARTESIAN_POINT ( 'NONE',  ( -28.27407414342082959, -37.50161605645341467, -15.30105227979669813 ) ) ;
#6977 = PLANE ( 'NONE',  #958 ) ;
#6978 = VERTEX_POINT ( 'NONE', #4773 ) ;
#6979 = CARTESIAN_POINT ( 'NONE',  ( 14.89419539608164023, -44.13492066921332224, -32.77442644172830200 ) ) ;
#6980 = CARTESIAN_POINT ( 'NONE',  ( -7.014222274127769552, 21.88525483495142865, -35.31102038730807635 ) ) ;
#6981 = CARTESIAN_POINT ( 'NONE',  ( 9.280060855461412572, -64.05763832046747552, 34.78373745252182658 ) ) ;
#6982 = EDGE_LOOP ( 'NONE', ( #132 ) ) ;
#6983 = EDGE_LOOP ( 'NONE', ( #6314, #7787, #809, #3702 ) ) ;
#6984 = CARTESIAN_POINT ( 'NONE',  ( -32.17576038937627914, -51.27984088065319668, -16.17828315314266518 ) ) ;
#6985 = CARTESIAN_POINT ( 'NONE',  ( -26.32597109077863351, -45.32016749138872314, 24.55835358498352150 ) ) ;
#6986 = EDGE_LOOP ( 'NONE', ( #8719, #4848, #2290, #2548 ) ) ;
#6987 = DIRECTION ( 'NONE',  ( 0.0000000000000000000, 0.0000000000000000000, -1.000000000000000000 ) ) ;
#6988 = MANIFOLD_SOLID_BREP ( '<3A0000-28X2540-000>-<输入1>', #166 ) ;
#6989 = ORIENTED_EDGE ( 'NONE', *, *, #1860, .T. ) ;
#6990 = LINE ( 'NONE', #5530, #6710 ) ;
#6991 = PLANE ( 'NONE',  #6847 ) ;
#6992 = EDGE_CURVE ( 'NONE', #2345, #5758, #9758, .T. ) ;
#6993 = PLANE ( 'NONE',  #4655 ) ;
#6994 = CARTESIAN_POINT ( 'NONE',  ( 5.229128123529467834E-13, -72.29999999999999716, 9.230615196318292610E-14 ) ) ;
#6995 = AXIS2_PLACEMENT_3D ( 'NONE', #5615, #4165, #1811 ) ;
#6996 = CARTESIAN_POINT ( 'NONE',  ( -10.65113191244693169, -47.37068208138158099, 34.38827635157751672 ) ) ;
#6997 = CARTESIAN_POINT ( 'NONE',  ( -14.59871394950884493, -39.00000000000005684, 33.00000000000002842 ) ) ;
#6998 = ORIENTED_EDGE ( 'NONE', *, *, #9337, .F. ) ;
#6999 = EDGE_CURVE ( 'NONE', #8864, #5744, #7708, .T. ) ;
#7000 = VECTOR ( 'NONE', #1231, 1000.000000000000000 ) ;
#7001 = VERTEX_POINT ( 'NONE', #3890 ) ;
#7002 = CARTESIAN_POINT ( 'NONE',  ( 12.01936944060413204, -39.76587639457322609, -33.02754311341723081 ) ) ;
#7003 = EDGE_CURVE ( 'NONE', #3290, #1625, #8510, .T. ) ;
#7004 = DIRECTION ( 'NONE',  ( 0.0000000000000000000, -1.000000000000000000, 0.0000000000000000000 ) ) ;
#7005 = CARTESIAN_POINT ( 'NONE',  ( -29.12027100185498796, -39.32445737225921079, 13.97077391458856077 ) ) ;
#7006 = DIRECTION ( 'NONE',  ( -7.415753963601008017E-17, -8.262330760336000271E-17, -1.000000000000000000 ) ) ;
#7007 = CARTESIAN_POINT ( 'NONE',  ( -6.292069571591411226, -55.97087881403290055, 30.12126631173230606 ) ) ;
#7008 = MANIFOLD_SOLID_BREP ( '输入1', #2725 ) ;
#7009 = CARTESIAN_POINT ( 'NONE',  ( 27.39192396327052847, -35.04733297610248144, 16.42597726492158472 ) ) ;
#7010 = AXIS2_PLACEMENT_3D ( 'NONE', #1688, #189, #6240 ) ;
#7011 = DIRECTION ( 'NONE',  ( 1.000000000000000000, 0.0000000000000000000, 0.0000000000000000000 ) ) ;
#7012 = CARTESIAN_POINT ( 'NONE',  ( -22.79154506138711866, 18.99999999998003730, -24.46195442622719440 ) ) ;
#7013 = AXIS2_PLACEMENT_3D ( 'NONE', #6477, #1767, #7881 ) ;
#7014 = EDGE_CURVE ( 'NONE', #5775, #2561, #1115, .T. ) ;
#7015 = EDGE_CURVE ( 'NONE', #5423, #2791, #134, .T. ) ;
#7016 = CARTESIAN_POINT ( 'NONE',  ( -24.06937606972609345, 19.00000000000000000, 21.27131678119744507 ) ) ;
#7017 = DIRECTION ( 'NONE',  ( 0.0000000000000000000, -1.000000000000000000, 0.0000000000000000000 ) ) ;
#7018 = VECTOR ( 'NONE', #9375, 1000.000000000000000 ) ;
#7019 = ORIENTED_EDGE ( 'NONE', *, *, #284, .F. ) ;
#7020 = APPROVAL_ROLE ( '' ) ;
#7021 = CARTESIAN_POINT ( 'NONE',  ( 10.98172296038004703, -41.37185640942451670, -33.28381711497466711 ) ) ;
#7022 = AXIS2_PLACEMENT_3D ( 'NONE', #6962, #1655, #5263 ) ;
#7023 = AXIS2_PLACEMENT_3D ( 'NONE', #9019, #6044, #2843 ) ;
#7024 = EDGE_CURVE ( 'NONE', #4299, #4299, #7028, .T. ) ;
#7025 = FACE_OUTER_BOUND ( 'NONE', #6485, .T. ) ;
#7026 = ORIENTED_EDGE ( 'NONE', *, *, #1570, .T. ) ;
#7027 = PERSON ( 'NAUO-PER4', 'UNSPECIFIED', 'UNSPECIFIED', ('UNSPECIFIED'), ('UNSPECIFIED'), ('UNSPECIFIED') ) ;
#7028 = CIRCLE ( 'NONE', #6556, 1.649999999999998579 ) ;
#7029 = ORIENTED_EDGE ( 'NONE', *, *, #6538, .F. ) ;
#7030 = CARTESIAN_POINT ( 'NONE',  ( 4.179110650923774672E-13, -60.29999999999998295, 46.50000000000008527 ) ) ;
#7031 = VERTEX_POINT ( 'NONE', #968 ) ;
#7032 = CARTESIAN_POINT ( 'NONE',  ( 8.140252115573476388, -48.36222109117273504, -35.06760660582737898 ) ) ;
#7033 = CARTESIAN_POINT ( 'NONE',  ( -4.846281375572313976, 20.47479856292429901, -35.67262789881254292 ) ) ;
#7034 = CARTESIAN_POINT ( 'NONE',  ( 7.855058395611614230, -54.10669903282442306, 35.13293599776375942 ) ) ;
#7035 = AXIS2_PLACEMENT_3D ( 'NONE', #6886, #3971, #3028 ) ;
#7036 = CARTESIAN_POINT ( 'NONE',  ( -2.838839454155314801, -53.04902657203763283, 55.28996720600074610 ) ) ;
#7037 = ORIENTED_EDGE ( 'NONE', *, *, #779, .F. ) ;
#7038 = CLOSED_SHELL ( 'NONE', ( #9715, #8549, #1064, #9530, #1519, #4121 ) ) ;
#7039 = ORIENTED_EDGE ( 'NONE', *, *, #660, .F. ) ;
#7040 = DIRECTION ( 'NONE',  ( 2.764618486664858201E-13, -1.000000000000000000, 4.665405983569896803E-13 ) ) ;
#7041 = FACE_OUTER_BOUND ( 'NONE', #8509, .T. ) ;
#7042 = CARTESIAN_POINT ( 'NONE',  ( 5.083306010855971557, -153.7965029924597502, 32.10000000000019327 ) ) ;
#7043 = EDGE_LOOP ( 'NONE', ( #4576 ) ) ;
#7044 = CARTESIAN_POINT ( 'NONE',  ( -4.301061270501775419E-87, 4.750000000000000888, -19.49999999999999289 ) ) ;
#7045 = CARTESIAN_POINT ( 'NONE',  ( 18.85714285714301042, -25.99999999999981526, 30.66607511999715285 ) ) ;
#7046 = AXIS2_PLACEMENT_3D ( 'NONE', #4858, #4105, #7160 ) ;
#7047 = DIRECTION ( 'NONE',  ( -1.734723475976805517E-15, -1.000000000000000000, 0.0000000000000000000 ) ) ;
#7048 = CARTESIAN_POINT ( 'NONE',  ( -0.5105508031450417539, -54.29993958731821380, 32.50001115311047784 ) ) ;
#7049 = DIRECTION ( 'NONE',  ( -1.054711873393889642E-15, 1.276710262284678586E-15, 1.000000000000000000 ) ) ;
#7050 = CARTESIAN_POINT ( 'NONE',  ( -5.475678691476463911, -49.03111431307204526, 35.58114297543451698 ) ) ;
#7051 = DIRECTION ( 'NONE',  ( 0.0000000000000000000, 1.000000000000000000, 0.0000000000000000000 ) ) ;
#7052 = VERTEX_POINT ( 'NONE', #3485 ) ;
#7053 = AXIS2_PLACEMENT_3D ( 'NONE', #2002, #4306, #2801 ) ;
#7054 = DIRECTION ( 'NONE',  ( -1.000000000000000000, 0.0000000000000000000, 0.0000000000000000000 ) ) ;
#7055 = ORIENTED_EDGE ( 'NONE', *, *, #4371, .F. ) ;
#7056 = CARTESIAN_POINT ( 'NONE',  ( 0.04933624383416371911, -63.80240780847251614, 54.33944230045705126 ) ) ;
#7057 = VERTEX_POINT ( 'NONE', #8767 ) ;
#7058 = CARTESIAN_POINT ( 'NONE',  ( -26.82010143430450455, -32.98755518556429678, 17.07245950163147086 ) ) ;
#7059 = CARTESIAN_POINT ( 'NONE',  ( -4.910661645799934583, -66.92932139818732651, 37.50000000000008527 ) ) ;
#7060 = DIRECTION ( 'NONE',  ( 0.4539682539682469153, 0.4988876515698550396, -0.7382573639999375770 ) ) ;
#7061 = CARTESIAN_POINT ( 'NONE',  ( -6.058300795178872988, -54.86244618646675519, 32.00000000000008527 ) ) ;
#7062 = EDGE_CURVE ( 'NONE', #3144, #4072, #5047, .T. ) ;
#7063 = CARTESIAN_POINT ( 'NONE',  ( 34.12707629380773255, -47.03373965774216003, 11.83309156760371295 ) ) ;
#7064 = FACE_OUTER_BOUND ( 'NONE', #5612, .T. ) ;
#7065 = CARTESIAN_POINT ( 'NONE',  ( -19.99186012562958226, 18.99999999842506426, -27.95900706001662073 ) ) ;
#7066 = EDGE_CURVE ( 'NONE', #6027, #8016, #5144, .T. ) ;
#7067 = CARTESIAN_POINT ( 'NONE',  ( -12.12435565298200935, 10.50000000000002309, 32.79999999999999716 ) ) ;
#7068 = DIRECTION ( 'NONE',  ( 0.0000000000000000000, -1.000000000000000000, 1.156482317317870344E-15 ) ) ;
#7069 = FACE_OUTER_BOUND ( 'NONE', #5825, .T. ) ;
#7070 = ORIENTED_EDGE ( 'NONE', *, *, #6407, .F. ) ;
#7071 = APPROVAL_DATE_TIME ( #1568, #5481 ) ;
#7072 = EDGE_CURVE ( 'NONE', #4736, #2767, #6595, .T. ) ;
#7073 = CARTESIAN_POINT ( 'NONE',  ( -17.67766952966358929, 5.000000000000000888, -17.67766952966378469 ) ) ;
#7074 = CARTESIAN_POINT ( 'NONE',  ( 2.109576062436783417, -52.72022281527035403, 30.36786714009706500 ) ) ;
#7075 = DIRECTION ( 'NONE',  ( 0.0000000000000000000, 0.0000000000000000000, 1.000000000000000000 ) ) ;
#7076 = VERTEX_POINT ( 'NONE', #2026 ) ;
#7077 = EDGE_CURVE ( 'NONE', #3228, #3741, #7196, .T. ) ;
#7078 = CARTESIAN_POINT ( 'NONE',  ( -23.72649003698709436, -41.81324738748499215, -27.09785393920172680 ) ) ;
#7079 = EDGE_LOOP ( 'NONE', ( #9215, #8948, #734, #3696 ) ) ;
#7080 = CARTESIAN_POINT ( 'NONE',  ( -12.12435565298201112, 10.50000000000000888, -23.00000000000000355 ) ) ;
#7081 = CC_DESIGN_PERSON_AND_ORGANIZATION_ASSIGNMENT ( #6585, #5274, ( #2070 ) ) ;
#7082 = CARTESIAN_POINT ( 'NONE',  ( 16.78756936566752600, 1.697360201109614287E-13, 31.84615384615385736 ) ) ;
#7083 = VECTOR ( 'NONE', #5042, 1000.000000000000000 ) ;
#7084 = CARTESIAN_POINT ( 'NONE',  ( 7.468100045373276430, -62.29989411333135507, 53.22223717988841685 ) ) ;
#7085 = CARTESIAN_POINT ( 'NONE',  ( -11.16702342285278426, 15.54292133490188910, -34.22456784244960915 ) ) ;
#7086 = CARTESIAN_POINT ( 'NONE',  ( 5.750000000000123457, 10.50000000000001066, -32.79999999999999716 ) ) ;
#7087 = CARTESIAN_POINT ( 'NONE',  ( 2.939867521989461441, -58.23563437144407118, 66.04074225667075382 ) ) ;
#7088 = ORIENTED_EDGE ( 'NONE', *, *, #658, .F. ) ;
#7089 = ORIENTED_EDGE ( 'NONE', *, *, #3395, .F. ) ;
#7090 = EDGE_CURVE ( 'NONE', #4063, #8519, #1287, .T. ) ;
#7091 = CARTESIAN_POINT ( 'NONE',  ( 3.204016263794680715E-13, -44.30000000000000426, 5.655826461921165747E-14 ) ) ;
#7092 = CARTESIAN_POINT ( 'NONE',  ( -3.801819969950770428E-11, 17.49999999998131273, 6.425762699713288839E-11 ) ) ;
#7093 = FACE_BOUND ( 'NONE', #6434, .T. ) ;
#7094 = CARTESIAN_POINT ( 'NONE',  ( 23.83897196154311970, 18.99999997485135239, 22.06205953916895979 ) ) ;
#7095 = VERTEX_POINT ( 'NONE', #6689 ) ;
#7096 = CARTESIAN_POINT ( 'NONE',  ( -5.784631716524012646, -66.74500084593503857, 37.50000000000008527 ) ) ;
#7097 = FACE_OUTER_BOUND ( 'NONE', #9549, .T. ) ;
#7098 = CARTESIAN_POINT ( 'NONE',  ( 8.000000000000000000, 18.00000000000001421, -30.00000000000000000 ) ) ;
#7099 = CARTESIAN_POINT ( 'NONE',  ( 4.812519230361601785, -56.68068054020439916, 32.14288137286445846 ) ) ;
#7100 = DIRECTION ( 'NONE',  ( -0.0000000000000000000, 1.000000000000000000, -0.0000000000000000000 ) ) ;
#7101 = CARTESIAN_POINT ( 'NONE',  ( 3.202475309040566209, -49.36791102480835747, 35.85761109079781050 ) ) ;
#7102 = CARTESIAN_POINT ( 'NONE',  ( 3.980814712676603538E-13, -60.29999999999996163, 37.50000000000008527 ) ) ;
#7103 = ORIENTED_EDGE ( 'NONE', *, *, #3903, .F. ) ;
#7104 = CIRCLE ( 'NONE', #3743, 1.500000000000001332 ) ;
#7105 = DIRECTION ( 'NONE',  ( 1.000000000000000000, 0.0000000000000000000, 0.0000000000000000000 ) ) ;
#7106 = ORIENTED_EDGE ( 'NONE', *, *, #9116, .T. ) ;
#7107 = DIRECTION ( 'NONE',  ( 0.0000000000000000000, 0.0000000000000000000, 1.000000000000000000 ) ) ;
#7108 = VERTEX_POINT ( 'NONE', #6300 ) ;
#7109 = CARTESIAN_POINT ( 'NONE',  ( -30.23066694818466260, -41.36189969925175092, 11.84096800597858312 ) ) ;
#7110 = AXIS2_PLACEMENT_3D ( 'NONE', #3958, #3255, #4668 ) ;
#7111 = CARTESIAN_POINT ( 'NONE',  ( 25.80000000000012861, 18.24833147735477468, 17.88854381999830423 ) ) ;
#7112 = CARTESIAN_POINT ( 'NONE',  ( -6.410735112907116395, -56.53354060225412780, 29.91379131214834075 ) ) ;
#7113 = FACE_BOUND ( 'NONE', #3090, .T. ) ;
#7114 = CARTESIAN_POINT ( 'NONE',  ( 31.15658630340955071, -50.37907869936207561, 18.04353830760854649 ) ) ;
#7115 = DIRECTION ( 'NONE',  ( 0.0000000000000000000, 0.0000000000000000000, 1.000000000000000000 ) ) ;
#7116 = CARTESIAN_POINT ( 'NONE',  ( -18.80471620641626274, 18.99999997855789502, -28.90413791208808902 ) ) ;
#7117 = CARTESIAN_POINT ( 'NONE',  ( 30.00000000000049738, -74.29999999999981242, 19.89974874213251965 ) ) ;
#7118 = VECTOR ( 'NONE', #5250, 1000.000000000000227 ) ;
#7119 = FACE_OUTER_BOUND ( 'NONE', #5373, .T. ) ;
#7120 = CARTESIAN_POINT ( 'NONE',  ( 7.141428428543299844, -67.29999999999989768, 35.28455752875476747 ) ) ;
#7121 = DIRECTION ( 'NONE',  ( -7.232542356195667155E-15, 1.000000000000000000, -1.276710262284687461E-15 ) ) ;
#7122 = VERTEX_POINT ( 'NONE', #9752 ) ;
#7123 = CALENDAR_DATE ( 2023, 16, 11 ) ;
#7124 = CARTESIAN_POINT ( 'NONE',  ( 3.586174194571202900, -68.28134416287096542, 42.50000000000007816 ) ) ;
#7125 = PLANE ( 'NONE',  #3055 ) ;
#7126 = EDGE_CURVE ( 'NONE', #9645, #692, #5932, .T. ) ;
#7127 = LINE ( 'NONE', #1771, #9744 ) ;
#7128 = ORIENTED_EDGE ( 'NONE', *, *, #531, .F. ) ;
#7129 = PLANE ( 'NONE',  #3683 ) ;
#7130 = CARTESIAN_POINT ( 'NONE',  ( -17.67766952966358929, 1.049999999999998046, 20.97766952966378184 ) ) ;
#7131 = LINE ( 'NONE', #1176, #8460 ) ;
#7132 = CARTESIAN_POINT ( 'NONE',  ( -6.779488200627977079, -58.91816102936041943, 59.28402796738077996 ) ) ;
#7133 = CARTESIAN_POINT ( 'NONE',  ( -4.546708863702952463, 20.03601311810274055, -35.71204646736284616 ) ) ;
#7134 = CARTESIAN_POINT ( 'NONE',  ( 30.44316536208369683, -41.99456114339221813, -19.94980295217210653 ) ) ;
#7135 = ORIENTED_EDGE ( 'NONE', *, *, #5658, .F. ) ;
#7136 = ORIENTED_EDGE ( 'NONE', *, *, #6466, .F. ) ;
#7137 = ADVANCED_FACE ( 'NONE', ( #8352 ), #7782, .T. ) ;
#7138 = CYLINDRICAL_SURFACE ( 'NONE', #7738, 1.000000000000000888 ) ;
#7139 = FACE_OUTER_BOUND ( 'NONE', #5516, .T. ) ;
#7140 = CARTESIAN_POINT ( 'NONE',  ( 23.73041623767581498, 18.99999994713761708, 22.38503539376494089 ) ) ;
#7141 = ORIENTED_EDGE ( 'NONE', *, *, #644, .T. ) ;
#7142 = DIRECTION ( 'NONE',  ( 1.000000000000000000, 0.0000000000000000000, 1.098658201470807095E-14 ) ) ;
#7143 = DIRECTION ( 'NONE',  ( -0.0000000000000000000, -1.000000000000000000, -0.0000000000000000000 ) ) ;
#7144 = DIRECTION ( 'NONE',  ( 2.496805130931827094E-17, -7.643129303382587776E-17, -1.000000000000000000 ) ) ;
#7145 = EDGE_CURVE ( 'NONE', #9760, #2300, #9449, .T. ) ;
#7146 = CARTESIAN_POINT ( 'NONE',  ( -1.011807527243946181, -54.36435466953411577, 32.48794225661777801 ) ) ;
#7147 = DIRECTION ( 'NONE',  ( 7.232542356195667155E-15, -1.000000000000000000, 1.276710262284687461E-15 ) ) ;
#7148 = CARTESIAN_POINT ( 'NONE',  ( 3.956169269088546603, -49.27824072014578860, 35.78270350420067558 ) ) ;
#7149 = CARTESIAN_POINT ( 'NONE',  ( -16.64220384090056015, -40.53175278915172441, 31.92242708333387213 ) ) ;
#7150 = ORIENTED_EDGE ( 'NONE', *, *, #3772, .T. ) ;
#7151 = DIRECTION ( 'NONE',  ( -0.0000000000000000000, -1.000000000000000000, -0.0000000000000000000 ) ) ;
#7152 = ORIENTED_EDGE ( 'NONE', *, *, #524, .T. ) ;
#7153 = CARTESIAN_POINT ( 'NONE',  ( -3.000000000003491873, 0.0000000000000000000, 25.50000000000000355 ) ) ;
#7154 = CARTESIAN_POINT ( 'NONE',  ( 17.67766952966358929, 5.000000000000000888, -10.42766952966378469 ) ) ;
#7155 = CYLINDRICAL_SURFACE ( 'NONE', #6868, 35.79999999999999716 ) ;
#7156 = FACE_OUTER_BOUND ( 'NONE', #3045, .T. ) ;
#7157 = LINE ( 'NONE', #1048, #5109 ) ;
#7158 = DIRECTION ( 'NONE',  ( 0.0000000000000000000, 1.000000000000000000, 0.0000000000000000000 ) ) ;
#7159 = CARTESIAN_POINT ( 'NONE',  ( 30.43785944889692274, -41.99449465900538314, 19.96689633677589271 ) ) ;
#7160 = DIRECTION ( 'NONE',  ( 0.0000000000000000000, 0.0000000000000000000, 1.000000000000000000 ) ) ;
#7161 = CARTESIAN_POINT ( 'NONE',  ( -22.77098384323460323, 19.00000000000000711, -24.49870663834059670 ) ) ;
#7162 = EDGE_LOOP ( 'NONE', ( #2357 ) ) ;
#7163 = DIRECTION ( 'NONE',  ( 7.232542356195667155E-15, -1.000000000000000000, 1.276710262284687461E-15 ) ) ;
#7164 = CARTESIAN_POINT ( 'NONE',  ( -7.844005813115258796, -43.14918592086210936, -33.89797188021391605 ) ) ;
#7165 = CYLINDRICAL_SURFACE ( 'NONE', #3177, 35.79999999999999716 ) ;
#7166 = EDGE_LOOP ( 'NONE', ( #2839, #4686, #3314, #5300, #4669, #9603, #6975, #3386 ) ) ;
#7167 = COORDINATED_UNIVERSAL_TIME_OFFSET ( 8, 0, .AHEAD. ) ;
#7168 = AXIS2_PLACEMENT_3D ( 'NONE', #5835, #7250, #8008 ) ;
#7169 = CARTESIAN_POINT ( 'NONE',  ( -17.67766952966358929, 5.000000000000000888, 17.67766952966378469 ) ) ;
#7170 = CC_DESIGN_APPROVAL ( #3841, ( #1578 ) ) ;
#7171 = LINE ( 'NONE', #1861, #8471 ) ;
#7172 = AXIS2_PLACEMENT_3D ( 'NONE', #525, #3582, #3726 ) ;
#7173 = CARTESIAN_POINT ( 'NONE',  ( 7.534602695690636232, -57.64734979871614229, 30.48585691483363291 ) ) ;
#7174 = AXIS2_PLACEMENT_3D ( 'NONE', #2712, #8734, #209 ) ;
#7175 = CARTESIAN_POINT ( 'NONE',  ( 25.10000000000049170, -66.79999999999982663, -17.33303027798221763 ) ) ;
#7176 = LOCAL_TIME ( 17, 37, 41.00000000000000000, #8983 ) ;
#7177 = AXIS2_PLACEMENT_3D ( 'NONE', #1005, #8688, #1912 ) ;
#7178 = ORIENTED_EDGE ( 'NONE', *, *, #3605, .T. ) ;
#7179 = CIRCLE ( 'NONE', #8319, 34.49999999993863042 ) ;
#7180 = CARTESIAN_POINT ( 'NONE',  ( 16.78756936566758640, 7.632783294297951215E-14, -31.84615384615382183 ) ) ;
#7181 = FACE_OUTER_BOUND ( 'NONE', #1714, .T. ) ;
#7182 = CARTESIAN_POINT ( 'NONE',  ( -2.286180078827107387, -62.95107480157187752, 54.96600785381744458 ) ) ;
#7183 = CARTESIAN_POINT ( 'NONE',  ( 12.12435565298225448, -1.387778780781445676E-14, 22.99999999999999645 ) ) ;
#7184 = CIRCLE ( 'NONE', #2546, 4.000000000000000000 ) ;
#7185 = ADVANCED_FACE ( 'NONE', ( #8540 ), #8440, .F. ) ;
#7186 = VERTEX_POINT ( 'NONE', #9096 ) ;
#7187 = AXIS2_PLACEMENT_3D ( 'NONE', #6185, #9351, #3044 ) ;
#7188 = EDGE_CURVE ( 'NONE', #9193, #9193, #2247, .T. ) ;
#7189 = ORIENTED_EDGE ( 'NONE', *, *, #1325, .T. ) ;
#7190 = CARTESIAN_POINT ( 'NONE',  ( 1.734723475976807094E-15, 3.469446951953614189E-15, 19.50000000000000000 ) ) ;
#7191 = CARTESIAN_POINT ( 'NONE',  ( 1.500000000000001332, 18.50000000000000000, -33.50000000000000000 ) ) ;
#7192 = B_SPLINE_CURVE_WITH_KNOTS ( 'NONE', 3,
 ( #7364, #5843, #8916, #5100, #7413, #549, #3602, #2291, #6237, #8363 ),
 .UNSPECIFIED., .F., .F.,
 ( 4, 2, 2, 2, 4 ),
 ( 1.268987869056647122E-15, 0.0004340798777508296231, 0.0008681597555003901876, 0.001302239633249950915, 0.001736319510999511425 ),
 .UNSPECIFIED. ) ;
#7193 = CARTESIAN_POINT ( 'NONE',  ( 23.99557137997412681, 18.99999999863446831, 21.54535863577775245 ) ) ;
#7194 = EDGE_LOOP ( 'NONE', ( #2595 ) ) ;
#7195 = FACE_OUTER_BOUND ( 'NONE', #5599, .T. ) ;
#7196 = CIRCLE ( 'NONE', #6566, 14.79999999999999005 ) ;
#7197 = CARTESIAN_POINT ( 'NONE',  ( 21.08769586641145821, 18.99999999171770781, -26.86046878157813467 ) ) ;
#7198 = EDGE_CURVE ( 'NONE', #6604, #2449, #3124, .T. ) ;
#7199 = EDGE_CURVE ( 'NONE', #8554, #7703, #8483, .T. ) ;
#7200 = CARTESIAN_POINT ( 'NONE',  ( 3.980814712676603538E-13, -60.29999999999996163, 40.00000000000007816 ) ) ;
#7201 = AXIS2_PLACEMENT_3D ( 'NONE', #5743, #8818, #6605 ) ;
#7202 = DIRECTION ( 'NONE',  ( 0.0000000000000000000, 0.0000000000000000000, 1.000000000000000000 ) ) ;
#7203 = DIRECTION ( 'NONE',  ( -1.000000000000000000, -1.346561472515489360E-30, -1.054711873393898911E-15 ) ) ;
#7204 = ADVANCED_FACE ( 'NONE', ( #4580 ), #2370, .T. ) ;
#7205 = CARTESIAN_POINT ( 'NONE',  ( -14.67146620060573525, -44.40186948795347632, 32.87488888802009512 ) ) ;
#7206 = DIRECTION ( 'NONE',  ( 0.0000000000000000000, -1.000000000000000000, 0.0000000000000000000 ) ) ;
#7207 = ORIENTED_EDGE ( 'NONE', *, *, #7408, .T. ) ;
#7208 = AXIS2_PLACEMENT_3D ( 'NONE', #8675, #8019, #352 ) ;
#7209 = FACE_OUTER_BOUND ( 'NONE', #8141, .T. ) ;
#7210 = ORIENTED_EDGE ( 'NONE', *, *, #2783, .F. ) ;
#7211 = EDGE_CURVE ( 'NONE', #4544, #1541, #4631, .T. ) ;
#7212 = DIRECTION ( 'NONE',  ( -0.0000000000000000000, -1.000000000000000000, -0.0000000000000000000 ) ) ;
#7213 = VECTOR ( 'NONE', #3456, 1000.000000000000000 ) ;
#7214 = CARTESIAN_POINT ( 'NONE',  ( 2.250000000000402345, -60.29999999999996163, 52.50000000000007816 ) ) ;
#7215 = CARTESIAN_POINT ( 'NONE',  ( -25.99999999999977618, -27.09685026103309369, -17.88854381996689114 ) ) ;
#7216 = CARTESIAN_POINT ( 'NONE',  ( -12.10327541297220044, -39.38460300096722477, 33.00557437677571215 ) ) ;
#7217 = DIRECTION ( 'NONE',  ( -7.232542356195667155E-15, 1.000000000000000000, -1.276710262284687461E-15 ) ) ;
#7218 = CARTESIAN_POINT ( 'NONE',  ( 35.95384037171974256, -54.25135058916301034, 2.112521888087649735 ) ) ;
#7219 = CARTESIAN_POINT ( 'NONE',  ( -17.74999999999988276, 10.50000000000003908, -33.00000000000000000 ) ) ;
#7220 = CARTESIAN_POINT ( 'NONE',  ( 33.15856949796012998, -45.88687089899868710, 14.46385684282481598 ) ) ;
#7221 = DIRECTION ( 'NONE',  ( 7.232542356195667155E-15, -1.000000000000000000, 1.276710262284687461E-15 ) ) ;
#7222 = VECTOR ( 'NONE', #4843, 1000.000000000000000 ) ;
#7223 = CARTESIAN_POINT ( 'NONE',  ( -21.66072946993572046, 18.99999992564719875, -26.17688400798643045 ) ) ;
#7224 = ORIENTED_EDGE ( 'NONE', *, *, #5905, .F. ) ;
#7225 = CARTESIAN_POINT ( 'NONE',  ( -10.43901011682503643, -41.84654162296300228, -33.40880119130370218 ) ) ;
#7226 = CARTESIAN_POINT ( 'NONE',  ( -1.817185715003723168, -51.74077479691151638, 46.50000000000008527 ) ) ;
#7227 = ORIENTED_EDGE ( 'NONE', *, *, #5133, .F. ) ;
#7228 = VECTOR ( 'NONE', #2153, 1000.000000000000000 ) ;
#7229 = B_SPLINE_CURVE_WITH_KNOTS ( 'NONE', 3,
 ( #9631, #8877, #2756, #5704, #359, #8225, #8975, #4308, #6664, #1904, #4961, #5804, #4361, #7372, #8027, #7421, #9722, #4208, #6509, #6617, #8178, #2107, #9572, #9676 ),
 .UNSPECIFIED., .F., .F.,
 ( 4, 2, 2, 2, 2, 2, 2, 1, 1, 2, 2, 2, 4 ),
 ( 0.0000000000000000000, 0.1250000000000145717, 0.1875000000000202061, 0.2187500000000246747, 0.2500000000000290878, 0.3750000000000465739, 0.4375000000000552891, 0.4687500000000596190, 0.4843750000000617839, 0.4921875000000628941, 0.5000000000000639488, 0.7500000000000318634, 1.000000000000000000 ),
 .UNSPECIFIED. ) ;
#7230 = CALENDAR_DATE ( 2023, 16, 11 ) ;
#7231 = PLANE ( 'NONE',  #6531 ) ;
#7232 = DIRECTION ( 'NONE',  ( -1.000000000000000000, 0.0000000000000000000, 0.0000000000000000000 ) ) ;
#7233 = DIRECTION ( 'NONE',  ( -0.0000000000000000000, 1.000000000000000000, 0.0000000000000000000 ) ) ;
#7234 = DIRECTION ( 'NONE',  ( 0.0000000000000000000, -0.0000000000000000000, 1.000000000000000000 ) ) ;
#7235 = ORIENTED_EDGE ( 'NONE', *, *, #9160, .F. ) ;
#7236 = DIRECTION ( 'NONE',  ( 0.0000000000000000000, -0.0000000000000000000, 1.000000000000000000 ) ) ;
#7237 = DIRECTION ( 'NONE',  ( 1.000000000000000000, 7.080503983578816445E-15, 1.137978600240785454E-15 ) ) ;
#7238 = PLANE ( 'NONE',  #3495 ) ;
#7239 = CARTESIAN_POINT ( 'NONE',  ( 30.00000000000042277, -61.49999999999978684, 8.000000000000106581 ) ) ;
#7240 = ORIENTED_EDGE ( 'NONE', *, *, #8990, .T. ) ;
#7241 = VERTEX_POINT ( 'NONE', #6028 ) ;
#7242 = FACE_OUTER_BOUND ( 'NONE', #8708, .T. ) ;
#7243 = CARTESIAN_POINT ( 'NONE',  ( -34.42231446727809185, -47.36086804952950757, 10.89226926279441621 ) ) ;
#7244 = CARTESIAN_POINT ( 'NONE',  ( 22.34769977489462178, 18.99999997564627563, 25.20203317490861394 ) ) ;
#7245 = EDGE_CURVE ( 'NONE', #7717, #6879, #2233, .T. ) ;
#7246 = EDGE_LOOP ( 'NONE', ( #9190 ) ) ;
#7247 = CARTESIAN_POINT ( 'NONE',  ( -16.35537126350657999, -41.54056331261789126, -32.07027746460742179 ) ) ;
#7248 = CARTESIAN_POINT ( 'NONE',  ( 21.63393318511638697, 18.99999993302147772, -26.20640788575128610 ) ) ;
#7249 = CARTESIAN_POINT ( 'NONE',  ( -1.265225454977360275, -64.56693796440221433, -32.47544474512815071 ) ) ;
#7250 = DIRECTION ( 'NONE',  ( -9.113877747684368931E-17, 8.180049551588865703E-17, -1.000000000000000000 ) ) ;
#7251 = LINE ( 'NONE', #342, #6276 ) ;
#7252 = CARTESIAN_POINT ( 'NONE',  ( 6.229340388867913525, -61.76810023817371587, 52.50000000000008527 ) ) ;
#7253 = CARTESIAN_POINT ( 'NONE',  ( -11.46305775888476930, 15.98117257837291127, 34.12655901809796433 ) ) ;
#7254 = ORIENTED_EDGE ( 'NONE', *, *, #133, .F. ) ;
#7255 = EDGE_CURVE ( 'NONE', #7596, #7596, #2086, .T. ) ;
#7256 = DIRECTION ( 'NONE',  ( -1.000000000000000000, 0.0000000000000000000, 0.0000000000000000000 ) ) ;
#7257 = ORIENTED_EDGE ( 'NONE', *, *, #7739, .F. ) ;
#7258 = LINE ( 'NONE', #3447, #3522 ) ;
#7259 = CARTESIAN_POINT ( 'NONE',  ( 5.065392549852276716E-13, -66.70000000000003126, -31.99999999999991829 ) ) ;
#7260 = CYLINDRICAL_SURFACE ( 'NONE', #7679, 8.249999999999998224 ) ;
#7261 = CARTESIAN_POINT ( 'NONE',  ( 11.86685177441881933, 19.05772774868959729, -33.98795377019919073 ) ) ;
#7262 = ADVANCED_FACE ( 'NONE', ( #820, #3876 ), #6977, .T. ) ;
#7263 = CARTESIAN_POINT ( 'NONE',  ( -24.49999999999986144, 17.50000000000000711, -17.88854381999832555 ) ) ;
#7264 = FACE_OUTER_BOUND ( 'NONE', #1542, .T. ) ;
#7265 = CARTESIAN_POINT ( 'NONE',  ( 31.27242070765996118, -50.48168068049536572, 17.83358078986487172 ) ) ;
#7266 = CARTESIAN_POINT ( 'NONE',  ( -16.69430509141374941, 10.50000000000000888, 31.66923076923076863 ) ) ;
#7267 = DIRECTION ( 'NONE',  ( 2.496805130931827094E-17, -7.643129303382587776E-17, -1.000000000000000000 ) ) ;
#7268 = AXIS2_PLACEMENT_3D ( 'NONE', #8121, #3610, #1248 ) ;
#7269 = FACE_OUTER_BOUND ( 'NONE', #5464, .T. ) ;
#7270 = CARTESIAN_POINT ( 'NONE',  ( 10.86093112614573286, -47.29837184203544354, 34.33284520659565686 ) ) ;
#7271 = ORIENTED_EDGE ( 'NONE', *, *, #1379, .T. ) ;
#7272 = CC_DESIGN_PERSON_AND_ORGANIZATION_ASSIGNMENT ( #5369, #8431, ( #9611 ) ) ;
#7273 = CARTESIAN_POINT ( 'NONE',  ( -26.00000000000000711, -1.880461012610873934E-13, 0.0000000000000000000 ) ) ;
#7274 = CARTESIAN_POINT ( 'NONE',  ( -14.45401400748493614, -44.69308324571758817, -32.97821868344863105 ) ) ;
#7275 = AXIS2_PLACEMENT_3D ( 'NONE', #6166, #1662, #5367 ) ;
#7276 = CARTESIAN_POINT ( 'NONE',  ( -12.12435565298186724, -39.00000000000004974, 23.00000000000003197 ) ) ;
#7277 = ORIENTED_EDGE ( 'NONE', *, *, #8861, .T. ) ;
#7278 = PERSON_AND_ORGANIZATION ( #7395, #7661 ) ;
#7279 = FACE_OUTER_BOUND ( 'NONE', #8689, .T. ) ;
#7280 = CARTESIAN_POINT ( 'NONE',  ( -25.79999999999985860, -1.734723475976807094E-15, -17.88854381999833265 ) ) ;
#7281 = EDGE_CURVE ( 'NONE', #5328, #1297, #3846, .T. ) ;
#7282 = DIRECTION ( 'NONE',  ( -0.6679517357399816779, -0.7442045946659733291, -0.0000000000000000000 ) ) ;
#7283 = CIRCLE ( 'NONE', #1202, 0.5000000000000004441 ) ;
#7284 = CARTESIAN_POINT ( 'NONE',  ( -4.812519230360785549, -63.91931945979558094, 32.14288137286446556 ) ) ;
#7285 = DIRECTION ( 'NONE',  ( 0.0000000000000000000, 1.000000000000000000, -1.276710262284678586E-15 ) ) ;
#7286 = B_SPLINE_CURVE_WITH_KNOTS ( 'NONE', 3,
 ( #4720, #6169, #9230, #4671, #4573, #4525, #6928, #719, #9186, #6017, #857, #3821, #6072, #2359, #2420, #5466, #760, #3164, #6875, #6972, #9291, #8432, #6119, #2319, #3773, #165, #7777, #3018, #1571, #900, #8485, #8345, #1666, #9138, #6214, #2273, #5326, #8391, #9085, #28, #8534, #3069, #5370, #3870, #2222, #3962, #70, #3117, #5418, #1623, #7730, #3916 ),
 .UNSPECIFIED., .T., .F.,
 ( 4, 2, 2, 2, 2, 2, 2, 2, 2, 2, 2, 2, 2, 2, 2, 2, 2, 2, 2, 2, 2, 2, 2, 2, 2, 4 ),
 ( 0.0000000000000000000, 0.0006898466413155119074, 0.001379693282631023815, 0.001724616603288780040, 0.002069539923946536481, 0.002759386565262048931, 0.003104309885919804939, 0.003449233206577560946, 0.003794156527235316954, 0.004139079847893072962, 0.004828926489208584978, 0.005518773130524097861, 0.005863696451181832185, 0.006208619771839568244, 0.006553543092497302568, 0.006898466413155038626, 0.007243389733812772950, 0.007588313054470509009, 0.007933236375128242465, 0.008278159695785977656, 0.008968006337101448039, 0.009657852978416918421, 0.01000277629907465361, 0.01034769961973238880, 0.01069262294039012400, 0.01103754626104785919 ),
 .UNSPECIFIED. ) ;
#7287 = VERTEX_POINT ( 'NONE', #5376 ) ;
#7288 = LINE ( 'NONE', #9691, #1119 ) ;
#7289 = DIRECTION ( 'NONE',  ( 1.000000000000000000, 0.0000000000000000000, 0.0000000000000000000 ) ) ;
#7290 = CARTESIAN_POINT ( 'NONE',  ( -2.735742793011961993, -62.49503226396327449, 54.53614958208256525 ) ) ;
#7291 = EDGE_LOOP ( 'NONE', ( #4413 ) ) ;
#7292 = ORIENTED_EDGE ( 'NONE', *, *, #6840, .F. ) ;
#7293 = CARTESIAN_POINT ( 'NONE',  ( -1.500000000000001554, 18.50000000000000000, -33.50000000000000000 ) ) ;
#7294 = CARTESIAN_POINT ( 'NONE',  ( -34.13977507295168579, -52.88695767006485227, 11.44087065697485883 ) ) ;
#7295 = CARTESIAN_POINT ( 'NONE',  ( 22.72926797708478119, 19.00000000073374196, 24.57402566441680491 ) ) ;
#7296 = ORIENTED_EDGE ( 'NONE', *, *, #5069, .T. ) ;
#7297 = DIRECTION ( 'NONE',  ( 7.232542356195667155E-15, -1.000000000000000000, 1.276710262284687461E-15 ) ) ;
#7298 = CARTESIAN_POINT ( 'NONE',  ( -7.511331188351369370, -58.26130430280610284, 55.32331046761503046 ) ) ;
#7299 = DIRECTION ( 'NONE',  ( -0.0000000000000000000, -0.0000000000000000000, -1.000000000000000000 ) ) ;
#7300 = CARTESIAN_POINT ( 'NONE',  ( -12.12435565298201112, -63.00000000000001421, -23.00000000000000355 ) ) ;
#7301 = FACE_OUTER_BOUND ( 'NONE', #1145, .T. ) ;
#7302 = DIRECTION ( 'NONE',  ( 1.000000000000000000, 0.0000000000000000000, -0.0000000000000000000 ) ) ;
#7303 = CARTESIAN_POINT ( 'NONE',  ( -1.470038938463849920, -68.15148243859880495, 30.48585692090529520 ) ) ;
#7304 = CARTESIAN_POINT ( 'NONE',  ( -4.540991088506132201, 20.02625989173203180, 35.71277083394171825 ) ) ;
#7305 = EDGE_LOOP ( 'NONE', ( #1642, #5451, #819, #3243, #5991, #4439, #8848, #989 ) ) ;
#7306 = CARTESIAN_POINT ( 'NONE',  ( 12.12435565298225626, 10.49999999999996803, 32.79999999999999716 ) ) ;
#7307 = EDGE_LOOP ( 'NONE', ( #3755 ) ) ;
#7308 = CARTESIAN_POINT ( 'NONE',  ( -6.177443301520679775, -55.42736954103511948, 30.50000000000007816 ) ) ;
#7309 = VERTEX_POINT ( 'NONE', #5377 ) ;
#7310 = DIRECTION ( 'NONE',  ( 0.0000000000000000000, 1.000000000000000000, 0.0000000000000000000 ) ) ;
#7311 = CARTESIAN_POINT ( 'NONE',  ( 6.270962009129235071, 14.38350110001897697, -35.45047538343693816 ) ) ;
#7312 = FACE_BOUND ( 'NONE', #6184, .T. ) ;
#7313 = CARTESIAN_POINT ( 'NONE',  ( 26.95768948755539185, -46.08818774076912916, 23.87381931024358295 ) ) ;
#7314 = DIRECTION ( 'NONE',  ( -1.000000000000000000, 0.0000000000000000000, 0.0000000000000000000 ) ) ;
#7315 = CARTESIAN_POINT ( 'NONE',  ( 26.81843850624352044, -32.98051387506272647, 17.07423756539541060 ) ) ;
#7316 = FACE_BOUND ( 'NONE', #2400, .T. ) ;
#7317 = ADVANCED_FACE ( 'NONE', ( #9145, #728 ), #3782, .F. ) ;
#7318 = CARTESIAN_POINT ( 'NONE',  ( 7.202085862464097765, -48.65857160543439619, 35.28683780282900528 ) ) ;
#7319 = EDGE_LOOP ( 'NONE', ( #2146, #7224, #5947, #8227 ) ) ;
#7320 = ADVANCED_FACE ( 'NONE', ( #5331 ), #1532, .F. ) ;
#7321 = CARTESIAN_POINT ( 'NONE',  ( -7.212418002885216950, -43.35158229979733591, -33.99445557772266113 ) ) ;
#7322 = DIRECTION ( 'NONE',  ( 0.0000000000000000000, -1.000000000000000000, 0.0000000000000000000 ) ) ;
#7323 = PERSON_AND_ORGANIZATION ( #7395, #7661 ) ;
#7324 = CARTESIAN_POINT ( 'NONE',  ( 11.97483326185299468, 18.52103892992151657, 33.95005753370482182 ) ) ;
#7325 = CARTESIAN_POINT ( 'NONE',  ( 26.95106910955723123, -33.51301686334267771, -16.93079274299576298 ) ) ;
#7326 = CARTESIAN_POINT ( 'NONE',  ( -1.567417284365995922, -66.55228977011172731, 52.49999999989841371 ) ) ;
#7327 = ADVANCED_FACE ( 'NONE', ( #771 ), #9297, .F. ) ;
#7328 = CARTESIAN_POINT ( 'NONE',  ( 27.39273627770661790, -35.04987063143956050, -16.42500160981673929 ) ) ;
#7329 = EDGE_CURVE ( 'NONE', #7435, #8505, #2470, .T. ) ;
#7330 = B_SPLINE_CURVE_WITH_KNOTS ( 'NONE', 3,
 ( #1105, #7970, #2003, #556, #3408, #6462, #4253, #1309, #8074, #9525 ),
 .UNSPECIFIED., .F., .F.,
 ( 4, 2, 2, 2, 4 ),
 ( 2.299801102220243315E-16, 0.0004340798777500034611, 0.0008681597554997769629, 0.001302239633249550627, 0.001736319510999324075 ),
 .UNSPECIFIED. ) ;
#7331 = CARTESIAN_POINT ( 'NONE',  ( 2.688534084642817845, -65.66982524449912262, 32.38935865213767329 ) ) ;
#7332 = CARTESIAN_POINT ( 'NONE',  ( 3.204016263794680715E-13, -44.30000000000000426, 5.655826461921165747E-14 ) ) ;
#7333 = CIRCLE ( 'NONE', #3169, 14.99999999999999112 ) ;
#7334 = VERTEX_POINT ( 'NONE', #7180 ) ;
#7335 = EDGE_CURVE ( 'NONE', #9386, #9338, #2721, .T. ) ;
#7336 = LINE ( 'NONE', #5969, #9610 ) ;
#7337 = DIRECTION ( 'NONE',  ( 1.000000000000000000, 0.0000000000000000000, 0.0000000000000000000 ) ) ;
#7338 = APPROVAL_PERSON_ORGANIZATION ( #8042, #5917, #1971 ) ;
#7339 = CARTESIAN_POINT ( 'NONE',  ( -0.7567284586243356870, -44.26119838311556975, -34.49588089240914002 ) ) ;
#7340 = CONICAL_SURFACE ( 'NONE', #4766, 5.999999999897169367, 0.7853981637013458528 ) ;
#7341 = CARTESIAN_POINT ( 'NONE',  ( -3.154846597409342035, -61.81557196446093627, 54.58501121805138467 ) ) ;
#7342 = AXIS2_PLACEMENT_3D ( 'NONE', #8706, #3330, #1785 ) ;
#7343 = ORIENTED_EDGE ( 'NONE', *, *, #9889, .F. ) ;
#7344 = PLANE ( 'NONE',  #14 ) ;
#7345 = AXIS2_PLACEMENT_3D ( 'NONE', #9704, #2138, #9100 ) ;
#7346 = CARTESIAN_POINT ( 'NONE',  ( -33.74996869671658573, -52.57820786686082215, 12.52759726711844834 ) ) ;
#7347 = CARTESIAN_POINT ( 'NONE',  ( -31.10269690174101598, -43.06438399518781779, 18.79660381467596508 ) ) ;
#7348 = CARTESIAN_POINT ( 'NONE',  ( 18.78467659428653036, 18.99999998011092828, 28.91829672148326935 ) ) ;
#7349 = ORIENTED_EDGE ( 'NONE', *, *, #409, .F. ) ;
#7350 = AXIS2_PLACEMENT_3D ( 'NONE', #107, #5403, #6412 ) ;
#7351 = CARTESIAN_POINT ( 'NONE',  ( -14.37109988514567149, -44.74420346381636904, -33.00897691769598907 ) ) ;
#7352 = CARTESIAN_POINT ( 'NONE',  ( 20.53010579534419477, 18.99999998672684498, -27.45104967558192399 ) ) ;
#7353 = FACE_OUTER_BOUND ( 'NONE', #135, .T. ) ;
#7354 = CARTESIAN_POINT ( 'NONE',  ( 17.75000000000014211, 18.98431801353724424, -29.87530894787688851 ) ) ;
#7355 = CARTESIAN_POINT ( 'NONE',  ( -1.500000000000000888, 23.00000000000000000, -33.50000000000000000 ) ) ;
#7356 = LINE ( 'NONE', #6603, #2091 ) ;
#7357 = ORIENTED_EDGE ( 'NONE', *, *, #2601, .T. ) ;
#7358 = CARTESIAN_POINT ( 'NONE',  ( -4.000161017710275324, 17.73308235510104325, 35.77706963766602399 ) ) ;
#7359 = EDGE_LOOP ( 'NONE', ( #3274, #5662, #9336, #3123 ) ) ;
#7360 = VECTOR ( 'NONE', #6577, 1000.000000000000227 ) ;
#7361 = CARTESIAN_POINT ( 'NONE',  ( -1.679909339373117261, -68.26541929916501772, 32.00000000000008527 ) ) ;
#7362 = ORIENTED_EDGE ( 'NONE', *, *, #1817, .T. ) ;
#7363 = CIRCLE ( 'NONE', #3188, 0.5000000000000004441 ) ;
#7364 = CARTESIAN_POINT ( 'NONE',  ( 17.75000000000013856, 18.99999999999310774, 29.58356807418559242 ) ) ;
#7365 = CARTESIAN_POINT ( 'NONE',  ( -31.49999999999959144, -54.50000000000022027, 3.477521747251682201E-14 ) ) ;
#7366 = CARTESIAN_POINT ( 'NONE',  ( 0.0000000000000000000, -1.500000000000015099, 0.0000000000000000000 ) ) ;
#7367 = FACE_OUTER_BOUND ( 'NONE', #7412, .T. ) ;
#7368 = FACE_BOUND ( 'NONE', #9593, .T. ) ;
#7369 = CARTESIAN_POINT ( 'NONE',  ( 35.59094682051144787, -53.98659142904189423, 5.422864008017570292 ) ) ;
#7370 = DIRECTION ( 'NONE',  ( 0.0000000000000000000, 0.0000000000000000000, 1.000000000000000000 ) ) ;
#7371 = CARTESIAN_POINT ( 'NONE',  ( 19.01136989100994512, -29.27468770584090407, 30.57280013579165256 ) ) ;
#7372 = CARTESIAN_POINT ( 'NONE',  ( 3.469300795788818004, -59.83404758409428581, 54.34695454707026840 ) ) ;
#7373 = AXIS2_PLACEMENT_3D ( 'NONE', #2672, #5721, #8589 ) ;
#7374 = CARTESIAN_POINT ( 'NONE',  ( 7.110874239786891593, -45.86056159708797253, 35.31621994706511458 ) ) ;
#7375 = ORIENTED_EDGE ( 'NONE', *, *, #4116, .T. ) ;
#7376 = AXIS2_PLACEMENT_3D ( 'NONE', #1705, #3154, #3251 ) ;
#7377 = CARTESIAN_POINT ( 'NONE',  ( -10.86093112614591405, -47.29837184203827860, -34.33284520659525185 ) ) ;
#7378 = CARTESIAN_POINT ( 'NONE',  ( -2.109576062435988941, -67.87977718472957633, 30.36786714009707211 ) ) ;
#7379 = CARTESIAN_POINT ( 'NONE',  ( 5.384371731943280004, 14.96229564688546354, 35.59556830510240388 ) ) ;
#7380 = CARTESIAN_POINT ( 'NONE',  ( -6.993680494295275274, -58.72591535476683333, 58.50308003485938713 ) ) ;
#7381 = ADVANCED_FACE ( 'NONE', ( #2577 ), #270, .F. ) ;
#7382 = FACE_OUTER_BOUND ( 'NONE', #6872, .T. ) ;
#7383 = PLANE ( 'NONE',  #7830 ) ;
#7384 = CARTESIAN_POINT ( 'NONE',  ( 27.39192396327052847, -35.04733297610248144, 16.42597726492158472 ) ) ;
#7385 = CARTESIAN_POINT ( 'NONE',  ( -20.20051764887617196, 18.99999992712055530, 27.76948595151984023 ) ) ;
#7386 = FACE_OUTER_BOUND ( 'NONE', #9153, .T. ) ;
#7387 = AXIS2_PLACEMENT_3D ( 'NONE', #7795, #6341, #7047 ) ;
#7388 = EDGE_CURVE ( 'NONE', #723, #4700, #1174, .T. ) ;
#7389 = EDGE_CURVE ( 'NONE', #1630, #8216, #4772, .T. ) ;
#7390 = VERTEX_POINT ( 'NONE', #8041 ) ;
#7391 = CARTESIAN_POINT ( 'NONE',  ( 18.42175990098756344, 23.00000000000000000, 30.92957746478875336 ) ) ;
#7392 = SHAPE_REPRESENTATION_RELATIONSHIP ( 'NONE' , 'NONE' ,  #9749, #7871 ) ;
#7393 = CARTESIAN_POINT ( 'NONE',  ( 6.880634107598362803, -43.43680986821248524, -34.03765608640090790 ) ) ;
#7394 = CARTESIAN_POINT ( 'NONE',  ( -3.131620017670106115, -58.67121315053879016, 54.71734075227758609 ) ) ;
#7395 = PERSON ( '未指定', '未指定', '未指定', ('未指定'), ('未指定'), ('未指定') ) ;
#7396 = ORIENTED_EDGE ( 'NONE', *, *, #2774, .T. ) ;
#7397 = ADVANCED_FACE ( 'NONE', ( #5624, #9544 ), #327, .F. ) ;
#7398 = CARTESIAN_POINT ( 'NONE',  ( 1.734723475976792106E-15, 1.250000000000004663, 3.500000000000001332 ) ) ;
#7399 = CARTESIAN_POINT ( 'NONE',  ( -35.39996023558126836, -53.84557436150951304, 6.545786976124750467 ) ) ;
#7400 = CARTESIAN_POINT ( 'NONE',  ( -32.62605835579666547, -44.80583728915599551, 1.650250176658557111 ) ) ;
#7401 = CARTESIAN_POINT ( 'NONE',  ( 22.24116644674719367, 18.99999996073701425, 25.36675287637692122 ) ) ;
#7402 = CARTESIAN_POINT ( 'NONE',  ( -5.094455801167964815, -49.10525813704635567, -35.64055219488246706 ) ) ;
#7403 = CARTESIAN_POINT ( 'NONE',  ( 24.50000000000012434, 17.50000000000000711, 17.88854381999830778 ) ) ;
#7404 = CARTESIAN_POINT ( 'NONE',  ( 1.449794399585628835, -65.39773139067442287, -32.46764691565939387 ) ) ;
#7405 = CARTESIAN_POINT ( 'NONE',  ( -7.604523751887756866, -62.78419373378967094, 42.50000000000007816 ) ) ;
#7406 = CARTESIAN_POINT ( 'NONE',  ( 3.469446951953614189E-15, 1.250000000027284841, -3.499999999999999556 ) ) ;
#7407 = ORIENTED_EDGE ( 'NONE', *, *, #406, .F. ) ;
#7408 = EDGE_CURVE ( 'NONE', #1812, #4832, #3375, .T. ) ;
#7409 = CARTESIAN_POINT ( 'NONE',  ( -5.953636757327388729, -54.95638611408011087, 42.50000000000007816 ) ) ;
#7410 = ORIENTED_EDGE ( 'NONE', *, *, #8976, .F. ) ;
#7411 = DIRECTION ( 'NONE',  ( 0.0000000000000000000, 0.0000000000000000000, -1.000000000000000000 ) ) ;
#7412 = EDGE_LOOP ( 'NONE', ( #2168 ) ) ;
#7413 = CARTESIAN_POINT ( 'NONE',  ( 17.75000000000014211, 18.87444331460815761, 30.29826889360950304 ) ) ;
#7414 = VERTEX_POINT ( 'NONE', #5051 ) ;
#7415 = CARTESIAN_POINT ( 'NONE',  ( -0.2011503749868629731, -56.80576116695375077, 54.65809010036555549 ) ) ;
#7416 = CARTESIAN_POINT ( 'NONE',  ( 9.778118034120856450, 14.40779291451372579, -34.64748957737463542 ) ) ;
#7417 = DIRECTION ( 'NONE',  ( 1.000000000000000000, 7.232542356195678199E-15, 1.054711873393898911E-15 ) ) ;
#7418 = CARTESIAN_POINT ( 'NONE',  ( 31.44991811893482136, -50.64082495707142328, 17.51936327614130562 ) ) ;
#7419 = CARTESIAN_POINT ( 'NONE',  ( 8.222535032588550623E-15, 23.00000000000000000, 33.50000000000000000 ) ) ;
#7420 = LINE ( 'NONE', #1356, #4976 ) ;
#7421 = CARTESIAN_POINT ( 'NONE',  ( 3.488501706120697765, -60.01416990988749234, 54.33731760626322682 ) ) ;
#7422 = CARTESIAN_POINT ( 'NONE',  ( 13.78912158844203617, -41.72400490610914403, 33.33422406935307691 ) ) ;
#7423 = ORIENTED_EDGE ( 'NONE', *, *, #7944, .F. ) ;
#7424 = CARTESIAN_POINT ( 'NONE',  ( 6.288139880814017424, -46.05782154755856794, -35.46976900694738788 ) ) ;
#7425 = CARTESIAN_POINT ( 'NONE',  ( 30.00000000000047962, -74.29999999999979821, 36.00000000000007816 ) ) ;
#7426 = AXIS2_PLACEMENT_3D ( 'NONE', #5033, #3483, #2733 ) ;
#7427 = CARTESIAN_POINT ( 'NONE',  ( 4.836968138796765793, 15.53722754284760121, 35.67388610782770542 ) ) ;
#7428 = CARTESIAN_POINT ( 'NONE',  ( 1.873492307090688147, -66.68453789787341179, 66.88108647042764687 ) ) ;
#7429 = CARTESIAN_POINT ( 'NONE',  ( 26.07992723082152153, -28.55583302348783548, -26.17615076618454140 ) ) ;
#7430 = DIRECTION ( 'NONE',  ( 1.000000000000000000, 7.232542356195667155E-15, 0.0000000000000000000 ) ) ;
#7431 = CARTESIAN_POINT ( 'NONE',  ( 31.94324586158529300, -43.92463844666094985, -6.673841216468905380 ) ) ;
#7432 = VECTOR ( 'NONE', #9880, 1000.000000000000000 ) ;
#7433 = CARTESIAN_POINT ( 'NONE',  ( -23.05320987323064230, 18.99999999132369766, 23.96942939414913099 ) ) ;
#7434 = CARTESIAN_POINT ( 'NONE',  ( 6.405195658750871601, -61.02192903587346962, 52.50000000000009237 ) ) ;
#7435 = VERTEX_POINT ( 'NONE', #6379 ) ;
#7436 = CARTESIAN_POINT ( 'NONE',  ( 3.469446951953614978E-15, 4.749999999830833985, -3.500000000000003109 ) ) ;
#7437 = APPROVAL_DATE_TIME ( #8344, #3841 ) ;
#7438 = CARTESIAN_POINT ( 'NONE',  ( 7.199440529402580502, -43.34524337589752463, -33.99272616532503832 ) ) ;
#7439 = AXIS2_PLACEMENT_3D ( 'NONE', #349, #4047, #6557 ) ;
#7440 = EDGE_CURVE ( 'NONE', #5000, #83, #1716, .T. ) ;
#7441 = EDGE_LOOP ( 'NONE', ( #277, #9201, #4478, #6947, #8292, #4833, #6133, #2432, #3789, #3891, #898, #3474 ) ) ;
#7442 = ORIENTED_EDGE ( 'NONE', *, *, #38, .T. ) ;
#7443 = EDGE_CURVE ( 'NONE', #9302, #8965, #3366, .T. ) ;
#7444 = CARTESIAN_POINT ( 'NONE',  ( -21.73046406390849938, -38.16720416055957799, 28.70169361880696712 ) ) ;
#7445 = CARTESIAN_POINT ( 'NONE',  ( -30.23066694818466260, -41.36189969925175092, 11.84096800597858312 ) ) ;
#7446 = CIRCLE ( 'NONE', #2320, 8.000000000000001776 ) ;
#7447 = CARTESIAN_POINT ( 'NONE',  ( 19.12945080905085504, 18.99999994851252083, 28.66733155919115106 ) ) ;
#7448 = CARTESIAN_POINT ( 'NONE',  ( -3.202475304437077952, -49.36791102550211718, -35.85761109120211643 ) ) ;
#7449 = CARTESIAN_POINT ( 'NONE',  ( 23.17924815041883591, 18.99999997473405955, -23.71292062745429874 ) ) ;
#7450 = CARTESIAN_POINT ( 'NONE',  ( -5.500000000000000000, 4.750000000000000888, 19.50000000000000000 ) ) ;
#7451 = CARTESIAN_POINT ( 'NONE',  ( -25.09999999999885745, -153.7965029924599207, -18.09999999999982734 ) ) ;
#7452 = CARTESIAN_POINT ( 'NONE',  ( 2.368679225283068845, -57.72297129874342403, 54.79350171110131384 ) ) ;
#7453 = CARTESIAN_POINT ( 'NONE',  ( 28.03066425894296287, -47.28320422296434344, -22.58943704180713752 ) ) ;
#7454 = EDGE_CURVE ( 'NONE', #1763, #8438, #3424, .T. ) ;
#7455 = ORIENTED_EDGE ( 'NONE', *, *, #8997, .T. ) ;
#7456 = CARTESIAN_POINT ( 'NONE',  ( -7.779352964725667618, 13.99776265685589571, 35.15041597853195299 ) ) ;
#7457 = EDGE_CURVE ( 'NONE', #5845, #5845, #4644, .T. ) ;
#7458 = ORIENTED_EDGE ( 'NONE', *, *, #5301, .F. ) ;
#7459 = CARTESIAN_POINT ( 'NONE',  ( -4.265448302794678348, -65.05238861642237680, 52.49993338065584680 ) ) ;
#7460 = EDGE_LOOP ( 'NONE', ( #431 ) ) ;
#7461 = CARTESIAN_POINT ( 'NONE',  ( 3.285829917790984211, -67.86741843374289829, 34.50000000000007816 ) ) ;
#7462 = EDGE_LOOP ( 'NONE', ( #5657 ) ) ;
#7463 = DIRECTION ( 'NONE',  ( 4.304913725480043459E-30, 1.000000000000000000, -4.414771579894708905E-59 ) ) ;
#7464 = EDGE_CURVE ( 'NONE', #6104, #8438, #8334, .T. ) ;
#7465 = CARTESIAN_POINT ( 'NONE',  ( 4.209221165908546780, 19.30370519794020723, -35.75322402294271029 ) ) ;
#7466 = CARTESIAN_POINT ( 'NONE',  ( 19.86065878517472783, -33.24310988352529250, 30.02608765874824215 ) ) ;
#7467 = DIRECTION ( 'NONE',  ( 0.0000000000000000000, 1.000000000000000000, 0.0000000000000000000 ) ) ;
#7468 = CARTESIAN_POINT ( 'NONE',  ( 15.28359967956054533, -43.62011837510070933, 32.59473525950895123 ) ) ;
#7469 = CARTESIAN_POINT ( 'NONE',  ( 11.30770014951163027, -41.02897895611643264, 33.20648445498923707 ) ) ;
#7470 = ORIENTED_EDGE ( 'NONE', *, *, #4502, .T. ) ;
#7471 = CARTESIAN_POINT ( 'NONE',  ( 12.44586481691026236, -46.37962517561751241, -33.79076024443614301 ) ) ;
#7472 = CARTESIAN_POINT ( 'NONE',  ( -24.29999999999949267, -67.30000000000019611, -15.49999999999993427 ) ) ;
#7473 = APPROVAL_ROLE ( '' ) ;
#7474 = CARTESIAN_POINT ( 'NONE',  ( 4.000001420016656262, 18.00337047937464163, 35.77708748123394145 ) ) ;
#7475 = CARTESIAN_POINT ( 'NONE',  ( 2.282149204335089276, -57.64530733630611081, 53.91464526306684490 ) ) ;
#7476 = CARTESIAN_POINT ( 'NONE',  ( 20.96597511694293559, -36.48133277834921984, -29.26707343156359897 ) ) ;
#7477 = CARTESIAN_POINT ( 'NONE',  ( 4.767049965773140663, -64.63858460530887839, 52.49999999970782483 ) ) ;
#7478 = CARTESIAN_POINT ( 'NONE',  ( 32.66650862712421599, -44.85598526763622829, -0.4207893775626003752 ) ) ;
#7479 = CARTESIAN_POINT ( 'NONE',  ( -22.98306689940004688, 18.99999999686260566, 24.10702668603940779 ) ) ;
#7480 = CARTESIAN_POINT ( 'NONE',  ( 17.67766952966358929, 5.000000000000000888, 17.67766952966378469 ) ) ;
#7481 = ORIENTED_EDGE ( 'NONE', *, *, #3395, .T. ) ;
#7482 = DIRECTION ( 'NONE',  ( 1.054711873393889642E-15, -1.276710262284678586E-15, -1.000000000000000000 ) ) ;
#7483 = PERSON_AND_ORGANIZATION_ROLE ( 'creator' ) ;
#7484 = FACE_OUTER_BOUND ( 'NONE', #4747, .T. ) ;
#7485 = AXIS2_PLACEMENT_3D ( 'NONE', #7622, #1511, #7720 ) ;
#7486 = ORIENTED_EDGE ( 'NONE', *, *, #9602, .F. ) ;
#7487 = EDGE_CURVE ( 'NONE', #6802, #4455, #3528, .T. ) ;
#7488 = CARTESIAN_POINT ( 'NONE',  ( 5.621939336060966852, -63.35846562914881730, 52.49999999982581045 ) ) ;
#7489 = APPROVAL_PERSON_ORGANIZATION ( #2618, #4267, #8739 ) ;
#7490 = CARTESIAN_POINT ( 'NONE',  ( -30.20256807768276630, -49.49311824402153803, 19.59690239868482919 ) ) ;
#7491 = CARTESIAN_POINT ( 'NONE',  ( -35.72725464176767929, -48.71529232810055987, -4.548180000209105955 ) ) ;
#7492 = CARTESIAN_POINT ( 'NONE',  ( 19.64485527585492264, 18.99999998844310412, 28.25824213778814453 ) ) ;
#7493 = EDGE_CURVE ( 'NONE', #2300, #6359, #2626, .T. ) ;
#7494 = CARTESIAN_POINT ( 'NONE',  ( -2.331241779204276998, -49.45071056453851810, -35.92741047887470529 ) ) ;
#7495 = CARTESIAN_POINT ( 'NONE',  ( 23.94380749335857317, 18.99999998340416951, -21.72930070059870644 ) ) ;
#7496 = DIRECTION ( 'NONE',  ( -0.0000000000000000000, -0.0000000000000000000, -1.000000000000000000 ) ) ;
#7497 = VECTOR ( 'NONE', #4037, 1000.000000000000000 ) ;
#7498 = FACE_OUTER_BOUND ( 'NONE', #2494, .T. ) ;
#7499 = CARTESIAN_POINT ( 'NONE',  ( 2.620900258610346256, -57.94934920370207010, 56.24420195043937554 ) ) ;
#7500 = CARTESIAN_POINT ( 'NONE',  ( 32.15300654375808165, -51.26029717135583041, -16.22328331003631163 ) ) ;
#7501 = ADVANCED_FACE ( 'NONE', ( #6482 ), #8746, .T. ) ;
#7502 = LOCAL_TIME ( 17, 37, 41.00000000000000000, #4112 ) ;
#7503 = VECTOR ( 'NONE', #9175, 1000.000000000000227 ) ;
#7504 = ORIENTED_EDGE ( 'NONE', *, *, #1086, .T. ) ;
#7505 = DIRECTION ( 'NONE',  ( 1.000000000000000000, 6.245004513516506329E-15, 2.081668171172168908E-15 ) ) ;
#7506 = ORIENTED_EDGE ( 'NONE', *, *, #7335, .F. ) ;
#7507 = CARTESIAN_POINT ( 'NONE',  ( 3.980814712676603538E-13, -60.29999999999996163, 35.50000000000007816 ) ) ;
#7508 = EDGE_LOOP ( 'NONE', ( #735 ) ) ;
#7509 = DIRECTION ( 'NONE',  ( -0.0000000000000000000, -1.000000000000000000, -0.0000000000000000000 ) ) ;
#7510 = ADVANCED_FACE ( 'NONE', ( #4073 ), #7129, .F. ) ;
#7511 = EDGE_LOOP ( 'NONE', ( #4722 ) ) ;
#7512 = ADVANCED_FACE ( 'NONE', ( #7990 ), #1121, .F. ) ;
#7513 = CARTESIAN_POINT ( 'NONE',  ( -1.339980436580781697, -57.05855822750034889, 54.70102346904864277 ) ) ;
#7514 = AXIS2_PLACEMENT_3D ( 'NONE', #8258, #5149, #1153 ) ;
#7515 = AXIS2_PLACEMENT_3D ( 'NONE', #8757, #5736, #3387 ) ;
#7516 = CARTESIAN_POINT ( 'NONE',  ( 18.16590212458494591, 5.000000000000000888, -30.50000000000000000 ) ) ;
#7517 = EDGE_CURVE ( 'NONE', #7788, #8269, #6735, .T. ) ;
#7518 = CARTESIAN_POINT ( 'NONE',  ( -17.74999999999989697, 10.50000000000002309, 31.08982952671177458 ) ) ;
#7519 = VECTOR ( 'NONE', #253, 1000.000000000000000 ) ;
#7520 = CARTESIAN_POINT ( 'NONE',  ( 15.60038373294597669, -43.14054362231907191, 32.44447079417690105 ) ) ;
#7521 = CARTESIAN_POINT ( 'NONE',  ( -3.023174873247310934, -44.12527087482587973, 34.41315709650950083 ) ) ;
#7522 = ORIENTED_EDGE ( 'NONE', *, *, #5588, .F. ) ;
#7523 = AXIS2_PLACEMENT_3D ( 'NONE', #4149, #2748, #1149 ) ;
#7524 = EDGE_CURVE ( 'NONE', #8670, #2745, #5431, .T. ) ;
#7525 = CARTESIAN_POINT ( 'NONE',  ( 4.127623664941157067, -43.99468278934558185, -34.33644165753486277 ) ) ;
#7526 = DIRECTION ( 'NONE',  ( 1.054711873393880372E-15, 7.628248297903733964E-30, -1.000000000000000000 ) ) ;
#7527 = CALENDAR_DATE ( 2023, 16, 11 ) ;
#7528 = CARTESIAN_POINT ( 'NONE',  ( 9.497543176024578315, -42.42122801585134084, 33.60241748817420415 ) ) ;
#7529 = CARTESIAN_POINT ( 'NONE',  ( 4.775113863065357123, -59.88283728824721663, 59.43171826863923712 ) ) ;
#7530 = AXIS2_PLACEMENT_3D ( 'NONE', #7080, #1017, #9493 ) ;
#7531 = CARTESIAN_POINT ( 'NONE',  ( 35.94908242896254080, -48.93222316959204932, 2.272321020191168106 ) ) ;
#7532 = PLANE ( 'NONE',  #4307 ) ;
#7533 = AXIS2_PLACEMENT_3D ( 'NONE', #7409, #544, #2142 ) ;
#7534 = CARTESIAN_POINT ( 'NONE',  ( 29.22935252202944767, -39.54215443014183506, -13.78519869123210029 ) ) ;
#7535 = CARTESIAN_POINT ( 'NONE',  ( -23.40997586401909558, 18.99999993285254973, 23.20454907881799400 ) ) ;
#7536 = LINE ( 'NONE', #5967, #9833 ) ;
#7537 = ORIENTED_EDGE ( 'NONE', *, *, #5473, .T. ) ;
#7538 = CARTESIAN_POINT ( 'NONE',  ( -29.78269523695430365, -40.58952016151976494, 12.77905989078897164 ) ) ;
#7539 = VECTOR ( 'NONE', #1957, 1000.000000000000000 ) ;
#7540 = CALENDAR_DATE ( 2023, 16, 11 ) ;
#7541 = CARTESIAN_POINT ( 'NONE',  ( -24.29999999999951754, -63.80000000000018900, -15.49999999999993960 ) ) ;
#7542 = CARTESIAN_POINT ( 'NONE',  ( -29.99999999999959854, -56.50000000000020606, 19.89974874213242728 ) ) ;
#7543 = ORIENTED_EDGE ( 'NONE', *, *, #8310, .T. ) ;
#7544 = AXIS2_PLACEMENT_3D ( 'NONE', #190, #984, #5489 ) ;
#7545 = ORIENTED_EDGE ( 'NONE', *, *, #5588, .T. ) ;
#7546 = CARTESIAN_POINT ( 'NONE',  ( -28.04933842485640483, -47.30348373036208898, 22.56624354166349633 ) ) ;
#7547 = CARTESIAN_POINT ( 'NONE',  ( -35.56996805663319350, -53.97105069532209143, -5.558690187186595466 ) ) ;
#7548 = CARTESIAN_POINT ( 'NONE',  ( 19.19638478060337761, 18.99999994171593443, 28.61633606032630439 ) ) ;
#7549 = CARTESIAN_POINT ( 'NONE',  ( -8.595424103791525994, -48.21300174338172440, -34.95914039276361507 ) ) ;
#7550 = CARTESIAN_POINT ( 'NONE',  ( -35.38982078795294939, -53.83807779892656242, -6.601413741851541950 ) ) ;
#7551 = CARTESIAN_POINT ( 'NONE',  ( 24.39341191656015795, 18.99999993945186105, -19.58501951083814063 ) ) ;
#7552 = FACE_OUTER_BOUND ( 'NONE', #2096, .T. ) ;
#7553 = FACE_OUTER_BOUND ( 'NONE', #5904, .T. ) ;
#7554 = CARTESIAN_POINT ( 'NONE',  ( 20.70397534593758238, -35.80207610285300035, -29.45152319377104533 ) ) ;
#7555 = EDGE_LOOP ( 'NONE', ( #1914 ) ) ;
#7556 = EDGE_LOOP ( 'NONE', ( #8408, #7641, #5579, #855 ) ) ;
#7557 = CARTESIAN_POINT ( 'NONE',  ( -20.06633063298334818, -34.09967732300258803, -29.89772127740749141 ) ) ;
#7558 = EDGE_CURVE ( 'NONE', #3071, #511, #7288, .T. ) ;
#7559 = CARTESIAN_POINT ( 'NONE',  ( -6.170273830959421169, -67.17466756899789004, 46.50000000000008527 ) ) ;
#7560 = DIRECTION ( 'NONE',  ( 1.000000000000000000, 0.0000000000000000000, 0.0000000000000000000 ) ) ;
#7561 = EDGE_LOOP ( 'NONE', ( #795, #4988, #6013, #147 ) ) ;
#7562 = DIRECTION ( 'NONE',  ( 0.6679517357399817890, 0.7442045946659732181, 0.0000000000000000000 ) ) ;
#7563 = EDGE_LOOP ( 'NONE', ( #8833, #3585, #2526, #3995 ) ) ;
#7564 = CARTESIAN_POINT ( 'NONE',  ( 1.161244558714119579, -56.99825548476420778, 54.58537273800419598 ) ) ;
#7565 = EDGE_CURVE ( 'NONE', #3959, #692, #8896, .T. ) ;
#7566 = CARTESIAN_POINT ( 'NONE',  ( 5.500000000000005329, -4.750000000000000888, -19.50000000000000000 ) ) ;
#7567 = CARTESIAN_POINT ( 'NONE',  ( 19.69472282868180457, -32.61357360527608051, 30.13500049105970291 ) ) ;
#7568 = FACE_OUTER_BOUND ( 'NONE', #4849, .T. ) ;
#7569 = DIRECTION ( 'NONE',  ( 0.0000000000000000000, -1.000000000000000000, 0.0000000000000000000 ) ) ;
#7570 = CARTESIAN_POINT ( 'NONE',  ( -4.539769232501599028, -46.36700954816786435, 35.72169106447454112 ) ) ;
#7571 = ORIENTED_EDGE ( 'NONE', *, *, #7794, .T. ) ;
#7572 = CARTESIAN_POINT ( 'NONE',  ( 12.53486734441026407, -43.18713495565042138, -33.80987824383652196 ) ) ;
#7573 = EDGE_CURVE ( 'NONE', #3745, #2258, #7336, .T. ) ;
#7574 = LINE ( 'NONE', #7425, #8608 ) ;
#7575 = VECTOR ( 'NONE', #8715, 1000.000000000000000 ) ;
#7576 = ITEM_DEFINED_TRANSFORMATION ( 'NONE', 'NONE', #4604,  #9567 ) ;
#7577 = CARTESIAN_POINT ( 'NONE',  ( 10.82900907005116942, -41.53337624942788864, 33.32008191575143741 ) ) ;
#7578 = CARTESIAN_POINT ( 'NONE',  ( -18.75238095238078628, -1.387778780781445676E-14, -30.49570803599715063 ) ) ;
#7579 = CARTESIAN_POINT ( 'NONE',  ( 35.82031540820345583, -48.80659964096037839, 3.697277258457760674 ) ) ;
#7580 = CYLINDRICAL_SURFACE ( 'NONE', #3323, 14.99999999999998934 ) ;
#7581 = CARTESIAN_POINT ( 'NONE',  ( -23.61877860433325793, 18.99999992748951172, -22.68821366678002605 ) ) ;
#7582 = ORIENTED_CLOSED_SHELL ( 'NONE', *, #7038, .F. );
#7583 = CARTESIAN_POINT ( 'NONE',  ( -21.21568763906521582, 18.99999998172485860, 26.71452251010236623 ) ) ;
#7584 = CARTESIAN_POINT ( 'NONE',  ( 3.666010644843956001, -54.99828057024424055, 52.49999999994571453 ) ) ;
#7585 = ORIENTED_EDGE ( 'NONE', *, *, #408, .T. ) ;
#7586 = CARTESIAN_POINT ( 'NONE',  ( -30.78311689566687548, -42.25271913287167536, -10.52539734596130572 ) ) ;
#7587 = APPROVAL_ROLE ( '' ) ;
#7588 = CARTESIAN_POINT ( 'NONE',  ( 11.46373131609062135, -40.86574693812410430, -33.16950463650861991 ) ) ;
#7589 = EDGE_CURVE ( 'NONE', #9896, #9896, #4479, .T. ) ;
#7590 = PLANE ( 'NONE',  #5923 ) ;
#7591 = CIRCLE ( 'NONE', #2623, 6.000000000000005329 ) ;
#7592 = ORIENTED_EDGE ( 'NONE', *, *, #2673, .F. ) ;
#7593 = EDGE_LOOP ( 'NONE', ( #9414, #2434, #5037, #4734 ) ) ;
#7594 = CARTESIAN_POINT ( 'NONE',  ( -35.69231743084299779, -48.68084601312351367, -4.828505301427051144 ) ) ;
#7595 = CARTESIAN_POINT ( 'NONE',  ( -10.99999999999986500, 18.24833147735477468, 17.88854381999831844 ) ) ;
#7596 = VERTEX_POINT ( 'NONE', #5003 ) ;
#7597 = AXIS2_PLACEMENT_3D ( 'NONE', #5219, #4423, #756 ) ;
#7598 = CARTESIAN_POINT ( 'NONE',  ( 14.85212660792348416, -44.18662014212886646, -32.79351973538086185 ) ) ;
#7599 = CARTESIAN_POINT ( 'NONE',  ( 24.44003693728929605, 18.99999994851253504, -19.16746629912598721 ) ) ;
#7600 = DIRECTION ( 'NONE',  ( 7.232542356195668733E-15, -1.000000000000000000, 0.0000000000000000000 ) ) ;
#7601 = CARTESIAN_POINT ( 'NONE',  ( 21.35653616571227076, -37.36684706070347062, -28.98154649242037806 ) ) ;
#7602 = ORIENTED_EDGE ( 'NONE', *, *, #6966, .F. ) ;
#7603 = ORIENTED_EDGE ( 'NONE', *, *, #350, .F. ) ;
#7604 = CIRCLE ( 'NONE', #6623, 9.999999999999994671 ) ;
#7605 = CARTESIAN_POINT ( 'NONE',  ( -26.63550641454565593, -32.34924897202319016, -25.48391290866863912 ) ) ;
#7606 = DIRECTION ( 'NONE',  ( 1.000000000000000000, 0.0000000000000000000, 0.0000000000000000000 ) ) ;
#7607 = VERTEX_POINT ( 'NONE', #5134 ) ;
#7608 = DIRECTION ( 'NONE',  ( 0.5238095238095424877, 5.422222261512712871E-13, 0.8518354199999083054 ) ) ;
#7609 = ORIENTED_EDGE ( 'NONE', *, *, #8252, .T. ) ;
#7610 = CARTESIAN_POINT ( 'NONE',  ( 1.887548647953135150, -57.34371830901163491, 54.53615962330019329 ) ) ;
#7611 = LINE ( 'NONE', #8457, #7118 ) ;
#7612 = CARTESIAN_POINT ( 'NONE',  ( 20.89271624084480550, -36.31878106009149576, 29.32031965604824109 ) ) ;
#7613 = CARTESIAN_POINT ( 'NONE',  ( -8.196491563582485540, -59.36190296444593884, 34.50000000000007816 ) ) ;
#7614 = APPLICATION_CONTEXT ( 'configuration controlled 3d designs of mechanical parts and assemblies' ) ;
#7615 = CARTESIAN_POINT ( 'NONE',  ( 13.17008318617819995, -45.81738045881625254, 33.50452513921162279 ) ) ;
#7616 = CARTESIAN_POINT ( 'NONE',  ( 0.3731923870652116837, -44.26794235213598228, 34.50007156538890740 ) ) ;
#7617 = VERTEX_POINT ( 'NONE', #8197 ) ;
#7618 = EDGE_CURVE ( 'NONE', #6027, #4731, #8998, .T. ) ;
#7619 = EDGE_CURVE ( 'NONE', #2745, #3227, #9042, .T. ) ;
#7620 = ORIENTED_EDGE ( 'NONE', *, *, #2289, .T. ) ;
#7621 = CARTESIAN_POINT ( 'NONE',  ( -2.285872724917039633, -46.61149436935735224, -35.93171506514766378 ) ) ;
#7622 = CARTESIAN_POINT ( 'NONE',  ( 3.980814712676603538E-13, -60.29999999999996163, 40.00000000000007816 ) ) ;
#7623 = CARTESIAN_POINT ( 'NONE',  ( -18.16590212458494591, 23.00000000000000000, -30.50000000000000000 ) ) ;
#7624 = ADVANCED_FACE ( 'NONE', ( #5820, #6633 ), #2075, .T. ) ;
#7625 = DIRECTION ( 'NONE',  ( -0.0000000000000000000, 1.000000000000000000, 0.0000000000000000000 ) ) ;
#7626 = CARTESIAN_POINT ( 'NONE',  ( 25.10000000000045972, -67.29999999999979821, 17.33303027798244145 ) ) ;
#7627 = CARTESIAN_POINT ( 'NONE',  ( 32.66650862712421599, -44.85598526763622829, -0.4207893775626003752 ) ) ;
#7628 = DIRECTION ( 'NONE',  ( 0.0000000000000000000, -1.000000000000000000, 0.0000000000000000000 ) ) ;
#7629 = DIRECTION ( 'NONE',  ( 0.7442045946659733291, -0.6679517357399816779, 0.0000000000000000000 ) ) ;
#7630 = EDGE_CURVE ( 'NONE', #4276, #5060, #1327, .T. ) ;
#7631 = CARTESIAN_POINT ( 'NONE',  ( -23.87941585849133475, 18.99999996848445605, 21.93826773685459131 ) ) ;
#7632 = DIRECTION ( 'NONE',  ( -0.6679517357399819000, -0.7442045946659731070, 0.0000000000000000000 ) ) ;
#7633 = VERTEX_POINT ( 'NONE', #2169 ) ;
#7634 = CARTESIAN_POINT ( 'NONE',  ( -35.98906707601324229, -54.27646606755191527, -1.036844201549735889 ) ) ;
#7635 = APPROVAL_ROLE ( '' ) ;
#7636 = EDGE_CURVE ( 'NONE', #3029, #3029, #4326, .T. ) ;
#7637 = CARTESIAN_POINT ( 'NONE',  ( 12.10327541297439602, -39.38460300096839006, -33.00557437677568373 ) ) ;
#7638 = EDGE_CURVE ( 'NONE', #3290, #8269, #8490, .T. ) ;
#7639 = DIRECTION ( 'NONE',  ( 0.0000000000000000000, 0.0000000000000000000, 1.000000000000000000 ) ) ;
#7640 = ORIENTED_EDGE ( 'NONE', *, *, #725, .T. ) ;
#7641 = ORIENTED_EDGE ( 'NONE', *, *, #4397, .F. ) ;
#7642 = EDGE_CURVE ( 'NONE', #9146, #9146, #5439, .T. ) ;
#7643 = CARTESIAN_POINT ( 'NONE',  ( -33.01519857454979956, -51.98781952275949436, -14.40208763912828438 ) ) ;
#7644 = DIRECTION ( 'NONE',  ( 1.000000000000000000, 7.232542356195667155E-15, 0.0000000000000000000 ) ) ;
#7645 = VERTEX_POINT ( 'NONE', #502 ) ;
#7646 = CARTESIAN_POINT ( 'NONE',  ( 8.087333324675157087, -48.37889307234964065, -35.07984859234378661 ) ) ;
#7647 = CARTESIAN_POINT ( 'NONE',  ( 23.64449337227167902, 18.99999992564719165, -22.62821925843188708 ) ) ;
#7648 = CARTESIAN_POINT ( 'NONE',  ( -6.516499241209758431, -52.71088086335578282, 35.40577945223204637 ) ) ;
#7649 = CARTESIAN_POINT ( 'NONE',  ( 2.343491822399478064, -57.70036465321145158, 54.55949781801806608 ) ) ;
#7650 = CARTESIAN_POINT ( 'NONE',  ( 31.11157110194634967, -50.33638719259045047, -18.11289401725474590 ) ) ;
#7651 = ORIENTED_EDGE ( 'NONE', *, *, #3336, .F. ) ;
#7652 = ORIENTED_EDGE ( 'NONE', *, *, #711, .T. ) ;
#7653 = CARTESIAN_POINT ( 'NONE',  ( 5.750000000000125233, 10.50000000000001421, -33.00000000000000000 ) ) ;
#7654 = CARTESIAN_POINT ( 'NONE',  ( -13.77022553563949536, -56.52149201083221897, 52.49993338065581838 ) ) ;
#7655 = FACE_OUTER_BOUND ( 'NONE', #5679, .T. ) ;
#7656 = EDGE_LOOP ( 'NONE', ( #2260, #1027, #9678, #472, #648, #4035, #3263, #7292 ) ) ;
#7657 = CARTESIAN_POINT ( 'NONE',  ( 10.99999999999997691, 9.714451465470119729E-14, 17.88854381999832199 ) ) ;
#7658 = ORIENTED_EDGE ( 'NONE', *, *, #3022, .F. ) ;
#7659 = CARTESIAN_POINT ( 'NONE',  ( -3.781176760586646424E-11, 18.24833147733430394, 6.390721285498557336E-11 ) ) ;
#7660 = PLANE ( 'NONE',  #244 ) ;
#7661 = ORGANIZATION ( '未指定', '未指定', '' ) ;
#7662 = CYLINDRICAL_SURFACE ( 'NONE', #2287, 9.999999999999994671 ) ;
#7663 = CARTESIAN_POINT ( 'NONE',  ( -25.99999999999986855, 6.938893903907228378E-15, -32.79999999999999716 ) ) ;
#7664 = DIRECTION ( 'NONE',  ( 0.0000000000000000000, 0.0000000000000000000, 1.000000000000000000 ) ) ;
#7665 = CARTESIAN_POINT ( 'NONE',  ( -5.210182743565117569, -43.82766768251901368, 34.24157422677544815 ) ) ;
#7666 = ORIENTED_EDGE ( 'NONE', *, *, #3946, .F. ) ;
#7667 = VECTOR ( 'NONE', #7163, 1000.000000000000000 ) ;
#7668 = ORGANIZATION ( 'NAUO-ORG4', 'UNSPECIFIED', 'UNSPECIFIED' ) ;
#7669 = CIRCLE ( 'NONE', #6682, 1.649999999999998579 ) ;
#7670 = ORIENTED_EDGE ( 'NONE', *, *, #7255, .T. ) ;
#7671 = AXIS2_PLACEMENT_3D ( 'NONE', #7913, #9472, #8066 ) ;
#7672 = CARTESIAN_POINT ( 'NONE',  ( 15.20546256072069902, -43.74371281890523733, -32.63210893384412259 ) ) ;
#7673 = DIRECTION ( 'NONE',  ( 0.0000000000000000000, 0.0000000000000000000, -1.000000000000000000 ) ) ;
#7674 = AXIS2_PLACEMENT_3D ( 'NONE', #8772, #5651, #1998 ) ;
#7675 = DIRECTION ( 'NONE',  ( -0.0000000000000000000, 1.000000000000000000, -0.0000000000000000000 ) ) ;
#7676 = CARTESIAN_POINT ( 'NONE',  ( 2.328550763297794646, -57.68695448827524075, 54.40244087717785959 ) ) ;
#7677 = DIRECTION ( 'NONE',  ( 0.0000000000000000000, 1.000000000000000000, -0.0000000000000000000 ) ) ;
#7678 = CARTESIAN_POINT ( 'NONE',  ( 35.93367178966732922, -48.91691468140959387, -2.313660005445289158 ) ) ;
#7679 = AXIS2_PLACEMENT_3D ( 'NONE', #4247, #1895, #503 ) ;
#7680 = CARTESIAN_POINT ( 'NONE',  ( -23.86935574218178147, 18.99999998172486926, -21.96749669524388082 ) ) ;
#7681 = CARTESIAN_POINT ( 'NONE',  ( -23.51594137624503844, 18.99999992376387326, 22.94962657016091967 ) ) ;
#7682 = DIRECTION ( 'NONE',  ( -0.0000000000000000000, 1.000000000000000000, 0.0000000000000000000 ) ) ;
#7683 = ORIENTED_EDGE ( 'NONE', *, *, #7565, .F. ) ;
#7684 = VECTOR ( 'NONE', #2945, 1000.000000000000000 ) ;
#7685 = CALENDAR_DATE ( 2023, 16, 11 ) ;
#7686 = CARTESIAN_POINT ( 'NONE',  ( 12.01936944060413204, -39.76587639457322609, -33.02754311341723081 ) ) ;
#7687 = VECTOR ( 'NONE', #9278, 1000.000000000000114 ) ;
#7688 = DIRECTION ( 'NONE',  ( 4.304913725480044159E-30, 1.000000000000000000, 0.0000000000000000000 ) ) ;
#7689 = ORIENTED_EDGE ( 'NONE', *, *, #6893, .T. ) ;
#7690 = VECTOR ( 'NONE', #174, 1000.000000000000227 ) ;
#7691 = ORIENTED_EDGE ( 'NONE', *, *, #4812, .T. ) ;
#7692 = ADVANCED_FACE ( 'NONE', ( #8845 ), #1970, .F. ) ;
#7693 = VECTOR ( 'NONE', #2708, 1000.000000000000000 ) ;
#7694 = CARTESIAN_POINT ( 'NONE',  ( -35.49225024622624147, -48.48192563640681385, -6.209771565403216620 ) ) ;
#7695 = ORIENTED_EDGE ( 'NONE', *, *, #604, .F. ) ;
#7696 = DIRECTION ( 'NONE',  ( -0.0000000000000000000, -1.000000000000000000, -0.0000000000000000000 ) ) ;
#7697 = CARTESIAN_POINT ( 'NONE',  ( 16.20701099827012825, -41.93364976188399851, -32.14550879452819032 ) ) ;
#7698 = CARTESIAN_POINT ( 'NONE',  ( -10.43822484493763803, 21.18136698087890579, -34.45421707230021013 ) ) ;
#7699 = CARTESIAN_POINT ( 'NONE',  ( -0.4993727491057744494, -50.30020291838337698, 35.99994363378674933 ) ) ;
#7700 = AXIS2_PLACEMENT_3D ( 'NONE', #403, #7467, #4410 ) ;
#7701 = CARTESIAN_POINT ( 'NONE',  ( 35.33775496900464219, -53.79947421286175313, -6.875650047260269737 ) ) ;
#7702 = ORIENTED_EDGE ( 'NONE', *, *, #4371, .T. ) ;
#7703 = VERTEX_POINT ( 'NONE', #1220 ) ;
#7704 = CC_DESIGN_DATE_AND_TIME_ASSIGNMENT ( #6927, #27, ( #4749 ) ) ;
#7705 = CARTESIAN_POINT ( 'NONE',  ( -29.17687306122954993, -48.49271292225257923, -21.10877790530897258 ) ) ;
#7706 = FACE_OUTER_BOUND ( 'NONE', #1936, .T. ) ;
#7707 = ORIENTED_EDGE ( 'NONE', *, *, #5061, .T. ) ;
#7708 = LINE ( 'NONE', #7790, #8328 ) ;
#7709 = VECTOR ( 'NONE', #6101, 1000.000000000000114 ) ;
#7710 = ORIENTED_EDGE ( 'NONE', *, *, #6162, .T. ) ;
#7711 = CARTESIAN_POINT ( 'NONE',  ( 4.179110650923774672E-13, -60.29999999999998295, 42.50000000000007816 ) ) ;
#7712 = CARTESIAN_POINT ( 'NONE',  ( 1.238429931521567440E-13, 19.00000000000001066, 31.50000000000000000 ) ) ;
#7713 = ADVANCED_FACE ( 'NONE', ( #2124 ), #4271, .F. ) ;
#7714 = CARTESIAN_POINT ( 'NONE',  ( -12.12435565298157769, -72.30000000000011084, -22.99999999999991118 ) ) ;
#7715 = CARTESIAN_POINT ( 'NONE',  ( -2.671542757127146839, -49.41914418049899638, 35.90078259072149081 ) ) ;
#7716 = CARTESIAN_POINT ( 'NONE',  ( -11.24567459692652882, -47.07476781686756340, 34.20107542306930526 ) ) ;
#7717 = VERTEX_POINT ( 'NONE', #6584 ) ;
#7718 = VERTEX_POINT ( 'NONE', #9646 ) ;
#7719 = FACE_OUTER_BOUND ( 'NONE', #3838, .T. ) ;
#7720 = DIRECTION ( 'NONE',  ( 1.000000000000000000, 0.0000000000000000000, 0.0000000000000000000 ) ) ;
#7721 = CARTESIAN_POINT ( 'NONE',  ( 11.44972126833607895, -40.85458568221898901, 33.17178962627715322 ) ) ;
#7722 = CARTESIAN_POINT ( 'NONE',  ( 7.024189199426712271, -61.15771967865600800, 29.57014852272223493 ) ) ;
#7723 = CARTESIAN_POINT ( 'NONE',  ( 35.79123606092699816, -48.77815210729414730, 3.982828819876884197 ) ) ;
#7724 = PLANE ( 'NONE',  #6248 ) ;
#7725 = AXIS2_PLACEMENT_3D ( 'NONE', #1837, #7049, #6293 ) ;
#7726 = CARTESIAN_POINT ( 'NONE',  ( -23.52473701941865869, 18.99999992371374091, 22.92778387585899225 ) ) ;
#7727 = CARTESIAN_POINT ( 'NONE',  ( 3.204016263794681220E-13, -44.30000000000001137, 5.655826461921167009E-14 ) ) ;
#7728 = EDGE_LOOP ( 'NONE', ( #4444 ) ) ;
#7729 = APPROVAL_STATUS ( 'not_yet_approved' ) ;
#7730 = CARTESIAN_POINT ( 'NONE',  ( -1.750203499390992290, -65.18749061078462148, -35.95743021620654645 ) ) ;
#7731 = CARTESIAN_POINT ( 'NONE',  ( -16.78756936566708546, -72.30000000000008242, 31.84615384615389999 ) ) ;
#7732 = ORIENTED_EDGE ( 'NONE', *, *, #8376, .T. ) ;
#7733 = ORIENTED_EDGE ( 'NONE', *, *, #939, .T. ) ;
#7734 = EDGE_LOOP ( 'NONE', ( #7506, #1493, #6137, #427, #8601, #1889, #6193, #2493, #2390, #8733, #2192, #863 ) ) ;
#7735 = DIRECTION ( 'NONE',  ( 0.0000000000000000000, 0.0000000000000000000, -1.000000000000000000 ) ) ;
#7736 = CARTESIAN_POINT ( 'NONE',  ( 14.56392124207815719, -44.52282755719128460, -32.92261561249514301 ) ) ;
#7737 = CARTESIAN_POINT ( 'NONE',  ( -4.133825474724225124, 19.06026530972165389, -35.76191228998131066 ) ) ;
#7738 = AXIS2_PLACEMENT_3D ( 'NONE', #334, #2633, #5680 ) ;
#7739 = EDGE_CURVE ( 'NONE', #4581, #4581, #5919, .T. ) ;
#7740 = CARTESIAN_POINT ( 'NONE',  ( 9.559021062057437845, -57.32176060704645693, 34.70794718980463500 ) ) ;
#7741 = ORIENTED_EDGE ( 'NONE', *, *, #8907, .T. ) ;
#7742 = AXIS2_PLACEMENT_3D ( 'NONE', #5089, #1942, #6494 ) ;
#7743 = EDGE_CURVE ( 'NONE', #1979, #3745, #4549, .T. ) ;
#7744 = ORIENTED_EDGE ( 'NONE', *, *, #6999, .F. ) ;
#7745 = CIRCLE ( 'NONE', #5824, 3.000000000003492762 ) ;
#7746 = CARTESIAN_POINT ( 'NONE',  ( -27.59940251642203535, -46.80918753872673221, -23.11622005844621697 ) ) ;
#7747 = DIRECTION ( 'NONE',  ( 0.0000000000000000000, 0.0000000000000000000, 1.000000000000000000 ) ) ;
#7748 = ORIENTED_EDGE ( 'NONE', *, *, #5532, .T. ) ;
#7749 = DIRECTION ( 'NONE',  ( 7.232542356195667155E-15, -1.000000000000000000, 1.276710262284687461E-15 ) ) ;
#7750 = VERTEX_POINT ( 'NONE', #3352 ) ;
#7751 = CARTESIAN_POINT ( 'NONE',  ( -3.617442790848194978, -54.06508341172058607, 29.70283815137095473 ) ) ;
#7752 = CARTESIAN_POINT ( 'NONE',  ( 26.30000000000049099, -67.29999999999981242, -15.49999999999987921 ) ) ;
#7753 = EDGE_CURVE ( 'NONE', #7001, #3579, #8014, .T. ) ;
#7754 = CARTESIAN_POINT ( 'NONE',  ( -12.12435565298201112, -63.00000000000001421, 22.99999999999999645 ) ) ;
#7755 =( BOUNDED_SURFACE ( )  B_SPLINE_SURFACE ( 3, 2, ( 
 ( #6384, #1320, #9448 ),
 ( #3574, #276, #2012 ),
 ( #2913, #7429, #5813 ),
 ( #565, #4372, #1366 ),
 ( #5962, #4080, #516 ),
 ( #8889, #3322, #7476 ),
 ( #7325, #2064, #5172 ),
 ( #9732, #8702, #9033 ),
 ( #1264, #3621, #2581 ),
 ( #9684, #9785, #6626 ),
 ( #5629, #8932, #6673 ),
 ( #2162, #1024, #5913 ),
 ( #4264, #3669, #5215 ),
 ( #2811, #7134, #5861 ),
 ( #5122, #2861, #6726 ),
 ( #8190, #8988, #1826 ),
 ( #9640, #2762, #2117 ),
 ( #5020, #8084, #465 ),
 ( #3524, #5067, #6576 ),
 ( #4320, #8235, #4419 ),
 ( #610, #8382, #1516 ),
 ( #108, #2350, #2310 ),
 ( #3063, #9130, #4610 ),
 ( #8475, #5265, #6772 ),
 ( #8335, #9829, #2959 ),
 ( #665, #6819, #9875 ),
 ( #6112, #9277, #3716 ),
 ( #1562, #6964, #3004 ),
 ( #6007, #6062, #2408 ),
 ( #3108, #6161, #4564 ),
 ( #9076, #8281, #9221 ),
 ( #5317, #9178, #2266 ),
 ( #2209, #7678, #3807 ),
 ( #5363, #3153, #804 ),
 ( #7627, #6866, #751 ),
 ( #1412, #6201, #4465 ),
 ( #1616, #7531, #1469 ),
 ( #4515, #7579, #8424 ),
 ( #20, #7723, #4664 ),
 ( #3864, #5405, #707 ),
 ( #3763, #6920, #64 ),
 ( #850, #3909, #1657 ),
 ( #9524, #8730, #1849 ),
 ( #2503, #8576, #7969 ),
 ( #5607, #4053, #7868 ),
 ( #7813, #5550, #1704 ),
 ( #998, #4903, #6414 ),
 ( #4755, #305, #255 ),
 ( #947, #7063, #9372 ),
 ( #1103, #9476, #4157 ),
 ( #8679, #2456, #4005 ),
 ( #1804, #7220, #1050 ),
 ( #5653, #358, #7114 ),
 ( #3299, #6356, #8624 ),
 ( #4104, #9324, #2607 ),
 ( #9424, #204, #5505 ),
 ( #4856, #7918, #3407 ),
 ( #6461, #7159, #2557 ),
 ( #3356, #3250, #4711 ),
 ( #5458, #8526, #7769 ),
 ( #891, #3951, #1753 ),
 ( #7009, #155, #3203 ),
 ( #6255, #6306, #4807 ),
 ( #3612, #1902, #1157 ),
 ( #7315, #3455, #2049 ),
 ( #9571, #8775, #9721 ),
 ( #5900, #8974, #8224 ),
 ( #5754, #5163, #7371 ),
 ( #1249, #5057, #451 ),
 ( #2755, #8829, #5803 ) ),
 .UNSPECIFIED., .F., .F., .F. ) 
 B_SPLINE_SURFACE_WITH_KNOTS ( ( 4, 2, 2, 2, 2, 2, 2, 2, 2, 2, 2, 2, 2, 2, 2, 2, 2, 2, 2, 2, 2, 2, 2, 2, 2, 2, 2, 2, 2, 2, 2, 2, 2, 2, 4 ),
 ( 3, 3 ),
 ( -1.734723475976807094E-18, 0.004885280309124399346, 0.009770560618248800427, 0.01221320077281099967, 0.01465584092737320064, 0.01954112123649760085, 0.02076244131377870047, 0.02198376139105980009, 0.02442640154562199933, 0.02564772162290309895, 0.02686904170018419857, 0.02931168185474640128, 0.03175432200930860399, 0.03297564208658970708, 0.03419696216387080323, 0.03663960231843300247, 0.03786092239571410556, 0.03908224247299520171, 0.04152488262755740095, 0.04213554266619795596, 0.04274620270483850404, 0.04396752278211960019, 0.04518884285940069634, 0.04641016293668179943, 0.04885280309124399867, 0.05007412316852509482, 0.05129544324580619791, 0.05373808340036839715, 0.05618072355493060333, 0.05862336370949280256, 0.06350864401861720798, 0.06595128417317941416, 0.06839392432774160646, 0.07327920463686600494, 0.07816448494599040342 ),
 ( 0.0000000000000000000, 1.000000000000000000 ),
 .UNSPECIFIED. ) 
 GEOMETRIC_REPRESENTATION_ITEM ( )  RATIONAL_B_SPLINE_SURFACE ( (
 ( 1.000000000000000000, 0.8728715609439692269, 1.000000000000000000),
 ( 1.000000000000000000, 0.8728694836492740805, 1.000000000000000000),
 ( 1.000000000000000000, 0.8738063653259672270, 1.000000000000000000),
 ( 1.000000000000000000, 0.8773765798707550134, 1.000000000000000000),
 ( 1.000000000000000000, 0.8800118503424791960, 1.000000000000000000),
 ( 1.000000000000000000, 0.8850156662151065223, 1.000000000000000000),
 ( 1.000000000000000000, 0.8868595844618799573, 1.000000000000000000),
 ( 1.000000000000000000, 0.8907836174110440597, 1.000000000000000000),
 ( 1.000000000000000000, 0.8928691464130109612, 1.000000000000000000),
 ( 1.000000000000000000, 0.8993860093016551316, 1.000000000000000000),
 ( 1.000000000000000000, 0.9040783470542486100, 1.000000000000000000),
 ( 1.000000000000000000, 0.9099962820876579261, 1.000000000000000000),
 ( 1.000000000000000000, 0.9111823472090923026, 1.000000000000000000),
 ( 1.000000000000000000, 0.9135245964388871709, 1.000000000000000000),
 ( 1.000000000000000000, 0.9146838688575411602, 1.000000000000000000),
 ( 1.000000000000000000, 0.9181117459428903560, 1.000000000000000000),
 ( 1.000000000000000000, 0.9203300522249235893, 1.000000000000000000),
 ( 1.000000000000000000, 0.9235061556497118351, 1.000000000000000000),
 ( 1.000000000000000000, 0.9245397224386451285, 1.000000000000000000),
 ( 1.000000000000000000, 0.9265491223154438405, 1.000000000000000000),
 ( 1.000000000000000000, 0.9275282332293310894, 1.000000000000000000),
 ( 1.000000000000000000, 0.9303430082223146380, 1.000000000000000000),
 ( 1.000000000000000000, 0.9320486886534582460, 1.000000000000000000),
 ( 1.000000000000000000, 0.9351044209434198340, 1.000000000000000000),
 ( 1.000000000000000000, 0.9364549485127238171, 1.000000000000000000),
 ( 1.000000000000000000, 0.9382092665034412748, 1.000000000000000000),
 ( 1.000000000000000000, 0.9387424157316952567, 1.000000000000000000),
 ( 1.000000000000000000, 0.9397039180237753975, 1.000000000000000000),
 ( 1.000000000000000000, 0.9401336056569877808, 1.000000000000000000),
 ( 1.000000000000000000, 0.9412772075632732660, 1.000000000000000000),
 ( 1.000000000000000000, 0.9418470631079971511, 1.000000000000000000),
 ( 1.000000000000000000, 0.9424235434257687283, 1.000000000000000000),
 ( 1.000000000000000000, 0.9425688530943988619, 1.000000000000000000),
 ( 1.000000000000000000, 0.9427604685201563806, 1.000000000000000000),
 ( 1.000000000000000000, 0.9428081103246549466, 1.000000000000000000),
 ( 1.000000000000000000, 0.9428108636780498930, 1.000000000000000000),
 ( 1.000000000000000000, 0.9426277350670344557, 1.000000000000000000),
 ( 1.000000000000000000, 0.9421525326780352261, 1.000000000000000000),
 ( 1.000000000000000000, 0.9420447197834660447, 1.000000000000000000),
 ( 1.000000000000000000, 0.9418056621781534243, 1.000000000000000000),
 ( 1.000000000000000000, 0.9416743012716888295, 1.000000000000000000),
 ( 1.000000000000000000, 0.9412446580643005767, 1.000000000000000000),
 ( 1.000000000000000000, 0.9409108879977000628, 1.000000000000000000),
 ( 1.000000000000000000, 0.9401463059444189474, 1.000000000000000000),
 ( 1.000000000000000000, 0.9397154728650775057, 1.000000000000000000),
 ( 1.000000000000000000, 0.9387522758473852980, 1.000000000000000000),
 ( 1.000000000000000000, 0.9382183812001008150, 1.000000000000000000),
 ( 1.000000000000000000, 0.9364654554551171683, 1.000000000000000000),
 ( 1.000000000000000000, 0.9351135427950589829, 1.000000000000000000),
 ( 1.000000000000000000, 0.9328136764317376262, 1.000000000000000000),
 ( 1.000000000000000000, 0.9320017060760686922, 1.000000000000000000),
 ( 1.000000000000000000, 0.9302880319459186920, 1.000000000000000000),
 ( 1.000000000000000000, 0.9293827548081874390, 1.000000000000000000),
 ( 1.000000000000000000, 0.9265661644795208929, 1.000000000000000000),
 ( 1.000000000000000000, 0.9245560116724101940, 1.000000000000000000),
 ( 1.000000000000000000, 0.9203258952220118028, 1.000000000000000000),
 ( 1.000000000000000000, 0.9181058508231582094, 1.000000000000000000),
 ( 1.000000000000000000, 0.9135228494326600446, 1.000000000000000000),
 ( 1.000000000000000000, 0.9111483639501800624, 1.000000000000000000),
 ( 1.000000000000000000, 0.9040693375016781719, 1.000000000000000000),
 ( 1.000000000000000000, 0.8993809350979840023, 1.000000000000000000),
 ( 1.000000000000000000, 0.8928584135016396361, 1.000000000000000000),
 ( 1.000000000000000000, 0.8907691609053869364, 1.000000000000000000),
 ( 1.000000000000000000, 0.8868358083411329584, 1.000000000000000000),
 ( 1.000000000000000000, 0.8849920806136403195, 1.000000000000000000),
 ( 1.000000000000000000, 0.8800032590072718319, 1.000000000000000000),
 ( 1.000000000000000000, 0.8773728540554265320, 1.000000000000000000),
 ( 1.000000000000000000, 0.8738069238695013174, 1.000000000000000000),
 ( 1.000000000000000000, 0.8728695053039043916, 1.000000000000000000),
 ( 1.000000000000000000, 0.8728715609439695600, 1.000000000000000000) ) ) 
 REPRESENTATION_ITEM ( '' )  SURFACE ( )  );
#7756 = DIRECTION ( 'NONE',  ( 0.0000000000000000000, -0.0000000000000000000, -1.000000000000000000 ) ) ;
#7757 = EDGE_CURVE ( 'NONE', #3162, #723, #4300, .T. ) ;
#7758 = CARTESIAN_POINT ( 'NONE',  ( -10.35734651327157430, -47.51042252693348189, 34.47816621910473600 ) ) ;
#7759 = VECTOR ( 'NONE', #3107, 1000.000000000000000 ) ;
#7760 = CARTESIAN_POINT ( 'NONE',  ( -2.337831075085550214, -62.90471608133446324, 54.50000000004213518 ) ) ;
#7761 = ORIENTED_EDGE ( 'NONE', *, *, #9591, .F. ) ;
#7762 = ORIENTED_EDGE ( 'NONE', *, *, #4388, .F. ) ;
#7763 = ADVANCED_FACE ( 'NONE', ( #6611 ), #7260, .T. ) ;
#7764 = CARTESIAN_POINT ( 'NONE',  ( 0.1902076009729439521, -63.79482843342967868, 54.33220528955087758 ) ) ;
#7765 = VERTEX_POINT ( 'NONE', #9126 ) ;
#7766 = CARTESIAN_POINT ( 'NONE',  ( -28.27407414342082959, -37.50161605645341467, -15.30105227979669813 ) ) ;
#7767 = DIRECTION ( 'NONE',  ( 1.000000000000000000, 9.251858538542962756E-15, 0.0000000000000000000 ) ) ;
#7768 = FACE_OUTER_BOUND ( 'NONE', #6233, .T. ) ;
#7769 = CARTESIAN_POINT ( 'NONE',  ( 24.70476208244031824, -43.25242408461999588, 26.23037533593272030 ) ) ;
#7770 = CARTESIAN_POINT ( 'NONE',  ( -5.083306010855054069, -67.29999999999996874, 32.10000000000007248 ) ) ;
#7771 = CARTESIAN_POINT ( 'NONE',  ( -22.02882511478032157, 18.99999993285255684, -25.67522664677296618 ) ) ;
#7772 = CARTESIAN_POINT ( 'NONE',  ( -24.01295612347913888, 18.99999999535908302, 21.48377365902088698 ) ) ;
#7773 = CARTESIAN_POINT ( 'NONE',  ( -20.18326900166426441, -34.36941285429136173, -29.81312506684596642 ) ) ;
#7774 = DIRECTION ( 'NONE',  ( -1.449315808840609664E-16, -1.614768592323987101E-16, -1.000000000000000000 ) ) ;
#7775 = ORIENTED_EDGE ( 'NONE', *, *, #3772, .F. ) ;
#7776 = APPLICATION_PROTOCOL_DEFINITION ( 'international standard', 'config_control_design', 1994, #4910 ) ;
#7777 = CARTESIAN_POINT ( 'NONE',  ( 1.659540683131273342, -64.73290567534219520, -35.96175575260279800 ) ) ;
#7778 = LINE ( 'NONE', #8346, #6575 ) ;
#7779 = ORIENTED_EDGE ( 'NONE', *, *, #9456, .F. ) ;
#7780 = CARTESIAN_POINT ( 'NONE',  ( -21.29834950667948945, -37.25976015977942524, -29.02746033044096663 ) ) ;
#7781 = VERTEX_POINT ( 'NONE', #8824 ) ;
#7782 = CYLINDRICAL_SURFACE ( 'NONE', #4637, 14.79999999999999361 ) ;
#7783 = VERTEX_POINT ( 'NONE', #7130 ) ;
#7784 = CARTESIAN_POINT ( 'NONE',  ( 7.116348526721127499, -48.66006427034023574, -35.29034808249038946 ) ) ;
#7785 = CARTESIAN_POINT ( 'NONE',  ( 24.47016085944421349, 18.99999997707012156, -18.78979838607729391 ) ) ;
#7786 = CARTESIAN_POINT ( 'NONE',  ( 7.055314370388829914, -53.19659185210952046, 35.30378677857425629 ) ) ;
#7787 = ORIENTED_EDGE ( 'NONE', *, *, #6099, .T. ) ;
#7788 = VERTEX_POINT ( 'NONE', #1995 ) ;
#7789 = ORIENTED_EDGE ( 'NONE', *, *, #7636, .F. ) ;
#7790 = CARTESIAN_POINT ( 'NONE',  ( 2.868499841844935450, -69.08094767042250339, 46.50000000000008527 ) ) ;
#7791 = EDGE_LOOP ( 'NONE', ( #6440 ) ) ;
#7792 = FACE_OUTER_BOUND ( 'NONE', #8203, .T. ) ;
#7793 = CARTESIAN_POINT ( 'NONE',  ( -4.465227567995443181, -56.29228958556007711, 27.50000000000007816 ) ) ;
#7794 = EDGE_CURVE ( 'NONE', #602, #8849, #1151, .T. ) ;
#7795 = CARTESIAN_POINT ( 'NONE',  ( -1.441624326695970071, -67.13557259006364575, 32.00000000000008527 ) ) ;
#7796 = DIRECTION ( 'NONE',  ( -0.0000000000000000000, -1.000000000000000000, -0.0000000000000000000 ) ) ;
#7797 = LINE ( 'NONE', #4845, #6904 ) ;
#7798 = AXIS2_PLACEMENT_3D ( 'NONE', #8929, #2113, #5169 ) ;
#7799 = CARTESIAN_POINT ( 'NONE',  ( 8.230616178544064354, -48.33339865757843512, 35.04650755795988459 ) ) ;
#7800 = CARTESIAN_POINT ( 'NONE',  ( -14.11104862918804059, -45.00581690332377605, 33.12092395071249484 ) ) ;
#7801 = VERTEX_POINT ( 'NONE', #4199 ) ;
#7802 = ADVANCED_FACE ( 'NONE', ( #5796 ), #1243, .F. ) ;
#7803 = EDGE_CURVE ( 'NONE', #6075, #787, #9594, .T. ) ;
#7804 = VECTOR ( 'NONE', #1187, 999.9999999999998863 ) ;
#7805 = ORIENTED_EDGE ( 'NONE', *, *, #3953, .F. ) ;
#7806 = CARTESIAN_POINT ( 'NONE',  ( -5.499999999999998224, 4.250000000000000000, -19.49999999999999645 ) ) ;
#7807 = PRODUCT_DEFINITION_FORMATION_WITH_SPECIFIED_SOURCE ( '任何', '', #950, .NOT_KNOWN. ) ;
#7808 = CARTESIAN_POINT ( 'NONE',  ( -25.09999999999952180, -63.15000000000017621, -7.999999999999946709 ) ) ;
#7809 = CARTESIAN_POINT ( 'NONE',  ( -27.39192396327016610, -35.04733297610336962, -16.42597726492147103 ) ) ;
#7810 = CARTESIAN_POINT ( 'NONE',  ( 8.000000000000000000, 18.00000000000001421, -33.00000000000000000 ) ) ;
#7811 = PLANE ( 'NONE',  #5745 ) ;
#7812 = CARTESIAN_POINT ( 'NONE',  ( -17.74999999999988276, 19.00000000000001776, 29.73075227874842952 ) ) ;
#7813 = CARTESIAN_POINT ( 'NONE',  ( 32.02343683996684121, -44.03160654443217226, 6.304033145093329793 ) ) ;
#7814 = VECTOR ( 'NONE', #3372, 1000.000000000000000 ) ;
#7815 = DIRECTION ( 'NONE',  ( -7.232542356195667155E-15, 1.000000000000000000, -1.276710262284687461E-15 ) ) ;
#7816 = EDGE_CURVE ( 'NONE', #6887, #6887, #2229, .T. ) ;
#7817 = CARTESIAN_POINT ( 'NONE',  ( -22.15362881820125551, 18.99999994699743766, -25.49633669953615822 ) ) ;
#7818 = APPROVAL_PERSON_ORGANIZATION ( #4512, #2930, #7473 ) ;
#7819 = CONICAL_SURFACE ( 'NONE', #7514, 12.99999999999999822, 0.7853981633974602694 ) ;
#7820 = CC_DESIGN_PERSON_AND_ORGANIZATION_ASSIGNMENT ( #9485, #9535, ( #6196 ) ) ;
#7821 = DIRECTION ( 'NONE',  ( 0.0000000000000000000, -1.000000000000000000, 0.0000000000000000000 ) ) ;
#7822 = LINE ( 'NONE', #5412, #6471 ) ;
#7823 = AXIS2_PLACEMENT_3D ( 'NONE', #7966, #505, #5054 ) ;
#7824 = EDGE_LOOP ( 'NONE', ( #7362 ) ) ;
#7825 = CALENDAR_DATE ( 2023, 16, 11 ) ;
#7826 = CARTESIAN_POINT ( 'NONE',  ( -12.12435565298201112, -1.387778780781445676E-14, -23.00000000000000355 ) ) ;
#7827 = AXIS2_PLACEMENT_3D ( 'NONE', #7366, #3561, #6409 ) ;
#7828 = ADVANCED_FACE ( 'NONE', ( #2795 ), #9565, .T. ) ;
#7829 = DIRECTION ( 'NONE',  ( 0.0000000000000000000, -1.000000000000000000, 0.0000000000000000000 ) ) ;
#7830 = AXIS2_PLACEMENT_3D ( 'NONE', #4373, #9733, #7430 ) ;
#7831 = ORIENTED_EDGE ( 'NONE', *, *, #524, .F. ) ;
#7832 = AXIS2_PLACEMENT_3D ( 'NONE', #7657, #7749, #3847 ) ;
#7833 = PRODUCT_DEFINITION_SHAPE ( 'NONE', 'NONE',  #2070 ) ;
#7834 = CARTESIAN_POINT ( 'NONE',  ( -30.43785944889491191, -41.99449465900302414, -19.96689633677148024 ) ) ;
#7835 = EDGE_LOOP ( 'NONE', ( #1640 ) ) ;
#7836 = CARTESIAN_POINT ( 'NONE',  ( 8.705133898679662252, -61.18495412653508225, 42.50000000000007816 ) ) ;
#7837 = CARTESIAN_POINT ( 'NONE',  ( 1.734723475976807883E-15, 4.549999999994724931, 4.999999999938609108 ) ) ;
#7838 = DIRECTION ( 'NONE',  ( -1.000000000000000000, 0.0000000000000000000, 0.0000000000000000000 ) ) ;
#7839 = CARTESIAN_POINT ( 'NONE',  ( 24.47322193515792677, 18.99999998011092828, -18.74231746178204716 ) ) ;
#7840 = CARTESIAN_POINT ( 'NONE',  ( 9.981151539553097862, -60.96129061431408758, 34.58867917792763080 ) ) ;
#7841 = CARTESIAN_POINT ( 'NONE',  ( 1.699501575455980573, -57.12235908010880081, 65.30109019676018534 ) ) ;
#7842 = ORIENTED_EDGE ( 'NONE', *, *, #531, .T. ) ;
#7843 = AXIS2_PLACEMENT_3D ( 'NONE', #6307, #7221, #3357 ) ;
#7844 = ORIENTED_EDGE ( 'NONE', *, *, #761, .T. ) ;
#7845 = DIRECTION ( 'NONE',  ( 0.0000000000000000000, -4.665149104389269387E-13, -1.000000000000000000 ) ) ;
#7846 = CARTESIAN_POINT ( 'NONE',  ( -18.85714285723248196, -27.64473496693377896, 30.66607511994190105 ) ) ;
#7847 = CARTESIAN_POINT ( 'NONE',  ( 23.55669531759043878, 18.99999992395145654, 22.84764997341155279 ) ) ;
#7848 = ORIENTED_EDGE ( 'NONE', *, *, #4687, .T. ) ;
#7849 = DIRECTION ( 'NONE',  ( 0.0000000000000000000, 0.0000000000000000000, -1.000000000000000000 ) ) ;
#7850 = LINE ( 'NONE', #3989, #1254 ) ;
#7851 = AXIS2_PLACEMENT_3D ( 'NONE', #1528, #6074, #4575 ) ;
#7852 = CARTESIAN_POINT ( 'NONE',  ( 6.177443301521189589, -65.17263045896615381, 30.50000000000007816 ) ) ;
#7853 = DIRECTION ( 'NONE',  ( 0.0000000000000000000, 0.0000000000000000000, 1.000000000000000000 ) ) ;
#7854 = CARTESIAN_POINT ( 'NONE',  ( 3.586174194571207785, -68.28134416287097963, 46.50000000000008527 ) ) ;
#7855 = CARTESIAN_POINT ( 'NONE',  ( 5.094455807129158131, -49.10525813614007973, 35.64055219395452667 ) ) ;
#7856 = CARTESIAN_POINT ( 'NONE',  ( -7.513291323541056776, 22.00418323363147977, 35.21129038767318065 ) ) ;
#7857 = ORIENTED_EDGE ( 'NONE', *, *, #7281, .F. ) ;
#7858 = VECTOR ( 'NONE', #8514, 1000.000000000000000 ) ;
#7859 = DIRECTION ( 'NONE',  ( -0.2063608743195329276, -0.9784759524638702022, -0.0000000000000000000 ) ) ;
#7860 = ORIENTED_EDGE ( 'NONE', *, *, #2921, .T. ) ;
#7861 = CARTESIAN_POINT ( 'NONE',  ( 1.977623517152565125, -63.22386884809262853, 54.26175908172277218 ) ) ;
#7862 = EDGE_CURVE ( 'NONE', #376, #212, #2700, .T. ) ;
#7863 = CARTESIAN_POINT ( 'NONE',  ( -11.99999981623415657, 18.00121248782643590, 33.94112556192533248 ) ) ;
#7864 = CARTESIAN_POINT ( 'NONE',  ( -28.90454431310840278, -38.88011166095088811, 14.32570625801733399 ) ) ;
#7865 = CARTESIAN_POINT ( 'NONE',  ( 25.10000000000042775, -61.49999999999981526, 8.000000000000101252 ) ) ;
#7866 = CARTESIAN_POINT ( 'NONE',  ( 6.177443301525368469, -65.17263045896633855, 30.36786714008755439 ) ) ;
#7867 = DIRECTION ( 'NONE',  ( 1.000000000000000000, 0.0000000000000000000, 0.0000000000000000000 ) ) ;
#7868 = CARTESIAN_POINT ( 'NONE',  ( 34.71908553398240826, -53.33441273576072916, 9.540485409862958122 ) ) ;
#7869 = CARTESIAN_POINT ( 'NONE',  ( -12.12435565298209994, -1.249000902703301108E-13, -23.00000000000000711 ) ) ;
#7870 = EDGE_CURVE ( 'NONE', #7645, #7645, #1275, .T. ) ;
#7871 = ADVANCED_BREP_SHAPE_REPRESENTATION ( '', ( #3722, #9567 ), #906 ) ;
#7872 = CARTESIAN_POINT ( 'NONE',  ( -18.96927947322463126, 18.99999996426193505, -28.78590870029630722 ) ) ;
#7873 = ADVANCED_FACE ( 'NONE', ( #1046 ), #4100, .T. ) ;
#7874 = CARTESIAN_POINT ( 'NONE',  ( 25.10000000000047748, -67.29999999999982663, -17.33303027798222828 ) ) ;
#7875 = DIRECTION ( 'NONE',  ( 1.000000000000000000, 0.0000000000000000000, 0.0000000000000000000 ) ) ;
#7876 = DIRECTION ( 'NONE',  ( -1.000000000000000000, -7.232542356195678199E-15, -1.054711873393880372E-15 ) ) ;
#7877 = DIRECTION ( 'NONE',  ( 2.764618486664751673E-13, -1.000000000000000000, -4.665405983569691826E-13 ) ) ;
#7878 = ORIENTED_EDGE ( 'NONE', *, *, #6992, .T. ) ;
#7879 = PERSON_AND_ORGANIZATION_ROLE ( 'creator' ) ;
#7880 = CARTESIAN_POINT ( 'NONE',  ( -18.75238095238081826, -63.00000000000001421, 30.49570803599713997 ) ) ;
#7881 = DIRECTION ( 'NONE',  ( -1.000000000000000000, 0.0000000000000000000, 0.0000000000000000000 ) ) ;
#7882 = ADVANCED_FACE ( 'NONE', ( #3504 ), #7155, .T. ) ;
#7883 = CARTESIAN_POINT ( 'NONE',  ( 7.308543359011410168, -57.38649235283088501, 30.36786710878644868 ) ) ;
#7884 = CARTESIAN_POINT ( 'NONE',  ( 1.989766509177946840, -65.96614240021541775, 32.43989180825565199 ) ) ;
#7885 = ORIENTED_EDGE ( 'NONE', *, *, #7024, .T. ) ;
#7886 = EDGE_CURVE ( 'NONE', #8065, #8065, #2711, .T. ) ;
#7887 = CARTESIAN_POINT ( 'NONE',  ( -25.99999999999986855, 6.938893903907228378E-15, 32.80000000000000426 ) ) ;
#7888 = VERTEX_POINT ( 'NONE', #121 ) ;
#7889 = CARTESIAN_POINT ( 'NONE',  ( 24.30000000000049099, -66.79999999999984084, -15.49999999999988454 ) ) ;
#7890 = CARTESIAN_POINT ( 'NONE',  ( 2.833752674786284231, -67.54640785132683334, 53.65514417590183172 ) ) ;
#7891 = CARTESIAN_POINT ( 'NONE',  ( 24.47165789972276073, 18.99999997855788791, -18.76680442893611200 ) ) ;
#7892 = CARTESIAN_POINT ( 'NONE',  ( -17.74999999999988276, 19.00000000000000355, -33.00000000000000000 ) ) ;
#7893 = ORIENTED_EDGE ( 'NONE', *, *, #7816, .T. ) ;
#7894 = ORIENTED_EDGE ( 'NONE', *, *, #6538, .T. ) ;
#7895 = CARTESIAN_POINT ( 'NONE',  ( 1.650000000000505285, -65.30000000000005400, -35.79999999999991189 ) ) ;
#7896 = DIRECTION ( 'NONE',  ( 1.000000000000000000, -0.0000000000000000000, 0.0000000000000000000 ) ) ;
#7897 = CARTESIAN_POINT ( 'NONE',  ( -28.63651006366619711, -38.54761007454477095, 22.78633505454430619 ) ) ;
#7898 = DIRECTION ( 'NONE',  ( -6.308085367188395171E-15, 1.000000000000000000, 0.0000000000000000000 ) ) ;
#7899 = ORIENTED_EDGE ( 'NONE', *, *, #5469, .F. ) ;
#7900 = AXIS2_PLACEMENT_3D ( 'NONE', #4814, #9665, #7875 ) ;
#7901 = CARTESIAN_POINT ( 'NONE',  ( -15.93813123485501571, -42.55236658853429077, -32.28062272723268222 ) ) ;
#7902 = CARTESIAN_POINT ( 'NONE',  ( -29.99999999999961275, -56.50000000000019895, 36.00000000000002842 ) ) ;
#7903 = LINE ( 'NONE', #9311, #7858 ) ;
#7904 = CARTESIAN_POINT ( 'NONE',  ( 2.461126740980304373, -54.82212411406617036, 32.40753834694410074 ) ) ;
#7905 = CARTESIAN_POINT ( 'NONE',  ( 7.339542750129453452, -62.18450908465023730, 59.78857882194937901 ) ) ;
#7906 = CARTESIAN_POINT ( 'NONE',  ( -1.979604841798408232, -49.47351514851093413, 35.94683478855991865 ) ) ;
#7907 = B_SPLINE_CURVE_WITH_KNOTS ( 'NONE', 3,
 ( #8569, #1746, #7861, #4703, #6860, #846, #9269, #8469, #13, #2450, #3998, #9171, #5357, #8420, #7764, #7056, #1556, #5452, #4603, #1652, #798, #6915, #6153, #9216 ),
 .UNSPECIFIED., .F., .F.,
 ( 4, 2, 2, 2, 1, 1, 1, 1, 2, 2, 2, 2, 2, 4 ),
 ( 0.0000000000000000000, 0.2500000000000098810, 0.3750000000000148215, 0.4375000000000163203, 0.4687500000000165423, 0.4843750000000162648, 0.4921875000000162648, 0.4960937500000163203, 0.4980468750000163758, 0.5000000000000163203, 0.6250000000000122125, 0.7500000000000082157, 0.8750000000000041078, 1.000000000000000000 ),
 .UNSPECIFIED. ) ;
#7908 = CARTESIAN_POINT ( 'NONE',  ( -12.12435565262926751, -39.19286025925286054, 33.00000000000002842 ) ) ;
#7909 = EDGE_LOOP ( 'NONE', ( #9106 ) ) ;
#7910 = ORIENTED_EDGE ( 'NONE', *, *, #7630, .F. ) ;
#7911 = CARTESIAN_POINT ( 'NONE',  ( 3.980814712676603538E-13, -60.29999999999996163, 34.50000000000007816 ) ) ;
#7912 = VERTEX_POINT ( 'NONE', #9471 ) ;
#7913 = CARTESIAN_POINT ( 'NONE',  ( 3.980814712676603538E-13, -60.29999999999996163, 32.00000000000008527 ) ) ;
#7914 = AXIS2_PLACEMENT_3D ( 'NONE', #5176, #9790, #2316 ) ;
#7915 = DIRECTION ( 'NONE',  ( -0.0000000000000000000, -0.0000000000000000000, 1.000000000000000000 ) ) ;
#7916 = DIRECTION ( 'NONE',  ( 1.000000000000000000, 7.232542356195678199E-15, 1.054711873393880372E-15 ) ) ;
#7917 = DIRECTION ( 'NONE',  ( 7.232542356195668733E-15, -1.000000000000000000, 0.0000000000000000000 ) ) ;
#7918 = CARTESIAN_POINT ( 'NONE',  ( 31.10177489217367963, -43.06302151420008784, 18.79833809119308086 ) ) ;
#7919 = DIRECTION ( 'NONE',  ( -1.000000000000000000, -7.232542356195665578E-15, 0.0000000000000000000 ) ) ;
#7920 = CARTESIAN_POINT ( 'NONE',  ( -22.61882551773823380, 18.99999999839069886, -24.76314952010097770 ) ) ;
#7921 = EDGE_LOOP ( 'NONE', ( #2773, #5479, #2398, #68 ) ) ;
#7922 = DIRECTION ( 'NONE',  ( 1.066259220707966135E-14, 6.333979631320284643E-15, -1.000000000000000000 ) ) ;
#7923 = CIRCLE ( 'NONE', #4561, 14.99999999999994671 ) ;
#7924 = CARTESIAN_POINT ( 'NONE',  ( -13.15044439741769011, -45.84245603154283799, -33.51438689051378361 ) ) ;
#7925 = ADVANCED_FACE ( 'NONE', ( #2750, #8870 ), #1845, .T. ) ;
#7926 = PLANE ( 'NONE',  #2380 ) ;
#7927 = ORIENTED_EDGE ( 'NONE', *, *, #5536, .T. ) ;
#7928 = APPROVAL_DATE_TIME ( #3465, #300 ) ;
#7929 = CARTESIAN_POINT ( 'NONE',  ( -35.99999999999995026, -39.00000000000013500, -32.99999999999997158 ) ) ;
#7930 = ADVANCED_FACE ( 'NONE', ( #2149 ), #5204, .F. ) ;
#7931 = CARTESIAN_POINT ( 'NONE',  ( 1.817185715004614677, -68.85922520308842820, 42.50000000000007816 ) ) ;
#7932 = CARTESIAN_POINT ( 'NONE',  ( 7.432096497631393461, -57.49738594617868870, 30.44157248922626380 ) ) ;
#7933 = PLANE ( 'NONE',  #4462 ) ;
#7934 = EDGE_CURVE ( 'NONE', #3227, #4063, #1430, .T. ) ;
#7935 = EDGE_CURVE ( 'NONE', #6763, #2940, #3110, .T. ) ;
#7936 = ORIENTED_EDGE ( 'NONE', *, *, #5844, .T. ) ;
#7937 = CARTESIAN_POINT ( 'NONE',  ( 12.12435565298225271, 18.24833147735481376, -32.79999999999999716 ) ) ;
#7938 = DIRECTION ( 'NONE',  ( 1.000000000000000000, 0.0000000000000000000, 0.0000000000000000000 ) ) ;
#7939 = EDGE_CURVE ( 'NONE', #4348, #8511, #3025, .T. ) ;
#7940 = DIRECTION ( 'NONE',  ( -1.000000000000000000, -6.938893903907232322E-15, 0.0000000000000000000 ) ) ;
#7941 = CARTESIAN_POINT ( 'NONE',  ( -2.374952322259704207, -62.87139835975556679, 54.10976350871129625 ) ) ;
#7942 = CARTESIAN_POINT ( 'NONE',  ( -5.384371731943202732, 14.96229564688553459, -35.59556830510243230 ) ) ;
#7943 = ORIENTED_EDGE ( 'NONE', *, *, #8329, .F. ) ;
#7944 = EDGE_CURVE ( 'NONE', #1196, #1196, #8952, .T. ) ;
#7945 = ORIENTED_EDGE ( 'NONE', *, *, #4694, .T. ) ;
#7946 = CARTESIAN_POINT ( 'NONE',  ( -20.70397534547841190, -35.80207610230614534, 29.45152319409356068 ) ) ;
#7947 = CARTESIAN_POINT ( 'NONE',  ( -28.79762943992670543, -38.65285776857922428, 14.49546823965727782 ) ) ;
#7948 = CARTESIAN_POINT ( 'NONE',  ( 23.91027977427048512, 18.99999998931566836, 21.83610160049281745 ) ) ;
#7949 = ORIENTED_EDGE ( 'NONE', *, *, #8685, .F. ) ;
#7950 = CARTESIAN_POINT ( 'NONE',  ( 3.204016263794680715E-13, -44.30000000000000426, 5.655826461921165747E-14 ) ) ;
#7951 = CARTESIAN_POINT ( 'NONE',  ( 20.69678578653720891, 18.99999999997826450, -27.28123115966497281 ) ) ;
#7952 = B_SPLINE_CURVE_WITH_KNOTS ( 'NONE', 3,
 ( #9210, #4651, #5951, #9119 ),
 .UNSPECIFIED., .F., .F.,
 ( 4, 4 ),
 ( 0.0000000000000000000, 1.000000000000000000 ),
 .UNSPECIFIED. ) ;
#7953 = CARTESIAN_POINT ( 'NONE',  ( 0.09968983590494386038, -63.85027246488585462, -32.49998784392094819 ) ) ;
#7954 = DIRECTION ( 'NONE',  ( 1.000000000000000000, 7.232542356195667155E-15, 0.0000000000000000000 ) ) ;
#7955 = DIRECTION ( 'NONE',  ( 0.0000000000000000000, 0.0000000000000000000, 1.000000000000000000 ) ) ;
#7956 = CARTESIAN_POINT ( 'NONE',  ( -12.09673997889517238, -46.57283728460996741, 33.90736962243560271 ) ) ;
#7957 = CARTESIAN_POINT ( 'NONE',  ( 7.308543359011410168, -57.38649235283088501, 30.36786710878644868 ) ) ;
#7958 = EDGE_LOOP ( 'NONE', ( #1598, #3643, #6717, #6785 ) ) ;
#7959 = UNCERTAINTY_MEASURE_WITH_UNIT (LENGTH_MEASURE( 1.000000000000000082E-05 ), #6225, 'distance_accuracy_value', 'NONE');
#7960 = ORIENTED_EDGE ( 'NONE', *, *, #5001, .T. ) ;
#7961 = DIRECTION ( 'NONE',  ( -0.0000000000000000000, -1.000000000000000000, -0.0000000000000000000 ) ) ;
#7962 = VERTEX_POINT ( 'NONE', #1097 ) ;
#7963 = DIRECTION ( 'NONE',  ( 0.0000000000000000000, 1.000000000000000000, 0.0000000000000000000 ) ) ;
#7964 = AXIS2_PLACEMENT_3D ( 'NONE', #8379, #7675, #9273 ) ;
#7965 = CARTESIAN_POINT ( 'NONE',  ( -10.40462908070047732, -41.85285918056583654, 33.41417766008237322 ) ) ;
#7966 = CARTESIAN_POINT ( 'NONE',  ( 0.0000000000000000000, 23.00000000000000000, 0.0000000000000000000 ) ) ;
#7967 = CARTESIAN_POINT ( 'NONE',  ( 24.87455458027551813, -43.42409805259080002, 26.02422448787054776 ) ) ;
#7968 = PLANE ( 'NONE',  #5335 ) ;
#7969 = CARTESIAN_POINT ( 'NONE',  ( 34.88997641983789322, -53.46409086702345803, 8.896234858174437932 ) ) ;
#7970 = CARTESIAN_POINT ( 'NONE',  ( -17.74999999999988631, 19.00000000000003553, -29.73097269461699454 ) ) ;
#7971 = CARTESIAN_POINT ( 'NONE',  ( -22.84560174939766952, 18.99999999877890389, -24.36432949584510510 ) ) ;
#7972 = ORIENTED_EDGE ( 'NONE', *, *, #2078, .T. ) ;
#7973 = LINE ( 'NONE', #4108, #7667 ) ;
#7974 = CARTESIAN_POINT ( 'NONE',  ( -12.04127140132120388, -39.76155166966243826, -33.02216674085256187 ) ) ;
#7975 = FACE_OUTER_BOUND ( 'NONE', #6332, .T. ) ;
#7976 = ORIENTED_EDGE ( 'NONE', *, *, #5797, .F. ) ;
#7977 = COORDINATED_UNIVERSAL_TIME_OFFSET ( 8, 0, .AHEAD. ) ;
#7978 = AXIS2_PLACEMENT_3D ( 'NONE', #4140, #7202, #1941 ) ;
#7979 = DIRECTION ( 'NONE',  ( 0.6679517357399841204, 0.7442045946659711086, 0.0000000000000000000 ) ) ;
#7980 = PRODUCT_DEFINITION_FORMATION_WITH_SPECIFIED_SOURCE ( '任何', '', #9611, .NOT_KNOWN. ) ;
#7981 = CYLINDRICAL_SURFACE ( 'NONE', #3346, 8.750000000000001776 ) ;
#7982 = AXIS2_PLACEMENT_3D ( 'NONE', #3215, #2570, #1009 ) ;
#7983 = FACE_OUTER_BOUND ( 'NONE', #5155, .T. ) ;
#7984 = ADVANCED_FACE ( 'NONE', ( #4355 ), #8970, .T. ) ;
#7985 = AXIS2_PLACEMENT_3D ( 'NONE', #2314, #24, #2413 ) ;
#7986 = CARTESIAN_POINT ( 'NONE',  ( -5.953636757327388729, -54.95638611408011087, 42.50000000000007816 ) ) ;
#7987 = CIRCLE ( 'NONE', #8794, 15.75000000000000000 ) ;
#7988 = EDGE_LOOP ( 'NONE', ( #1459 ) ) ;
#7989 = CIRCLE ( 'NONE', #5578, 35.80000000000000426 ) ;
#7990 = FACE_OUTER_BOUND ( 'NONE', #9246, .T. ) ;
#7991 = DIRECTION ( 'NONE',  ( 0.0000000000000000000, 0.0000000000000000000, 1.000000000000000000 ) ) ;
#7992 = CARTESIAN_POINT ( 'NONE',  ( -12.12435565298201290, 18.24833147735481376, 32.79999999999999716 ) ) ;
#7993 = CYLINDRICAL_SURFACE ( 'NONE', #9361, 1.649999999999998579 ) ;
#7994 = AXIS2_PLACEMENT_3D ( 'NONE', #566, #4466, #2863 ) ;
#7995 = EDGE_CURVE ( 'NONE', #7309, #7309, #311, .T. ) ;
#7996 = ORIENTED_EDGE ( 'NONE', *, *, #2601, .F. ) ;
#7997 = AXIS2_PLACEMENT_3D ( 'NONE', #3793, #2389, #6946 ) ;
#7998 = ORIENTED_EDGE ( 'NONE', *, *, #1820, .T. ) ;
#7999 = FACE_OUTER_BOUND ( 'NONE', #4627, .T. ) ;
#8000 = CARTESIAN_POINT ( 'NONE',  ( -29.55922980345924600, -40.18152754156444217, 13.20234667806741058 ) ) ;
#8001 = CARTESIAN_POINT ( 'NONE',  ( 22.36309448941709022, 18.99999997768905047, 25.17809325383374031 ) ) ;
#8002 = ORIENTED_EDGE ( 'NONE', *, *, #4201, .T. ) ;
#8003 = CARTESIAN_POINT ( 'NONE',  ( 4.910661645800639796, -53.67067860181257544, 37.50000000000008527 ) ) ;
#8004 = AXIS2_PLACEMENT_3D ( 'NONE', #3830, #34, #6272 ) ;
#8005 = CARTESIAN_POINT ( 'NONE',  ( 21.27208532097051119, 18.99999997578814970, -26.64877588605378023 ) ) ;
#8006 = FACE_OUTER_BOUND ( 'NONE', #58, .T. ) ;
#8007 = AXIS2_PLACEMENT_3D ( 'NONE', #3598, #5690, #8215 ) ;
#8008 = DIRECTION ( 'NONE',  ( 1.000000000000000000, 0.0000000000000000000, 0.0000000000000000000 ) ) ;
#8009 = CARTESIAN_POINT ( 'NONE',  ( -5.749999999999870326, 19.00000000000001066, 31.50000000000000000 ) ) ;
#8010 = DIRECTION ( 'NONE',  ( -1.000000000000000000, 0.0000000000000000000, 0.0000000000000000000 ) ) ;
#8011 = PRODUCT_DEFINITION ( '未知', '', #1578, #9266 ) ;
#8012 = CARTESIAN_POINT ( 'NONE',  ( -10.63653344092293551, 14.98084433953161287, 34.39332778849370698 ) ) ;
#8013 = EDGE_LOOP ( 'NONE', ( #558, #4690 ) ) ;
#8014 = CIRCLE ( 'NONE', #7208, 1.000000000000000888 ) ;
#8015 = DIRECTION ( 'NONE',  ( -0.0000000000000000000, -1.000000000000000000, -0.0000000000000000000 ) ) ;
#8016 = VERTEX_POINT ( 'NONE', #2250 ) ;
#8017 = FACE_OUTER_BOUND ( 'NONE', #8683, .T. ) ;
#8018 = VERTEX_POINT ( 'NONE', #4953 ) ;
#8019 = DIRECTION ( 'NONE',  ( -1.086326531467812312E-16, 2.291065940513937741E-17, -1.000000000000000000 ) ) ;
#8020 = ADVANCED_FACE ( 'NONE', ( #8171 ), #5895, .T. ) ;
#8021 = CARTESIAN_POINT ( 'NONE',  ( 5.391375402266635142, 14.95598241794809447, -35.59452292268931473 ) ) ;
#8022 = DIRECTION ( 'NONE',  ( -1.826024711554487321E-16, 1.000000000000000000, 0.0000000000000000000 ) ) ;
#8023 = FACE_OUTER_BOUND ( 'NONE', #57, .T. ) ;
#8024 = CARTESIAN_POINT ( 'NONE',  ( 25.43123683718388151, -44.17922438473532054, 25.48116943629326059 ) ) ;
#8025 = DIRECTION ( 'NONE',  ( 0.0000000000000000000, -1.000000000000000000, 1.276710262284678586E-15 ) ) ;
#8026 = CARTESIAN_POINT ( 'NONE',  ( 11.00000000000013500, -63.00000000000001421, 17.88854381999830423 ) ) ;
#8027 = CARTESIAN_POINT ( 'NONE',  ( 3.479797087713900616, -59.91733486036086020, 54.34243205616375860 ) ) ;
#8028 = VECTOR ( 'NONE', #9055, 1000.000000000000000 ) ;
#8029 = CARTESIAN_POINT ( 'NONE',  ( 11.44581074597351744, -44.01778956737241089, 34.18257837635145080 ) ) ;
#8030 = ORIENTED_EDGE ( 'NONE', *, *, #6895, .F. ) ;
#8031 = CARTESIAN_POINT ( 'NONE',  ( 26.00000000000001066, 1.652663701339831364E-13, -17.88854381999829002 ) ) ;
#8032 = CARTESIAN_POINT ( 'NONE',  ( -13.61868460280266824, -41.97987810580846713, -33.40200489667436301 ) ) ;
#8033 = DIRECTION ( 'NONE',  ( -0.0000000000000000000, -1.000000000000000000, -0.0000000000000000000 ) ) ;
#8034 = EDGE_LOOP ( 'NONE', ( #6841 ) ) ;
#8035 = APPROVAL_STATUS ( 'not_yet_approved' ) ;
#8036 = DIRECTION ( 'NONE',  ( -7.232542356195667155E-15, 1.000000000000000000, -1.276710262284687461E-15 ) ) ;
#8037 = CARTESIAN_POINT ( 'NONE',  ( -6.177443301524855102, -55.42736954103492764, 30.36786714008695043 ) ) ;
#8038 = DIRECTION ( 'NONE',  ( -1.000000000000000000, -7.232542356195678199E-15, -1.054711873393880372E-15 ) ) ;
#8039 = CARTESIAN_POINT ( 'NONE',  ( 3.340699764640072456, -65.29038378721760694, 32.32850165011836197 ) ) ;
#8040 = VERTEX_POINT ( 'NONE', #693 ) ;
#8041 = CARTESIAN_POINT ( 'NONE',  ( 25.80000000000013216, 18.24833147735477468, -17.88854381999830068 ) ) ;
#8042 = PERSON_AND_ORGANIZATION ( #7395, #7661 ) ;
#8043 = DIRECTION ( 'NONE',  ( 3.463895836830488406E-14, 0.0000000000000000000, 1.000000000000000000 ) ) ;
#8044 = CARTESIAN_POINT ( 'NONE',  ( 12.12435565298225448, -63.00000000000001421, 32.79999999999999716 ) ) ;
#8045 = VERTEX_POINT ( 'NONE', #5302 ) ;
#8046 = PLANE ( 'NONE',  #7426 ) ;
#8047 = CONICAL_SURFACE ( 'NONE', #208, 1.699999999888405444, 0.7853981633974482790 ) ;
#8048 = CARTESIAN_POINT ( 'NONE',  ( -33.01210320742659832, -51.98522868385647655, 14.40881045390358750 ) ) ;
#8049 = CARTESIAN_POINT ( 'NONE',  ( 24.19338277396602876, 18.99999995581628198, 20.75729550848041427 ) ) ;
#8050 = VERTEX_POINT ( 'NONE', #3604 ) ;
#8051 = EDGE_CURVE ( 'NONE', #5570, #5570, #2864, .T. ) ;
#8052 = CARTESIAN_POINT ( 'NONE',  ( -5.509491565777007160, -54.68316494635128322, 32.00000000000008527 ) ) ;
#8053 = FACE_BOUND ( 'NONE', #7460, .T. ) ;
#8054 = PLANE ( 'NONE',  #1939 ) ;
#8055 = DIRECTION ( 'NONE',  ( 1.000000000000000000, 0.0000000000000000000, 0.0000000000000000000 ) ) ;
#8056 = PLANE ( 'NONE',  #9809 ) ;
#8057 = EDGE_CURVE ( 'NONE', #8405, #4441, #7179, .T. ) ;
#8058 = CARTESIAN_POINT ( 'NONE',  ( -1.131100109967818179, -68.08613805904032290, 30.36786714008783861 ) ) ;
#8059 = CARTESIAN_POINT ( 'NONE',  ( -2.689218601732195513, -52.06786155898256396, 37.50000000000008527 ) ) ;
#8060 = ORIENTED_EDGE ( 'NONE', *, *, #5973, .F. ) ;
#8061 = CARTESIAN_POINT ( 'NONE',  ( 18.16590212458494591, 23.00000000000000000, -30.50000000000000000 ) ) ;
#8062 = ORIENTED_EDGE ( 'NONE', *, *, #1646, .F. ) ;
#8063 = CYLINDRICAL_SURFACE ( 'NONE', #9124, 14.99999999999998934 ) ;
#8064 = EDGE_CURVE ( 'NONE', #8554, #7122, #937, .T. ) ;
#8065 = VERTEX_POINT ( 'NONE', #2280 ) ;
#8066 = DIRECTION ( 'NONE',  ( 1.000000000000000000, 0.0000000000000000000, 0.0000000000000000000 ) ) ;
#8067 = CARTESIAN_POINT ( 'NONE',  ( 5.592705339519437935, 21.20526151939953863, -35.56362093804781921 ) ) ;
#8068 = ADVANCED_FACE ( 'NONE', ( #6906 ), #788, .F. ) ;
#8069 = DIRECTION ( 'NONE',  ( 0.7071067811865500152, 0.7071067811865451302, 0.0000000000000000000 ) ) ;
#8070 = CARTESIAN_POINT ( 'NONE',  ( 32.38817344551363675, -51.45860466812457901, 15.72451059440460952 ) ) ;
#8071 = FACE_OUTER_BOUND ( 'NONE', #8482, .T. ) ;
#8072 = DIRECTION ( 'NONE',  ( -1.000000000000000000, -7.232542356195678199E-15, -1.054711873393880372E-15 ) ) ;
#8073 = VECTOR ( 'NONE', #5107, 1000.000000000000000 ) ;
#8074 = CARTESIAN_POINT ( 'NONE',  ( -17.74999999999988276, 18.37163415148962287, -31.00809833287954120 ) ) ;
#8075 = CARTESIAN_POINT ( 'NONE',  ( 5.201506456295859060, -43.82928580282769104, 34.24246920658807625 ) ) ;
#8076 = ORIENTED_EDGE ( 'NONE', *, *, #1276, .T. ) ;
#8077 = EDGE_CURVE ( 'NONE', #797, #9760, #8603, .T. ) ;
#8078 = CARTESIAN_POINT ( 'NONE',  ( -12.57596356801477455, -43.17826971032377514, -33.79905496365057616 ) ) ;
#8079 = CIRCLE ( 'NONE', #3104, 1.399999999999998579 ) ;
#8080 = CARTESIAN_POINT ( 'NONE',  ( -18.16590212458494591, 23.00000000000000000, 30.50000000000000000 ) ) ;
#8081 = B_SPLINE_CURVE_WITH_KNOTS ( 'NONE', 3,
 ( #9447, #425, #7290, #3479, #4332, #2770, #8701, #1824, #3427, #9598, #1124, #3377, #8847, #7341, #6432, #2580, #3535, #526, #8899, #2021, #8148, #4177, #2728, #5029, #8094, #1279, #7394, #1073, #477 ),
 .UNSPECIFIED., .F., .F.,
 ( 4, 2, 2, 2, 1, 1, 1, 2, 2, 2, 2, 1, 1, 2, 2, 2, 4 ),
 ( 0.0000000000000000000, 0.1249999999997750133, 0.1874999999996641853, 0.2187499999996107003, 0.2343749999995816957, 0.2421874999995672073, 0.2460937499995623778, 0.2480468749995626554, 0.2499999999995629052, 0.3749999999996114219, 0.4374999999996356248, 0.4687499999996498357, 0.4843749999996569966, 0.4921874999996604383, 0.4999999999996639355, 0.7499999999998320233, 1.000000000000000000 ),
 .UNSPECIFIED. ) ;
#8082 = CALENDAR_DATE ( 2023, 16, 11 ) ;
#8083 = CARTESIAN_POINT ( 'NONE',  ( 7.780528451525557720, 22.00246768446045209, 35.15017569126683128 ) ) ;
#8084 = CARTESIAN_POINT ( 'NONE',  ( 31.95770602529396598, -44.31077194076237191, -17.14318314008695054 ) ) ;
#8085 = DIRECTION ( 'NONE',  ( 1.000000000000000000, 0.0000000000000000000, 0.0000000000000000000 ) ) ;
#8086 = CARTESIAN_POINT ( 'NONE',  ( 30.89204772597807391, -42.42033399924390835, 10.23852679876264560 ) ) ;
#8087 = CONICAL_SURFACE ( 'NONE', #381, 7.249999999999999112, 0.7853981633974480570 ) ;
#8088 = CARTESIAN_POINT ( 'NONE',  ( -7.619067628221114497, -62.26294213107502884, 30.36786714009772581 ) ) ;
#8089 = CARTESIAN_POINT ( 'NONE',  ( -4.767049431808434434, -55.96141697378147484, 52.49999999973478282 ) ) ;
#8090 = EDGE_LOOP ( 'NONE', ( #6211, #7070, #9621, #316 ) ) ;
#8091 = DIRECTION ( 'NONE',  ( -7.232542356195667155E-15, 1.000000000000000000, -1.276710262284687461E-15 ) ) ;
#8092 = DATE_AND_TIME ( #6527, #3008 ) ;
#8093 = CARTESIAN_POINT ( 'NONE',  ( -1.515788424765981635, -44.23426776601858279, -34.47927871737323358 ) ) ;
#8094 = CARTESIAN_POINT ( 'NONE',  ( -3.521018612916062107, -60.00668478028688213, 54.67926223284801068 ) ) ;
#8095 = VERTEX_POINT ( 'NONE', #8411 ) ;
#8096 = EDGE_LOOP ( 'NONE', ( #6678, #8756 ) ) ;
#8097 = CARTESIAN_POINT ( 'NONE',  ( -24.68997167140600268, -43.16529384575422057, 26.19934849337809268 ) ) ;
#8098 = CARTESIAN_POINT ( 'NONE',  ( -31.10713673583986960, -42.74717609678582875, 9.657060713099097526 ) ) ;
#8099 = CARTESIAN_POINT ( 'NONE',  ( 20.50674729145077180, 19.00000000000000711, 27.47745702678653856 ) ) ;
#8100 = ORIENTED_EDGE ( 'NONE', *, *, #1680, .T. ) ;
#8101 = DIRECTION ( 'NONE',  ( 0.0000000000000000000, -1.000000000000000000, 1.387778780781446464E-15 ) ) ;
#8102 = CARTESIAN_POINT ( 'NONE',  ( 20.35452384770254852, 18.99999995581628554, -27.62445512060708808 ) ) ;
#8103 = CYLINDRICAL_SURFACE ( 'NONE', #810, 7.899999999999999467 ) ;
#8104 = CARTESIAN_POINT ( 'NONE',  ( -26.29999999999949623, -66.80000000000019611, -15.49999999999993605 ) ) ;
#8105 = DIRECTION ( 'NONE',  ( -1.000000000000000000, 0.0000000000000000000, 0.0000000000000000000 ) ) ;
#8106 = CARTESIAN_POINT ( 'NONE',  ( -16.20701099845822313, -41.93364976155926627, 32.14550879443311260 ) ) ;
#8107 = EDGE_LOOP ( 'NONE', ( #2383 ) ) ;
#8108 = CARTESIAN_POINT ( 'NONE',  ( -4.209221165908565432, 19.30370519794024986, 35.75322402294271740 ) ) ;
#8109 = ORIENTED_EDGE ( 'NONE', *, *, #2006, .F. ) ;
#8110 = EDGE_CURVE ( 'NONE', #3682, #7788, #2382, .T. ) ;
#8111 = DIRECTION ( 'NONE',  ( -1.054711873393889642E-15, 1.276710262284678586E-15, 1.000000000000000000 ) ) ;
#8112 = VERTEX_POINT ( 'NONE', #9162 ) ;
#8113 = DIRECTION ( 'NONE',  ( 0.0000000000000000000, 0.0000000000000000000, 1.000000000000000000 ) ) ;
#8114 = EDGE_CURVE ( 'NONE', #6271, #4296, #3514, .T. ) ;
#8115 = VERTEX_POINT ( 'NONE', #9097 ) ;
#8116 = DIRECTION ( 'NONE',  ( -1.000000000000000000, -0.0000000000000000000, -1.025519176787315347E-29 ) ) ;
#8117 = CARTESIAN_POINT ( 'NONE',  ( 3.999840451234954131, 18.26206964308506286, -35.77710547809421371 ) ) ;
#8118 = ADVANCED_FACE ( 'NONE', ( #9255, #7792 ), #8456, .F. ) ;
#8119 = DIRECTION ( 'NONE',  ( -7.232542356195667155E-15, 1.000000000000000000, -1.276710262284687461E-15 ) ) ;
#8120 = CARTESIAN_POINT ( 'NONE',  ( 35.48356688915802692, -53.90740455434013967, 6.076253513995427902 ) ) ;
#8121 = CARTESIAN_POINT ( 'NONE',  ( 17.67766952966358929, 0.0000000000000000000, 17.67766952966378469 ) ) ;
#8122 = CARTESIAN_POINT ( 'NONE',  ( 5.509491565777807409, -65.91683505364868267, 30.50000000000007816 ) ) ;
#8123 = DIRECTION ( 'NONE',  ( 1.000000000000000000, 0.0000000000000000000, 0.0000000000000000000 ) ) ;
#8124 = CARTESIAN_POINT ( 'NONE',  ( 14.59871394950933698, -38.99999999999982947, 33.00000000000005684 ) ) ;
#8125 = ORIENTED_EDGE ( 'NONE', *, *, #8976, .T. ) ;
#8126 = EDGE_CURVE ( 'NONE', #83, #4179, #3979, .T. ) ;
#8127 = EDGE_CURVE ( 'NONE', #2022, #4544, #9577, .T. ) ;
#8128 = CARTESIAN_POINT ( 'NONE',  ( -5.953636757327388729, -54.95638611408011087, 40.00000000000007816 ) ) ;
#8129 = CARTESIAN_POINT ( 'NONE',  ( -11.30770014951075808, -41.02897895611637580, -33.20648445498905232 ) ) ;
#8130 = CARTESIAN_POINT ( 'NONE',  ( 1.500000000000009326, 18.50000000000000000, 33.50000000000000000 ) ) ;
#8131 = DATE_AND_TIME ( #7527, #7176 ) ;
#8132 = CARTESIAN_POINT ( 'NONE',  ( 5.392145050129586892, 21.04440685642206788, 35.59439528305885148 ) ) ;
#8133 = CARTESIAN_POINT ( 'NONE',  ( -2.361031854570888822, -62.88389250534630293, 54.25610219294456016 ) ) ;
#8134 = EDGE_CURVE ( 'NONE', #3919, #3222, #789, .T. ) ;
#8135 = CARTESIAN_POINT ( 'NONE',  ( -2.109576062435944976, -67.87977718472961897, 30.50000000000007816 ) ) ;
#8136 = CARTESIAN_POINT ( 'NONE',  ( 27.23719720163398961, -34.54324197532165641, -16.60724949565980069 ) ) ;
#8137 = CC_DESIGN_PERSON_AND_ORGANIZATION_ASSIGNMENT ( #4819, #7879, ( #1096 ) ) ;
#8138 = CARTESIAN_POINT ( 'NONE',  ( -22.72114262260095785, 18.99999999877887902, 24.58696875018869932 ) ) ;
#8139 = DIRECTION ( 'NONE',  ( 0.0000000000000000000, 0.0000000000000000000, 1.000000000000000000 ) ) ;
#8140 = VECTOR ( 'NONE', #1734, 1000.000000000000000 ) ;
#8141 = EDGE_LOOP ( 'NONE', ( #9894, #3266, #7407, #47 ) ) ;
#8142 = DIRECTION ( 'NONE',  ( -1.074148315136534584E-16, -1.196772264678275313E-16, -1.000000000000000000 ) ) ;
#8143 = CARTESIAN_POINT ( 'NONE',  ( 0.0000000000000000000, 0.0000000000000000000, 0.0000000000000000000 ) ) ;
#8144 = SECURITY_CLASSIFICATION ( '', '', #3068 ) ;
#8145 = EDGE_CURVE ( 'NONE', #6171, #3889, #8512, .T. ) ;
#8146 = CARTESIAN_POINT ( 'NONE',  ( 4.127623664941157067, -43.99468278934558185, -34.33644165753486277 ) ) ;
#8147 = AXIS2_PLACEMENT_3D ( 'NONE', #8786, #4113, #1916 ) ;
#8148 = CARTESIAN_POINT ( 'NONE',  ( -3.488944003033809693, -60.58011903741496695, 54.65335854964016704 ) ) ;
#8149 = CIRCLE ( 'NONE', #3175, 8.249999999999998224 ) ;
#8150 = ORIENTED_EDGE ( 'NONE', *, *, #2774, .F. ) ;
#8151 = DIRECTION ( 'NONE',  ( 0.7071067811865451302, -0.7071067811865500152, 0.0000000000000000000 ) ) ;
#8152 = CIRCLE ( 'NONE', #6377, 14.80000000000000071 ) ;
#8153 = CARTESIAN_POINT ( 'NONE',  ( -35.16222259528453264, -53.66876101375915908, 7.725837157306193248 ) ) ;
#8154 = CARTESIAN_POINT ( 'NONE',  ( -32.60159990565236399, -44.77544903768960438, 2.062953518235857597 ) ) ;
#8155 = DIRECTION ( 'NONE',  ( 0.0000000000000000000, 0.0000000000000000000, 1.000000000000000000 ) ) ;
#8156 = CIRCLE ( 'NONE', #3021, 1.649999999999998579 ) ;
#8157 = CARTESIAN_POINT ( 'NONE',  ( -13.01792893370107684, -45.93426803591698615, -33.56387426681831698 ) ) ;
#8158 = CARTESIAN_POINT ( 'NONE',  ( -25.99999999999983658, -26.00000000000015632, 35.99999999999995737 ) ) ;
#8159 = CARTESIAN_POINT ( 'NONE',  ( 0.4712497005383388671, -63.92543217741235395, -32.49670137317635721 ) ) ;
#8160 = AXIS2_PLACEMENT_3D ( 'NONE', #7096, #1733, #3092 ) ;
#8161 = PLANE ( 'NONE',  #7978 ) ;
#8162 = FACE_OUTER_BOUND ( 'NONE', #5780, .T. ) ;
#8163 = CARTESIAN_POINT ( 'NONE',  ( -12.94621862013731395, -45.98820013653500638, 33.59159946471444869 ) ) ;
#8164 = ORIENTED_EDGE ( 'NONE', *, *, #4567, .T. ) ;
#8165 = CARTESIAN_POINT ( 'NONE',  ( -7.516450388379963599, 14.02087363188604741, 35.20753759611780964 ) ) ;
#8166 = VERTEX_POINT ( 'NONE', #877 ) ;
#8167 = EDGE_LOOP ( 'NONE', ( #6093, #8844, #2876, #3872 ) ) ;
#8168 = AXIS2_PLACEMENT_3D ( 'NONE', #6656, #2793, #9112 ) ;
#8169 = DIRECTION ( 'NONE',  ( -7.232542356195667155E-15, 1.000000000000000000, -1.276710262284687461E-15 ) ) ;
#8170 = VERTEX_POINT ( 'NONE', #1302 ) ;
#8171 = FACE_OUTER_BOUND ( 'NONE', #3015, .T. ) ;
#8172 = CARTESIAN_POINT ( 'NONE',  ( 5.383701825173607958, 21.03717632504111990, -35.59567144585323462 ) ) ;
#8173 = CIRCLE ( 'NONE', #652, 8.249999999999998224 ) ;
#8174 = PLANE ( 'NONE',  #933 ) ;
#8175 = CARTESIAN_POINT ( 'NONE',  ( 33.80485223434646969, -52.62189760374114655, 12.37873405399019333 ) ) ;
#8176 = CARTESIAN_POINT ( 'NONE',  ( 16.78756936566804825, -72.29999999999984084, 31.84615384615394618 ) ) ;
#8177 = FACE_OUTER_BOUND ( 'NONE', #2331, .T. ) ;
#8178 = CARTESIAN_POINT ( 'NONE',  ( 3.439913590475088156, -61.09182445308067599, 54.28741581556725038 ) ) ;
#8179 = AXIS2_PLACEMENT_3D ( 'NONE', #6124, #3074, #9850 ) ;
#8180 = CARTESIAN_POINT ( 'NONE',  ( 11.79697094170777127, -40.31343806411195629, 33.08490242988152374 ) ) ;
#8181 = ORIENTED_EDGE ( 'NONE', *, *, #1569, .T. ) ;
#8182 = AXIS2_PLACEMENT_3D ( 'NONE', #1606, #1504, #7664 ) ;
#8183 = CARTESIAN_POINT ( 'NONE',  ( 9.527031841214940400, -47.87361973627027822, -34.71966300862528954 ) ) ;
#8184 = PLANE ( 'NONE',  #762 ) ;
#8185 = CONTEXT_DEPENDENT_SHAPE_REPRESENTATION ( #8836, #8559 ) ;
#8186 = CARTESIAN_POINT ( 'NONE',  ( 9.774645563570558693, 14.40595192338541430, 34.64848214495699352 ) ) ;
#8187 = EDGE_CURVE ( 'NONE', #3889, #6387, #6990, .T. ) ;
#8188 = CARTESIAN_POINT ( 'NONE',  ( 2.810998518778488275, -67.52598513678081815, 53.41735542553281846 ) ) ;
#8189 = VECTOR ( 'NONE', #5881, 1000.000000000000000 ) ;
#8190 = CARTESIAN_POINT ( 'NONE',  ( 29.55922980345868822, -40.18152754156182738, -13.20234667806444584 ) ) ;
#8191 = CARTESIAN_POINT ( 'NONE',  ( 30.00000000000054001, -74.29999999999982663, -19.89974874213226741 ) ) ;
#8192 = CARTESIAN_POINT ( 'NONE',  ( 26.81843850624352044, -32.98051387506272647, 17.07423756539541060 ) ) ;
#8193 = CARTESIAN_POINT ( 'NONE',  ( -22.78154516414739206, 18.99999999999855405, 24.47984592041981955 ) ) ;
#8194 = CARTESIAN_POINT ( 'NONE',  ( -18.85714285714282212, -1.734723475976807094E-13, -30.66607511999712088 ) ) ;
#8195 = AXIS2_PLACEMENT_3D ( 'NONE', #4452, #6760, #9773 ) ;
#8196 = ORIENTED_EDGE ( 'NONE', *, *, #9294, .F. ) ;
#8197 = CARTESIAN_POINT ( 'NONE',  ( -1.815248531008980981, -52.25218211123855383, 37.50000000000008527 ) ) ;
#8198 = DATE_AND_TIME ( #619, #620 ) ;
#8199 = EDGE_CURVE ( 'NONE', #4998, #1930, #7989, .T. ) ;
#8200 = CARTESIAN_POINT ( 'NONE',  ( -0.3731923870647019803, -44.26794235213606754, -34.50007156538880082 ) ) ;
#8201 = ADVANCED_FACE ( 'NONE', ( #6288 ), #1687, .F. ) ;
#8202 = ORIENTED_EDGE ( 'NONE', *, *, #6270, .F. ) ;
#8203 = EDGE_LOOP ( 'NONE', ( #5541 ) ) ;
#8204 = EDGE_CURVE ( 'NONE', #8965, #4780, #2440, .T. ) ;
#8205 = CARTESIAN_POINT ( 'NONE',  ( -35.75597927910153118, -54.10760600149829003, 4.318620161880972752 ) ) ;
#8206 = CARTESIAN_POINT ( 'NONE',  ( -30.44316536208239299, -41.99456114339401580, 19.94980295217295918 ) ) ;
#8207 = CARTESIAN_POINT ( 'NONE',  ( -10.99999999999986677, -1.387778780781445676E-14, -17.88854381999832910 ) ) ;
#8208 = CARTESIAN_POINT ( 'NONE',  ( -10.90708264032166319, -47.24384528682966078, -34.30802806249243986 ) ) ;
#8209 = CARTESIAN_POINT ( 'NONE',  ( 23.51594138021290448, 18.99999992376388747, -22.94962656033641579 ) ) ;
#8210 = CARTESIAN_POINT ( 'NONE',  ( 4.982625519406957970, -66.08894804502646991, 30.12179870463727838 ) ) ;
#8211 = CARTESIAN_POINT ( 'NONE',  ( -9.358532872094423638, -63.83232444731386579, 34.76240532643288361 ) ) ;
#8212 = CARTESIAN_POINT ( 'NONE',  ( 2.349469404181447452, -57.70572975866149790, 54.61849912120160866 ) ) ;
#8213 = LINE ( 'NONE', #3440, #5800 ) ;
#8214 = EDGE_LOOP ( 'NONE', ( #3931 ) ) ;
#8215 = DIRECTION ( 'NONE',  ( 0.0000000000000000000, 1.000000000000000000, 0.0000000000000000000 ) ) ;
#8216 = VERTEX_POINT ( 'NONE', #2737 ) ;
#8217 = CIRCLE ( 'NONE', #3404, 14.80000000000000071 ) ;
#8218 = CARTESIAN_POINT ( 'NONE',  ( 6.481613883376926566, -76.73285372255281800, 51.88526003362026984 ) ) ;
#8219 = LINE ( 'NONE', #594, #8961 ) ;
#8220 = VERTEX_POINT ( 'NONE', #8052 ) ;
#8221 = DIRECTION ( 'NONE',  ( 0.0000000000000000000, 0.0000000000000000000, 1.000000000000000000 ) ) ;
#8222 = CARTESIAN_POINT ( 'NONE',  ( 4.545044134388851020, 15.96709546478223452, -35.71225186143499997 ) ) ;
#8223 = CARTESIAN_POINT ( 'NONE',  ( 1.734723475976807883E-15, 4.750000000001364242, 3.499999999999999556 ) ) ;
#8224 = CARTESIAN_POINT ( 'NONE',  ( 19.61591172442972209, -32.50186215395035561, 30.18847959893382082 ) ) ;
#8225 = CARTESIAN_POINT ( 'NONE',  ( 3.022758663178223948, -58.53472141892878255, 54.43045519270389576 ) ) ;
#8226 = CARTESIAN_POINT ( 'NONE',  ( 13.15044439741758886, -45.84245603154127480, 33.51438689051414599 ) ) ;
#8227 = ORIENTED_EDGE ( 'NONE', *, *, #4687, .F. ) ;
#8228 = PLANE ( 'NONE',  #9425 ) ;
#8229 = CARTESIAN_POINT ( 'NONE',  ( 5.210182743564647723, -43.82766768252017187, -34.24157422677598106 ) ) ;
#8230 = DIRECTION ( 'NONE',  ( -0.8666666666666582586, 0.4988876515698733027, 2.312964634635678763E-15 ) ) ;
#8231 = ITEM_DEFINED_TRANSFORMATION ( 'NONE', 'NONE', #767,  #9567 ) ;
#8232 = AXIS2_PLACEMENT_3D ( 'NONE', #9712, #1239, #1708 ) ;
#8233 = CARTESIAN_POINT ( 'NONE',  ( 11.00797249226642016, 20.64937065877546374, 34.27625279588781382 ) ) ;
#8234 = CARTESIAN_POINT ( 'NONE',  ( 2.291429516127649002, -57.65363676669994675, 54.01220438588935480 ) ) ;
#8235 = CARTESIAN_POINT ( 'NONE',  ( 32.47577250091100609, -45.01479895883871762, -16.04972500367013666 ) ) ;
#8236 = CARTESIAN_POINT ( 'NONE',  ( -17.74999999999989342, 10.50000000000003908, -33.00000000000000000 ) ) ;
#8237 = VECTOR ( 'NONE', #1792, 1000.000000000000000 ) ;
#8238 = CARTESIAN_POINT ( 'NONE',  ( 28.27475655018518808, -37.50353234616078169, -15.30028115357963081 ) ) ;
#8239 = ADVANCED_FACE ( 'NONE', ( #4283 ), #238, .F. ) ;
#8240 = CARTESIAN_POINT ( 'NONE',  ( -23.17924815077416056, 18.99999997473404889, 23.71292062671748369 ) ) ;
#8241 = DIRECTION ( 'NONE',  ( 0.0000000000000000000, 0.0000000000000000000, -1.000000000000000000 ) ) ;
#8242 = EDGE_LOOP ( 'NONE', ( #9206, #1026, #9887, #9739 ) ) ;
#8243 = DIRECTION ( 'NONE',  ( -0.0000000000000000000, 1.000000000000000000, -0.0000000000000000000 ) ) ;
#8244 = MECHANICAL_CONTEXT ( 'NONE', #440, 'mechanical' ) ;
#8245 = EDGE_CURVE ( 'NONE', #797, #2480, #3282, .T. ) ;
#8246 = CARTESIAN_POINT ( 'NONE',  ( -5.893115326323888681, -43.69052345723912367, -34.16625285902922116 ) ) ;
#8247 = ADVANCED_FACE ( 'NONE', ( #1834, #7195 ), #6338, .F. ) ;
#8248 = ORIENTED_EDGE ( 'NONE', *, *, #5402, .F. ) ;
#8249 = EDGE_CURVE ( 'NONE', #4778, #3848, #4888, .T. ) ;
#8250 = ORIENTED_EDGE ( 'NONE', *, *, #2421, .T. ) ;
#8251 = ADVANCED_FACE ( 'NONE', ( #1230, #8710 ), #8855, .F. ) ;
#8252 = EDGE_CURVE ( 'NONE', #7241, #6167, #6371, .T. ) ;
#8253 = CARTESIAN_POINT ( 'NONE',  ( -28.60910854105116030, -47.91037734982723606, 21.86938888013945004 ) ) ;
#8254 = CARTESIAN_POINT ( 'NONE',  ( -32.66697588645070738, -44.85656347169799574, -0.8055730915521291946 ) ) ;
#8255 = CARTESIAN_POINT ( 'NONE',  ( 18.43591279154402329, 19.00000000649440324, 29.16399610032561895 ) ) ;
#8256 = CARTESIAN_POINT ( 'NONE',  ( -8.230616178685695061, -48.33339865753460174, -35.04650755792645356 ) ) ;
#8257 = CARTESIAN_POINT ( 'NONE',  ( 23.32296445473316027, 18.99999994699741634, -23.40456551680619768 ) ) ;
#8258 = CARTESIAN_POINT ( 'NONE',  ( 0.0000000000000000000, -2.000000000000000000, 0.0000000000000000000 ) ) ;
#8259 = CARTESIAN_POINT ( 'NONE',  ( -9.996483547081899346, -59.74375435606399520, 34.58429022189996260 ) ) ;
#8260 = ADVANCED_FACE ( 'NONE', ( #8658, #432 ), #7340, .T. ) ;
#8261 = FACE_OUTER_BOUND ( 'NONE', #4555, .T. ) ;
#8262 = CARTESIAN_POINT ( 'NONE',  ( 31.15842817017317046, -50.37881046882409208, -18.03200839869762717 ) ) ;
#8263 = EDGE_LOOP ( 'NONE', ( #7349 ) ) ;
#8264 = LINE ( 'NONE', #1391, #6396 ) ;
#8265 = ORIENTED_EDGE ( 'NONE', *, *, #533, .F. ) ;
#8266 = CARTESIAN_POINT ( 'NONE',  ( 17.03525130806862364, -64.97442112683047810, 51.88526003362030536 ) ) ;
#8267 = ORIENTED_EDGE ( 'NONE', *, *, #2921, .F. ) ;
#8268 = CARTESIAN_POINT ( 'NONE',  ( 2.999999999999999112, 4.200000000000000178, 24.50000000000000000 ) ) ;
#8269 = VERTEX_POINT ( 'NONE', #4185 ) ;
#8270 = CARTESIAN_POINT ( 'NONE',  ( -0.6641065854486453146, -56.86151360165892044, 54.67756662610174345 ) ) ;
#8271 = DIRECTION ( 'NONE',  ( 7.232542356195667155E-15, -1.000000000000000000, 1.276710262284687461E-15 ) ) ;
#8272 = CARTESIAN_POINT ( 'NONE',  ( 26.30000000000048743, -66.79999999999976978, -15.49999999999987566 ) ) ;
#8273 = CARTESIAN_POINT ( 'NONE',  ( -7.141428428542402784, -67.30000000000005400, 8.592260065175946769E-14 ) ) ;
#8274 = CARTESIAN_POINT ( 'NONE',  ( 10.73564438206494032, -47.32935707679506976, 34.36198629020626072 ) ) ;
#8275 = CARTESIAN_POINT ( 'NONE',  ( -10.19131289898519022, -42.00290845173148568, 33.46033364881107275 ) ) ;
#8276 = ORIENTED_EDGE ( 'NONE', *, *, #4707, .F. ) ;
#8277 = CARTESIAN_POINT ( 'NONE',  ( 5.898675321265807625, -43.68911663059103745, -34.16553645353103974 ) ) ;
#8278 = CARTESIAN_POINT ( 'NONE',  ( 6.170273830960215200, -53.42533243100205453, 46.50000000000008527 ) ) ;
#8279 = CARTESIAN_POINT ( 'NONE',  ( 4.027117577838453144, 18.53635179366744623, 35.77408570049084346 ) ) ;
#8280 = CARTESIAN_POINT ( 'NONE',  ( 6.610360204141253249, -61.53004020505036920, 52.82269428060772043 ) ) ;
#8281 = CARTESIAN_POINT ( 'NONE',  ( 35.73754484821593991, -48.72581292251945939, -4.596726611202368140 ) ) ;
#8282 = DIRECTION ( 'NONE',  ( -0.2063608743195329276, -0.9784759524638702022, 0.0000000000000000000 ) ) ;
#8283 = CARTESIAN_POINT ( 'NONE',  ( 32.53872084341348625, -44.69677449485569554, 2.839921419109747713 ) ) ;
#8284 = CARTESIAN_POINT ( 'NONE',  ( -21.27208532199603042, 18.99999997578813904, 26.64877588484345594 ) ) ;
#8285 = ADVANCED_FACE ( 'NONE', ( #9401, #2536 ), #5585, .F. ) ;
#8286 = FACE_OUTER_BOUND ( 'NONE', #128, .T. ) ;
#8287 = ORIENTED_EDGE ( 'NONE', *, *, #2185, .F. ) ;
#8288 = DIRECTION ( 'NONE',  ( 0.4956404438986151684, 5.422222261512688637E-13, -0.8685278063320619468 ) ) ;
#8289 = COORDINATED_UNIVERSAL_TIME_OFFSET ( 8, 0, .AHEAD. ) ;
#8290 = CARTESIAN_POINT ( 'NONE',  ( -7.212418002885216950, -43.35158229979733591, -33.99445557772266113 ) ) ;
#8291 = AXIS2_PLACEMENT_3D ( 'NONE', #8331, #661, #8230 ) ;
#8292 = ORIENTED_EDGE ( 'NONE', *, *, #4075, .F. ) ;
#8293 = VERTEX_POINT ( 'NONE', #6490 ) ;
#8294 = EDGE_CURVE ( 'NONE', #4840, #5711, #5626, .T. ) ;
#8295 = APPROVAL_PERSON_ORGANIZATION ( #9229, #2360, #2419 ) ;
#8296 = CARTESIAN_POINT ( 'NONE',  ( -21.19950645758162011, -37.00825891455362893, 29.09633386880503281 ) ) ;
#8297 = CARTESIAN_POINT ( 'NONE',  ( -32.23499082997960130, -44.30939391139383332, -5.189470333970163551 ) ) ;
#8298 = ORIENTED_EDGE ( 'NONE', *, *, #4624, .F. ) ;
#8299 = CARTESIAN_POINT ( 'NONE',  ( 22.15362881401784279, 18.99999994699743766, 25.49633670567051524 ) ) ;
#8300 = CARTESIAN_POINT ( 'NONE',  ( -36.00057713509923474, -54.28469135822746239, -0.4976806517635001814 ) ) ;
#8301 = CARTESIAN_POINT ( 'NONE',  ( -0.4680626875756036531, -49.53565389066777414, -36.00000411410111667 ) ) ;
#8302 = CARTESIAN_POINT ( 'NONE',  ( 24.28839925422488477, 18.99999999842506426, -20.27312421236460338 ) ) ;
#8303 = CARTESIAN_POINT ( 'NONE',  ( -0.05648196395823054661, -67.73508916345751629, 29.91379131200352504 ) ) ;
#8304 = AXIS2_PLACEMENT_3D ( 'NONE', #1967, #2670, #2573 ) ;
#8305 = EDGE_CURVE ( 'NONE', #9645, #1959, #5428, .T. ) ;
#8306 = CARTESIAN_POINT ( 'NONE',  ( -1.440934107904416228, -65.48744367364403729, -32.46804648765803591 ) ) ;
#8307 = CARTESIAN_POINT ( 'NONE',  ( 26.92921678152217169, -46.04395253745499872, -23.89570810767039077 ) ) ;
#8308 = SECURITY_CLASSIFICATION ( '', '', #6815 ) ;
#8309 = ORIENTED_EDGE ( 'NONE', *, *, #6204, .T. ) ;
#8310 = EDGE_CURVE ( 'NONE', #4352, #2533, #1633, .T. ) ;
#8311 = ORIENTED_EDGE ( 'NONE', *, *, #6024, .F. ) ;
#8312 = CARTESIAN_POINT ( 'NONE',  ( 26.00000000000048672, -72.29999999999979821, 17.88854381999842857 ) ) ;
#8313 = VECTOR ( 'NONE', #954, 1000.000000000000000 ) ;
#8314 = CARTESIAN_POINT ( 'NONE',  ( 16.78756936566787772, -38.99999999999990763, -31.84615384615377565 ) ) ;
#8315 = ORIENTED_EDGE ( 'NONE', *, *, #8064, .T. ) ;
#8316 = CARTESIAN_POINT ( 'NONE',  ( 5.373778970653384554E-13, -74.30000000000003979, 9.485957248775234481E-14 ) ) ;
#8317 = EDGE_LOOP ( 'NONE', ( #9071 ) ) ;
#8318 = DIRECTION ( 'NONE',  ( -1.000000000000000000, -7.401486830834380618E-15, 0.0000000000000000000 ) ) ;
#8319 = AXIS2_PLACEMENT_3D ( 'NONE', #6948, #188, #48 ) ;
#8320 = CARTESIAN_POINT ( 'NONE',  ( 3.980814712676603538E-13, -60.29999999999996163, 42.50000000000007816 ) ) ;
#8321 = CC_DESIGN_PERSON_AND_ORGANIZATION_ASSIGNMENT ( #2665, #1858, ( #7980 ) ) ;
#8322 = CARTESIAN_POINT ( 'NONE',  ( 2.109576062436783417, -52.72022281527035403, 30.36786714009706500 ) ) ;
#8323 = DIRECTION ( 'NONE',  ( -1.054711873393898911E-15, 1.276710262284678586E-15, 1.000000000000000000 ) ) ;
#8324 = AXIS2_PLACEMENT_3D ( 'NONE', #4563, #7625, #750 ) ;
#8325 = CARTESIAN_POINT ( 'NONE',  ( 16.28884015414289621, -41.72349772869586815, 32.10410746668468107 ) ) ;
#8326 = CARTESIAN_POINT ( 'NONE',  ( 1.047777865792936192, -49.52239676626069809, 35.98859324055568010 ) ) ;
#8327 = ORIENTED_EDGE ( 'NONE', *, *, #3035, .F. ) ;
#8328 = VECTOR ( 'NONE', #834, 1000.000000000000000 ) ;
#8329 = EDGE_CURVE ( 'NONE', #981, #2317, #9446, .T. ) ;
#8330 = CARTESIAN_POINT ( 'NONE',  ( 6.880634107598362803, -43.43680986821248524, -34.03765608640090790 ) ) ;
#8331 = CARTESIAN_POINT ( 'NONE',  ( -24.49999999999986855, 17.49999999999996092, 17.88854381999831844 ) ) ;
#8332 = CARTESIAN_POINT ( 'NONE',  ( 3.285829917790992205, -67.86741843374288408, 37.50000000000008527 ) ) ;
#8333 = CARTESIAN_POINT ( 'NONE',  ( 7.486660668958360354, -62.31655297411900563, 53.41735542553281846 ) ) ;
#8334 = CIRCLE ( 'NONE', #324, 1.500000000000001332 ) ;
#8335 = CARTESIAN_POINT ( 'NONE',  ( 31.69084306531360440, -43.58252603022256011, -7.739702062079361511 ) ) ;
#8336 = PLANE ( 'NONE',  #7994 ) ;
#8337 = TOROIDAL_SURFACE ( 'NONE', #4965, 13.49999999999998934, 1.500000000000030642 ) ;
#8338 = CARTESIAN_POINT ( 'NONE',  ( -23.83634507730748453, 18.99999997421803855, -22.07014307681452792 ) ) ;
#8339 = CARTESIAN_POINT ( 'NONE',  ( -22.83883251419262095, 19.00000000073372419, 24.37803066188117995 ) ) ;
#8340 = CARTESIAN_POINT ( 'NONE',  ( 5.296277387835914396, -56.62613843606659714, 52.49999999997372413 ) ) ;
#8341 = EDGE_LOOP ( 'NONE', ( #7860 ) ) ;
#8342 = CARTESIAN_POINT ( 'NONE',  ( -31.50470680276445279, -43.32348578913588000, 8.405139431248056070 ) ) ;
#8343 = VECTOR ( 'NONE', #3218, 1000.000000000000000 ) ;
#8344 = DATE_AND_TIME ( #4380, #456 ) ;
#8345 = CARTESIAN_POINT ( 'NONE',  ( 1.152753312811224840, -63.97825812742631513, -35.98163238338742076 ) ) ;
#8346 = CARTESIAN_POINT ( 'NONE',  ( -25.79999999999985150, -63.00000000000001421, -17.88854381999833265 ) ) ;
#8347 = ORIENTED_EDGE ( 'NONE', *, *, #7188, .T. ) ;
#8348 = AXIS2_PLACEMENT_3D ( 'NONE', #7451, #6032, #7600 ) ;
#8349 = ORIENTED_EDGE ( 'NONE', *, *, #1276, .F. ) ;
#8350 = CARTESIAN_POINT ( 'NONE',  ( -33.49105500126322710, -46.29103171493211022, -13.61528033006942628 ) ) ;
#8351 = ORIENTED_EDGE ( 'NONE', *, *, #2906, .T. ) ;
#8352 = FACE_OUTER_BOUND ( 'NONE', #5954, .T. ) ;
#8353 = CARTESIAN_POINT ( 'NONE',  ( 5.899999999999994138, 18.00000000000001421, 30.00000000000002842 ) ) ;
#8354 = CARTESIAN_POINT ( 'NONE',  ( -13.08908214224035405, -45.88000657187555476, -33.53620461532720043 ) ) ;
#8355 = CARTESIAN_POINT ( 'NONE',  ( 24.38663207083531859, 18.99999995389840635, -19.63745380706045296 ) ) ;
#8356 = DIRECTION ( 'NONE',  ( 0.0000000000000000000, -0.0000000000000000000, 1.000000000000000000 ) ) ;
#8357 = CARTESIAN_POINT ( 'NONE',  ( 33.69253723326474415, -52.53239262855205993, -12.68150143192791646 ) ) ;
#8358 = VERTEX_POINT ( 'NONE', #9597 ) ;
#8359 = ORIENTED_EDGE ( 'NONE', *, *, #8134, .F. ) ;
#8360 = CARTESIAN_POINT ( 'NONE',  ( 4.179110650923774672E-13, -60.29999999999998295, 42.50000000000007816 ) ) ;
#8361 = ADVANCED_FACE ( 'NONE', ( #273 ), #457, .F. ) ;
#8362 = ORIENTED_EDGE ( 'NONE', *, *, #8857, .F. ) ;
#8363 = CARTESIAN_POINT ( 'NONE',  ( 17.75000000000012434, 18.24833147735475336, 31.08982952671179234 ) ) ;
#8364 = VERTEX_POINT ( 'NONE', #329 ) ;
#8365 = CARTESIAN_POINT ( 'NONE',  ( 0.0000000000000000000, 23.00000000000000000, 0.0000000000000000000 ) ) ;
#8366 = DIRECTION ( 'NONE',  ( 1.900521076914794851E-88, 4.414771579894708905E-59, 1.000000000000000000 ) ) ;
#8367 = EDGE_CURVE ( 'NONE', #2130, #9807, #969, .T. ) ;
#8368 = CARTESIAN_POINT ( 'NONE',  ( 20.36035237724376756, -34.85587107650115968, 29.69011174175334844 ) ) ;
#8369 = CARTESIAN_POINT ( 'NONE',  ( -11.09999999999892317, -153.7965029924597502, 32.10000000000017906 ) ) ;
#8370 = CARTESIAN_POINT ( 'NONE',  ( 16.12817896296971298, -42.14967578961435635, 32.18559240054997872 ) ) ;
#8371 = CARTESIAN_POINT ( 'NONE',  ( -2.652244934340091564, -44.15914772073326588, 34.43354228239749659 ) ) ;
#8372 = EDGE_LOOP ( 'NONE', ( #45 ) ) ;
#8373 = EDGE_CURVE ( 'NONE', #7703, #1032, #2727, .T. ) ;
#8374 = ORIENTED_EDGE ( 'NONE', *, *, #284, .T. ) ;
#8375 = CARTESIAN_POINT ( 'NONE',  ( 2.652244934340725724, -44.15914772073389827, -34.43354228239771686 ) ) ;
#8376 = EDGE_CURVE ( 'NONE', #7801, #3626, #7131, .T. ) ;
#8377 = CARTESIAN_POINT ( 'NONE',  ( -1.499999999999997780, 1.250000000000004663, 3.500000000000001332 ) ) ;
#8378 = CIRCLE ( 'NONE', #6767, 35.99999999999998579 ) ;
#8379 = CARTESIAN_POINT ( 'NONE',  ( 1.398661582160184945E-16, 18.50000000000000000, -32.50000000000000000 ) ) ;
#8380 = CARTESIAN_POINT ( 'NONE',  ( 7.538647779606304944, -62.36321336971761298, 53.88031743398483542 ) ) ;
#8381 = CARTESIAN_POINT ( 'NONE',  ( -17.74999999999988276, 18.74745828941529169, 30.56259696884871246 ) ) ;
#8382 = CARTESIAN_POINT ( 'NONE',  ( 32.64935830414616191, -45.24214815984685600, -15.66415263339300346 ) ) ;
#8383 = CARTESIAN_POINT ( 'NONE',  ( 3.980814712676603538E-13, -60.29999999999996163, 35.50000000000007816 ) ) ;
#8384 = EDGE_CURVE ( 'NONE', #3348, #1194, #5571, .T. ) ;
#8385 = PLANE ( 'NONE',  #9784 ) ;
#8386 = CARTESIAN_POINT ( 'NONE',  ( -24.47016085961086063, 18.99999997707011090, 18.78979838364084642 ) ) ;
#8387 = CYLINDRICAL_SURFACE ( 'NONE', #4227, 3.299999999999997158 ) ;
#8388 = AXIS2_PLACEMENT_3D ( 'NONE', #6849, #4, #9208 ) ;
#8389 = EDGE_LOOP ( 'NONE', ( #3597 ) ) ;
#8390 = APPROVAL_STATUS ( 'not_yet_approved' ) ;
#8391 = CARTESIAN_POINT ( 'NONE',  ( 0.2260499938349329052, -63.56089254049450687, -35.99946536428178945 ) ) ;
#8392 = CARTESIAN_POINT ( 'NONE',  ( -17.74999999999987210, -63.00000000000001421, -31.08982952671178879 ) ) ;
#8393 = CIRCLE ( 'NONE', #2461, 1.649999999999998579 ) ;
#8394 = ORIENTED_EDGE ( 'NONE', *, *, #8504, .T. ) ;
#8395 = ORIENTED_EDGE ( 'NONE', *, *, #5115, .T. ) ;
#8396 = CARTESIAN_POINT ( 'NONE',  ( -31.43669415242730025, -50.63050099878680754, -17.55176022628875643 ) ) ;
#8397 = DIRECTION ( 'NONE',  ( -0.0000000000000000000, -1.000000000000000000, -0.0000000000000000000 ) ) ;
#8398 = CARTESIAN_POINT ( 'NONE',  ( -29.99999999999952394, -63.15000000000021885, -7.999999999999948486 ) ) ;
#8399 = CIRCLE ( 'NONE', #9188, 2.100000000000006306 ) ;
#8400 = CARTESIAN_POINT ( 'NONE',  ( 12.96758852590525635, -45.97221350864365519, -33.58335568374629077 ) ) ;
#8401 = CARTESIAN_POINT ( 'NONE',  ( 23.05320986683565465, 18.99999999132370121, -23.96942940685187295 ) ) ;
#8402 = DIRECTION ( 'NONE',  ( 0.0000000000000000000, -0.0000000000000000000, -1.000000000000000000 ) ) ;
#8403 = CARTESIAN_POINT ( 'NONE',  ( 33.76178992004041390, -52.58762636328123818, -12.49570134213299966 ) ) ;
#8404 = ORIENTED_EDGE ( 'NONE', *, *, #1806, .F. ) ;
#8405 = VERTEX_POINT ( 'NONE', #5772 ) ;
#8406 = AXIS2_PLACEMENT_3D ( 'NONE', #5520, #9299, #2373 ) ;
#8407 = CARTESIAN_POINT ( 'NONE',  ( 5.965614865106444675, -75.42463997505288376, 52.50827663686970226 ) ) ;
#8408 = ORIENTED_EDGE ( 'NONE', *, *, #353, .F. ) ;
#8409 = DIRECTION ( 'NONE',  ( 0.0000000000000000000, 1.000000000000000000, 0.0000000000000000000 ) ) ;
#8410 = ORIENTED_EDGE ( 'NONE', *, *, #6143, .T. ) ;
#8411 = CARTESIAN_POINT ( 'NONE',  ( 5.083306010855960011, -63.48747549010177949, 32.10000000000007248 ) ) ;
#8412 = FACE_OUTER_BOUND ( 'NONE', #1593, .T. ) ;
#8413 = CARTESIAN_POINT ( 'NONE',  ( 6.467217031726371523, -56.63137019333117195, 29.91379129299324902 ) ) ;
#8414 = DIRECTION ( 'NONE',  ( -1.000000000000000000, -0.0000000000000000000, 0.0000000000000000000 ) ) ;
#8415 = CARTESIAN_POINT ( 'NONE',  ( 12.30793121210348851, -46.44353731843536792, 33.83308226313316425 ) ) ;
#8416 = CARTESIAN_POINT ( 'NONE',  ( -7.117575346427626570, -45.85852723100629191, 35.31476559300269713 ) ) ;
#8417 = EDGE_LOOP ( 'NONE', ( #8489 ) ) ;
#8418 = ADVANCED_FACE ( 'NONE', ( #9495 ), #4980, .T. ) ;
#8419 = ORIENTED_EDGE ( 'NONE', *, *, #8813, .F. ) ;
#8420 = CARTESIAN_POINT ( 'NONE',  ( 0.1958423081784718689, -63.79451871341619551, 54.33191612452905161 ) ) ;
#8421 = CARTESIAN_POINT ( 'NONE',  ( -1.815248531008975652, -52.25218211123855383, 34.50000000000007816 ) ) ;
#8422 = CARTESIAN_POINT ( 'NONE',  ( 11.30770014951163027, -41.02897895611643264, 33.20648445498923707 ) ) ;
#8423 = CARTESIAN_POINT ( 'NONE',  ( 7.526517102859703101, -62.35232562910611165, 53.79829326321252125 ) ) ;
#8424 = CARTESIAN_POINT ( 'NONE',  ( 35.71687757881003478, -54.07869888977669603, 4.519690056238774289 ) ) ;
#8425 = ADVANCED_FACE ( 'NONE', ( #5724 ), #5730, .T. ) ;
#8426 = CARTESIAN_POINT ( 'NONE',  ( -24.49999999999986500, 19.00000000000000711, -18.45249334271104402 ) ) ;
#8427 = CARTESIAN_POINT ( 'NONE',  ( -23.53055622785181100, 18.99999992372408286, 22.91329630059723854 ) ) ;
#8428 = FACE_OUTER_BOUND ( 'NONE', #7556, .T. ) ;
#8429 = VERTEX_POINT ( 'NONE', #1822 ) ;
#8430 = CARTESIAN_POINT ( 'NONE',  ( -35.94217019182362094, -54.24268588788910961, -2.109122282384351621 ) ) ;
#8431 = PERSON_AND_ORGANIZATION_ROLE ( 'design_owner' ) ;
#8432 = CARTESIAN_POINT ( 'NONE',  ( 1.705121662423868312, -65.75499941950987193, -35.95970101876924474 ) ) ;
#8433 = CC_DESIGN_PERSON_AND_ORGANIZATION_ASSIGNMENT ( #115, #3915, ( #1096 ) ) ;
#8434 = CARTESIAN_POINT ( 'NONE',  ( 1.734723475976807094E-15, 4.750000000000004441, 9.000000000000007105 ) ) ;
#8435 = EDGE_LOOP ( 'NONE', ( #4166 ) ) ;
#8436 = EDGE_LOOP ( 'NONE', ( #3742, #6606, #3194, #2034 ) ) ;
#8437 = CARTESIAN_POINT ( 'NONE',  ( -35.33566751403392203, -53.79812125900031106, -6.918462265366770225 ) ) ;
#8438 = VERTEX_POINT ( 'NONE', #2628 ) ;
#8439 = EDGE_CURVE ( 'NONE', #2276, #6802, #3969, .T. ) ;
#8440 = PLANE ( 'NONE',  #331 ) ;
#8441 = VERTEX_POINT ( 'NONE', #3172 ) ;
#8442 = CIRCLE ( 'NONE', #2223, 14.99999999999999289 ) ;
#8443 = CARTESIAN_POINT ( 'NONE',  ( 16.13237073090333595, -42.11356546125607281, -32.18308159110600997 ) ) ;
#8444 = CARTESIAN_POINT ( 'NONE',  ( 24.46347439007253044, 18.99999997044342592, -18.88537967166648457 ) ) ;
#8445 = CARTESIAN_POINT ( 'NONE',  ( 9.806322360778638725, -58.27989225458365752, 34.63888744679336895 ) ) ;
#8446 = CARTESIAN_POINT ( 'NONE',  ( 34.12506184146060662, -52.87685144421718064, -11.51151798424429451 ) ) ;
#8447 = ORIENTED_EDGE ( 'NONE', *, *, #7454, .T. ) ;
#8448 = ORIENTED_EDGE ( 'NONE', *, *, #53, .T. ) ;
#8449 = CARTESIAN_POINT ( 'NONE',  ( -25.99999999999978328, -26.00000000000019895, -17.88854381999828647 ) ) ;
#8450 = CARTESIAN_POINT ( 'NONE',  ( -31.11892149859471246, -50.34304302694707900, -18.10018210470556710 ) ) ;
#8451 = FACE_BOUND ( 'NONE', #8417, .T. ) ;
#8452 = ORIENTED_EDGE ( 'NONE', *, *, #7389, .T. ) ;
#8453 = CARTESIAN_POINT ( 'NONE',  ( 3.285829917790989985, -67.86741843374288408, 34.50000000000007816 ) ) ;
#8454 = ORIENTED_EDGE ( 'NONE', *, *, #4317, .F. ) ;
#8455 = VECTOR ( 'NONE', #4188, 1000.000000000000000 ) ;
#8456 = CYLINDRICAL_SURFACE ( 'NONE', #5114, 2.100000000000006306 ) ;
#8457 = CARTESIAN_POINT ( 'NONE',  ( -5.118959704113306586, -67.39639003632508718, 42.50000000000007816 ) ) ;
#8458 = CC_DESIGN_APPROVAL ( #2360, ( #8144 ) ) ;
#8459 = CARTESIAN_POINT ( 'NONE',  ( 1.450000000000511324, -65.30000000000002558, -34.99999999999991473 ) ) ;
#8460 = VECTOR ( 'NONE', #3318, 1000.000000000000000 ) ;
#8461 = FACE_OUTER_BOUND ( 'NONE', #8034, .T. ) ;
#8462 = FACE_OUTER_BOUND ( 'NONE', #1782, .T. ) ;
#8463 = CARTESIAN_POINT ( 'NONE',  ( -7.214099183287991046, -48.65533536482436716, 35.28435939712955616 ) ) ;
#8464 = ORIENTED_EDGE ( 'NONE', *, *, #230, .T. ) ;
#8465 = AXIS2_PLACEMENT_3D ( 'NONE', #1597, #8599, #1729 ) ;
#8466 = CIRCLE ( 'NONE', #6709, 9.999999999999992895 ) ;
#8467 = ORIENTED_EDGE ( 'NONE', *, *, #7935, .T. ) ;
#8468 = AXIS2_PLACEMENT_3D ( 'NONE', #2102, #5159, #8221 ) ;
#8469 = CARTESIAN_POINT ( 'NONE',  ( 0.4965100880990194199, -63.76514420867984967, 54.31708261246780722 ) ) ;
#8470 = FACE_OUTER_BOUND ( 'NONE', #8820, .T. ) ;
#8471 = VECTOR ( 'NONE', #417, 1000.000000000000000 ) ;
#8472 = CARTESIAN_POINT ( 'NONE',  ( 3.012726923214747554, -44.12629748504037508, 34.41377048578085152 ) ) ;
#8473 = CARTESIAN_POINT ( 'NONE',  ( -7.208317551358824460, -60.31533905947561891, 29.70283815137898031 ) ) ;
#8474 = DIRECTION ( 'NONE',  ( -7.232542356195667155E-15, 1.000000000000000000, -1.276710262284687461E-15 ) ) ;
#8475 = CARTESIAN_POINT ( 'NONE',  ( 31.50470680276509228, -43.32348578913546078, -8.405139431248580095 ) ) ;
#8476 = VECTOR ( 'NONE', #2438, 1000.000000000000000 ) ;
#8477 = CARTESIAN_POINT ( 'NONE',  ( 26.00000000000015632, -25.99999999999979039, 17.88854381999837173 ) ) ;
#8478 = DIRECTION ( 'NONE',  ( 7.415753963601008017E-17, 8.262330760336000271E-17, 1.000000000000000000 ) ) ;
#8479 = CARTESIAN_POINT ( 'NONE',  ( -20.90601462583473591, -36.31526556143406026, -29.30872050913927751 ) ) ;
#8480 = DIRECTION ( 'NONE',  ( 0.0000000000000000000, 0.0000000000000000000, -1.000000000000000000 ) ) ;
#8481 = ADVANCED_FACE ( 'NONE', ( #4876, #1071 ), #1719, .T. ) ;
#8482 = EDGE_LOOP ( 'NONE', ( #9574, #6077 ) ) ;
#8483 = CIRCLE ( 'NONE', #6725, 14.80000000000000071 ) ;
#8484 = APPROVAL_ROLE ( '' ) ;
#8485 = CARTESIAN_POINT ( 'NONE',  ( 1.316476036099189617, -64.14123659693248669, -35.97601423198251780 ) ) ;
#8486 = CIRCLE ( 'NONE', #3999, 36.00000000000002132 ) ;
#8487 = ADVANCED_FACE ( 'NONE', ( #7181 ), #7238, .T. ) ;
#8488 = LINE ( 'NONE', #7731, #4007 ) ;
#8489 = ORIENTED_EDGE ( 'NONE', *, *, #4387, .T. ) ;
#8490 = CIRCLE ( 'NONE', #2882, 35.79999999993553672 ) ;
#8491 = ORIENTED_EDGE ( 'NONE', *, *, #8249, .F. ) ;
#8492 = AXIS2_PLACEMENT_3D ( 'NONE', #404, #5011, #8123 ) ;
#8493 = EDGE_CURVE ( 'NONE', #3210, #5424, #5141, .T. ) ;
#8494 = CARTESIAN_POINT ( 'NONE',  ( -27.39192396327016610, -35.04733297610336962, -16.42597726492147103 ) ) ;
#8495 = ORIENTED_EDGE ( 'NONE', *, *, #3157, .T. ) ;
#8496 = DIRECTION ( 'NONE',  ( 0.0000000000000000000, 0.0000000000000000000, 1.000000000000000000 ) ) ;
#8497 = EDGE_CURVE ( 'NONE', #8590, #8590, #2056, .T. ) ;
#8498 = DIRECTION ( 'NONE',  ( -0.0000000000000000000, 0.0000000000000000000, -1.000000000000000000 ) ) ;
#8499 = CARTESIAN_POINT ( 'NONE',  ( -11.97483326185300889, 18.52103892992140288, -33.95005753370481472 ) ) ;
#8500 = CARTESIAN_POINT ( 'NONE',  ( -0.9905405053552489569, -50.33720601739199196, 35.98961625843511314 ) ) ;
#8501 = VECTOR ( 'NONE', #5716, 1000.000000000000000 ) ;
#8502 = CARTESIAN_POINT ( 'NONE',  ( 7.706757209107612638, -62.51409793296065942, 66.77116607397758230 ) ) ;
#8503 = VERTEX_POINT ( 'NONE', #7082 ) ;
#8504 = EDGE_CURVE ( 'NONE', #3695, #5842, #2367, .T. ) ;
#8505 = VERTEX_POINT ( 'NONE', #4331 ) ;
#8506 = PLANE ( 'NONE',  #8304 ) ;
#8507 = CARTESIAN_POINT ( 'NONE',  ( -26.96172558360369109, -46.08201602621122106, -23.85902494285813447 ) ) ;
#8508 = CARTESIAN_POINT ( 'NONE',  ( 12.12435565298225448, 10.49999999999998934, -32.79999999999999716 ) ) ;
#8509 = EDGE_LOOP ( 'NONE', ( #2790, #499, #4639, #4557 ) ) ;
#8510 = LINE ( 'NONE', #1641, #5425 ) ;
#8511 = VERTEX_POINT ( 'NONE', #574 ) ;
#8512 = LINE ( 'NONE', #7044, #4312 ) ;
#8513 = CARTESIAN_POINT ( 'NONE',  ( 12.12435565298262219, -72.29999999999991189, 23.00000000000009592 ) ) ;
#8514 = DIRECTION ( 'NONE',  ( 0.0000000000000000000, 1.000000000000000000, 0.0000000000000000000 ) ) ;
#8515 = LINE ( 'NONE', #7854, #8529 ) ;
#8516 = CARTESIAN_POINT ( 'NONE',  ( -8.165026501972253214, -48.35436616438366997, 35.06184778434788285 ) ) ;
#8517 = CARTESIAN_POINT ( 'NONE',  ( -12.01936944060526002, -39.76587639457457612, 33.02754311341740134 ) ) ;
#8518 = EDGE_LOOP ( 'NONE', ( #2468 ) ) ;
#8519 = VERTEX_POINT ( 'NONE', #6635 ) ;
#8520 = CARTESIAN_POINT ( 'NONE',  ( -3.285829917790195953, -52.73258156625703208, 37.50000000000008527 ) ) ;
#8521 = DIRECTION ( 'NONE',  ( 0.0000000000000000000, 1.000000000000000000, 0.0000000000000000000 ) ) ;
#8522 = CARTESIAN_POINT ( 'NONE',  ( -30.89565420710738408, -42.42984938975857290, 10.24344997339825447 ) ) ;
#8523 = FACE_OUTER_BOUND ( 'NONE', #3184, .T. ) ;
#8524 = DIRECTION ( 'NONE',  ( 0.8518354199999204068, 1.152923910187555361E-14, 0.5238095238095229478 ) ) ;
#8525 = DIRECTION ( 'NONE',  ( 0.0000000000000000000, 0.0000000000000000000, 1.000000000000000000 ) ) ;
#8526 = CARTESIAN_POINT ( 'NONE',  ( 29.18575627942513506, -39.72589595344362579, 21.98867081518832123 ) ) ;
#8527 = CYLINDRICAL_SURFACE ( 'NONE', #7376, 14.99999999999999289 ) ;
#8528 = CARTESIAN_POINT ( 'NONE',  ( -24.13764137025562917, 18.99999998672684498, -20.99769385417589973 ) ) ;
#8529 = VECTOR ( 'NONE', #6343, 1000.000000000000000 ) ;
#8530 = FACE_OUTER_BOUND ( 'NONE', #6194, .T. ) ;
#8531 = CARTESIAN_POINT ( 'NONE',  ( -5.509491565777003608, -54.68316494635156033, 30.36786714009157961 ) ) ;
#8532 = ORIENTED_EDGE ( 'NONE', *, *, #2289, .F. ) ;
#8533 = APPROVAL_DATE_TIME ( #164, #6217 ) ;
#8534 = CARTESIAN_POINT ( 'NONE',  ( -0.4625758111885551749, -63.59692032712971610, -35.99764314495308071 ) ) ;
#8535 = DIRECTION ( 'NONE',  ( -2.655188993842051828E-15, 0.0000000000000000000, 1.000000000000000000 ) ) ;
#8536 = B_SPLINE_CURVE_WITH_KNOTS ( 'NONE', 3,
 ( #5208, #2342, #3854, #3753, #3799, #6715, #9819, #6051, #6147, #9866, #5255, #8325, #8370, #743, #7520, #4505, #7468, #600, #2298, #2994, #6761, #9121, #4552, #2256, #6911, #5352, #1403, #4598, #54, #7615, #2951, #4453, #6854, #8, #3052, #8415, #1552, #793, #3658, #9774, #2901, #2200, #5952, #9025, #8274, #143, #97, #3192, #8716, #6245, #9409, #2543, #4744, #7799, #2396, #4652, #5592, #9314, #6344, #2593, #2491, #986, #3142, #7855, #193, #7148, #4041, #7101, #2445, #3239, #1694, #5493, #290, #6294, #6191, #8664, #243, #5537, #7906, #4093, #8609, #7715, #8564, #1793, #4846, #930, #3993, #5447, #841, #1039, #7050, #3343, #5642, #1739, #3288, #9360, #3898, #6400, #1648, #9261, #8516, #9463, #4793, #6953, #4698, #7758, #881, #3939, #6996, #675, #3494, #2033, #4893, #7956, #5742, #2787, #9559, #1090, #5837, #8163, #344, #5786, #5091, #3552, #8910, #4142, #3392, #7205, #6445, #1235, #9510, #1987, #2644, #4946, #4240, #5689, #2691, #5043, #3729, #8106, #6495, #4477, #6550, #4290, #4191, #8761, #1424 ),
 .UNSPECIFIED., .F., .F.,
 ( 4, 2, 2, 1, 1, 1, 2, 2, 2, 2, 1, 1, 1, 2, 2, 2, 2, 1, 1, 1, 2, 2, 2, 2, 1, 1, 1, 2, 2, 2, 1, 1, 1, 2, 2, 2, 1, 1, 1, 2, 2, 2, 1, 1, 2, 2, 2, 2, 2, 1, 1, 2, 2, 2, 1, 1, 1, 2, 2, 2, 1, 1, 1, 2, 2, 2, 1, 1, 1, 1, 2, 2, 2, 2, 1, 1, 1, 2, 2, 2, 2, 1, 1, 1, 2, 2, 2, 2, 1, 1, 1, 2, 2, 4 ),
 ( 0.0000000000000000000, 0.03125000000001978279, 0.04687500000002988582, 0.05468750000003489570, 0.05859375000003762268, 0.06054687500003880923, 0.06152343750003944067, 0.06250000000004007905, 0.09375000000006171452, 0.1093750000000725114, 0.1171875000000779238, 0.1210937500000804773, 0.1230468750000817818, 0.1240234375000821981, 0.1250000000000826283, 0.1562500000000944522, 0.1718750000001001421, 0.1796875000001029454, 0.1835937500001043610, 0.1855468750001052214, 0.1865234375001054712, 0.1875000000001057210, 0.2187500000001157685, 0.2343750000001208755, 0.2421875000001232625, 0.2460937500001244560, 0.2480468750001249278, 0.2490234375001249834, 0.2500000000001250111, 0.2812500000001257883, 0.2968750000001262324, 0.3046875000001263989, 0.3085937500001264544, 0.3105468750001265654, 0.3125000000001267320, 0.3437500000001276756, 0.3593750000001281752, 0.3671875000001283418, 0.3710937500001285638, 0.3730468750001286193, 0.3750000000001286748, 0.4062500000001282863, 0.4218750000001280087, 0.4296875000001278977, 0.4335937500001278422, 0.4375000000001277312, 0.4687500000001274536, 0.5000000000001271205, 0.5312500000001267875, 0.5468750000001265654, 0.5546875000001265654, 0.5585937500001265654, 0.5625000000001265654, 0.5937500000001266764, 0.6093750000001266764, 0.6171875000001265654, 0.6210937500001264544, 0.6230468750001265654, 0.6250000000001265654, 0.6562500000001246780, 0.6718750000001236788, 0.6796875000001233458, 0.6835937500001232348, 0.6855468750001232348, 0.6875000000001232348, 0.7187500000001203482, 0.7343750000001190159, 0.7421875000001183498, 0.7460937500001180167, 0.7480468750001177947, 0.7490234375001176836, 0.7500000000001174616, 0.7812500000001061373, 0.7968750000001003642, 0.8046875000000973666, 0.8085937500000961453, 0.8105468750000955902, 0.8115234375000950351, 0.8125000000000945910, 0.8437500000000798250, 0.8593750000000726086, 0.8671875000000690559, 0.8710937500000671685, 0.8730468750000661693, 0.8740234375000656142, 0.8750000000000649480, 0.9062500000000459632, 0.9218750000000366374, 0.9296875000000318634, 0.9335937500000296430, 0.9355468750000287548, 0.9365234375000284217, 0.9375000000000280886, 1.000000000000000000 ),
 .UNSPECIFIED. ) ;
#8537 = ORIENTED_EDGE ( 'NONE', *, *, #952, .F. ) ;
#8538 = CARTESIAN_POINT ( 'NONE',  ( -22.03573865233623152, -38.80956768362012355, -28.47172925886188821 ) ) ;
#8539 = ORIENTED_EDGE ( 'NONE', *, *, #9274, .T. ) ;
#8540 = FACE_OUTER_BOUND ( 'NONE', #8801, .T. ) ;
#8541 = CARTESIAN_POINT ( 'NONE',  ( -1.649999999999995248, 0.2499999999999993616, -9.000000000000007105 ) ) ;
#8542 = CARTESIAN_POINT ( 'NONE',  ( 12.09673997831256465, -46.57283728513782251, -33.90736962264357857 ) ) ;
#8543 = CARTESIAN_POINT ( 'NONE',  ( -11.45781545948596403, 15.97249286671579505, -34.12831553161309017 ) ) ;
#8544 = DIRECTION ( 'NONE',  ( -0.0000000000000000000, -1.000000000000000000, -0.0000000000000000000 ) ) ;
#8545 = CARTESIAN_POINT ( 'NONE',  ( -2.822106554953520252, -53.06404498114972768, 55.46585406692121012 ) ) ;
#8546 = EDGE_CURVE ( 'NONE', #8554, #9307, #3664, .T. ) ;
#8547 = EDGE_CURVE ( 'NONE', #262, #6104, #1329, .T. ) ;
#8548 = ORIENTED_EDGE ( 'NONE', *, *, #4991, .T. ) ;
#8549 = ADVANCED_FACE ( 'NONE', ( #2769 ), #2172, .F. ) ;
#8550 = ORIENTED_EDGE ( 'NONE', *, *, #6099, .F. ) ;
#8551 = AXIS2_PLACEMENT_3D ( 'NONE', #7091, #232, #2722 ) ;
#8552 = CARTESIAN_POINT ( 'NONE',  ( -27.84823068076883956, -47.08409743840015693, -22.81442989856537906 ) ) ;
#8553 = CARTESIAN_POINT ( 'NONE',  ( 24.50000000000004263, 19.00000000000001066, -17.88854381999829712 ) ) ;
#8554 = VERTEX_POINT ( 'NONE', #6783 ) ;
#8555 = CARTESIAN_POINT ( 'NONE',  ( 5.118959704114683262, -53.20360996367516293, 46.50000000000008527 ) ) ;
#8556 = ORIENTED_EDGE ( 'NONE', *, *, #7619, .F. ) ;
#8557 = CARTESIAN_POINT ( 'NONE',  ( -1.051720054064084975, -53.22693068140946338, 29.62846303175296114 ) ) ;
#8558 = ADVANCED_FACE ( 'NONE', ( #7484 ), #9794, .T. ) ;
#8559 = PRODUCT_DEFINITION_SHAPE ( 'NONE', 'NONE',  #9912 ) ;
#8560 = CYLINDRICAL_SURFACE ( 'NONE', #4126, 9.999999999999994671 ) ;
#8561 = CARTESIAN_POINT ( 'NONE',  ( -18.43591264387187323, 19.00000000649440679, -29.16399620444487439 ) ) ;
#8562 = CARTESIAN_POINT ( 'NONE',  ( -7.308543256653928566, -63.21350773903802889, 30.36786704772577394 ) ) ;
#8563 = CARTESIAN_POINT ( 'NONE',  ( -18.85714285714236738, -72.30000000000009663, 30.66607511999716706 ) ) ;
#8564 = CARTESIAN_POINT ( 'NONE',  ( -2.727794094860636953, -49.41413848883561144, 35.89655434155043423 ) ) ;
#8565 = AXIS2_PLACEMENT_3D ( 'NONE', #2606, #4959, #8025 ) ;
#8566 = CARTESIAN_POINT ( 'NONE',  ( -10.00246348696044940, 21.47224460736222085, 34.58324328240251333 ) ) ;
#8567 = EDGE_LOOP ( 'NONE', ( #1627, #9634, #3920, #1697 ) ) ;
#8568 = EDGE_LOOP ( 'NONE', ( #8062, #7744, #8109, #9767, #6149 ) ) ;
#8569 = CARTESIAN_POINT ( 'NONE',  ( 2.604716081331309052, -62.63783107508988479, 54.25534475931755196 ) ) ;
#8570 = ADVANCED_FACE ( 'NONE', ( #4427 ), #621, .F. ) ;
#8571 = CARTESIAN_POINT ( 'NONE',  ( 18.16590212458494946, 23.00000000000000000, -30.00000000000000000 ) ) ;
#8572 = CARTESIAN_POINT ( 'NONE',  ( -32.65840222762254541, -44.84596714327438605, 0.8301917721299580943 ) ) ;
#8573 = CARTESIAN_POINT ( 'NONE',  ( 3.980814712676603538E-13, -60.29999999999996163, 27.50000000000007816 ) ) ;
#8574 = LINE ( 'NONE', #6304, #7519 ) ;
#8575 = CARTESIAN_POINT ( 'NONE',  ( 4.086386431250552408E-13, -56.50000000000000000, 7.213412981908485408E-14 ) ) ;
#8576 = CARTESIAN_POINT ( 'NONE',  ( 35.29800308232029238, -48.28530784890043748, 7.286445291068122110 ) ) ;
#8577 = DIRECTION ( 'NONE',  ( 6.308085367188395171E-15, -1.000000000000000000, 0.0000000000000000000 ) ) ;
#8578 = CARTESIAN_POINT ( 'NONE',  ( -21.84008911374790074, 18.99999992374236868, -25.93562188498785659 ) ) ;
#8579 = CARTESIAN_POINT ( 'NONE',  ( -24.46347439056322060, 18.99999997044340105, 18.88537966514179445 ) ) ;
#8580 = CARTESIAN_POINT ( 'NONE',  ( 30.00000000000052580, -72.29999999999981242, -19.89974874213227096 ) ) ;
#8581 = CARTESIAN_POINT ( 'NONE',  ( 0.0000000000000000000, 4.200000000000000178, 25.50000000000000355 ) ) ;
#8582 = ORIENTED_EDGE ( 'NONE', *, *, #3139, .T. ) ;
#8583 = PERSON_AND_ORGANIZATION ( #7395, #7661 ) ;
#8584 = LINE ( 'NONE', #1712, #5564 ) ;
#8585 = AXIS2_PLACEMENT_3D ( 'NONE', #9468, #8669, #9514 ) ;
#8586 = DIRECTION ( 'NONE',  ( -0.0000000000000000000, 1.000000000000000000, 0.0000000000000000000 ) ) ;
#8587 = ORIENTED_EDGE ( 'NONE', *, *, #1920, .F. ) ;
#8588 = ORIENTED_EDGE ( 'NONE', *, *, #6339, .T. ) ;
#8589 = DIRECTION ( 'NONE',  ( -6.308085367188395171E-15, 1.000000000000000000, 0.0000000000000000000 ) ) ;
#8590 = VERTEX_POINT ( 'NONE', #8541 ) ;
#8591 = CARTESIAN_POINT ( 'NONE',  ( 6.450845418783575091, -48.82880479503890570, -35.42020510854439408 ) ) ;
#8592 = CARTESIAN_POINT ( 'NONE',  ( -9.308432150475130840, 21.78877934694232721, -34.77663351226093624 ) ) ;
#8593 = CARTESIAN_POINT ( 'NONE',  ( 1.952934827410244933, -50.44320434206277781, 35.95943322372323081 ) ) ;
#8594 = CARTESIAN_POINT ( 'NONE',  ( 5.934983989043704611, -60.92386453993721318, 59.80187568903145490 ) ) ;
#8595 = ORIENTED_EDGE ( 'NONE', *, *, #9592, .T. ) ;
#8596 = EDGE_CURVE ( 'NONE', #8963, #2953, #4044, .T. ) ;
#8597 = ORIENTED_EDGE ( 'NONE', *, *, #7573, .F. ) ;
#8598 = FACE_OUTER_BOUND ( 'NONE', #2249, .T. ) ;
#8599 = DIRECTION ( 'NONE',  ( 0.0000000000000000000, 0.0000000000000000000, 1.000000000000000000 ) ) ;
#8600 = CARTESIAN_POINT ( 'NONE',  ( 23.92663463065231255, 18.99999999171772203, 21.78202074099630536 ) ) ;
#8601 = ORIENTED_EDGE ( 'NONE', *, *, #4458, .F. ) ;
#8602 = EDGE_CURVE ( 'NONE', #7031, #7031, #7286, .T. ) ;
#8603 = LINE ( 'NONE', #1643, #6064 ) ;
#8604 = FACE_OUTER_BOUND ( 'NONE', #1945, .T. ) ;
#8605 = CARTESIAN_POINT ( 'NONE',  ( -18.75238095238079339, 18.24833147735478178, -30.49570803599715774 ) ) ;
#8606 = CARTESIAN_POINT ( 'NONE',  ( -4.493673878112517173, -56.29244783306948108, 32.18994593784219660 ) ) ;
#8607 = FACE_OUTER_BOUND ( 'NONE', #7079, .T. ) ;
#8608 = VECTOR ( 'NONE', #7526, 1000.000000000000000 ) ;
#8609 = CARTESIAN_POINT ( 'NONE',  ( -2.556412123509092194, -49.42905985527133339, 35.90916440665510834 ) ) ;
#8610 = CARTESIAN_POINT ( 'NONE',  ( -11.99999981623415479, 18.00121248782643235, 33.94112556192533248 ) ) ;
#8611 = ORIENTED_EDGE ( 'NONE', *, *, #8204, .T. ) ;
#8612 = CIRCLE ( 'NONE', #911, 8.000000000000001776 ) ;
#8613 = CARTESIAN_POINT ( 'NONE',  ( 8.000000000000000000, 18.00000000000001421, 32.99999999999998579 ) ) ;
#8614 = ORIENTED_EDGE ( 'NONE', *, *, #6878, .F. ) ;
#8615 = CARTESIAN_POINT ( 'NONE',  ( -1.817185715003705404, -51.74077479691152348, 46.50000000000008527 ) ) ;
#8616 = LOCAL_TIME ( 17, 37, 41.00000000000000000, #9793 ) ;
#8617 = CC_DESIGN_DATE_AND_TIME_ASSIGNMENT ( #2358, #6316, ( #1416 ) ) ;
#8618 = CARTESIAN_POINT ( 'NONE',  ( -25.09999999999953602, -63.15000000000016200, 8.000000000000047962 ) ) ;
#8619 = CARTESIAN_POINT ( 'NONE',  ( -26.95106910955664503, -33.51301686334264218, 16.93079274299729775 ) ) ;
#8620 = AXIS2_PLACEMENT_3D ( 'NONE', #3259, #4820, #2464 ) ;
#8621 = CARTESIAN_POINT ( 'NONE',  ( 11.00000000000001421, 5.551115123125782702E-14, -17.88854381999829712 ) ) ;
#8622 = CARTESIAN_POINT ( 'NONE',  ( 7.388088341259408054, -59.43226391782120999, 29.91754785301656483 ) ) ;
#8623 = CARTESIAN_POINT ( 'NONE',  ( 24.30000000000049454, -67.29999999999982663, -15.49999999999988454 ) ) ;
#8624 = CARTESIAN_POINT ( 'NONE',  ( 30.30848308074041242, -49.59983696267958919, 19.45776020779819504 ) ) ;
#8625 = AXIS2_PLACEMENT_3D ( 'NONE', #9481, #5707, #7821 ) ;
#8626 = FACE_OUTER_BOUND ( 'NONE', #9492, .T. ) ;
#8627 = CARTESIAN_POINT ( 'NONE',  ( -22.39309227925872392, 18.99999998144394198, -25.13116551772716889 ) ) ;
#8628 = APPROVAL_PERSON_ORGANIZATION ( #4416, #1162, #1465 ) ;
#8629 = ADVANCED_FACE ( 'NONE', ( #116, #214 ), #3328, .F. ) ;
#8630 = DIRECTION ( 'NONE',  ( 0.0000000000000000000, 0.0000000000000000000, 1.000000000000000000 ) ) ;
#8631 = CARTESIAN_POINT ( 'NONE',  ( 24.50000000000011724, 17.49999999999999645, -17.88854381999831133 ) ) ;
#8632 = PLANE ( 'NONE',  #7110 ) ;
#8633 = DIRECTION ( 'NONE',  ( -1.074148315136534584E-16, -1.196772264678275313E-16, -1.000000000000000000 ) ) ;
#8634 = ORIENTED_EDGE ( 'NONE', *, *, #3471, .T. ) ;
#8635 = CALENDAR_DATE ( 2023, 16, 11 ) ;
#8636 = DIRECTION ( 'NONE',  ( 0.0000000000000000000, 0.0000000000000000000, 1.000000000000000000 ) ) ;
#8637 = AXIS2_PLACEMENT_3D ( 'NONE', #9207, #4647, #6097 ) ;
#8638 = CARTESIAN_POINT ( 'NONE',  ( 3.980814712676603538E-13, -60.29999999999996163, 35.50000000000007816 ) ) ;
#8639 = CARTESIAN_POINT ( 'NONE',  ( 26.00000000000019895, -27.09648997795441261, -17.88854381997255771 ) ) ;
#8640 = VECTOR ( 'NONE', #9306, 1000.000000000000000 ) ;
#8641 = ORIENTED_EDGE ( 'NONE', *, *, #2486, .T. ) ;
#8642 = DIRECTION ( 'NONE',  ( 1.000000000000000000, -0.0000000000000000000, 0.0000000000000000000 ) ) ;
#8643 = AXIS2_PLACEMENT_3D ( 'NONE', #9477, #3952, #7011 ) ;
#8644 = DIRECTION ( 'NONE',  ( 9.251858538410920062E-15, -1.000000000000000000, 2.312964634602732776E-15 ) ) ;
#8645 = CARTESIAN_POINT ( 'NONE',  ( 2.870212337849412432, -67.57913177617500367, 53.91855369414158616 ) ) ;
#8646 = CARTESIAN_POINT ( 'NONE',  ( 25.10000000000108500, -153.7965029924594660, 18.10000000000022524 ) ) ;
#8647 = CARTESIAN_POINT ( 'NONE',  ( 9.729204905054817942, -62.66261196135013023, 34.66052124206260743 ) ) ;
#8648 = AXIS2_PLACEMENT_3D ( 'NONE', #3315, #5569, #4827 ) ;
#8649 = CARTESIAN_POINT ( 'NONE',  ( -2.630893244885779136, -53.23566614994090429, 56.94377082634176190 ) ) ;
#8650 = ORIENTED_EDGE ( 'NONE', *, *, #8867, .F. ) ;
#8651 = VECTOR ( 'NONE', #2927, 1000.000000000000000 ) ;
#8652 = ORIENTED_EDGE ( 'NONE', *, *, #7211, .T. ) ;
#8653 = DIRECTION ( 'NONE',  ( -0.7071067811865474617, 0.7071067811865474617, 0.0000000000000000000 ) ) ;
#8654 = CARTESIAN_POINT ( 'NONE',  ( 5.118959704114884879, -53.20360996367516293, 42.50000000000007816 ) ) ;
#8655 = CARTESIAN_POINT ( 'NONE',  ( -22.43846471396053488, -39.57480594714091637, 28.15714561653410897 ) ) ;
#8656 = CARTESIAN_POINT ( 'NONE',  ( 22.90652955424742387, 18.99999999537093132, 24.25228912372929457 ) ) ;
#8657 = ORIENTED_EDGE ( 'NONE', *, *, #4152, .F. ) ;
#8658 = FACE_OUTER_BOUND ( 'NONE', #1932, .T. ) ;
#8659 = DIRECTION ( 'NONE',  ( 1.000000000000000000, 0.0000000000000000000, 0.0000000000000000000 ) ) ;
#8660 = AXIS2_PLACEMENT_3D ( 'NONE', #1063, #7829, #9383 ) ;
#8661 = FACE_OUTER_BOUND ( 'NONE', #9346, .T. ) ;
#8662 = CARTESIAN_POINT ( 'NONE',  ( 4.493611648700155392, -56.29234699272728193, 32.18995693171731176 ) ) ;
#8663 = DIRECTION ( 'NONE',  ( 0.9784759524643568129, -0.2063608743172249960, 0.0000000000000000000 ) ) ;
#8664 = CARTESIAN_POINT ( 'NONE',  ( -0.4686953259067075939, -49.53565361179883553, 35.99999588311957410 ) ) ;
#8665 = CARTESIAN_POINT ( 'NONE',  ( -13.22749846363646498, -42.48264450413687854, 33.55346910877651823 ) ) ;
#8666 = EDGE_LOOP ( 'NONE', ( #7893 ) ) ;
#8667 = EDGE_CURVE ( 'NONE', #8963, #2953, #5513, .T. ) ;
#8668 = VECTOR ( 'NONE', #2394, 1000.000000000000000 ) ;
#8669 = DIRECTION ( 'NONE',  ( 0.0000000000000000000, 0.0000000000000000000, 1.000000000000000000 ) ) ;
#8670 = VERTEX_POINT ( 'NONE', #6425 ) ;
#8671 = DIRECTION ( 'NONE',  ( 0.0000000000000000000, 0.0000000000000000000, 1.000000000000000000 ) ) ;
#8672 =( BOUNDED_SURFACE ( )  B_SPLINE_SURFACE ( 3, 2, ( 
 ( #3462, #5708, #8883 ),
 ( #6421, #9636, #2007 ),
 ( #7974, #9482, #3413 ),
 ( #5760, #6470, #1163 ),
 ( #4164, #4213, #6512 ),
 ( #5062, #1209, #2615 ),
 ( #8129, #8032, #1110 ),
 ( #9532, #1961, #8835 ),
 ( #7225, #8078, #7274 ),
 ( #4109, #5660, #3363 ),
 ( #2662, #8781, #7924 ),
 ( #1911, #411, #9579 ),
 ( #4259, #1259, #4313 ),
 ( #7164, #2713, #7377 ),
 ( #7321, #6570, #5016 ),
 ( #458, #512, #3515 ),
 ( #3570, #6620, #5614 ),
 ( #8687, #1810, #4863 ),
 ( #1055, #8736, #313 ),
 ( #1854, #4908, #700 ),
 ( #5907, #1361, #2807 ),
 ( #659, #7621, #2997 ),
 ( #5116, #6720, #6765 ),
 ( #559, #9072, #4509 ),
 ( #5856, #6812, #3803 ),
 ( #6055, #5311, #9779 ),
 ( #2262, #4459, #9822 ),
 ( #8375, #2908, #6001 ),
 ( #2855, #5955, #5211 ),
 ( #9028, #9679, #9125 ),
 ( #7525, #1314, #8981 ),
 ( #8229, #7424, #8928 ),
 ( #8277, #1509, #2954 ),
 ( #8330, #5168, #8183 ),
 ( #4364, #2157, #2057 ),
 ( #3616, #6668, #3665 ),
 ( #9726, #2112, #4414 ),
 ( #3712, #2204, #7471 ),
 ( #4558, #605, #747 ),
 ( #1406, #3756, #5260 ),
 ( #1462, #7572, #9869 ),
 ( #198, #6107, #2304 ),
 ( #3945, #1611, #7672 ),
 ( #1699, #3859, #3057 ),
 ( #992, #3244, #6299 ),
 ( #3904, #60, #9366 ),
 ( #7002, #2495, #5543 ),
 ( #3197, #6957, #3101 ),
 ( #2401, #103, #3147 ),
 ( #938, #4800, #5498 ) ),
 .UNSPECIFIED., .F., .F., .F. ) 
 B_SPLINE_SURFACE_WITH_KNOTS ( ( 4, 2, 2, 2, 2, 2, 2, 2, 2, 2, 2, 2, 2, 2, 2, 2, 2, 2, 2, 2, 2, 2, 2, 2, 4 ),
 ( 3, 3 ),
 ( -3.252606517456513302E-19, 0.002271147503845260488, 0.003406721255767890949, 0.004542295007690520976, 0.006813442511535781898, 0.007949016263458411058, 0.009084590015381041953, 0.01135573751922630201, 0.01362688502307156380, 0.01476245877499419296, 0.01589803252691682212, 0.01703360627883945128, 0.01816918003076208391, 0.02044032753460734569, 0.02157590128652997485, 0.02271147503845260401, 0.02498262254229786580, 0.02611819629422049843, 0.02725377004614312759, 0.02952491754998838591, 0.03066049130191101507, 0.03179606505383364423, 0.03406721255767890255, 0.03520278630960153865, 0.03633836006152416781 ),
 ( 0.0000000000000000000, 1.000000000000000000 ),
 .UNSPECIFIED. ) 
 GEOMETRIC_REPRESENTATION_ITEM ( )  RATIONAL_B_SPLINE_SURFACE ( (
 ( 1.000000000000000000, 0.9707253433941511744, 1.000000000000000000),
 ( 1.000000000000000000, 0.9707243437056900515, 1.000000000000000000),
 ( 1.000000000000000000, 0.9706619717556872473, 1.000000000000000000),
 ( 1.000000000000000000, 0.9704595985383343004, 1.000000000000000000),
 ( 1.000000000000000000, 0.9703737417132271004, 1.000000000000000000),
 ( 1.000000000000000000, 0.9701580729668571879, 1.000000000000000000),
 ( 1.000000000000000000, 0.9700298907059159426, 1.000000000000000000),
 ( 1.000000000000000000, 0.9695819542471989516, 1.000000000000000000),
 ( 1.000000000000000000, 0.9691966979413811911, 1.000000000000000000),
 ( 1.000000000000000000, 0.9684781683906070748, 1.000000000000000000),
 ( 1.000000000000000000, 0.9682178871645350515, 1.000000000000000000),
 ( 1.000000000000000000, 0.9676674335668387084, 1.000000000000000000),
 ( 1.000000000000000000, 0.9673764105907475264, 1.000000000000000000),
 ( 1.000000000000000000, 0.9664694010648696709, 1.000000000000000000),
 ( 1.000000000000000000, 0.9658134382868636125, 1.000000000000000000),
 ( 1.000000000000000000, 0.9645603933254055518, 1.000000000000000000),
 ( 1.000000000000000000, 0.9639594355719751650, 1.000000000000000000),
 ( 1.000000000000000000, 0.9631818938566880650, 1.000000000000000000),
 ( 1.000000000000000000, 0.9629446818798974572, 1.000000000000000000),
 ( 1.000000000000000000, 0.9625311057415855132, 1.000000000000000000),
 ( 1.000000000000000000, 0.9623537012138276836, 1.000000000000000000),
 ( 1.000000000000000000, 0.9620656044596105350, 1.000000000000000000),
 ( 1.000000000000000000, 0.9619549140687473354, 1.000000000000000000),
 ( 1.000000000000000000, 0.9618063721649234843, 1.000000000000000000),
 ( 1.000000000000000000, 0.9617685591498563724, 1.000000000000000000),
 ( 1.000000000000000000, 0.9617705160927211283, 1.000000000000000000),
 ( 1.000000000000000000, 0.9619254050712313653, 1.000000000000000000),
 ( 1.000000000000000000, 0.9623587175219364687, 1.000000000000000000),
 ( 1.000000000000000000, 0.9625364128523368201, 1.000000000000000000),
 ( 1.000000000000000000, 0.9629506274558836676, 1.000000000000000000),
 ( 1.000000000000000000, 0.9631883725947053554, 1.000000000000000000),
 ( 1.000000000000000000, 0.9639665690040767343, 1.000000000000000000),
 ( 1.000000000000000000, 0.9645656431637514849, 1.000000000000000000),
 ( 1.000000000000000000, 0.9654983326472614813, 1.000000000000000000),
 ( 1.000000000000000000, 0.9658149535296606247, 1.000000000000000000),
 ( 1.000000000000000000, 0.9664461477177567206, 1.000000000000000000),
 ( 1.000000000000000000, 0.9667624810178913064, 1.000000000000000000),
 ( 1.000000000000000000, 0.9676764676641055329, 1.000000000000000000),
 ( 1.000000000000000000, 0.9682304823871544786, 1.000000000000000000),
 ( 1.000000000000000000, 0.9689404461033654936, 1.000000000000000000),
 ( 1.000000000000000000, 0.9691573398764576908, 1.000000000000000000),
 ( 1.000000000000000000, 0.9695494793134959988, 1.000000000000000000),
 ( 1.000000000000000000, 0.9697247428348314546, 1.000000000000000000),
 ( 1.000000000000000000, 0.9701761189746694880, 1.000000000000000000),
 ( 1.000000000000000000, 0.9703850231622855871, 1.000000000000000000),
 ( 1.000000000000000000, 0.9705914028180578912, 1.000000000000000000),
 ( 1.000000000000000000, 0.9706422292092630189, 1.000000000000000000),
 ( 1.000000000000000000, 0.9707089564356371492, 1.000000000000000000),
 ( 1.000000000000000000, 0.9707252717642093076, 1.000000000000000000),
 ( 1.000000000000000000, 0.9707253433941507303, 1.000000000000000000) ) ) 
 REPRESENTATION_ITEM ( '' )  SURFACE ( )  );
#8673 = EDGE_CURVE ( 'NONE', #8554, #6271, #4217, .T. ) ;
#8674 = VERTEX_POINT ( 'NONE', #199 ) ;
#8675 = CARTESIAN_POINT ( 'NONE',  ( 5.198967349053996934, -64.96626958466237056, 32.00000000000008527 ) ) ;
#8676 = CARTESIAN_POINT ( 'NONE',  ( -11.46373131609405327, -40.86574693812611514, 33.16950463650916703 ) ) ;
#8677 = DIRECTION ( 'NONE',  ( -0.0000000000000000000, 1.000000000000000000, 0.0000000000000000000 ) ) ;
#8678 = DIRECTION ( 'NONE',  ( 0.6679517357399819000, 0.7442045946659731070, 0.0000000000000000000 ) ) ;
#8679 = CARTESIAN_POINT ( 'NONE',  ( 31.10361265190156743, -42.73937074846997319, 9.648193787666619059 ) ) ;
#8680 = CARTESIAN_POINT ( 'NONE',  ( 7.604523751888634386, -57.81580626621051522, 42.50000000000007816 ) ) ;
#8681 = CARTESIAN_POINT ( 'NONE',  ( -21.05178238989445916, 18.99999998340417307, -26.90271247978948921 ) ) ;
#8682 = ADVANCED_FACE ( 'NONE', ( #7279, #1765 ), #4868, .F. ) ;
#8683 = EDGE_LOOP ( 'NONE', ( #6000 ) ) ;
#8684 = EDGE_CURVE ( 'NONE', #2736, #3144, #8584, .T. ) ;
#8685 = EDGE_CURVE ( 'NONE', #1130, #3699, #2853, .T. ) ;
#8686 = DIRECTION ( 'NONE',  ( 0.6679517357427101620, 0.7442045946635245102, 1.156482317322219492E-14 ) ) ;
#8687 = CARTESIAN_POINT ( 'NONE',  ( -4.117975298225770686, -43.99602881614077177, -34.33721852930417384 ) ) ;
#8688 = DIRECTION ( 'NONE',  ( 1.054711873393908180E-15, -1.276710262284678586E-15, -1.000000000000000000 ) ) ;
#8689 = EDGE_LOOP ( 'NONE', ( #2584 ) ) ;
#8690 = DATE_TIME_ROLE ( 'classification_date' ) ;
#8691 = LINE ( 'NONE', #7124, #9259 ) ;
#8692 = ADVANCED_FACE ( 'NONE', ( #4168 ), #1114, .T. ) ;
#8693 = DIRECTION ( 'NONE',  ( -0.0000000000000000000, -0.0000000000000000000, 1.000000000000000000 ) ) ;
#8694 = FACE_BOUND ( 'NONE', #8435, .T. ) ;
#8695 = CARTESIAN_POINT ( 'NONE',  ( 5.083306010856029289, -67.30000000000002558, -32.09999999999990195 ) ) ;
#8696 = EDGE_LOOP ( 'NONE', ( #7106 ) ) ;
#8697 = CARTESIAN_POINT ( 'NONE',  ( 3.980814712676603538E-13, -60.29999999999996163, 37.50000000000008527 ) ) ;
#8698 = APPROVAL_STATUS ( 'not_yet_approved' ) ;
#8699 = DIRECTION ( 'NONE',  ( 1.000000000000000000, -0.0000000000000000000, 0.0000000000000000000 ) ) ;
#8700 = CARTESIAN_POINT ( 'NONE',  ( -2.271037094806052536, -62.96466620175086604, 55.07901479121370159 ) ) ;
#8701 = CARTESIAN_POINT ( 'NONE',  ( -3.081715831704427089, -61.95978648406900646, 54.57538641672859825 ) ) ;
#8702 = CARTESIAN_POINT ( 'NONE',  ( 27.70366198664356716, -36.12116712214269398, -24.08213360026495664 ) ) ;
#8703 = ORIENTED_EDGE ( 'NONE', *, *, #2612, .F. ) ;
#8704 = ORIENTED_EDGE ( 'NONE', *, *, #9357, .T. ) ;
#8705 = CARTESIAN_POINT ( 'NONE',  ( -19.86741553532904803, -33.33163585018612451, 30.02287360544826811 ) ) ;
#8706 = CARTESIAN_POINT ( 'NONE',  ( 0.0000000000000000000, 0.0000000000000000000, 0.0000000000000000000 ) ) ;
#8707 = CARTESIAN_POINT ( 'NONE',  ( 24.50000000000013856, 19.00000000000000711, 18.45249334271825958 ) ) ;
#8708 = EDGE_LOOP ( 'NONE', ( #1530, #7150, #6402, #8315 ) ) ;
#8709 = AXIS2_PLACEMENT_3D ( 'NONE', #5097, #8865, #8914 ) ;
#8710 = FACE_OUTER_BOUND ( 'NONE', #9268, .T. ) ;
#8711 = CARTESIAN_POINT ( 'NONE',  ( -7.514501604335185547, -58.25845873469943825, 55.28996720600074610 ) ) ;
#8712 = FACE_OUTER_BOUND ( 'NONE', #4522, .T. ) ;
#8713 = CARTESIAN_POINT ( 'NONE',  ( -0.1925080969461354097, -66.74955815230484291, -32.49998028684754559 ) ) ;
#8714 = CARTESIAN_POINT ( 'NONE',  ( -3.586174194570505680, -52.31865583712906442, 42.50000000000007816 ) ) ;
#8715 = DIRECTION ( 'NONE',  ( -1.005797654156790052E-29, -1.836611371313832691E-45, 1.000000000000000000 ) ) ;
#8716 = CARTESIAN_POINT ( 'NONE',  ( 8.979799867195961127, -48.07903332739707025, 34.86333127412355992 ) ) ;
#8717 = B_SPLINE_CURVE_WITH_KNOTS ( 'NONE', 3,
 ( #2624, #4872, #4117, #5436, #3472, #8088 ),
 .UNSPECIFIED., .F., .F.,
 ( 4, 2, 4 ),
 ( 5.553824967135426632E-18, 0.0005385275707714536628, 0.001077055141542901905 ),
 .UNSPECIFIED. ) ;
#8718 = CARTESIAN_POINT ( 'NONE',  ( -12.12435565298189388, -39.00000000000004263, 33.00000000000002842 ) ) ;
#8719 = ORIENTED_EDGE ( 'NONE', *, *, #1680, .F. ) ;
#8720 = AXIS2_PLACEMENT_3D ( 'NONE', #4569, #4377, #3066 ) ;
#8721 = DIRECTION ( 'NONE',  ( -0.4539682539682488027, 0.4988876515698577041, -0.7382573639999345794 ) ) ;
#8722 = VERTEX_POINT ( 'NONE', #6475 ) ;
#8723 = DIRECTION ( 'NONE',  ( 0.0000000000000000000, -1.000000000000000000, 1.276710262284678586E-15 ) ) ;
#8724 = VERTEX_POINT ( 'NONE', #1045 ) ;
#8725 = DIRECTION ( 'NONE',  ( -1.073705180194477176E-14, -5.902934242830932948E-15, 1.000000000000000000 ) ) ;
#8726 = CIRCLE ( 'NONE', #1282, 14.80000000000000071 ) ;
#8727 = CARTESIAN_POINT ( 'NONE',  ( 11.00000000000013500, -1.387778780781445676E-14, 17.88854381999830423 ) ) ;
#8728 = LINE ( 'NONE', #4957, #3974 ) ;
#8729 = LINE ( 'NONE', #7061, #9664 ) ;
#8730 = CARTESIAN_POINT ( 'NONE',  ( 35.49225024622690938, -48.48192563640772335, 6.209771565403384486 ) ) ;
#8731 = CARTESIAN_POINT ( 'NONE',  ( -1.500000000000000222, 23.00000000000000000, -33.50000000000000000 ) ) ;
#8732 = CARTESIAN_POINT ( 'NONE',  ( -22.79930991267877260, 18.99999999992062882, -24.44803163220823095 ) ) ;
#8733 = ORIENTED_EDGE ( 'NONE', *, *, #2476, .T. ) ;
#8734 = DIRECTION ( 'NONE',  ( -1.000000000000000000, -1.826024711554487321E-16, -1.005797654156790052E-29 ) ) ;
#8735 = AXIS2_PLACEMENT_3D ( 'NONE', #4103, #6355, #9423 ) ;
#8736 = CARTESIAN_POINT ( 'NONE',  ( -4.528191703024185166, -46.36873333370372308, -35.72313347313187393 ) ) ;
#8737 = CARTESIAN_POINT ( 'NONE',  ( 1.815248531009777677, -68.34781788876136943, 37.50000000000008527 ) ) ;
#8738 = EDGE_LOOP ( 'NONE', ( #9745, #333, #3281, #6619, #2330 ) ) ;
#8739 = APPROVAL_ROLE ( '' ) ;
#8740 = DIRECTION ( 'NONE',  ( -0.0000000000000000000, 1.000000000000000000, 0.0000000000000000000 ) ) ;
#8741 = ADVANCED_FACE ( 'NONE', ( #3417 ), #7231, .F. ) ;
#8742 = CARTESIAN_POINT ( 'NONE',  ( -25.99999999999978328, -26.00000000000019540, -17.88854381999829002 ) ) ;
#8743 = FACE_OUTER_BOUND ( 'NONE', #8013, .T. ) ;
#8744 = CARTESIAN_POINT ( 'NONE',  ( 5.000000000000002665, 4.750000000000000888, 19.50000000000000000 ) ) ;
#8745 = ORIENTED_EDGE ( 'NONE', *, *, #4317, .T. ) ;
#8746 = PLANE ( 'NONE',  #8648 ) ;
#8747 = APPLICATION_PROTOCOL_DEFINITION ( 'international standard', 'config_control_design', 1994, #6448 ) ;
#8748 = CARTESIAN_POINT ( 'NONE',  ( 0.0000000000000000000, 1.000000000000000000, 0.0000000000000000000 ) ) ;
#8749 = CARTESIAN_POINT ( 'NONE',  ( -4.130174760428212188, 16.95393191315180559, -35.76233205444135166 ) ) ;
#8750 = ORIENTED_EDGE ( 'NONE', *, *, #206, .T. ) ;
#8751 = VERTEX_POINT ( 'NONE', #9332 ) ;
#8752 = ADVANCED_FACE ( 'NONE', ( #9536, #4971 ), #960, .F. ) ;
#8753 = FACE_OUTER_BOUND ( 'NONE', #3292, .T. ) ;
#8754 = CARTESIAN_POINT ( 'NONE',  ( 18.42175990098755989, 5.000000000000000888, 30.92957746478874270 ) ) ;
#8755 = CARTESIAN_POINT ( 'NONE',  ( 22.49349984520762646, 18.99999999132370121, 24.97066913112480790 ) ) ;
#8756 = ORIENTED_EDGE ( 'NONE', *, *, #2678, .T. ) ;
#8757 = CARTESIAN_POINT ( 'NONE',  ( 2.689218601732991765, -68.53213844101736640, 37.50000000000008527 ) ) ;
#8758 = CARTESIAN_POINT ( 'NONE',  ( 20.68146204270768607, 18.99999999975963405, -27.29706179307049396 ) ) ;
#8759 = CARTESIAN_POINT ( 'NONE',  ( -1.156841390261091229, -64.40554860037309481, -32.47968196944913188 ) ) ;
#8760 = CARTESIAN_POINT ( 'NONE',  ( 17.75000000000014211, 18.74745828941528458, -30.56259696884871246 ) ) ;
#8761 = CARTESIAN_POINT ( 'NONE',  ( -16.78756936566733060, -39.93616111173500371, 31.84615384615385736 ) ) ;
#8762 = CARTESIAN_POINT ( 'NONE',  ( -11.79066417103999775, 16.69612120212599038, 34.01458228175759757 ) ) ;
#8763 = VERTEX_POINT ( 'NONE', #1813 ) ;
#8764 = CARTESIAN_POINT ( 'NONE',  ( -10.99999999999986677, 18.24833147735477468, -17.88854381999832910 ) ) ;
#8765 = ORIENTED_EDGE ( 'NONE', *, *, #2198, .T. ) ;
#8766 = LINE ( 'NONE', #5647, #1755 ) ;
#8767 = CARTESIAN_POINT ( 'NONE',  ( 4.007710414441589819, -55.83477243203560647, 27.80000000001336957 ) ) ;
#8768 = CARTESIAN_POINT ( 'NONE',  ( 12.12435565298225448, -63.00000000000001421, 22.99999999999999645 ) ) ;
#8769 = CARTESIAN_POINT ( 'NONE',  ( 9.302199593174428571, 21.79082390159889826, -34.77829232156535966 ) ) ;
#8770 = CIRCLE ( 'NONE', #7485, 6.000000000000000888 ) ;
#8771 = CARTESIAN_POINT ( 'NONE',  ( -32.99999999999958078, -56.50000000000023448, 3.732863799708619023E-14 ) ) ;
#8772 = CARTESIAN_POINT ( 'NONE',  ( -1.662955415708200415E-16, 18.50000000000000000, -33.50000000000000000 ) ) ;
#8773 = CARTESIAN_POINT ( 'NONE',  ( 28.56901752565749675, -47.85938138074791937, 21.90653060783211714 ) ) ;
#8774 = FACE_OUTER_BOUND ( 'NONE', #8567, .T. ) ;
#8775 = CARTESIAN_POINT ( 'NONE',  ( 26.63550641455470469, -32.34924897202856897, 25.48391290865156833 ) ) ;
#8776 = DIRECTION ( 'NONE',  ( -5.059309581837200553E-29, -1.000000000000000000, -1.804112415015904306E-14 ) ) ;
#8777 = CARTESIAN_POINT ( 'NONE',  ( -21.96804484198030494, 18.99999992730943532, -25.76079973291934522 ) ) ;
#8778 = ORIENTED_EDGE ( 'NONE', *, *, #5015, .F. ) ;
#8779 = LOCAL_TIME ( 17, 37, 41.00000000000000000, #8999 ) ;
#8780 = DIRECTION ( 'NONE',  ( 7.232542356195667155E-15, -1.000000000000000000, 1.276710262284687461E-15 ) ) ;
#8781 = CARTESIAN_POINT ( 'NONE',  ( -11.44581074597294013, -44.01778956737264537, -34.18257837634865837 ) ) ;
#8782 = CARTESIAN_POINT ( 'NONE',  ( 1.238429931521567440E-13, -63.00000000000001421, -3.269102988655022197E-15 ) ) ;
#8783 = EDGE_LOOP ( 'NONE', ( #2242 ) ) ;
#8784 = APPROVAL_STATUS ( 'not_yet_approved' ) ;
#8785 = AXIS2_PLACEMENT_3D ( 'NONE', #6867, #7796, #4791 ) ;
#8786 = CARTESIAN_POINT ( 'NONE',  ( 25.80000000000012861, -63.00000000000001421, 17.88854381999830423 ) ) ;
#8787 = DIRECTION ( 'NONE',  ( 1.000000000000000000, 0.0000000000000000000, 0.0000000000000000000 ) ) ;
#8788 = VECTOR ( 'NONE', #9437, 1000.000000000000000 ) ;
#8789 = CARTESIAN_POINT ( 'NONE',  ( 26.00000000000018829, -25.99999999999982236, -17.88854381999825094 ) ) ;
#8790 = B_SPLINE_CURVE_WITH_KNOTS ( 'NONE', 3,
 ( #9874, #6061, #6159, #5316, #8381, #3061, #3249, #203, #7812, #4156 ),
 .UNSPECIFIED., .F., .F.,
 ( 4, 2, 2, 2, 4 ),
 ( 1.496695448835668741E-16, 0.0004359203983395421923, 0.0008718407966789346562, 0.001307761195018327174, 0.001743681593357719693 ),
 .UNSPECIFIED. ) ;
#8791 = VECTOR ( 'NONE', #1543, 1000.000000000000000 ) ;
#8792 = EDGE_CURVE ( 'NONE', #9608, #6683, #5664, .T. ) ;
#8793 = CARTESIAN_POINT ( 'NONE',  ( -4.493611648699347150, -64.30765300727267686, 32.18995693171730466 ) ) ;
#8794 = AXIS2_PLACEMENT_3D ( 'NONE', #4260, #7322, #3364 ) ;
#8795 = CARTESIAN_POINT ( 'NONE',  ( -1.500000000000000222, 18.50000000000000000, -33.50000000000000000 ) ) ;
#8796 = CARTESIAN_POINT ( 'NONE',  ( 5.697370294620996501E-13, -79.50000000000004263, 9.400552227648310655E-14 ) ) ;
#8797 = ADVANCED_FACE ( 'NONE', ( #4065 ), #5618, .T. ) ;
#8798 = DIRECTION ( 'NONE',  ( -1.007193413696268992E-30, -4.665405983569896803E-13, -1.000000000000000000 ) ) ;
#8799 = CARTESIAN_POINT ( 'NONE',  ( -18.16590212458494946, 23.00000000000000000, 30.00000000000000000 ) ) ;
#8800 = CIRCLE ( 'NONE', #9599, 8.249999999999998224 ) ;
#8801 = EDGE_LOOP ( 'NONE', ( #9316, #1679, #966, #4147, #8657, #9213 ) ) ;
#8802 = CIRCLE ( 'NONE', #2559, 35.99999999999998579 ) ;
#8803 = ORIENTED_EDGE ( 'NONE', *, *, #7638, .F. ) ;
#8804 = ADVANCED_FACE ( 'NONE', ( #6265, #1060 ), #5410, .F. ) ;
#8805 = EDGE_CURVE ( 'NONE', #9764, #9411, #1859, .T. ) ;
#8806 = CARTESIAN_POINT ( 'NONE',  ( -19.60444479866306366, -32.24878978738092883, 30.19380871180642245 ) ) ;
#8807 = CARTESIAN_POINT ( 'NONE',  ( -34.71455085143448116, -53.33095070220327472, 9.556815089164105714 ) ) ;
#8808 = CARTESIAN_POINT ( 'NONE',  ( 24.07919756067376937, 18.99999999999562661, 21.23289859628378196 ) ) ;
#8809 = ORIENTED_EDGE ( 'NONE', *, *, #3148, .F. ) ;
#8810 = CARTESIAN_POINT ( 'NONE',  ( -16.78756936566723823, -39.46504370805229200, -31.84615384615381473 ) ) ;
#8811 = LINE ( 'NONE', #1290, #455 ) ;
#8812 = CARTESIAN_POINT ( 'NONE',  ( 0.7244671010643540798, -66.55959256725699902, -32.49201961786167203 ) ) ;
#8813 = EDGE_CURVE ( 'NONE', #6489, #1696, #8691, .T. ) ;
#8814 = AXIS2_PLACEMENT_3D ( 'NONE', #4006, #1754, #205 ) ;
#8815 = DIRECTION ( 'NONE',  ( 1.000000000000000000, 0.0000000000000000000, 0.0000000000000000000 ) ) ;
#8816 = CARTESIAN_POINT ( 'NONE',  ( -3.285829917790193289, -52.73258156625703208, 34.50000000000007816 ) ) ;
#8817 = LINE ( 'NONE', #387, #1931 ) ;
#8818 = DIRECTION ( 'NONE',  ( 1.054711873393889642E-15, -1.276710262284678586E-15, -1.000000000000000000 ) ) ;
#8819 = ORIENTED_EDGE ( 'NONE', *, *, #211, .F. ) ;
#8820 = EDGE_LOOP ( 'NONE', ( #5295, #7026, #7136, #8202 ) ) ;
#8821 = DIRECTION ( 'NONE',  ( 0.0000000000000000000, 1.000000000000000000, 0.0000000000000000000 ) ) ;
#8822 = AXIS2_PLACEMENT_3D ( 'NONE', #9166, #7569, #655 ) ;
#8823 = CARTESIAN_POINT ( 'NONE',  ( 5.899999999999994138, 18.00000000000001421, -30.00000000000000000 ) ) ;
#8824 = CARTESIAN_POINT ( 'NONE',  ( 2.109576062436746113, -52.72022281527031851, 32.00000000000008527 ) ) ;
#8825 = CARTESIAN_POINT ( 'NONE',  ( 11.97314764915262231, 18.53425498940764271, -33.95065401274056427 ) ) ;
#8826 = FACE_OUTER_BOUND ( 'NONE', #7305, .T. ) ;
#8827 = CARTESIAN_POINT ( 'NONE',  ( 34.59867116875478388, -53.24228168824030405, 9.960298619945485044 ) ) ;
#8828 = DIRECTION ( 'NONE',  ( 0.0000000000000000000, 0.0000000000000000000, 1.000000000000000000 ) ) ;
#8829 = CARTESIAN_POINT ( 'NONE',  ( 26.00000000000014566, -25.99999999999976907, 26.27379873562258084 ) ) ;
#8830 = FACE_OUTER_BOUND ( 'NONE', #3146, .T. ) ;
#8831 = AXIS2_PLACEMENT_3D ( 'NONE', #1012, #8586, #7075 ) ;
#8832 = CARTESIAN_POINT ( 'NONE',  ( 12.12435565153240802, -39.38517963320396120, 33.00000000000005684 ) ) ;
#8833 = ORIENTED_EDGE ( 'NONE', *, *, #7014, .F. ) ;
#8834 = DIRECTION ( 'NONE',  ( 0.0000000000000000000, 1.000000000000000000, 0.0000000000000000000 ) ) ;
#8835 = CARTESIAN_POINT ( 'NONE',  ( -14.99401255888543538, -44.06675249902840363, -32.73253453560131732 ) ) ;
#8836 =( REPRESENTATION_RELATIONSHIP ('NONE','NONE', #532, #9749 ) REPRESENTATION_RELATIONSHIP_WITH_TRANSFORMATION ( #6515 )SHAPE_REPRESENTATION_RELATIONSHIP( ) );
#8837 = CARTESIAN_POINT ( 'NONE',  ( 6.098792069819646500, -62.32208073676572724, 52.50000000000009237 ) ) ;
#8838 = CALENDAR_DATE ( 2023, 16, 11 ) ;
#8839 = CARTESIAN_POINT ( 'NONE',  ( 7.523041329004350075, 21.97988357662650927, 35.20612622919265533 ) ) ;
#8840 = DIRECTION ( 'NONE',  ( -1.054711873393889642E-15, 1.276710262284678586E-15, 1.000000000000000000 ) ) ;
#8841 = CARTESIAN_POINT ( 'NONE',  ( 26.47080610424019298, -31.40336367172284682, -17.43980067418161184 ) ) ;
#8842 = CARTESIAN_POINT ( 'NONE',  ( -2.688633640535152747, -65.66976831866772102, 32.38934948795757407 ) ) ;
#8843 = DIRECTION ( 'NONE',  ( 7.232542356195667155E-15, -1.000000000000000000, 1.276710262284687461E-15 ) ) ;
#8844 = ORIENTED_EDGE ( 'NONE', *, *, #720, .F. ) ;
#8845 = FACE_OUTER_BOUND ( 'NONE', #5471, .T. ) ;
#8846 = CARTESIAN_POINT ( 'NONE',  ( -3.750439766751527237, -44.04437302449540681, -34.36538570834076012 ) ) ;
#8847 = CARTESIAN_POINT ( 'NONE',  ( -3.154459886939970037, -61.81637353328296314, 54.58495879190586209 ) ) ;
#8848 = ORIENTED_EDGE ( 'NONE', *, *, #7934, .T. ) ;
#8849 = VERTEX_POINT ( 'NONE', #265 ) ;
#8850 = DIRECTION ( 'NONE',  ( 0.0000000000000000000, 1.000000000000000000, 0.0000000000000000000 ) ) ;
#8851 = CIRCLE ( 'NONE', #7742, 0.5000000000000004441 ) ;
#8852 = CARTESIAN_POINT ( 'NONE',  ( -35.58510420268370211, -48.57596900952337649, 5.698222242932716064 ) ) ;
#8853 = CARTESIAN_POINT ( 'NONE',  ( 19.50182884383153947, 18.99999995389840279, 28.37565546491815383 ) ) ;
#8854 = EDGE_LOOP ( 'NONE', ( #3840 ) ) ;
#8855 = CYLINDRICAL_SURFACE ( 'NONE', #927, 32.49999999999998579 ) ;
#8856 = DIRECTION ( 'NONE',  ( 0.0000000000000000000, 0.0000000000000000000, -1.000000000000000000 ) ) ;
#8857 = EDGE_CURVE ( 'NONE', #2471, #2471, #9078, .T. ) ;
#8858 = CARTESIAN_POINT ( 'NONE',  ( 0.09121805290717811820, -66.75021509366708017, -32.50000959646068566 ) ) ;
#8859 = DIRECTION ( 'NONE',  ( 0.0000000000000000000, 0.0000000000000000000, 1.000000000000000000 ) ) ;
#8860 = LINE ( 'NONE', #8962, #2925 ) ;
#8861 = EDGE_CURVE ( 'NONE', #2944, #2130, #622, .T. ) ;
#8862 = CARTESIAN_POINT ( 'NONE',  ( -16.78756936566752245, -1.697360201109614287E-13, -31.84615384615385736 ) ) ;
#8863 = CARTESIAN_POINT ( 'NONE',  ( -4.841551653518722631, 15.53147312649031875, 35.67326361274532331 ) ) ;
#8864 = VERTEX_POINT ( 'NONE', #2207 ) ;
#8865 = DIRECTION ( 'NONE',  ( -1.179853483583515833E-15, -1.000000000000000000, -6.595581481956700558E-16 ) ) ;
#8866 = ORIENTED_EDGE ( 'NONE', *, *, #7281, .T. ) ;
#8867 = EDGE_CURVE ( 'NONE', #5324, #4128, #3151, .T. ) ;
#8868 = DIRECTION ( 'NONE',  ( -1.000000000000000000, -7.401486830834382195E-15, 0.0000000000000000000 ) ) ;
#8869 = CARTESIAN_POINT ( 'NONE',  ( 25.10000000000043130, -59.84999999999983089, -7.999999999999892530 ) ) ;
#8870 = FACE_BOUND ( 'NONE', #9154, .T. ) ;
#8871 = CARTESIAN_POINT ( 'NONE',  ( 10.00246348696039433, 21.47224460736225993, -34.58324328240252754 ) ) ;
#8872 = FACE_OUTER_BOUND ( 'NONE', #1219, .T. ) ;
#8873 = CARTESIAN_POINT ( 'NONE',  ( 22.90863653271581768, -40.39936321853462431, 27.77233112128019243 ) ) ;
#8874 = DIRECTION ( 'NONE',  ( 0.0000000000000000000, -1.000000000000000000, 0.0000000000000000000 ) ) ;
#8875 = CARTESIAN_POINT ( 'NONE',  ( 5.953636757328187201, -65.64361388591983371, 42.50000000000007816 ) ) ;
#8876 = VECTOR ( 'NONE', #3697, 1000.000000000000000 ) ;
#8877 = CARTESIAN_POINT ( 'NONE',  ( 2.508218427902259240, -57.84821300413145906, 54.48541334178238316 ) ) ;
#8878 = CARTESIAN_POINT ( 'NONE',  ( 14.20583023140385492, -40.92960043808917447, 33.16488341658075001 ) ) ;
#8879 = ORIENTED_EDGE ( 'NONE', *, *, #4909, .F. ) ;
#8880 = EDGE_CURVE ( 'NONE', #2303, #2533, #4457, .T. ) ;
#8881 = FACE_OUTER_BOUND ( 'NONE', #7508, .T. ) ;
#8882 = CC_DESIGN_PERSON_AND_ORGANIZATION_ASSIGNMENT ( #5018, #264, ( #8950 ) ) ;
#8883 = CARTESIAN_POINT ( 'NONE',  ( -16.78756936566725244, -39.00000000000014921, -31.84615384615380762 ) ) ;
#8884 = AXIS2_PLACEMENT_3D ( 'NONE', #210, #2356, #1566 ) ;
#8885 = CARTESIAN_POINT ( 'NONE',  ( -4.254901560544201544, -65.95426651137530882, 29.57014853130537091 ) ) ;
#8886 = DATE_TIME_ROLE ( 'classification_date' ) ;
#8887 = CARTESIAN_POINT ( 'NONE',  ( 8.301712290213577816, 21.99710958314555143, 35.03074431356605345 ) ) ;
#8888 = CARTESIAN_POINT ( 'NONE',  ( -5.098235920411864797, -60.42714845947860169, 63.05730577059244268 ) ) ;
#8889 = CARTESIAN_POINT ( 'NONE',  ( 26.82010143430584037, -32.98755518556787791, -17.07245950162851855 ) ) ;
#8890 = CARTESIAN_POINT ( 'NONE',  ( -5.198967349053204678, -55.63373041533755980, 32.00000000000008527 ) ) ;
#8891 = CARTESIAN_POINT ( 'NONE',  ( 29.78227820016197214, -40.58875517429500945, 12.77984212153432431 ) ) ;
#8892 = VECTOR ( 'NONE', #2992, 1000.000000000000000 ) ;
#8893 = CARTESIAN_POINT ( 'NONE',  ( -20.71543239020965643, 18.99999999999999289, 27.26192294023408635 ) ) ;
#8894 = CARTESIAN_POINT ( 'NONE',  ( -0.7314229525350978145, -53.89586200767249125, 52.49999999986002308 ) ) ;
#8895 = ORIENTED_EDGE ( 'NONE', *, *, #133, .T. ) ;
#8896 = LINE ( 'NONE', #3627, #9287 ) ;
#8897 = CARTESIAN_POINT ( 'NONE',  ( 0.0000000000000000000, 0.0000000000000000000, 0.0000000000000000000 ) ) ;
#8898 = CARTESIAN_POINT ( 'NONE',  ( -11.79697094170558280, -40.31343806411074837, -33.08490242988124663 ) ) ;
#8899 = CARTESIAN_POINT ( 'NONE',  ( -3.471109791377928300, -60.75206430760982101, 54.64519035163652916 ) ) ;
#8900 = ORIENTED_EDGE ( 'NONE', *, *, #825, .T. ) ;
#8901 = CARTESIAN_POINT ( 'NONE',  ( 7.619067628221910304, -58.33705786892490153, 30.36786714009772226 ) ) ;
#8902 = CARTESIAN_POINT ( 'NONE',  ( -33.29981548132924729, -52.21595776184013005, 13.68168511695854228 ) ) ;
#8903 = CARTESIAN_POINT ( 'NONE',  ( -34.82742970763597157, -47.79597489662940291, 9.381782985642891148 ) ) ;
#8904 = CARTESIAN_POINT ( 'NONE',  ( 5.500000000000004441, 4.250000000000000000, 19.50000000000000000 ) ) ;
#8905 = CARTESIAN_POINT ( 'NONE',  ( -13.05412187160989390, -45.90673688402385721, -33.54981459284795164 ) ) ;
#8906 = CARTESIAN_POINT ( 'NONE',  ( 21.39970888352652523, 18.99999996084913434, -26.49862403854207926 ) ) ;
#8907 = EDGE_CURVE ( 'NONE', #964, #5968, #9105, .T. ) ;
#8908 = FACE_OUTER_BOUND ( 'NONE', #6933, .T. ) ;
#8909 = CARTESIAN_POINT ( 'NONE',  ( 3.980814712676603538E-13, -60.29999999999996163, 34.50000000000007816 ) ) ;
#8910 = CARTESIAN_POINT ( 'NONE',  ( -14.19054479879299357, -44.91902149642703534, 33.08562584645790849 ) ) ;
#8911 = ORIENTED_EDGE ( 'NONE', *, *, #4684, .F. ) ;
#8912 = CARTESIAN_POINT ( 'NONE',  ( -3.999840451234955907, 18.26206964308511971, 35.77710547809418529 ) ) ;
#8913 = ORIENTED_EDGE ( 'NONE', *, *, #4197, .T. ) ;
#8914 = DIRECTION ( 'NONE',  ( 1.000000000000000000, -1.179853483583515833E-15, -1.541464314334046661E-32 ) ) ;
#8915 = VERTEX_POINT ( 'NONE', #6769 ) ;
#8916 = CARTESIAN_POINT ( 'NONE',  ( 17.75000000000013856, 18.98427115277907262, 29.87531814415223153 ) ) ;
#8917 = VERTEX_POINT ( 'NONE', #6610 ) ;
#8918 = CARTESIAN_POINT ( 'NONE',  ( 1.111607676148125057, -56.98115126493416938, 54.58845022186107343 ) ) ;
#8919 = CARTESIAN_POINT ( 'NONE',  ( 6.034951472282632956, 14.50614198392079857, -35.49124813759250685 ) ) ;
#8920 = DIRECTION ( 'NONE',  ( -0.0000000000000000000, -1.000000000000000000, -0.0000000000000000000 ) ) ;
#8921 = CARTESIAN_POINT ( 'NONE',  ( 31.34658545710885491, -50.54832837802814538, 17.70304782863388127 ) ) ;
#8922 = CARTESIAN_POINT ( 'NONE',  ( -35.99999999999965183, -39.00000000000031264, -43.00000000000000000 ) ) ;
#8923 = DIRECTION ( 'NONE',  ( -0.0000000000000000000, -0.0000000000000000000, -1.000000000000000000 ) ) ;
#8924 = CARTESIAN_POINT ( 'NONE',  ( 17.75000000000013500, 10.50000000000000178, -33.00000000000000000 ) ) ;
#8925 = CARTESIAN_POINT ( 'NONE',  ( 15.85346021786515003, -42.70917136445770268, 32.32187896526317417 ) ) ;
#8926 = ORIENTED_EDGE ( 'NONE', *, *, #8199, .T. ) ;
#8927 = EDGE_CURVE ( 'NONE', #7052, #9608, #705, .T. ) ;
#8928 = CARTESIAN_POINT ( 'NONE',  ( 7.214099183287310701, -48.65533536482435295, -35.28435939712966984 ) ) ;
#8929 = CARTESIAN_POINT ( 'NONE',  ( -24.29999999999953175, -67.30000000000016769, 15.50000000000005329 ) ) ;
#8930 = CARTESIAN_POINT ( 'NONE',  ( 5.601683768944180741, 21.21198829071322933, 35.56221065552435334 ) ) ;
#8931 = CARTESIAN_POINT ( 'NONE',  ( 0.09945171288548537714, -65.09226945090902916, 59.43171826863923712 ) ) ;
#8932 = CARTESIAN_POINT ( 'NONE',  ( 29.18670469988933647, -39.72820181689705521, -21.98744187070330369 ) ) ;
#8933 = CARTESIAN_POINT ( 'NONE',  ( 2.936821730267779262, -66.03786610142820734, 52.49999999978224707 ) ) ;
#8934 = ADVANCED_FACE ( 'NONE', ( #8523 ), #9219, .T. ) ;
#8935 = CARTESIAN_POINT ( 'NONE',  ( 27.23612058699542970, -34.53971178906859762, 16.60850873420132245 ) ) ;
#8936 = AXIS2_PLACEMENT_3D ( 'NONE', #6056, #8521, #4704 ) ;
#8937 = CARTESIAN_POINT ( 'NONE',  ( -19.88798483457777877, 18.99999989348663121, 28.05459689629370246 ) ) ;
#8938 = DIRECTION ( 'NONE',  ( 0.0000000000000000000, 0.0000000000000000000, 1.000000000000000000 ) ) ;
#8939 = AXIS2_PLACEMENT_3D ( 'NONE', #3335, #9459, #2590 ) ;
#8940 = ORIENTED_EDGE ( 'NONE', *, *, #8992, .F. ) ;
#8941 = DIRECTION ( 'NONE',  ( 0.0000000000000000000, 1.000000000000000000, 0.0000000000000000000 ) ) ;
#8942 = APPROVAL_ROLE ( '' ) ;
#8943 = LOCAL_TIME ( 17, 37, 41.00000000000000000, #9838 ) ;
#8944 = CARTESIAN_POINT ( 'NONE',  ( -10.43901011682503643, -41.84654162296300228, -33.40880119130370218 ) ) ;
#8945 = AXIS2_PLACEMENT_3D ( 'NONE', #7073, #8740, #4015 ) ;
#8946 = DIRECTION ( 'NONE',  ( 0.0000000000000000000, -0.0000000000000000000, 1.000000000000000000 ) ) ;
#8947 = AXIS2_PLACEMENT_3D ( 'NONE', #6870, #6164, #9225 ) ;
#8948 = ORIENTED_EDGE ( 'NONE', *, *, #4559, .T. ) ;
#8949 = EDGE_LOOP ( 'NONE', ( #6913 ) ) ;
#8950 = SECURITY_CLASSIFICATION ( '', '', #5810 ) ;
#8951 = CIRCLE ( 'NONE', #9429, 4.000000000000000000 ) ;
#8952 = CIRCLE ( 'NONE', #7023, 4.000000000000000000 ) ;
#8953 = CARTESIAN_POINT ( 'NONE',  ( -35.37528712430390243, -53.82729668851469995, 6.677841918658831588 ) ) ;
#8954 = CARTESIAN_POINT ( 'NONE',  ( -35.34583427224020369, -53.80698064556460025, 6.961579284767172915 ) ) ;
#8955 = CARTESIAN_POINT ( 'NONE',  ( 18.79208535830529669, 18.99999997954282449, 28.91306897599343628 ) ) ;
#8956 = AXIS2_PLACEMENT_3D ( 'NONE', #9422, #303, #1703 ) ;
#8957 = CARTESIAN_POINT ( 'NONE',  ( -13.46278796189515248, -45.58112082394652731, -33.38805393414280331 ) ) ;
#8958 = CARTESIAN_POINT ( 'NONE',  ( 18.07142857142868309, 17.50000000000000711, 29.38832198999721257 ) ) ;
#8959 = CARTESIAN_POINT ( 'NONE',  ( 6.058300795179666132, -65.73755381353319649, 32.00000000000008527 ) ) ;
#8960 = CARTESIAN_POINT ( 'NONE',  ( -10.01185196377353392, -60.23249842537005350, 34.57981044614425770 ) ) ;
#8961 = VECTOR ( 'NONE', #1300, 1000.000000000000000 ) ;
#8962 = CARTESIAN_POINT ( 'NONE',  ( -11.09999999999892317, -44.29999999999993321, 32.10000000000003695 ) ) ;
#8963 = VERTEX_POINT ( 'NONE', #5360 ) ;
#8964 = CARTESIAN_POINT ( 'NONE',  ( -4.416492962705983238, 16.20306240412230636, 35.72821520789733540 ) ) ;
#8965 = VERTEX_POINT ( 'NONE', #8332 ) ;
#8966 = DIRECTION ( 'NONE',  ( 1.121728233723739362E-14, -1.000000000000000000, 2.729298268870191747E-14 ) ) ;
#8967 = ORIENTED_EDGE ( 'NONE', *, *, #1008, .T. ) ;
#8968 = CARTESIAN_POINT ( 'NONE',  ( 30.00000000000036593, -56.49999999999978684, 7.213412981908484146E-14 ) ) ;
#8969 = ORIENTED_EDGE ( 'NONE', *, *, #4071, .T. ) ;
#8970 = PLANE ( 'NONE',  #1909 ) ;
#8971 = CARTESIAN_POINT ( 'NONE',  ( 6.031782921666976272, 21.49211834316649217, -35.49178893808718271 ) ) ;
#8972 = CLOSED_SHELL ( 'NONE', ( #6814, #7882, #7873, #1526, #1255, #827, #5408, #6788, #529, #9333, #1454, #5596, #2424, #8558, #7137, #8797, #1677, #7185, #2776, #4801, #6073, #9543, #4992, #1577, #101, #1344, #5239, #416, #2063, #9796, #5490, #8425, #2620, #4273, #1010, #1735, #924, #5417 ) ) ;
#8973 = CARTESIAN_POINT ( 'NONE',  ( 23.66343590843132461, -41.66154818219502687, 27.13805106856348104 ) ) ;
#8974 = CARTESIAN_POINT ( 'NONE',  ( 26.39828732000241374, -31.09015010304421267, 25.78021408928650260 ) ) ;
#8975 = CARTESIAN_POINT ( 'NONE',  ( 3.051237364876247860, -58.58441575089877063, 54.42678055857309971 ) ) ;
#8976 = EDGE_CURVE ( 'NONE', #1058, #7717, #1428, .T. ) ;
#8977 = VECTOR ( 'NONE', #8642, 1000.000000000000000 ) ;
#8978 = FACE_OUTER_BOUND ( 'NONE', #3415, .T. ) ;
#8979 = VERTEX_POINT ( 'NONE', #7059 ) ;
#8980 = EDGE_CURVE ( 'NONE', #7390, #5480, #2500, .T. ) ;
#8981 = CARTESIAN_POINT ( 'NONE',  ( 5.715171228434907214, -48.98936557879912357, -35.54706920552943217 ) ) ;
#8982 = CARTESIAN_POINT ( 'NONE',  ( 18.07142857142855163, 19.00000000000001066, -29.38832198999700651 ) ) ;
#8983 = COORDINATED_UNIVERSAL_TIME_OFFSET ( 8, 0, .AHEAD. ) ;
#8984 = CARTESIAN_POINT ( 'NONE',  ( 8.558782058279495786, 21.96906378033330753, 34.96876142044743574 ) ) ;
#8985 = CARTESIAN_POINT ( 'NONE',  ( 2.820278830571031570, -67.53431456717464698, 53.51491454835499439 ) ) ;
#8986 = VECTOR ( 'NONE', #9831, 1000.000000000000000 ) ;
#8987 = EDGE_CURVE ( 'NONE', #1930, #7122, #3353, .T. ) ;
#8988 = CARTESIAN_POINT ( 'NONE',  ( 31.10269690174303037, -43.06438399518459192, -18.79660381467437702 ) ) ;
#8989 = CARTESIAN_POINT ( 'NONE',  ( -5.296281664734134864, -63.97385626830826055, 52.49999999997102407 ) ) ;
#8990 = EDGE_CURVE ( 'NONE', #3544, #7095, #4709, .T. ) ;
#8991 = CARTESIAN_POINT ( 'NONE',  ( 30.78311689566764642, -42.25271913287141956, 10.52539734596038556 ) ) ;
#8992 = EDGE_CURVE ( 'NONE', #5842, #212, #2453, .T. ) ;
#8993 = CARTESIAN_POINT ( 'NONE',  ( -20.69984810155283839, 18.99999999999561595, 27.27806268454038374 ) ) ;
#8994 = CARTESIAN_POINT ( 'NONE',  ( -1.499999999999993117, 18.50000000000000000, 32.50000000000000000 ) ) ;
#8995 = AXIS2_PLACEMENT_3D ( 'NONE', #6910, #3095, #1605 ) ;
#8996 = ORIENTED_EDGE ( 'NONE', *, *, #2915, .T. ) ;
#8997 = EDGE_CURVE ( 'NONE', #7888, #7888, #7669, .T. ) ;
#8998 = LINE ( 'NONE', #5770, #4962 ) ;
#8999 = COORDINATED_UNIVERSAL_TIME_OFFSET ( 8, 0, .AHEAD. ) ;
#9000 = CARTESIAN_POINT ( 'NONE',  ( 9.505899677259982639, -42.43189142176262152, -33.60250595556547637 ) ) ;
#9001 = EDGE_LOOP ( 'NONE', ( #5644, #3731, #6525, #6514 ) ) ;
#9002 = EDGE_LOOP ( 'NONE', ( #6321 ) ) ;
#9003 = CARTESIAN_POINT ( 'NONE',  ( -20.89474504865577487, -36.28745295858638542, 29.31676148471666110 ) ) ;
#9004 = CARTESIAN_POINT ( 'NONE',  ( -30.60664350195280292, -42.26620159781554520, 19.66987484118930141 ) ) ;
#9005 = CARTESIAN_POINT ( 'NONE',  ( 18.82351910628521452, 18.99999997707012156, 28.89081822876608285 ) ) ;
#9006 = CARTESIAN_POINT ( 'NONE',  ( -12.66773551055512748, -46.19906452337750125, -33.69957132143932199 ) ) ;
#9007 = CARTESIAN_POINT ( 'NONE',  ( 23.18280780765164195, 18.99999997411759622, -23.70547898928546360 ) ) ;
#9008 = DIRECTION ( 'NONE',  ( 0.0000000000000000000, 0.0000000000000000000, 1.000000000000000000 ) ) ;
#9009 = CARTESIAN_POINT ( 'NONE',  ( -9.073888662842183095, -64.51007849230370539, 34.83783533547515532 ) ) ;
#9010 = CARTESIAN_POINT ( 'NONE',  ( 27.99503029237218854, -47.24443670470801493, -22.63358309222194009 ) ) ;
#9011 = EDGE_LOOP ( 'NONE', ( #738 ) ) ;
#9012 = CARTESIAN_POINT ( 'NONE',  ( -24.49999999999980815, 19.00000000000001066, 33.00000000000000000 ) ) ;
#9013 = ORIENTED_EDGE ( 'NONE', *, *, #9231, .F. ) ;
#9014 = CARTESIAN_POINT ( 'NONE',  ( -26.29507678170315899, -30.33457476929801544, -17.60994643259716597 ) ) ;
#9015 = FACE_OUTER_BOUND ( 'NONE', #2417, .T. ) ;
#9016 = ORIENTED_EDGE ( 'NONE', *, *, #7126, .F. ) ;
#9017 = DIRECTION ( 'NONE',  ( 0.0000000000000000000, 0.0000000000000000000, -1.000000000000000000 ) ) ;
#9018 = EDGE_LOOP ( 'NONE', ( #7707 ) ) ;
#9019 = CARTESIAN_POINT ( 'NONE',  ( -8.000000000000000000, 18.00000000000001421, 33.00000000000000000 ) ) ;
#9020 = DIRECTION ( 'NONE',  ( -0.0000000000000000000, -1.000000000000000000, -0.0000000000000000000 ) ) ;
#9021 = CARTESIAN_POINT ( 'NONE',  ( 0.0000000000000000000, 5.000000000000000888, 0.0000000000000000000 ) ) ;
#9022 = CARTESIAN_POINT ( 'NONE',  ( 21.76636584383608763, -38.24154286172548467, 28.67447703899727074 ) ) ;
#9023 = DIRECTION ( 'NONE',  ( 0.0000000000000000000, -1.000000000000000000, 1.276710262284678586E-15 ) ) ;
#9024 = APPLICATION_CONTEXT ( 'configuration controlled 3d designs of mechanical parts and assemblies' ) ;
#9025 = CARTESIAN_POINT ( 'NONE',  ( 10.74986176491842116, -47.32234620404462078, 34.35754156036944096 ) ) ;
#9026 = CARTESIAN_POINT ( 'NONE',  ( 12.57596356800737958, -43.17826971031553285, 33.79905496365071116 ) ) ;
#9027 = ORIENTED_EDGE ( 'NONE', *, *, #4381, .F. ) ;
#9028 = CARTESIAN_POINT ( 'NONE',  ( 3.760036628675813120, -44.04316993364597721, -34.36468242564669850 ) ) ;
#9029 = DIRECTION ( 'NONE',  ( 7.232542356195667155E-15, -1.000000000000000000, 1.276710262284686278E-15 ) ) ;
#9030 = AXIS2_PLACEMENT_3D ( 'NONE', #7507, #6843, #5156 ) ;
#9031 = CARTESIAN_POINT ( 'NONE',  ( 11.87081513982342429, 19.04286680805390120, 33.98656773060775294 ) ) ;
#9032 = CARTESIAN_POINT ( 'NONE',  ( 6.643809403537454195, -61.56006212503842079, 52.83718613632709804 ) ) ;
#9033 = CARTESIAN_POINT ( 'NONE',  ( 22.03850708998310992, -38.81486296300104044, -28.46957056422761312 ) ) ;
#9034 = CARTESIAN_POINT ( 'NONE',  ( -3.666015636459253102, -65.60171681493824281, 52.49999999994012967 ) ) ;
#9035 = AXIS2_PLACEMENT_3D ( 'NONE', #7406, #5882, #1294 ) ;
#9036 = CARTESIAN_POINT ( 'NONE',  ( 30.11859273477223908, -41.17244376713394161, -12.08313474198768667 ) ) ;
#9037 = AXIS2_PLACEMENT_3D ( 'NONE', #5025, #8843, #1968 ) ;
#9038 = CARTESIAN_POINT ( 'NONE',  ( -23.18525544007159667, 18.99999997368783511, 23.70035443695967814 ) ) ;
#9039 = CARTESIAN_POINT ( 'NONE',  ( 6.229340388867913525, -61.76810023817371587, 52.50000000000008527 ) ) ;
#9040 = EDGE_CURVE ( 'NONE', #271, #271, #626, .T. ) ;
#9041 = ORIENTED_EDGE ( 'NONE', *, *, #6258, .F. ) ;
#9042 = LINE ( 'NONE', #7391, #646 ) ;
#9043 = PERSON_AND_ORGANIZATION ( #7395, #7661 ) ;
#9044 = CARTESIAN_POINT ( 'NONE',  ( -25.99999999999986855, 19.00000000000001066, -31.50000000000000000 ) ) ;
#9045 = VECTOR ( 'NONE', #304, 1000.000000000000000 ) ;
#9046 = VERTEX_POINT ( 'NONE', #153 ) ;
#9047 = ORIENTED_EDGE ( 'NONE', *, *, #5197, .T. ) ;
#9048 = CARTESIAN_POINT ( 'NONE',  ( -33.44610800227393810, -52.33467013889129049, 13.32203637778038541 ) ) ;
#9049 = ADVANCED_FACE ( 'NONE', ( #7156 ), #5502, .T. ) ;
#9050 = CARTESIAN_POINT ( 'NONE',  ( -30.78311689566687548, -42.25271913287167536, -10.52539734596130572 ) ) ;
#9051 = CARTESIAN_POINT ( 'NONE',  ( 21.19605896137386836, 18.99999996848446315, 26.73840248073972248 ) ) ;
#9052 = CARTESIAN_POINT ( 'NONE',  ( 4.406967629357565919, -49.21441286642780710, -35.72998301293831958 ) ) ;
#9053 = CARTESIAN_POINT ( 'NONE',  ( 23.87941585850178328, 18.99999996848446315, -21.93826773681931996 ) ) ;
#9054 = DIRECTION ( 'NONE',  ( -3.491564676272315652E-12, 0.0000000000000000000, 1.000000000000000000 ) ) ;
#9055 = DIRECTION ( 'NONE',  ( -0.0000000000000000000, -0.0000000000000000000, -1.000000000000000000 ) ) ;
#9056 = CARTESIAN_POINT ( 'NONE',  ( 18.92133227813878094, -28.12436618495607021, -30.62688050890319147 ) ) ;
#9057 = ORIENTED_EDGE ( 'NONE', *, *, #8134, .T. ) ;
#9058 = ADVANCED_FACE ( 'NONE', ( #5604, #4900 ), #5699, .F. ) ;
#9059 = ORIENTED_EDGE ( 'NONE', *, *, #6154, .F. ) ;
#9060 = CARTESIAN_POINT ( 'NONE',  ( -18.85714285725746109, -27.64527539155239566, -30.66607511992647161 ) ) ;
#9061 = DIRECTION ( 'NONE',  ( 0.2063608743195329276, 0.9784759524638702022, -0.0000000000000000000 ) ) ;
#9062 = ORIENTED_EDGE ( 'NONE', *, *, #7517, .T. ) ;
#9063 = LINE ( 'NONE', #2099, #949 ) ;
#9064 = EDGE_LOOP ( 'NONE', ( #3615 ) ) ;
#9065 = DIRECTION ( 'NONE',  ( 7.232542356195668733E-15, -1.000000000000000000, 0.0000000000000000000 ) ) ;
#9066 = DIRECTION ( 'NONE',  ( -0.0000000000000000000, -0.0000000000000000000, -1.000000000000000000 ) ) ;
#9067 = DIRECTION ( 'NONE',  ( -0.0000000000000000000, -0.0000000000000000000, -1.000000000000000000 ) ) ;
#9068 = DIRECTION ( 'NONE',  ( 7.232542356195667155E-15, -1.000000000000000000, 1.276710262284687461E-15 ) ) ;
#9069 = CARTESIAN_POINT ( 'NONE',  ( -12.12435565298201112, -1.734723475976807094E-15, 32.79999999999999716 ) ) ;
#9070 = CARTESIAN_POINT ( 'NONE',  ( 4.171468047538410495, -49.25259497016938326, 35.76121057587316443 ) ) ;
#9071 = ORIENTED_EDGE ( 'NONE', *, *, #6937, .T. ) ;
#9072 = CARTESIAN_POINT ( 'NONE',  ( -0.9140170864056208488, -46.67872820734632455, -35.99150397879478902 ) ) ;
#9073 = DIRECTION ( 'NONE',  ( 0.0000000000000000000, 0.0000000000000000000, 1.000000000000000000 ) ) ;
#9074 = DIRECTION ( 'NONE',  ( 0.0000000000000000000, 0.0000000000000000000, -1.000000000000000000 ) ) ;
#9075 = CARTESIAN_POINT ( 'NONE',  ( 18.42175990098755989, 23.00000000000000000, 30.92957746478874270 ) ) ;
#9076 = CARTESIAN_POINT ( 'NONE',  ( 32.50581864889105077, -44.65566661390766257, -3.277133078629330232 ) ) ;
#9077 = CARTESIAN_POINT ( 'NONE',  ( 3.607508393629358157, -65.64171605867551307, 52.49999999975862863 ) ) ;
#9078 = B_SPLINE_CURVE_WITH_KNOTS ( 'NONE', 3,
 ( #6368, #3309, #8279, #2809, #5811, #4262, #1262, #9730, #3619, #8132, #8930, #9584, #2716, #5859, #1964, #8839, #8083, #8887, #8984, #3667, #9782, #2010, #4463, #5065, #5170, #8233, #514, #3572, #1212, #415, #9031, #7324, #2061, #2160, #2859, #5763, #5959, #5019, #608, #462, #3520, #5213, #5118, #6723, #8186, #6573, #4316, #9638, #3466, #1410, #1318, #2760, #6516, #4369, #5910, #6624, #7379, #9682, #7427, #563, #6671, #2910, #2114, #1364, #4417, #7474 ),
 .UNSPECIFIED., .T., .F.,
 ( 4, 2, 2, 2, 2, 2, 2, 2, 2, 2, 2, 2, 2, 2, 2, 2, 2, 2, 2, 2, 2, 2, 2, 2, 2, 2, 2, 2, 2, 2, 2, 2, 4 ),
 ( 0.0000000000000000000, 0.0007990023704810841161, 0.001598004740962168232, 0.002397007111443252240, 0.003196009481924336464, 0.003995011852405421122, 0.004794014222886504480, 0.005593016593367588704, 0.006392018963848672929, 0.007191021334329759755, 0.007990023704810847449, 0.008789026075291934276, 0.009588028445773021102, 0.01038703081625410793, 0.01118603318673519476, 0.01198503555721628332, 0.01278403792769736841, 0.01358304029817846911, 0.01438204266865956461, 0.01518104503914066358, 0.01598004740962176429, 0.01677904978010286499, 0.01757805215058396570, 0.01837705452106506987, 0.01917605689154616710, 0.01997505926202727128, 0.02077406163250837198, 0.02157306400298947616, 0.02237206637347057339, 0.02317106874395167757, 0.02397007111443278521, 0.02476907348491388591, 0.02556807585539499356 ),
 .UNSPECIFIED. ) ;
#9079 = CARTESIAN_POINT ( 'NONE',  ( -24.05368578682125857, 19.00000000073248430, -21.33419981830198253 ) ) ;
#9080 = CARTESIAN_POINT ( 'NONE',  ( -22.76819496213863658, 18.99999999992060751, 24.50369174782582604 ) ) ;
#9081 = DIRECTION ( 'NONE',  ( 0.0000000000000000000, 0.0000000000000000000, 1.000000000000000000 ) ) ;
#9082 = VERTEX_POINT ( 'NONE', #3201 ) ;
#9083 = CARTESIAN_POINT ( 'NONE',  ( -30.22960059860352544, -41.36513028261627767, -11.85322599914184849 ) ) ;
#9084 = DATE_AND_TIME ( #4524, #4765 ) ;
#9085 = CARTESIAN_POINT ( 'NONE',  ( 0.1100880894869933346, -63.54974004629962536, -36.00001263660392681 ) ) ;
#9086 = AXIS2_PLACEMENT_3D ( 'NONE', #1464, #5261, #4511 ) ;
#9087 = DIRECTION ( 'NONE',  ( 1.000000000000000000, 0.0000000000000000000, 0.0000000000000000000 ) ) ;
#9088 = EDGE_CURVE ( 'NONE', #4632, #4632, #1590, .T. ) ;
#9089 = EDGE_LOOP ( 'NONE', ( #9452, #3884, #8287, #1819 ) ) ;
#9090 = DIRECTION ( 'NONE',  ( 0.0000000000000000000, 0.0000000000000000000, 1.000000000000000000 ) ) ;
#9091 = AXIS2_PLACEMENT_3D ( 'NONE', #7403, #8856, #3592 ) ;
#9092 = CC_DESIGN_SECURITY_CLASSIFICATION ( #8144, ( #1096 ) ) ;
#9093 = CARTESIAN_POINT ( 'NONE',  ( -22.17448437654169524, -39.08722294265447772, 28.36519176429948885 ) ) ;
#9094 = CARTESIAN_POINT ( 'NONE',  ( -34.95648777383142658, -47.93200813153730877, -8.858954331011307914 ) ) ;
#9095 = ORIENTED_EDGE ( 'NONE', *, *, #7062, .T. ) ;
#9096 = CARTESIAN_POINT ( 'NONE',  ( 6.061990471202571840, -54.70403971359209550, 34.50000000000007816 ) ) ;
#9097 = CARTESIAN_POINT ( 'NONE',  ( 5.097033906054093677E-13, -66.95000000000003126, -34.99999999999992184 ) ) ;
#9098 = CARTESIAN_POINT ( 'NONE',  ( -9.930255448028047383, -47.70598467619722527, -34.60606180630649220 ) ) ;
#9099 = CARTESIAN_POINT ( 'NONE',  ( 23.18525543992479498, 18.99999997368784577, -23.70035443726002100 ) ) ;
#9100 = DIRECTION ( 'NONE',  ( 1.000000000000000000, 0.0000000000000000000, -0.0000000000000000000 ) ) ;
#9101 = VECTOR ( 'NONE', #6374, 1000.000000000000000 ) ;
#9102 = CARTESIAN_POINT ( 'NONE',  ( -8.012985346836551059, -54.29775992868911771, 35.09832041683107207 ) ) ;
#9103 = CARTESIAN_POINT ( 'NONE',  ( 25.80759901401753353, -44.68300546336703150, -25.11261449955651059 ) ) ;
#9104 = ADVANCED_FACE ( 'NONE', ( #302 ), #6411, .F. ) ;
#9105 = CIRCLE ( 'NONE', #7964, 1.500000000000001332 ) ;
#9106 = ORIENTED_EDGE ( 'NONE', *, *, #1392, .F. ) ;
#9107 = VERTEX_POINT ( 'NONE', #9473 ) ;
#9108 = CARTESIAN_POINT ( 'NONE',  ( -26.47023969072010985, -31.39978488200148732, -17.44033741205586097 ) ) ;
#9109 = CIRCLE ( 'NONE', #314, 1.649999999999998579 ) ;
#9110 = CARTESIAN_POINT ( 'NONE',  ( -6.481613883376105001, -43.86714627744708395, 51.00000000000006395 ) ) ;
#9111 = EDGE_LOOP ( 'NONE', ( #5244, #657, #2977, #7732 ) ) ;
#9112 = DIRECTION ( 'NONE',  ( 0.0000000000000000000, 1.000000000000000000, 0.0000000000000000000 ) ) ;
#9113 = ORIENTED_EDGE ( 'NONE', *, *, #725, .F. ) ;
#9114 = CARTESIAN_POINT ( 'NONE',  ( 1.486253840863496656, -57.12297452711174373, 54.56457012362068326 ) ) ;
#9115 = AXIS2_PLACEMENT_3D ( 'NONE', #1950, #1800, #4852 ) ;
#9116 = EDGE_CURVE ( 'NONE', #8441, #8441, #8951, .T. ) ;
#9117 = CARTESIAN_POINT ( 'NONE',  ( 7.877239002199405427, -62.75185760235677179, 37.50000000000008527 ) ) ;
#9118 = CARTESIAN_POINT ( 'NONE',  ( 18.85714285714301042, -25.99999999999981526, 30.66607511999715285 ) ) ;
#9119 = CARTESIAN_POINT ( 'NONE',  ( -5.621937991987000061, -57.24153509958645714, 52.49999999984189003 ) ) ;
#9120 = VECTOR ( 'NONE', #4420, 1000.000000000000000 ) ;
#9121 = CARTESIAN_POINT ( 'NONE',  ( 14.94951792506074817, -44.06592424773167949, 32.74922924273204927 ) ) ;
#9122 = CARTESIAN_POINT ( 'NONE',  ( 1.892672535245512266, -44.21408635896555239, 34.46687043013474039 ) ) ;
#9123 = VERTEX_POINT ( 'NONE', #5547 ) ;
#9124 = AXIS2_PLACEMENT_3D ( 'NONE', #1195, #4245, #8868 ) ;
#9125 = CARTESIAN_POINT ( 'NONE',  ( 5.206204562772922095, -49.08633986720295894, -35.62527440962969649 ) ) ;
#9126 = CARTESIAN_POINT ( 'NONE',  ( 6.000000000000398792, -60.29999999999996163, 34.50000000000007816 ) ) ;
#9127 = CARTESIAN_POINT ( 'NONE',  ( -3.023174873247310934, -44.12527087482587973, 34.41315709650950083 ) ) ;
#9128 = CARTESIAN_POINT ( 'NONE',  ( 2.727351313776359198, -58.04489304685908735, 56.62433202112894293 ) ) ;
#9129 = AXIS2_PLACEMENT_3D ( 'NONE', #5221, #4329, #3580 ) ;
#9130 = CARTESIAN_POINT ( 'NONE',  ( 33.49570922444346621, -46.30040626133645532, -13.62783145530755213 ) ) ;
#9131 = DIRECTION ( 'NONE',  ( -7.232542356195667155E-15, 1.000000000000000000, -1.276710262284687461E-15 ) ) ;
#9132 = CIRCLE ( 'NONE', #8643, 8.750000000000001776 ) ;
#9133 = CARTESIAN_POINT ( 'NONE',  ( -24.31541519581207922, 18.99999989348665252, -20.13456869357452206 ) ) ;
#9134 = DIRECTION ( 'NONE',  ( 0.0000000000000000000, 1.000000000000000000, 0.0000000000000000000 ) ) ;
#9135 = ORIENTED_EDGE ( 'NONE', *, *, #9908, .F. ) ;
#9136 = AXIS2_PLACEMENT_3D ( 'NONE', #3510, #8776, #3613 ) ;
#9137 = APPLICATION_PROTOCOL_DEFINITION ( 'international standard', 'config_control_design', 1994, #7614 ) ;
#9138 = CARTESIAN_POINT ( 'NONE',  ( 0.8743607491780891472, -63.77980447486154958, -35.98950558697976732 ) ) ;
#9139 = DIRECTION ( 'NONE',  ( 0.0000000000000000000, 0.0000000000000000000, 1.000000000000000000 ) ) ;
#9140 = ORIENTED_EDGE ( 'NONE', *, *, #2596, .T. ) ;
#9141 = AXIS2_PLACEMENT_3D ( 'NONE', #7098, #5533, #1645 ) ;
#9142 = ORIENTED_EDGE ( 'NONE', *, *, #3894, .T. ) ;
#9143 = CARTESIAN_POINT ( 'NONE',  ( -33.65366229280937915, -46.48388833413891064, -13.17895660336686880 ) ) ;
#9144 = ORIENTED_EDGE ( 'NONE', *, *, #8057, .T. ) ;
#9145 = FACE_OUTER_BOUND ( 'NONE', #9002, .T. ) ;
#9146 = VERTEX_POINT ( 'NONE', #7365 ) ;
#9147 = CARTESIAN_POINT ( 'NONE',  ( 15.91925181927302368, -42.56959502036380627, -32.28914605993869458 ) ) ;
#9148 = CARTESIAN_POINT ( 'NONE',  ( 23.52473702174914649, 18.99999992371375512, -22.92778387006781315 ) ) ;
#9149 = LINE ( 'NONE', #9705, #8028 ) ;
#9150 = CARTESIAN_POINT ( 'NONE',  ( 2.291429516127649002, -57.65363676669994675, 54.01220438588935480 ) ) ;
#9151 = CARTESIAN_POINT ( 'NONE',  ( 21.71555900252727511, -38.13620733819309550, -28.71297285230719964 ) ) ;
#9152 = EDGE_CURVE ( 'NONE', #4429, #3131, #8442, .T. ) ;
#9153 = EDGE_LOOP ( 'NONE', ( #2363 ) ) ;
#9154 = EDGE_LOOP ( 'NONE', ( #5368, #6481, #3631, #1545 ) ) ;
#9155 = CARTESIAN_POINT ( 'NONE',  ( -26.81843850624317938, -32.98051387506377097, -17.07423756539246540 ) ) ;
#9156 = FACE_OUTER_BOUND ( 'NONE', #1076, .T. ) ;
#9157 = EDGE_LOOP ( 'NONE', ( #4401, #9515, #4817, #9170 ) ) ;
#9158 = CARTESIAN_POINT ( 'NONE',  ( -4.999999999999994671, 4.749999999999998224, 19.50000000000000000 ) ) ;
#9159 = ORIENTED_EDGE ( 'NONE', *, *, #4197, .F. ) ;
#9160 = EDGE_CURVE ( 'NONE', #218, #3257, #2540, .T. ) ;
#9161 = EDGE_CURVE ( 'NONE', #5310, #8429, #8152, .T. ) ;
#9162 = CARTESIAN_POINT ( 'NONE',  ( -25.79999999999985860, 18.24833147735477823, -17.88854381999833265 ) ) ;
#9163 = CARTESIAN_POINT ( 'NONE',  ( 12.12435565298225448, -1.734723475976807094E-15, 32.79999999999999716 ) ) ;
#9164 = DIRECTION ( 'NONE',  ( -0.0000000000000000000, 1.000000000000000000, 0.0000000000000000000 ) ) ;
#9165 = FACE_OUTER_BOUND ( 'NONE', #4928, .T. ) ;
#9166 = CARTESIAN_POINT ( 'NONE',  ( 1.398661582160184945E-16, 23.00000000000000000, -32.50000000000000000 ) ) ;
#9167 = CARTESIAN_POINT ( 'NONE',  ( 4.528191703025282067, -46.36873333370488837, 35.72313347313203025 ) ) ;
#9168 = ORIENTED_EDGE ( 'NONE', *, *, #2865, .F. ) ;
#9169 = ADVANCED_FACE ( 'NONE', ( #5982 ), #6746, .F. ) ;
#9170 = ORIENTED_EDGE ( 'NONE', *, *, #6776, .T. ) ;
#9171 = CARTESIAN_POINT ( 'NONE',  ( 0.2153299411080277226, -63.79338512531703032, 54.33091897614246335 ) ) ;
#9172 = APPROVAL ( #8390, '未指定' ) ;
#9173 = DIRECTION ( 'NONE',  ( 7.232542356195667155E-15, -1.000000000000000000, 1.276710262284686278E-15 ) ) ;
#9174 = VECTOR ( 'NONE', #1355, 999.9999999999998863 ) ;
#9175 = DIRECTION ( 'NONE',  ( 0.3105242167240742091, -0.9505654689856454231, 0.0000000000000000000 ) ) ;
#9176 = CARTESIAN_POINT ( 'NONE',  ( 2.362063548253429346, -57.71703347870479917, 54.73550037409258096 ) ) ;
#9177 = CARTESIAN_POINT ( 'NONE',  ( 18.16590212458494946, 5.000000000000000888, 30.00000000000000000 ) ) ;
#9178 = CARTESIAN_POINT ( 'NONE',  ( 35.89373413916217714, -48.87824329399886381, -2.892546295771378784 ) ) ;
#9179 = LINE ( 'NONE', #2961, #8986 ) ;
#9180 = CARTESIAN_POINT ( 'NONE',  ( -24.39396937878468563, 18.99999993814877186, 19.58064901356698684 ) ) ;
#9181 = CARTESIAN_POINT ( 'NONE',  ( -24.27462777692664986, -42.56858428097761760, -26.58576547718212169 ) ) ;
#9182 = CARTESIAN_POINT ( 'NONE',  ( -3.285829917790187960, -52.73258156625702497, 34.50000000000007816 ) ) ;
#9183 = CIRCLE ( 'NONE', #3421, 8.750000000000001776 ) ;
#9184 = ORIENTED_EDGE ( 'NONE', *, *, #9040, .T. ) ;
#9185 = APPLICATION_PROTOCOL_DEFINITION ( 'international standard', 'config_control_design', 1994, #1280 ) ;
#9186 = CARTESIAN_POINT ( 'NONE',  ( -0.7719099316734235883, -66.87475149813552378, -35.99188016552217562 ) ) ;
#9187 = FACE_OUTER_BOUND ( 'NONE', #6263, .T. ) ;
#9188 = AXIS2_PLACEMENT_3D ( 'NONE', #25, #2122, #6011 ) ;
#9189 = ORIENTED_EDGE ( 'NONE', *, *, #533, .T. ) ;
#9190 = ORIENTED_EDGE ( 'NONE', *, *, #9701, .F. ) ;
#9191 = CARTESIAN_POINT ( 'NONE',  ( -35.94908242895898098, -48.93222316959254670, -2.272321020191628627 ) ) ;
#9192 = DIRECTION ( 'NONE',  ( 1.000000000000000000, -4.081702296416016490E-16, 0.0000000000000000000 ) ) ;
#9193 = VERTEX_POINT ( 'NONE', #2794 ) ;
#9194 = CIRCLE ( 'NONE', #4551, 6.500000000008498979 ) ;
#9195 = CARTESIAN_POINT ( 'NONE',  ( 13.71043016881052168, -45.37952169199330399, -33.28881046146915423 ) ) ;
#9196 = CARTESIAN_POINT ( 'NONE',  ( -4.418576230153619555, 19.80084578165078568, -35.72795684817545947 ) ) ;
#9197 = CARTESIAN_POINT ( 'NONE',  ( -3.371448634075953521, -50.87270351272783842, 35.84487548015282243 ) ) ;
#9198 = CARTESIAN_POINT ( 'NONE',  ( -2.562254977530439071, -53.29727158767507689, 57.33359642280355928 ) ) ;
#9199 = CARTESIAN_POINT ( 'NONE',  ( 27.81689975933522163, -47.04959373056357208, -22.85262012469078741 ) ) ;
#9200 = ORIENTED_EDGE ( 'NONE', *, *, #8493, .T. ) ;
#9201 = ORIENTED_EDGE ( 'NONE', *, *, #3897, .F. ) ;
#9202 = CARTESIAN_POINT ( 'NONE',  ( -35.06661500626610461, -53.59747547177897786, -8.174929023575797871 ) ) ;
#9203 = LINE ( 'NONE', #3041, #3499 ) ;
#9204 = EDGE_LOOP ( 'NONE', ( #9561 ) ) ;
#9205 = CARTESIAN_POINT ( 'NONE',  ( -3.000000000003492318, 0.0000000000000000000, 25.49999999999084110 ) ) ;
#9206 = ORIENTED_EDGE ( 'NONE', *, *, #2964, .T. ) ;
#9207 = CARTESIAN_POINT ( 'NONE',  ( 1.238429931521567440E-13, 10.49999999999995381, -3.269102988655022197E-15 ) ) ;
#9208 = DIRECTION ( 'NONE',  ( 1.000000000000000000, 0.0000000000000000000, 0.0000000000000000000 ) ) ;
#9209 = CARTESIAN_POINT ( 'NONE',  ( 2.522063307245615338, -53.09044569902496846, 30.12179870562071926 ) ) ;
#9210 = CARTESIAN_POINT ( 'NONE',  ( -6.229338210730405834, -58.83189051622158416, 52.50000000000007105 ) ) ;
#9211 = FACE_OUTER_BOUND ( 'NONE', #9228, .T. ) ;
#9212 = CARTESIAN_POINT ( 'NONE',  ( 2.641141698015723627, -44.16010071423976058, 34.43411665770761942 ) ) ;
#9213 = ORIENTED_EDGE ( 'NONE', *, *, #7517, .F. ) ;
#9214 = ADVANCED_FACE ( 'NONE', ( #7552 ), #5938, .F. ) ;
#9215 = ORIENTED_EDGE ( 'NONE', *, *, #3342, .T. ) ;
#9216 = CARTESIAN_POINT ( 'NONE',  ( -2.337831075085550214, -62.90471608133446324, 54.50000000004213518 ) ) ;
#9217 = EDGE_CURVE ( 'NONE', #1120, #8112, #9905, .T. ) ;
#9218 = CARTESIAN_POINT ( 'NONE',  ( -5.083306010855001666, -67.30000000000003979, -32.09999999999990905 ) ) ;
#9219 = PLANE ( 'NONE',  #7022 ) ;
#9220 = CARTESIAN_POINT ( 'NONE',  ( 2.300709827920167871, -57.66196619709375426, 54.10976350871129625 ) ) ;
#9221 = CARTESIAN_POINT ( 'NONE',  ( 35.58639081093016898, -53.98349992078373560, -5.617942420429250738 ) ) ;
#9222 = CARTESIAN_POINT ( 'NONE',  ( -23.54801506716142256, 18.99999992390150183, -22.86953565905252717 ) ) ;
#9223 = EDGE_CURVE ( 'NONE', #6978, #6978, #467, .T. ) ;
#9224 = EDGE_CURVE ( 'NONE', #511, #3579, #3691, .T. ) ;
#9225 = DIRECTION ( 'NONE',  ( 0.3105242167236345607, -0.9505654689857891970, 0.0000000000000000000 ) ) ;
#9226 = CARTESIAN_POINT ( 'NONE',  ( -24.61903313108374292, -43.06475265546881559, -26.26605186256889013 ) ) ;
#9227 = CARTESIAN_POINT ( 'NONE',  ( -25.09999999999948272, -67.30000000000018190, 8.592260065175946769E-14 ) ) ;
#9228 = EDGE_LOOP ( 'NONE', ( #1731 ) ) ;
#9229 = PERSON_AND_ORGANIZATION ( #7395, #7661 ) ;
#9230 = CARTESIAN_POINT ( 'NONE',  ( -1.702682400201503299, -65.76404362148360860, -35.95981931611749616 ) ) ;
#9231 = EDGE_CURVE ( 'NONE', #4491, #2449, #683, .T. ) ;
#9232 = CARTESIAN_POINT ( 'NONE',  ( 1.500000000000001332, 18.50000000000000000, -33.50000000000000000 ) ) ;
#9233 = EDGE_LOOP ( 'NONE', ( #4674, #8309, #5974, #1725 ) ) ;
#9234 = EDGE_LOOP ( 'NONE', ( #617 ) ) ;
#9235 = CARTESIAN_POINT ( 'NONE',  ( -31.94457945201331484, -43.92642741370190862, -6.667875387290242983 ) ) ;
#9236 = ORIENTED_EDGE ( 'NONE', *, *, #1376, .T. ) ;
#9237 = DIRECTION ( 'NONE',  ( -0.6679517357399817890, -0.7442045946659732181, 0.0000000000000000000 ) ) ;
#9238 =( NAMED_UNIT ( * ) PLANE_ANGLE_UNIT ( ) SI_UNIT ( $, .RADIAN. ) );
#9239 = AXIS2_PLACEMENT_3D ( 'NONE', #1557, #3905, #2451 ) ;
#9240 = CARTESIAN_POINT ( 'NONE',  ( 8.165026502034068656, -48.35436616436489032, -35.06184778433348725 ) ) ;
#9241 = CARTESIAN_POINT ( 'NONE',  ( -11.87081513982344028, 19.04286680805379106, -33.98656773060773162 ) ) ;
#9242 = DIRECTION ( 'NONE',  ( -0.0000000000000000000, -1.000000000000000000, -0.0000000000000000000 ) ) ;
#9243 = CARTESIAN_POINT ( 'NONE',  ( -0.4225737702319942168, -55.21771629681679627, 63.05730577059244268 ) ) ;
#9244 = CARTESIAN_POINT ( 'NONE',  ( 35.99757217998566006, -54.28250445128018242, -2.198051551142350846 ) ) ;
#9245 = ORIENTED_EDGE ( 'NONE', *, *, #7443, .F. ) ;
#9246 = EDGE_LOOP ( 'NONE', ( #9013, #5138, #4446, #2271, #2677 ) ) ;
#9247 = VECTOR ( 'NONE', #7004, 1000.000000000000000 ) ;
#9248 = CARTESIAN_POINT ( 'NONE',  ( 3.128437877504118170, -65.42602332489271078, 32.34983223863285673 ) ) ;
#9249 = CARTESIAN_POINT ( 'NONE',  ( -31.18127060805400674, -50.39949099951913780, -17.99256042720188375 ) ) ;
#9250 = CARTESIAN_POINT ( 'NONE',  ( -25.99999999999986855, 19.00000000000000711, 33.00000000000000000 ) ) ;
#9251 = ORIENTED_EDGE ( 'NONE', *, *, #8861, .F. ) ;
#9252 = LINE ( 'NONE', #1498, #4319 ) ;
#9253 = ORIENTED_EDGE ( 'NONE', *, *, #7939, .F. ) ;
#9254 = CIRCLE ( 'NONE', #2211, 6.000000000000005329 ) ;
#9255 = FACE_OUTER_BOUND ( 'NONE', #4386, .T. ) ;
#9256 = CARTESIAN_POINT ( 'NONE',  ( -8.000000000000000000, 18.00000000000001421, -32.99999999999999289 ) ) ;
#9257 = CC_DESIGN_APPROVAL ( #475, ( #7980 ) ) ;
#9258 = CARTESIAN_POINT ( 'NONE',  ( -24.49999999999986144, 17.50000000000000711, 33.00000000000000000 ) ) ;
#9259 = VECTOR ( 'NONE', #7979, 1000.000000000000114 ) ;
#9260 = CARTESIAN_POINT ( 'NONE',  ( -7.877239002198615836, -57.84814239764317279, 37.50000000000008527 ) ) ;
#9261 = CARTESIAN_POINT ( 'NONE',  ( -8.140252116002862692, -48.36222109103401579, 35.06760660572750510 ) ) ;
#9262 = CARTESIAN_POINT ( 'NONE',  ( -11.78838282594326259, 19.31016917122986243, 34.01537192071638316 ) ) ;
#9263 = EDGE_LOOP ( 'NONE', ( #6019 ) ) ;
#9264 = VECTOR ( 'NONE', #4057, 1000.000000000000000 ) ;
#9265 = APPROVAL_PERSON_ORGANIZATION ( #5018, #300, #1059 ) ;
#9266 = DESIGN_CONTEXT ( 'detailed design', #7614, 'design' ) ;
#9267 = VECTOR ( 'NONE', #252, 1000.000000000000000 ) ;
#9268 = EDGE_LOOP ( 'NONE', ( #4228, #4399, #1991, #7210 ) ) ;
#9269 = CARTESIAN_POINT ( 'NONE',  ( 0.6778001026663694750, -63.73592398620106536, 54.30866381431096102 ) ) ;
#9270 = FACE_BOUND ( 'NONE', #6811, .T. ) ;
#9271 = CARTESIAN_POINT ( 'NONE',  ( -32.50581864889039707, -44.65566661390812442, 3.277133078628974960 ) ) ;
#9272 = AXIS2_PLACEMENT_3D ( 'NONE', #3152, #8524, #7060 ) ;
#9273 = DIRECTION ( 'NONE',  ( 0.0000000000000000000, 0.0000000000000000000, 1.000000000000000000 ) ) ;
#9274 = EDGE_CURVE ( 'NONE', #1018, #1018, #2836, .T. ) ;
#9275 = DIRECTION ( 'NONE',  ( -1.025519176787315347E-29, -8.829543159789417811E-59, 1.000000000000000000 ) ) ;
#9276 = LINE ( 'NONE', #5504, #568 ) ;
#9277 = CARTESIAN_POINT ( 'NONE',  ( 34.95413448295555980, -47.92953443064124741, -8.868681564824159480 ) ) ;
#9278 = DIRECTION ( 'NONE',  ( -0.3105242167231930805, 0.9505654689859333040, 0.0000000000000000000 ) ) ;
#9279 = VECTOR ( 'NONE', #1133, 1000.000000000000000 ) ;
#9280 = CARTESIAN_POINT ( 'NONE',  ( -5.499999999999998224, -4.750000000000000888, 19.50000000000000000 ) ) ;
#9281 = ADVANCED_FACE ( 'NONE', ( #9804 ), #2981, .F. ) ;
#9282 = EDGE_CURVE ( 'NONE', #6604, #5000, #3019, .T. ) ;
#9283 = CARTESIAN_POINT ( 'NONE',  ( -24.46660647232877395, 18.99999997353751269, 18.84231422742255546 ) ) ;
#9284 = CARTESIAN_POINT ( 'NONE',  ( -19.59989986881828017, -32.22990494444862009, -30.19675921826193488 ) ) ;
#9285 = DIRECTION ( 'NONE',  ( -9.233861048563673244E-30, 1.276710262284686278E-15, 1.000000000000000000 ) ) ;
#9286 = VERTEX_POINT ( 'NONE', #9756 ) ;
#9287 = VECTOR ( 'NONE', #6679, 1000.000000000000000 ) ;
#9288 = APPROVAL_DATE_TIME ( #6212, #2253 ) ;
#9289 = ADVANCED_FACE ( 'NONE', ( #2936, #2828 ), #7819, .F. ) ;
#9290 = EDGE_CURVE ( 'NONE', #5424, #3071, #3469, .T. ) ;
#9291 = CARTESIAN_POINT ( 'NONE',  ( 1.531662614680126655, -66.17662648272369097, -35.96750682043075642 ) ) ;
#9292 = AXIS2_PLACEMENT_3D ( 'NONE', #9761, #6700, #2890 ) ;
#9293 = FACE_OUTER_BOUND ( 'NONE', #2988, .T. ) ;
#9294 = EDGE_CURVE ( 'NONE', #7617, #9760, #9853, .T. ) ;
#9295 = AXIS2_PLACEMENT_3D ( 'NONE', #8434, #7688, #4527 ) ;
#9296 = EDGE_LOOP ( 'NONE', ( #3056, #6298, #4895, #6079 ) ) ;
#9297 = PLANE ( 'NONE',  #8004 ) ;
#9298 = CARTESIAN_POINT ( 'NONE',  ( 5.420021873703062099, -49.04172207611911460, -35.58966360418695984 ) ) ;
#9299 = DIRECTION ( 'NONE',  ( 7.232542356195667155E-15, -1.000000000000000000, 1.276710262284687461E-15 ) ) ;
#9300 = CARTESIAN_POINT ( 'NONE',  ( 1.224646799134161727E-16, 4.200000000000000178, 24.50000000000000000 ) ) ;
#9301 = ORIENTED_EDGE ( 'NONE', *, *, #6006, .F. ) ;
#9302 = VERTEX_POINT ( 'NONE', #8737 ) ;
#9303 = CARTESIAN_POINT ( 'NONE',  ( -33.63286682876056943, -52.48471297949078007, -12.83979901095230680 ) ) ;
#9304 = CARTESIAN_POINT ( 'NONE',  ( 5.500000000000003553, 4.249999999999998224, -19.50000000000001421 ) ) ;
#9305 = VERTEX_POINT ( 'NONE', #2714 ) ;
#9306 = DIRECTION ( 'NONE',  ( -0.0000000000000000000, 1.000000000000000000, -1.276710262284678586E-15 ) ) ;
#9307 = VERTEX_POINT ( 'NONE', #5710 ) ;
#9308 = CARTESIAN_POINT ( 'NONE',  ( 1.224646799134161727E-16, 4.200000000000000178, 24.50000000000000000 ) ) ;
#9309 = PERSON ( 'NAUO-PER3', 'UNSPECIFIED', 'UNSPECIFIED', ('UNSPECIFIED'), ('UNSPECIFIED'), ('UNSPECIFIED') ) ;
#9310 = CARTESIAN_POINT ( 'NONE',  ( -1.662955415708200415E-16, 23.00000000000000000, -33.50000000000000000 ) ) ;
#9311 = CARTESIAN_POINT ( 'NONE',  ( -5.749999999999878320, -63.00000000000001421, -32.79999999999999716 ) ) ;
#9312 = CARTESIAN_POINT ( 'NONE',  ( -29.99999999999953459, -61.50000000000022027, -7.999999999999952038 ) ) ;
#9313 = FACE_BOUND ( 'NONE', #7835, .T. ) ;
#9314 = CARTESIAN_POINT ( 'NONE',  ( 6.345030701989604616, -48.85066360074178249, 35.43775224953051861 ) ) ;
#9315 = CARTESIAN_POINT ( 'NONE',  ( -10.63452568920572539, 21.02089061900473155, 34.39394854741696150 ) ) ;
#9316 = ORIENTED_EDGE ( 'NONE', *, *, #667, .F. ) ;
#9317 = LINE ( 'NONE', #6654, #921 ) ;
#9318 = ORIENTED_EDGE ( 'NONE', *, *, #7066, .F. ) ;
#9319 = CARTESIAN_POINT ( 'NONE',  ( -2.999999999999999112, 4.200000000000000178, 24.49999999999214495 ) ) ;
#9320 = CARTESIAN_POINT ( 'NONE',  ( 24.50000000000012434, 17.50000000000000711, 33.00000000000000000 ) ) ;
#9321 = CARTESIAN_POINT ( 'NONE',  ( -28.27475655018581335, -37.50353234616369491, 15.30028115358263108 ) ) ;
#9322 = CARTESIAN_POINT ( 'NONE',  ( -17.74999999999990408, -63.00000000000001421, 31.08982952671177458 ) ) ;
#9323 = CARTESIAN_POINT ( 'NONE',  ( 7.619067628221910304, -58.33705786892490153, 30.36786714009772226 ) ) ;
#9324 = CARTESIAN_POINT ( 'NONE',  ( 32.12727017917533345, -44.55236682923307967, 16.80617353731647157 ) ) ;
#9325 = CARTESIAN_POINT ( 'NONE',  ( -29.99999999999954881, -61.50000000000020606, 8.000000000000044409 ) ) ;
#9326 = CARTESIAN_POINT ( 'NONE',  ( -22.78821272345659921, 18.99999999999286260, -24.46791879680408499 ) ) ;
#9327 = AXIS2_PLACEMENT_3D ( 'NONE', #3191, #5641, #4792 ) ;
#9328 = CARTESIAN_POINT ( 'NONE',  ( -24.49983156504849546, 19.00000000649439258, 18.31652846245911803 ) ) ;
#9329 = FACE_BOUND ( 'NONE', #6804, .T. ) ;
#9330 = ORIENTED_EDGE ( 'NONE', *, *, #4257, .F. ) ;
#9331 = COORDINATED_UNIVERSAL_TIME_OFFSET ( 8, 0, .AHEAD. ) ;
#9332 = CARTESIAN_POINT ( 'NONE',  ( -26.29999999999952465, -66.80000000000016769, 15.50000000000005151 ) ) ;
#9333 = ADVANCED_FACE ( 'NONE', ( #2663 ), #7165, .T. ) ;
#9334 = FACE_OUTER_BOUND ( 'NONE', #1529, .T. ) ;
#9335 = APPLICATION_CONTEXT ( 'configuration controlled 3d designs of mechanical parts and assemblies' ) ;
#9336 = ORIENTED_EDGE ( 'NONE', *, *, #215, .F. ) ;
#9337 = EDGE_CURVE ( 'NONE', #9305, #9649, #4770, .T. ) ;
#9338 = VERTEX_POINT ( 'NONE', #7226 ) ;
#9339 = CARTESIAN_POINT ( 'NONE',  ( 5.750000000000119904, 17.50000000000000711, -31.50000000000000000 ) ) ;
#9340 = EDGE_CURVE ( 'NONE', #8849, #816, #4816, .T. ) ;
#9341 = CARTESIAN_POINT ( 'NONE',  ( 12.83875873427083114, -46.06775860879654516, -33.63287101738842466 ) ) ;
#9342 = CARTESIAN_POINT ( 'NONE',  ( 24.47264953755127337, 18.99999997954282449, -18.75136685200685704 ) ) ;
#9343 = TOROIDAL_SURFACE ( 'NONE', #9675, 13.50000000000009237, 1.499999999999998002 ) ;
#9344 = CARTESIAN_POINT ( 'NONE',  ( 8.802852597029081849, -55.53048678537211202, 34.90813346310478948 ) ) ;
#9345 = CARTESIAN_POINT ( 'NONE',  ( -2.103826050448105001, -53.70872886669862112, 59.28402796738077996 ) ) ;
#9346 = EDGE_LOOP ( 'NONE', ( #4499, #1523, #7899, #3531 ) ) ;
#9347 = VERTEX_POINT ( 'NONE', #5017 ) ;
#9348 = CARTESIAN_POINT ( 'NONE',  ( 18.85714285714282212, 1.734723475976807094E-13, 30.66607511999711733 ) ) ;
#9349 = AXIS2_PLACEMENT_3D ( 'NONE', #8360, #1496, #7606 ) ;
#9350 = DIRECTION ( 'NONE',  ( 0.0000000000000000000, 0.0000000000000000000, 1.000000000000000000 ) ) ;
#9351 = DIRECTION ( 'NONE',  ( 1.000000000000000000, 7.232542356195678199E-15, 1.054711873393898911E-15 ) ) ;
#9352 = EDGE_LOOP ( 'NONE', ( #8539 ) ) ;
#9353 = DIRECTION ( 'NONE',  ( -0.0000000000000000000, -1.000000000000000000, -0.0000000000000000000 ) ) ;
#9354 = PRODUCT_DEFINITION_SHAPE ( 'NONE', 'NONE',  #9914 ) ;
#9355 = DIRECTION ( 'NONE',  ( 1.007193420917442515E-30, 4.665405983569691826E-13, -1.000000000000000000 ) ) ;
#9356 = CARTESIAN_POINT ( 'NONE',  ( 3.980814712676603538E-13, -60.29999999999996163, 52.50000000000007816 ) ) ;
#9357 = EDGE_CURVE ( 'NONE', #765, #41, #4530, .T. ) ;
#9358 = CARTESIAN_POINT ( 'NONE',  ( -3.047174146026012493E-28, 4.213143865539464500E-14, 33.00000000000000000 ) ) ;
#9359 = CARTESIAN_POINT ( 'NONE',  ( -6.503913605100057893, -66.15334159411435166, 46.50000000000008527 ) ) ;
#9360 = CARTESIAN_POINT ( 'NONE',  ( -7.445051824123589235, -48.57151757322653651, 35.22295677675818126 ) ) ;
#9361 = AXIS2_PLACEMENT_3D ( 'NONE', #7239, #375, #9695 ) ;
#9362 = CARTESIAN_POINT ( 'NONE',  ( -16.20987903470231828, -42.02418776941195944, 32.14508506206212957 ) ) ;
#9363 = ORIENTED_EDGE ( 'NONE', *, *, #2115, .T. ) ;
#9364 = DESIGN_CONTEXT ( 'detailed design', #4910, 'design' ) ;
#9365 = ORIENTED_EDGE ( 'NONE', *, *, #8596, .T. ) ;
#9366 = CARTESIAN_POINT ( 'NONE',  ( 16.55445024672006582, -40.91248692831292288, -31.96821616888565032 ) ) ;
#9367 = VERTEX_POINT ( 'NONE', #2497 ) ;
#9368 = CARTESIAN_POINT ( 'NONE',  ( -26.81843850624317938, -32.98051387506377097, -17.07423756539246540 ) ) ;
#9369 = CARTESIAN_POINT ( 'NONE',  ( -10.98172296037750861, -41.37185640942357168, 33.28381711497455342 ) ) ;
#9370 = CARTESIAN_POINT ( 'NONE',  ( -7.388088341258657543, -61.16773608217895486, 29.91754785301664299 ) ) ;
#9371 = PLANE ( 'NONE',  #8565 ) ;
#9372 = CARTESIAN_POINT ( 'NONE',  ( 33.01519857454999851, -51.98781952275328422, 14.40208763912962375 ) ) ;
#9373 = LINE ( 'NONE', #2504, #1284 ) ;
#9374 = CARTESIAN_POINT ( 'NONE',  ( -19.50182884385743520, 18.99999995389839924, -28.37565546490339230 ) ) ;
#9375 = DIRECTION ( 'NONE',  ( -9.054865832635315203E-88, 1.000000000000000000, 8.829543159789417811E-59 ) ) ;
#9376 = DIRECTION ( 'NONE',  ( 0.8666666666666718033, 0.4988876515698500991, 1.619075244245004914E-14 ) ) ;
#9377 = DIRECTION ( 'NONE',  ( 7.232542356195667155E-15, -1.000000000000000000, 1.276710262284687461E-15 ) ) ;
#9378 = FACE_OUTER_BOUND ( 'NONE', #9859, .T. ) ;
#9379 = ORIENTED_EDGE ( 'NONE', *, *, #38, .F. ) ;
#9380 = SHAPE_DEFINITION_REPRESENTATION ( #2803, #3607 ) ;
#9381 = DIRECTION ( 'NONE',  ( 0.0000000000000000000, 0.0000000000000000000, -1.000000000000000000 ) ) ;
#9382 = FACE_OUTER_BOUND ( 'NONE', #1312, .T. ) ;
#9383 = DIRECTION ( 'NONE',  ( 0.0000000000000000000, -0.0000000000000000000, -1.000000000000000000 ) ) ;
#9384 = B_SPLINE_CURVE_WITH_KNOTS ( 'NONE', 3,
 ( #1087, #1233, #5740, #6648, #8760, #2785, #2831, #7354, #6443, #541 ),
 .UNSPECIFIED., .F., .F.,
 ( 4, 2, 2, 2, 4 ),
 ( 1.668944631217596762E-16, 0.0004359203983395625753, 0.0008718407966789581834, 0.001307761195018354063, 0.001743681593357749617 ),
 .UNSPECIFIED. ) ;
#9385 = EDGE_LOOP ( 'NONE', ( #6231, #7128, #6701, #5871 ) ) ;
#9386 = VERTEX_POINT ( 'NONE', #1164 ) ;
#9387 = DIRECTION ( 'NONE',  ( -0.3105242167240467865, 0.9505654689856544159, 0.0000000000000000000 ) ) ;
#9388 = DIRECTION ( 'NONE',  ( -0.0000000000000000000, -1.000000000000000000, -0.0000000000000000000 ) ) ;
#9389 = CARTESIAN_POINT ( 'NONE',  ( -2.384232634052223077, -62.86306892936175927, 54.01220438588935480 ) ) ;
#9390 = CARTESIAN_POINT ( 'NONE',  ( -10.63046816250762738, 14.97529375739275004, -34.39521719448232773 ) ) ;
#9391 = CARTESIAN_POINT ( 'NONE',  ( -2.109576062435988941, -67.87977718472957633, 30.36786714009707211 ) ) ;
#9392 = CARTESIAN_POINT ( 'NONE',  ( -2.852759921844127522, -53.03653242644688959, 55.14362852176746088 ) ) ;
#9393 = ORIENTED_EDGE ( 'NONE', *, *, #3342, .F. ) ;
#9394 = ADVANCED_FACE ( 'NONE', ( #4062 ), #9434, .F. ) ;
#9395 = ORIENTED_EDGE ( 'NONE', *, *, #7066, .T. ) ;
#9396 = CARTESIAN_POINT ( 'NONE',  ( 16.69430509141397678, -9.554323144610723607E-15, 31.66923076923078284 ) ) ;
#9397 = DIRECTION ( 'NONE',  ( -0.0000000000000000000, 1.000000000000000000, 0.0000000000000000000 ) ) ;
#9398 = CARTESIAN_POINT ( 'NONE',  ( 3.980814712676603538E-13, -60.29999999999996163, 37.50000000000008527 ) ) ;
#9399 = CARTESIAN_POINT ( 'NONE',  ( 23.83634507725409080, 18.99999997421802789, 22.07014307696771382 ) ) ;
#9400 = ORIENTED_EDGE ( 'NONE', *, *, #4397, .T. ) ;
#9401 = FACE_OUTER_BOUND ( 'NONE', #6385, .T. ) ;
#9402 = LINE ( 'NONE', #4089, #9890 ) ;
#9403 = ADVANCED_FACE ( 'NONE', ( #2616 ), #6313, .T. ) ;
#9404 = DIRECTION ( 'NONE',  ( 1.000000000000000000, 0.0000000000000000000, 0.0000000000000000000 ) ) ;
#9405 = DIRECTION ( 'NONE',  ( 6.308085367188395171E-15, -1.000000000000000000, 2.102695122396131592E-15 ) ) ;
#9406 = CARTESIAN_POINT ( 'NONE',  ( 7.706757209107655271, -62.51409793296071626, 66.77116607397759651 ) ) ;
#9407 = EDGE_CURVE ( 'NONE', #2427, #2427, #4138, .T. ) ;
#9408 = AXIS2_PLACEMENT_3D ( 'NONE', #8143, #4979, #2019 ) ;
#9409 = CARTESIAN_POINT ( 'NONE',  ( 8.400677495684073293, -48.27806374841063075, 35.00620519251404517 ) ) ;
#9410 = CARTESIAN_POINT ( 'NONE',  ( -16.55445024671736576, -40.91248692831440081, 31.96821616888682982 ) ) ;
#9411 = VERTEX_POINT ( 'NONE', #4968 ) ;
#9412 = CIRCLE ( 'NONE', #3489, 7.899999999999999467 ) ;
#9413 = DIRECTION ( 'NONE',  ( 1.000000000000000000, 0.0000000000000000000, -0.0000000000000000000 ) ) ;
#9414 = ORIENTED_EDGE ( 'NONE', *, *, #1376, .F. ) ;
#9415 = ADVANCED_FACE ( 'NONE', ( #9378 ), #315, .T. ) ;
#9416 = LINE ( 'NONE', #1044, #4628 ) ;
#9417 = APPROVAL_PERSON_ORGANIZATION ( #7323, #475, #2009 ) ;
#9418 = VERTEX_POINT ( 'NONE', #1150 ) ;
#9419 = CARTESIAN_POINT ( 'NONE',  ( -26.47080610424146840, -31.40336367173100030, 17.43980067417602697 ) ) ;
#9420 = AXIS2_PLACEMENT_3D ( 'NONE', #3487, #1788, #4841 ) ;
#9421 = CARTESIAN_POINT ( 'NONE',  ( -12.12435565298189388, -39.00000000000000711, 33.00000000000003553 ) ) ;
#9422 = CARTESIAN_POINT ( 'NONE',  ( -1.674460337998043391, -58.79710859458500494, 52.50000000000007816 ) ) ;
#9423 = DIRECTION ( 'NONE',  ( 0.0000000000000000000, 0.0000000000000000000, 1.000000000000000000 ) ) ;
#9424 = CARTESIAN_POINT ( 'NONE',  ( 29.78227820016197214, -40.58875517429500945, 12.77984212153432431 ) ) ;
#9425 = AXIS2_PLACEMENT_3D ( 'NONE', #8128, #1258, #2203 ) ;
#9426 = FACE_OUTER_BOUND ( 'NONE', #9111, .T. ) ;
#9427 = CARTESIAN_POINT ( 'NONE',  ( -18.82351911128437649, 18.99999997707012866, -28.89081822520937948 ) ) ;
#9428 = ORIENTED_EDGE ( 'NONE', *, *, #5426, .T. ) ;
#9429 = AXIS2_PLACEMENT_3D ( 'NONE', #7810, #4804, #3296 ) ;
#9430 = CARTESIAN_POINT ( 'NONE',  ( -1.131100109967818179, -68.08613805904032290, 30.36786714008783861 ) ) ;
#9431 = LINE ( 'NONE', #7361, #5182 ) ;
#9432 = CARTESIAN_POINT ( 'NONE',  ( 3.979023814556195734E-13, -60.29999999999996163, 29.00000000007829470 ) ) ;
#9433 = CONICAL_SURFACE ( 'NONE', #782, 7.249999999999999112, 0.7853981633974480570 ) ;
#9434 = PLANE ( 'NONE',  #7177 ) ;
#9435 = ORIENTED_EDGE ( 'NONE', *, *, #3207, .F. ) ;
#9436 = CALENDAR_DATE ( 2023, 16, 11 ) ;
#9437 = DIRECTION ( 'NONE',  ( -0.0000000000000000000, -1.000000000000000000, -0.0000000000000000000 ) ) ;
#9438 = AXIS2_PLACEMENT_3D ( 'NONE', #7711, #2338, #3892 ) ;
#9439 = CYLINDRICAL_SURFACE ( 'NONE', #3674, 8.249999999999998224 ) ;
#9440 = CARTESIAN_POINT ( 'NONE',  ( 7.647393317813731883, -57.99202230661651214, 30.48601937027540743 ) ) ;
#9441 = CARTESIAN_POINT ( 'NONE',  ( -8.705133898678580451, -59.41504587346582866, 46.50000000000008527 ) ) ;
#9442 = CIRCLE ( 'NONE', #7187, 1.649999999999998579 ) ;
#9443 = EDGE_LOOP ( 'NONE', ( #8248, #6040, #8349, #7651 ) ) ;
#9444 = DIRECTION ( 'NONE',  ( 1.000000000000000000, -1.427429603089486800E-14, 0.0000000000000000000 ) ) ;
#9445 = CIRCLE ( 'NONE', #5125, 3.299999999999997158 ) ;
#9446 = LINE ( 'NONE', #4123, #5092 ) ;
#9447 = CARTESIAN_POINT ( 'NONE',  ( -2.337831075085550214, -62.90471608133446324, 54.50000000004213518 ) ) ;
#9448 = CARTESIAN_POINT ( 'NONE',  ( 18.85714285714306016, -25.99999999999988987, -30.66607511999705693 ) ) ;
#9449 = CIRCLE ( 'NONE', #8179, 8.249999999999998224 ) ;
#9450 = VERTEX_POINT ( 'NONE', #2566 ) ;
#9451 = AXIS2_PLACEMENT_3D ( 'NONE', #4625, #813, #3823 ) ;
#9452 = ORIENTED_EDGE ( 'NONE', *, *, #1474, .F. ) ;
#9453 = CARTESIAN_POINT ( 'NONE',  ( -19.58862340965914228, -32.18263383442602077, 30.20407529918783140 ) ) ;
#9454 = CARTESIAN_POINT ( 'NONE',  ( -22.03850708998708541, -38.81486296300126781, 28.46957056422429133 ) ) ;
#9455 = CARTESIAN_POINT ( 'NONE',  ( 23.54801506561585001, 18.99999992390150538, 22.86953566294241469 ) ) ;
#9456 = EDGE_CURVE ( 'NONE', #3877, #3877, #7987, .T. ) ;
#9457 = ORIENTED_EDGE ( 'NONE', *, *, #5714, .T. ) ;
#9458 = CARTESIAN_POINT ( 'NONE',  ( -14.94951792505215771, -44.06592424775404027, -32.74922924273557356 ) ) ;
#9459 = DIRECTION ( 'NONE',  ( -0.0000000000000000000, -0.0000000000000000000, -1.000000000000000000 ) ) ;
#9460 = CARTESIAN_POINT ( 'NONE',  ( 1.440106783539937041, -65.49381860519326892, -32.46808346469860140 ) ) ;
#9461 = CARTESIAN_POINT ( 'NONE',  ( 5.083306010855898727, -57.11252450989805141, 32.10000000000006537 ) ) ;
#9462 = DIRECTION ( 'NONE',  ( -7.232542356195667155E-15, 1.000000000000000000, -1.276710262284687461E-15 ) ) ;
#9463 = CARTESIAN_POINT ( 'NONE',  ( -8.641315848332659755, -48.20225750967192369, 34.95053054056133135 ) ) ;
#9464 = CARTESIAN_POINT ( 'NONE',  ( -12.53486734441266393, -43.18713495565450700, 33.80987824383397822 ) ) ;
#9465 = ORIENTED_EDGE ( 'NONE', *, *, #2295, .T. ) ;
#9466 = VECTOR ( 'NONE', #3798, 1000.000000000000000 ) ;
#9467 = EDGE_CURVE ( 'NONE', #1715, #7717, #8466, .T. ) ;
#9468 = CARTESIAN_POINT ( 'NONE',  ( 4.179110650923774672E-13, -60.29999999999998295, 44.50000000000007816 ) ) ;
#9469 = EDGE_LOOP ( 'NONE', ( #1499, #1299, #3556, #5678 ) ) ;
#9470 = CYLINDRICAL_SURFACE ( 'NONE', #3358, 1.449999999999993072 ) ;
#9471 = CARTESIAN_POINT ( 'NONE',  ( 17.67766952966358929, 0.0000000000000000000, -14.37766952966378753 ) ) ;
#9472 = DIRECTION ( 'NONE',  ( 0.0000000000000000000, 0.0000000000000000000, 1.000000000000000000 ) ) ;
#9473 = CARTESIAN_POINT ( 'NONE',  ( -2.109576062435948085, -67.87977718472961897, 32.00000000000008527 ) ) ;
#9474 = CARTESIAN_POINT ( 'NONE',  ( 18.16590212458494946, 23.00000000000000000, 30.00000000000000000 ) ) ;
#9475 = DIRECTION ( 'NONE',  ( -0.0000000000000000000, -1.000000000000000000, -0.0000000000000000000 ) ) ;
#9476 = CARTESIAN_POINT ( 'NONE',  ( 33.65366229281286081, -46.48388833413980592, 13.17895660336523633 ) ) ;
#9477 = CARTESIAN_POINT ( 'NONE',  ( 4.179110650923774672E-13, -60.29999999999998295, 42.50000000000007816 ) ) ;
#9478 = CARTESIAN_POINT ( 'NONE',  ( -22.81479717554678643, 18.99999999968659381, -24.42016237007528190 ) ) ;
#9479 = ORIENTED_EDGE ( 'NONE', *, *, #5536, .F. ) ;
#9480 = CC_DESIGN_DATE_AND_TIME_ASSIGNMENT ( #8198, #2818, ( #8011 ) ) ;
#9481 = CARTESIAN_POINT ( 'NONE',  ( 5.065392549852276716E-13, -65.30000000000003979, -31.99999999999991829 ) ) ;
#9482 = CARTESIAN_POINT ( 'NONE',  ( -14.49897654846248862, -40.11909136492137407, -33.04293676132356694 ) ) ;
#9483 = FACE_OUTER_BOUND ( 'NONE', #4546, .T. ) ;
#9484 = EDGE_LOOP ( 'NONE', ( #6105 ) ) ;
#9485 = PERSON_AND_ORGANIZATION ( #7395, #7661 ) ;
#9486 = DIRECTION ( 'NONE',  ( -0.0000000000000000000, 1.000000000000000000, 0.0000000000000000000 ) ) ;
#9487 = CARTESIAN_POINT ( 'NONE',  ( 8.000000000000000000, 18.00000000000001421, 33.00000000000000000 ) ) ;
#9488 = ADVANCED_FACE ( 'NONE', ( #5557, #9483 ), #7926, .F. ) ;
#9489 = DIRECTION ( 'NONE',  ( 1.000000000000000000, 1.387778780933387543E-14, 0.0000000000000000000 ) ) ;
#9490 = VECTOR ( 'NONE', #1401, 1000.000000000000000 ) ;
#9491 = DIRECTION ( 'NONE',  ( 1.000000000000000000, 0.0000000000000000000, -0.0000000000000000000 ) ) ;
#9492 = EDGE_LOOP ( 'NONE', ( #5078 ) ) ;
#9493 = DIRECTION ( 'NONE',  ( 0.0000000000000000000, 0.0000000000000000000, 1.000000000000000000 ) ) ;
#9494 = CARTESIAN_POINT ( 'NONE',  ( -11.74999999999987921, 16.25000000000000355, 12.29999999999999893 ) ) ;
#9495 = FACE_OUTER_BOUND ( 'NONE', #1107, .T. ) ;
#9496 = CARTESIAN_POINT ( 'NONE',  ( -8.549799944144554686, 14.02964026774040285, -34.97096417244645750 ) ) ;
#9497 = EDGE_LOOP ( 'NONE', ( #7748 ) ) ;
#9498 = ORIENTED_EDGE ( 'NONE', *, *, #2912, .T. ) ;
#9499 = LINE ( 'NONE', #7293, #4220 ) ;
#9500 = CARTESIAN_POINT ( 'NONE',  ( -29.96258751867203074, -41.15887699928337184, 20.74723115070709056 ) ) ;
#9501 = CARTESIAN_POINT ( 'NONE',  ( 22.78599015523133176, 18.99999999999857181, 24.47189447864131751 ) ) ;
#9502 = EDGE_LOOP ( 'NONE', ( #2038, #9095, #84, #3986 ) ) ;
#9503 = AXIS2_PLACEMENT_3D ( 'NONE', #8631, #4295, #9376 ) ;
#9504 = CARTESIAN_POINT ( 'NONE',  ( -15.28359967949600318, -43.62011837537561121, -32.59473525953878692 ) ) ;
#9505 = CARTESIAN_POINT ( 'NONE',  ( 21.25304237495368653, 18.99999997788340877, -26.67105864612885924 ) ) ;
#9506 = CARTESIAN_POINT ( 'NONE',  ( 0.8870682687865409921, -64.14908605669263864, -32.48798719371237809 ) ) ;
#9507 = AXIS2_PLACEMENT_3D ( 'NONE', #5591, #7100, #7955 ) ;
#9508 = LINE ( 'NONE', #2642, #136 ) ;
#9509 = CARTESIAN_POINT ( 'NONE',  ( 3.469446951953599200E-15, 1.250000000000001110, -3.500000000000003109 ) ) ;
#9510 = CARTESIAN_POINT ( 'NONE',  ( -14.87739849338549014, -44.15561504092035960, 32.78205452911576856 ) ) ;
#9511 = CARTESIAN_POINT ( 'NONE',  ( -11.97348302842643619, 17.46991497764644663, 33.95053373785331274 ) ) ;
#9512 = ORIENTED_EDGE ( 'NONE', *, *, #6824, .F. ) ;
#9513 = VECTOR ( 'NONE', #7632, 1000.000000000000114 ) ;
#9514 = DIRECTION ( 'NONE',  ( 1.000000000000000000, 0.0000000000000000000, 0.0000000000000000000 ) ) ;
#9515 = ORIENTED_EDGE ( 'NONE', *, *, #7757, .F. ) ;
#9516 = FACE_OUTER_BOUND ( 'NONE', #1377, .T. ) ;
#9517 = VERTEX_POINT ( 'NONE', #8398 ) ;
#9518 = DIRECTION ( 'NONE',  ( 7.232542356195667155E-15, -1.000000000000000000, 1.276710262284687461E-15 ) ) ;
#9519 = CARTESIAN_POINT ( 'NONE',  ( 10.00438239262822471, 14.52871956646714224, -34.58269810348890161 ) ) ;
#9520 = DIRECTION ( 'NONE',  ( 1.000000000000000000, 7.232542356195678199E-15, 1.054711873393898911E-15 ) ) ;
#9521 = FACE_OUTER_BOUND ( 'NONE', #5271, .T. ) ;
#9522 = CARTESIAN_POINT ( 'NONE',  ( 35.51689364385939740, -53.93201345869528751, 5.880555312335514984 ) ) ;
#9523 = CYLINDRICAL_SURFACE ( 'NONE', #1663, 8.750000000000001776 ) ;
#9524 = CARTESIAN_POINT ( 'NONE',  ( 32.35488083046542584, -44.46396235135346586, 4.424712754102499090 ) ) ;
#9525 = CARTESIAN_POINT ( 'NONE',  ( -17.74999999999987566, 18.24833147735478889, -31.08982952671178879 ) ) ;
#9526 = ADVANCED_FACE ( 'NONE', ( #4865 ), #1407, .F. ) ;
#9527 = PRODUCT_DEFINITION_SHAPE ( 'NONE', 'NONE',  #9911 ) ;
#9528 = CARTESIAN_POINT ( 'NONE',  ( -22.34769977466870117, 18.99999997564626497, -25.20203317525355757 ) ) ;
#9529 = ORIENTED_EDGE ( 'NONE', *, *, #4918, .F. ) ;
#9530 = ADVANCED_FACE ( 'NONE', ( #7975 ), #6364, .F. ) ;
#9531 = FACE_OUTER_BOUND ( 'NONE', #8242, .T. ) ;
#9532 = CARTESIAN_POINT ( 'NONE',  ( -10.82900907005127955, -41.53337624942867734, -33.32008191575144451 ) ) ;
#9533 = DIRECTION ( 'NONE',  ( 0.0000000000000000000, 1.000000000000000000, 0.0000000000000000000 ) ) ;
#9534 = EDGE_LOOP ( 'NONE', ( #7486, #2194, #2648, #5354 ) ) ;
#9535 = PERSON_AND_ORGANIZATION_ROLE ( 'classification_officer' ) ;
#9536 = FACE_OUTER_BOUND ( 'NONE', #7162, .T. ) ;
#9537 = DIRECTION ( 'NONE',  ( 0.0000000000000000000, 0.0000000000000000000, 1.000000000000000000 ) ) ;
#9538 = ADVANCED_FACE ( 'NONE', ( #3414, #3617 ), #6766, .F. ) ;
#9539 = DIRECTION ( 'NONE',  ( 1.000000000000000000, -4.304913725480043459E-30, 0.0000000000000000000 ) ) ;
#9540 = ADVANCED_FACE ( 'NONE', ( #6669 ), #5117, .F. ) ;
#9541 = CARTESIAN_POINT ( 'NONE',  ( -18.07142857142829939, 19.00000000000000000, 29.38832198999704204 ) ) ;
#9542 = ORIENTED_EDGE ( 'NONE', *, *, #7335, .T. ) ;
#9543 = ADVANCED_FACE ( 'NONE', ( #5063 ), #8184, .F. ) ;
#9544 = FACE_OUTER_BOUND ( 'NONE', #545, .T. ) ;
#9545 = APPLICATION_PROTOCOL_DEFINITION ( 'international standard', 'config_control_design', 1994, #9335 ) ;
#9546 = CARTESIAN_POINT ( 'NONE',  ( 3.469446951953594862E-15, 0.2499999999999993616, -9.000000000000007105 ) ) ;
#9547 = CARTESIAN_POINT ( 'NONE',  ( -7.514976462191335749, 14.02096314967422508, -35.20786216748810205 ) ) ;
#9548 = ORIENTED_EDGE ( 'NONE', *, *, #1564, .T. ) ;
#9549 = EDGE_LOOP ( 'NONE', ( #6655, #293, #9857, #32 ) ) ;
#9550 = CARTESIAN_POINT ( 'NONE',  ( -18.85714285714267646, -27.06555042154965562, 30.66607511999711733 ) ) ;
#9551 = CARTESIAN_POINT ( 'NONE',  ( -34.12517042085411845, -47.03155185098113833, 11.83867751203922580 ) ) ;
#9552 = CARTESIAN_POINT ( 'NONE',  ( 23.54224713119581835, 18.99999992391188286, 22.88404157765064184 ) ) ;
#9553 = VERTEX_POINT ( 'NONE', #6002 ) ;
#9554 = CARTESIAN_POINT ( 'NONE',  ( 3.976853568676830264E-13, -60.29999999999996163, 27.79999999989961168 ) ) ;
#9555 = CARTESIAN_POINT ( 'NONE',  ( 20.98252612413426377, 18.99999999721000776, -26.97770699288798824 ) ) ;
#9556 = CARTESIAN_POINT ( 'NONE',  ( 0.8817902989088255428, -66.45493371444609920, -32.48813071410515363 ) ) ;
#9557 = CARTESIAN_POINT ( 'NONE',  ( -17.74999999999988276, 19.00000000000001066, -33.00000000000000000 ) ) ;
#9558 = LINE ( 'NONE', #4141, #7083 ) ;
#9559 = CARTESIAN_POINT ( 'NONE',  ( -12.68641003061826211, -46.17797295761215537, 33.69080469940583100 ) ) ;
#9560 = CARTESIAN_POINT ( 'NONE',  ( -11.86948527621365379, 16.95279361858218792, 33.98703217691827660 ) ) ;
#9561 = ORIENTED_EDGE ( 'NONE', *, *, #5365, .T. ) ;
#9562 = ORIENTED_EDGE ( 'NONE', *, *, #9846, .F. ) ;
#9563 = DIRECTION ( 'NONE',  ( 0.0000000000000000000, 1.000000000000000000, 0.0000000000000000000 ) ) ;
#9564 = CARTESIAN_POINT ( 'NONE',  ( -17.67766952966358929, 5.000000000000000888, -10.42766952966378469 ) ) ;
#9565 = CYLINDRICAL_SURFACE ( 'NONE', #9115, 1.000000000000000888 ) ;
#9566 = CARTESIAN_POINT ( 'NONE',  ( 5.596562937750663380, 14.79189310642376753, -35.56301192138771228 ) ) ;
#9567 = AXIS2_PLACEMENT_3D ( 'NONE', #1673, #222, #6325 ) ;
#9568 = CYLINDRICAL_SURFACE ( 'NONE', #1111, 9.999999999999994671 ) ;
#9569 = CARTESIAN_POINT ( 'NONE',  ( 29.17248394347640073, -48.48252175744847392, 21.09900917024979350 ) ) ;
#9570 = DIRECTION ( 'NONE',  ( -0.9505654689857891970, -0.3105242167236345607, -0.0000000000000000000 ) ) ;
#9571 = CARTESIAN_POINT ( 'NONE',  ( 26.47023969072081684, -31.39978488200223694, 17.44033741205028676 ) ) ;
#9572 = CARTESIAN_POINT ( 'NONE',  ( 2.883116146223376752, -62.32764907186710701, 54.25534475931757328 ) ) ;
#9573 = CARTESIAN_POINT ( 'NONE',  ( 5.893115326324100067, -43.69052345723896735, 34.16625285902934195 ) ) ;
#9574 = ORIENTED_EDGE ( 'NONE', *, *, #8596, .F. ) ;
#9575 = AXIS2_PLACEMENT_3D ( 'NONE', #8383, #752, #3808 ) ;
#9576 = CC_DESIGN_SECURITY_CLASSIFICATION ( #1416, ( #1578 ) ) ;
#9577 = B_SPLINE_CURVE_WITH_KNOTS ( 'NONE', 3,
 ( #5346, #2485, #922, #7751, #4594, #5389, #2391, #836, #8557, #3849, #3987, #4786 ),
 .UNSPECIFIED., .F., .F.,
 ( 4, 2, 2, 2, 2, 4 ),
 ( 4.998442470421883969E-17, 0.001794338435323980779, 0.002691507652985947532, 0.003588676870647914720, 0.005383015305971850829, 0.007177353741295786071 ),
 .UNSPECIFIED. ) ;
#9578 = PLANE ( 'NONE',  #7174 ) ;
#9579 = CARTESIAN_POINT ( 'NONE',  ( -12.43046016607936721, -46.36271455998863900, -33.78804487620033825 ) ) ;
#9580 = CARTESIAN_POINT ( 'NONE',  ( 3.967338283862204521E-13, -60.29999999999996163, 32.00000000000008527 ) ) ;
#9581 = ORIENTED_EDGE ( 'NONE', *, *, #8114, .T. ) ;
#9582 = SECURITY_CLASSIFICATION_LEVEL ( 'unclassified' ) ;
#9583 = VECTOR ( 'NONE', #8780, 1000.000000000000000 ) ;
#9584 = CARTESIAN_POINT ( 'NONE',  ( 6.041630905439669519, 21.49765350103403350, 35.49011670532487273 ) ) ;
#9585 = EDGE_CURVE ( 'NONE', #6096, #1892, #2845, .T. ) ;
#9586 = AXIS2_PLACEMENT_3D ( 'NONE', #3269, #5674, #8043 ) ;
#9587 = CARTESIAN_POINT ( 'NONE',  ( 28.90454431310965688, -38.88011166095196813, -14.32570625801755781 ) ) ;
#9588 = CIRCLE ( 'NONE', #5901, 8.750000000000001776 ) ;
#9589 = CARTESIAN_POINT ( 'NONE',  ( -3.749015958151952432, -64.99137495487832439, 32.28369746451532762 ) ) ;
#9590 = CYLINDRICAL_SURFACE ( 'NONE', #4069, 32.49999999999998579 ) ;
#9591 = EDGE_CURVE ( 'NONE', #3036, #3919, #7574, .T. ) ;
#9592 = EDGE_CURVE ( 'NONE', #3268, #3268, #6360, .T. ) ;
#9593 = EDGE_LOOP ( 'NONE', ( #5339 ) ) ;
#9594 = CIRCLE ( 'NONE', #2074, 35.99999999999998579 ) ;
#9595 = DIRECTION ( 'NONE',  ( -1.000000000000000000, 0.0000000000000000000, 0.0000000000000000000 ) ) ;
#9596 = EDGE_CURVE ( 'NONE', #6152, #8166, #6842, .T. ) ;
#9597 = CARTESIAN_POINT ( 'NONE',  ( -3.000000000003492762, 4.200000000000000178, 25.49999999999608136 ) ) ;
#9598 = CARTESIAN_POINT ( 'NONE',  ( -3.141650099671970953, -61.84279157093169488, 54.58322728659384637 ) ) ;
#9599 = AXIS2_PLACEMENT_3D ( 'NONE', #1246, #6458, #9672 ) ;
#9600 = EDGE_LOOP ( 'NONE', ( #5636 ) ) ;
#9601 = VECTOR ( 'NONE', #2697, 1000.000000000000000 ) ;
#9602 = EDGE_CURVE ( 'NONE', #7076, #7703, #3646, .T. ) ;
#9603 = ORIENTED_EDGE ( 'NONE', *, *, #8110, .F. ) ;
#9604 = FACE_OUTER_BOUND ( 'NONE', #1343, .T. ) ;
#9605 = CC_DESIGN_PERSON_AND_ORGANIZATION_ASSIGNMENT ( #414, #3416, ( #7980 ) ) ;
#9606 = CARTESIAN_POINT ( 'NONE',  ( -32.47577250091032397, -45.01479895883627336, 16.04972500366746146 ) ) ;
#9607 = CARTESIAN_POINT ( 'NONE',  ( 24.05368578496416987, 19.00000000073248430, 21.33419982530973513 ) ) ;
#9608 = VERTEX_POINT ( 'NONE', #3517 ) ;
#9609 = CARTESIAN_POINT ( 'NONE',  ( 8.000000000000000000, 18.00000000000001421, -36.00000000000002132 ) ) ;
#9610 = VECTOR ( 'NONE', #8091, 1000.000000000000000 ) ;
#9611 = PRODUCT ( 'EFG-C50 V4.0(外发壳体)', 'EFG-C50 V4.0(外发壳体)', '', ( #213 ) ) ;
#9612 = CARTESIAN_POINT ( 'NONE',  ( 0.7296112822953512156, -64.04335351226593787, -32.49190467468867638 ) ) ;
#9613 = CLOSED_SHELL ( 'NONE', ( #6897, #8692, #3964, #7320, #5965, #8251, #5848, #9777, #1815, #6579, #8361, #7984, #5111, #7204, #4566, #1015, #2305, #1442, #6047, #3165, #7713, #9617, #1743, #9394, #5237, #4983, #9058, #469, #4737, #4629, #7397, #6600, #1451, #6792, #8020, #1628, #6592, #4385, #109, #3553, #4061, #2771, #362, #100, #1864, #6330, #8418, #9716, #6150, #7501, #1270, #1061, #2467, #2852, #2111 ) ) ;
#9614 = DIRECTION ( 'NONE',  ( 1.000000000000000000, 0.0000000000000000000, 0.0000000000000000000 ) ) ;
#9615 = DIRECTION ( 'NONE',  ( 0.0000000000000000000, 0.0000000000000000000, 1.000000000000000000 ) ) ;
#9616 = DIRECTION ( 'NONE',  ( 4.304913725480044159E-30, 1.000000000000000000, 0.0000000000000000000 ) ) ;
#9617 = ADVANCED_FACE ( 'NONE', ( #6722 ), #2158, .F. ) ;
#9618 = CARTESIAN_POINT ( 'NONE',  ( -9.055884958636466919, 14.13327186833220495, 34.84334661851565329 ) ) ;
#9619 = EDGE_LOOP ( 'NONE', ( #3120, #3554, #9709, #2227 ) ) ;
#9620 = DIRECTION ( 'NONE',  ( 1.000000000000000000, 0.0000000000000000000, 0.0000000000000000000 ) ) ;
#9621 = ORIENTED_EDGE ( 'NONE', *, *, #5658, .T. ) ;
#9622 = FACE_OUTER_BOUND ( 'NONE', #5414, .T. ) ;
#9623 = VECTOR ( 'NONE', #7639, 1000.000000000000000 ) ;
#9624 = CARTESIAN_POINT ( 'NONE',  ( 3.469446951953614978E-15, 4.749999999830833985, -1.800000000173440640 ) ) ;
#9625 = CARTESIAN_POINT ( 'NONE',  ( 4.009064724069547711E-13, -60.29999999999996163, 27.50000000002177813 ) ) ;
#9626 = CARTESIAN_POINT ( 'NONE',  ( 4.839099191303347425, 20.46559888794118010, -35.67359975836834707 ) ) ;
#9627 = CARTESIAN_POINT ( 'NONE',  ( 5.509491565777803856, -65.91683505364868267, 32.00000000000008527 ) ) ;
#9628 = CARTESIAN_POINT ( 'NONE',  ( 24.79118415430457034, -43.30769124649462043, 26.10359586419703604 ) ) ;
#9629 = FACE_OUTER_BOUND ( 'NONE', #9906, .T. ) ;
#9630 = CARTESIAN_POINT ( 'NONE',  ( -16.78756936566732350, -39.00000000000007816, 31.84615384615386446 ) ) ;
#9631 = CARTESIAN_POINT ( 'NONE',  ( 2.337831075094086941, -57.69528391867243045, 54.50000000003966960 ) ) ;
#9632 = CIRCLE ( 'NONE', #7700, 9.799999999999998934 ) ;
#9633 = CARTESIAN_POINT ( 'NONE',  ( 4.971516594602027439, -46.29945563557841837, 35.66538793052976786 ) ) ;
#9634 = ORIENTED_EDGE ( 'NONE', *, *, #2126, .T. ) ;
#9635 = DIRECTION ( 'NONE',  ( -0.0000000000000000000, -1.000000000000000000, -0.0000000000000000000 ) ) ;
#9636 = CARTESIAN_POINT ( 'NONE',  ( -14.59871394775547415, -39.56597768693373496, -33.00000000073757889 ) ) ;
#9637 = DIRECTION ( 'NONE',  ( 1.000000000000000000, 7.232542356195678199E-15, 1.054711873393880372E-15 ) ) ;
#9638 = CARTESIAN_POINT ( 'NONE',  ( 8.549799944144645281, 14.02964026774041884, 34.97096417244642197 ) ) ;
#9639 = CARTESIAN_POINT ( 'NONE',  ( -2.313598601926442733, -62.92646564136661169, 54.73550037409258096 ) ) ;
#9640 = CARTESIAN_POINT ( 'NONE',  ( 29.78269523695577803, -40.58952016152088760, -12.77905989079095406 ) ) ;
#9641 = CARTESIAN_POINT ( 'NONE',  ( 5.621939336060966852, -63.35846562914881730, 52.49999999982581045 ) ) ;
#9642 = CARTESIAN_POINT ( 'NONE',  ( 32.62605835579672942, -44.80583728915486574, -1.650250176658423218 ) ) ;
#9643 = CARTESIAN_POINT ( 'NONE',  ( -23.16159351779309361, 18.99999997768903270, 23.74969476769759424 ) ) ;
#9644 = DIRECTION ( 'NONE',  ( 1.000000000000000000, 0.0000000000000000000, 0.0000000000000000000 ) ) ;
#9645 = VERTEX_POINT ( 'NONE', #8130 ) ;
#9646 = CARTESIAN_POINT ( 'NONE',  ( 5.750000000000119904, 19.00000000000001066, 31.50000000000000000 ) ) ;
#9647 = CARTESIAN_POINT ( 'NONE',  ( 2.652244934340725724, -44.15914772073389827, -34.43354228239771686 ) ) ;
#9648 = LINE ( 'NONE', #1871, #4715 ) ;
#9649 = VERTEX_POINT ( 'NONE', #8982 ) ;
#9650 = ORIENTED_EDGE ( 'NONE', *, *, #3605, .F. ) ;
#9651 = CARTESIAN_POINT ( 'NONE',  ( -31.20587559474384776, -50.42169819523744678, 17.94976945753046138 ) ) ;
#9652 = CARTESIAN_POINT ( 'NONE',  ( -27.16119219940238949, -46.31323164517041846, 23.63176918476628074 ) ) ;
#9653 = CARTESIAN_POINT ( 'NONE',  ( 19.54965544891996032, 18.99999996801575719, 28.33670224727251252 ) ) ;
#9654 = CARTESIAN_POINT ( 'NONE',  ( -5.566818236023065580, -49.01347210725104730, -35.56699770167455910 ) ) ;
#9655 = CARTESIAN_POINT ( 'NONE',  ( 21.12519703050201869, 18.99999998931566836, -26.81820906426178297 ) ) ;
#9656 = CARTESIAN_POINT ( 'NONE',  ( 1.402650330466981510, -65.67953293685484084, -32.46972318128186430 ) ) ;
#9657 = DIRECTION ( 'NONE',  ( 7.232542356195667155E-15, -1.000000000000000000, 1.276710262284686278E-15 ) ) ;
#9658 = CARTESIAN_POINT ( 'NONE',  ( 18.85714285714308858, -27.06555042249263821, -30.66607511999704272 ) ) ;
#9659 = CARTESIAN_POINT ( 'NONE',  ( -1.985989132269935897, -67.99070112299989432, 30.44159267418432435 ) ) ;
#9660 = EDGE_CURVE ( 'NONE', #1610, #4029, #2379, .T. ) ;
#9661 = ORIENTED_EDGE ( 'NONE', *, *, #8114, .F. ) ;
#9662 = CARTESIAN_POINT ( 'NONE',  ( -5.749999999999867661, 19.00000000000001066, -31.50000000000000000 ) ) ;
#9663 = ORIENTED_EDGE ( 'NONE', *, *, #934, .F. ) ;
#9664 = VECTOR ( 'NONE', #9570, 999.9999999999998863 ) ;
#9665 = DIRECTION ( 'NONE',  ( 0.0000000000000000000, 0.0000000000000000000, 1.000000000000000000 ) ) ;
#9666 = ORIENTED_EDGE ( 'NONE', *, *, #3285, .T. ) ;
#9667 = DIRECTION ( 'NONE',  ( -1.939479807224431507E-16, 0.0000000000000000000, 1.000000000000000000 ) ) ;
#9668 = CARTESIAN_POINT ( 'NONE',  ( -10.10000000000000675, 18.00000000000001421, -30.00000000000000000 ) ) ;
#9669 = CARTESIAN_POINT ( 'NONE',  ( 1.734723475976807094E-15, 4.750000000000000888, 19.50000000000000000 ) ) ;
#9670 = EDGE_CURVE ( 'NONE', #4726, #4726, #3158, .T. ) ;
#9671 = CARTESIAN_POINT ( 'NONE',  ( 1.400000000000505063, -65.30000000000005400, -34.99999999999992184 ) ) ;
#9672 = DIRECTION ( 'NONE',  ( 1.000000000000000000, 0.0000000000000000000, 0.0000000000000000000 ) ) ;
#9673 = CARTESIAN_POINT ( 'NONE',  ( 28.11440373623948119, -47.37396225272353689, 22.48513095698083930 ) ) ;
#9674 = DIRECTION ( 'NONE',  ( 9.113877747684368931E-17, -8.180049551588865703E-17, 1.000000000000000000 ) ) ;
#9675 = AXIS2_PLACEMENT_3D ( 'NONE', #5802, #8874, #2000 ) ;
#9676 = CARTESIAN_POINT ( 'NONE',  ( 2.604716081331309052, -62.63783107508988479, 54.25534475931755196 ) ) ;
#9677 = CARTESIAN_POINT ( 'NONE',  ( 10.49266228373890364, -44.57526299658882607, 34.47846513794125656 ) ) ;
#9678 = ORIENTED_EDGE ( 'NONE', *, *, #7487, .F. ) ;
#9679 = CARTESIAN_POINT ( 'NONE',  ( 4.539769232502847807, -46.36700954817183629, -35.72169106447312004 ) ) ;
#9680 = AXIS2_PLACEMENT_3D ( 'NONE', #5072, #8938, #9644 ) ;
#9681 = DIRECTION ( 'NONE',  ( 0.0000000000000000000, 1.000000000000000000, -6.883823317368281546E-18 ) ) ;
#9682 = CARTESIAN_POINT ( 'NONE',  ( 5.009176092211400366, 15.33089315946541120, 35.65030289896817806 ) ) ;
#9683 = CARTESIAN_POINT ( 'NONE',  ( 2.792437895193405240, -67.50932627599314628, 53.22223717988841685 ) ) ;
#9684 = CARTESIAN_POINT ( 'NONE',  ( 27.89405192007371426, -36.54317158254944076, -15.80651423655449150 ) ) ;
#9685 = CARTESIAN_POINT ( 'NONE',  ( 1.498578846970505696, -66.56915115631642266, 52.49999999982580334 ) ) ;
#9686 = CARTESIAN_POINT ( 'NONE',  ( 32.02197488403611203, -44.02966085634371041, -6.310917327249831565 ) ) ;
#9687 = AXIS2_PLACEMENT_3D ( 'NONE', #4501, #1453, #4595 ) ;
#9688 = CARTESIAN_POINT ( 'NONE',  ( -22.77598758817217828, 18.99999999998002309, 24.48978448035958877 ) ) ;
#9689 = DIRECTION ( 'NONE',  ( 7.232542356195667155E-15, -1.000000000000000000, 1.276710262284687461E-15 ) ) ;
#9690 = ORIENTED_EDGE ( 'NONE', *, *, #9467, .F. ) ;
#9691 = CARTESIAN_POINT ( 'NONE',  ( -1.131100109967247525, -68.08613805904013816, 30.50000000000007816 ) ) ;
#9692 = SHAPE_REPRESENTATION ( 'EFG-C50 V4.0(外发壳体)', ( #9567 ), #3482 ) ;
#9693 = DATE_AND_TIME ( #7540, #9891 ) ;
#9694 = CARTESIAN_POINT ( 'NONE',  ( -11.69534763727902416, -40.49527740559130962, -33.11074559518383609 ) ) ;
#9695 = DIRECTION ( 'NONE',  ( -6.308085367188395171E-15, 1.000000000000000000, 0.0000000000000000000 ) ) ;
#9696 = EDGE_LOOP ( 'NONE', ( #6684 ) ) ;
#9697 = FACE_OUTER_BOUND ( 'NONE', #4600, .T. ) ;
#9698 = CARTESIAN_POINT ( 'NONE',  ( -21.64513807209002749, -37.98881839235011171, 28.76612867598296219 ) ) ;
#9699 = CARTESIAN_POINT ( 'NONE',  ( -32.65840222762254541, -44.84596714327438605, 0.8301917721299580943 ) ) ;
#9700 = CARTESIAN_POINT ( 'NONE',  ( 19.43009332389544497, 18.99999992760549716, 28.43354590133908033 ) ) ;
#9701 = EDGE_CURVE ( 'NONE', #7783, #7783, #1875, .T. ) ;
#9702 = CARTESIAN_POINT ( 'NONE',  ( 3.256685142447487635, -49.36548660296837454, -35.85549263293055589 ) ) ;
#9703 = CARTESIAN_POINT ( 'NONE',  ( 19.01366781692371788, 19.00000001794945348, -28.76755604170856984 ) ) ;
#9704 = CARTESIAN_POINT ( 'NONE',  ( -5.953636757327388729, -54.95638611408011087, 42.50000000000007816 ) ) ;
#9705 = CARTESIAN_POINT ( 'NONE',  ( 6.061990471202573616, -54.70403971359209550, 37.50000000000008527 ) ) ;
#9706 = CARTESIAN_POINT ( 'NONE',  ( 1.441624326696766323, -53.46442740993629172, 32.00000000000008527 ) ) ;
#9707 = CARTESIAN_POINT ( 'NONE',  ( -17.74999999999988276, 10.50000000000003730, -31.08982952671178523 ) ) ;
#9708 = EDGE_CURVE ( 'NONE', #981, #5729, #606, .T. ) ;
#9709 = ORIENTED_EDGE ( 'NONE', *, *, #8145, .T. ) ;
#9710 = CARTESIAN_POINT ( 'NONE',  ( -4.027158524088336300, 17.46444814627651354, 35.77408013279598720 ) ) ;
#9711 = ORIENTED_EDGE ( 'NONE', *, *, #1399, .T. ) ;
#9712 = CARTESIAN_POINT ( 'NONE',  ( 12.12435565298225271, -63.00000000000001421, -32.79999999999999716 ) ) ;
#9713 = ORIENTED_EDGE ( 'NONE', *, *, #50, .T. ) ;
#9714 = FACE_OUTER_BOUND ( 'NONE', #6117, .T. ) ;
#9715 = ADVANCED_FACE ( 'NONE', ( #3666 ), #9780, .F. ) ;
#9716 = ADVANCED_FACE ( 'NONE', ( #2306, #9270 ), #2347, .T. ) ;
#9717 = VERTEX_POINT ( 'NONE', #1533 ) ;
#9718 = CARTESIAN_POINT ( 'NONE',  ( 0.01788853222952244484, -56.79396193600346976, 54.64821692953643151 ) ) ;
#9719 = EDGE_CURVE ( 'NONE', #1360, #4731, #3103, .T. ) ;
#9720 = CARTESIAN_POINT ( 'NONE',  ( 34.21466340164921149, -52.94491064328524743, 11.19927255652291187 ) ) ;
#9721 = CARTESIAN_POINT ( 'NONE',  ( 20.06633063299487318, -34.09967732300218302, 29.89772127739983887 ) ) ;
#9722 = CARTESIAN_POINT ( 'NONE',  ( 3.491482535562856260, -60.05558075033111720, 54.33516036833948704 ) ) ;
#9723 = CARTESIAN_POINT ( 'NONE',  ( 10.82900907005116942, -41.53337624942788864, 33.32008191575143741 ) ) ;
#9724 = EDGE_LOOP ( 'NONE', ( #6428, #9498, #844, #3024 ) ) ;
#9725 = ADVANCED_FACE ( 'NONE', ( #6959 ), #6251, .F. ) ;
#9726 = CARTESIAN_POINT ( 'NONE',  ( 8.121876097654482152, -43.03738390836485195, -33.85038834720121059 ) ) ;
#9727 = AXIS2_PLACEMENT_3D ( 'NONE', #2238, #3451, #9008 ) ;
#9728 = DIRECTION ( 'NONE',  ( 0.9784759524638702022, -0.2063608743195329276, 0.0000000000000000000 ) ) ;
#9729 = CONTEXT_DEPENDENT_SHAPE_REPRESENTATION ( #251, #9354 ) ;
#9730 = CARTESIAN_POINT ( 'NONE',  ( 4.846281375572254468, 20.47479856292422795, 35.67262789881255003 ) ) ;
#9731 = CARTESIAN_POINT ( 'NONE',  ( -5.942142791496100251, -59.66971016444010445, 61.58250724268815901 ) ) ;
#9732 = CARTESIAN_POINT ( 'NONE',  ( 27.23719720163398961, -34.54324197532165641, -16.60724949565980069 ) ) ;
#9733 = DIRECTION ( 'NONE',  ( 7.232542356195667155E-15, -1.000000000000000000, 1.276710262284686278E-15 ) ) ;
#9734 = CARTESIAN_POINT ( 'NONE',  ( 31.10361265190156743, -42.73937074846997319, 9.648193787666619059 ) ) ;
#9735 = AXIS2_PLACEMENT_3D ( 'NONE', #150, #1700, #5313 ) ;
#9736 = CARTESIAN_POINT ( 'NONE',  ( -21.82889763358420510, 18.99999992393010118, 25.95067489750129042 ) ) ;
#9737 = CARTESIAN_POINT ( 'NONE',  ( 4.814446437179288552, -56.01410037429884881, 52.49999999996548183 ) ) ;
#9738 = CIRCLE ( 'NONE', #8939, 8.750000000000001776 ) ;
#9739 = ORIENTED_EDGE ( 'NONE', *, *, #6958, .T. ) ;
#9740 = CARTESIAN_POINT ( 'NONE',  ( -32.99999999999959499, -54.50000000000023448, 3.477521747251682201E-14 ) ) ;
#9741 = PERSON_AND_ORGANIZATION ( #7395, #7661 ) ;
#9742 = APPROVAL_PERSON_ORGANIZATION ( #4719, #2253, #8484 ) ;
#9743 = CARTESIAN_POINT ( 'NONE',  ( -8.977554564279270011, -42.68135727991355566, -33.70123842758343358 ) ) ;
#9744 = VECTOR ( 'NONE', #1171, 1000.000000000000000 ) ;
#9745 = ORIENTED_EDGE ( 'NONE', *, *, #2126, .F. ) ;
#9746 = DIRECTION ( 'NONE',  ( -1.000000000000000000, 0.0000000000000000000, 0.0000000000000000000 ) ) ;
#9747 = LOCAL_TIME ( 17, 37, 41.00000000000000000, #7977 ) ;
#9748 = AXIS2_PLACEMENT_3D ( 'NONE', #364, #8033, #6472 ) ;
#9749 = SHAPE_REPRESENTATION ( 'EFG-C50 V4.0(外发手指)', ( #9567 ), #906 ) ;
#9750 = CARTESIAN_POINT ( 'NONE',  ( -21.68733576046638944, -38.07727444524336846, 28.73429624024837636 ) ) ;
#9751 = CARTESIAN_POINT ( 'NONE',  ( -30.59805372985876204, -49.86598931200303753, 18.97528626430023024 ) ) ;
#9752 = CARTESIAN_POINT ( 'NONE',  ( -17.74999999999989342, 18.24833147735371952, 31.08982952671212985 ) ) ;
#9753 = CARTESIAN_POINT ( 'NONE',  ( -8.316666140187459533, -48.30553556443035035, -35.02618871689868030 ) ) ;
#9754 = CARTESIAN_POINT ( 'NONE',  ( -7.418953772507532740, -58.34421652304543926, 56.16516269718636778 ) ) ;
#9755 = CARTESIAN_POINT ( 'NONE',  ( 22.00825728205341036, 18.99999992583259356, -25.70941279966732296 ) ) ;
#9756 = CARTESIAN_POINT ( 'NONE',  ( 2.999999999999999112, 4.200000000000000178, 24.50000000000000000 ) ) ;
#9757 = FACE_OUTER_BOUND ( 'NONE', #442, .T. ) ;
#9758 = CIRCLE ( 'NONE', #7832, 14.99999999999998934 ) ;
#9759 = CARTESIAN_POINT ( 'NONE',  ( 29.94111501930574448, -49.24238293618231666, -19.99368603457957505 ) ) ;
#9760 = VERTEX_POINT ( 'NONE', #8421 ) ;
#9761 = CARTESIAN_POINT ( 'NONE',  ( -8.000000000000000000, 18.00000000000001421, 32.99999999999998579 ) ) ;
#9762 = EDGE_LOOP ( 'NONE', ( #9542, #8588, #1974, #9713 ) ) ;
#9763 = CARTESIAN_POINT ( 'NONE',  ( 6.481613883376899032, -76.73285372255284642, 51.00000000000006395 ) ) ;
#9764 = VERTEX_POINT ( 'NONE', #9218 ) ;
#9765 = VECTOR ( 'NONE', #4119, 1000.000000000000000 ) ;
#9766 = CARTESIAN_POINT ( 'NONE',  ( 33.00000000000039790, -56.49999999999976552, 1.190636249526422660E-13 ) ) ;
#9767 = ORIENTED_EDGE ( 'NONE', *, *, #8813, .T. ) ;
#9768 = CARTESIAN_POINT ( 'NONE',  ( 1.059761925802960247, -56.96404421437762267, 54.59163129163480477 ) ) ;
#9769 = CARTESIAN_POINT ( 'NONE',  ( -5.499999999999998224, -4.750000000000000888, 19.50000000000000000 ) ) ;
#9770 = CIRCLE ( 'NONE', #328, 1.499999999999999556 ) ;
#9771 = PLANE ( 'NONE',  #6714 ) ;
#9772 = CARTESIAN_POINT ( 'NONE',  ( 19.64765303887930159, -32.42601036714075491, 30.16571057722098814 ) ) ;
#9773 = DIRECTION ( 'NONE',  ( -1.000000000000000000, 0.0000000000000000000, 0.0000000000000000000 ) ) ;
#9774 = CARTESIAN_POINT ( 'NONE',  ( 11.08837321392491937, -47.15101371180782053, 34.25008775108702253 ) ) ;
#9775 = AXIS2_PLACEMENT_3D ( 'NONE', #522, #5027, #5922 ) ;
#9776 = EDGE_LOOP ( 'NONE', ( #687, #2893, #5623, #6779, #3446, #1083 ) ) ;
#9777 = ADVANCED_FACE ( 'NONE', ( #104 ), #6813, .F. ) ;
#9778 = AXIS2_PLACEMENT_3D ( 'NONE', #1204, #5902, #1250 ) ;
#9779 = CARTESIAN_POINT ( 'NONE',  ( 1.074338104993085574, -49.53518283275299439, -35.99959589984145936 ) ) ;
#9780 = PLANE ( 'NONE',  #5873 ) ;
#9781 = DATE_AND_TIME ( #2059, #6213 ) ;
#9782 = CARTESIAN_POINT ( 'NONE',  ( 9.308432150475034916, 21.78877934694237695, 34.77663351226095045 ) ) ;
#9783 = CARTESIAN_POINT ( 'NONE',  ( 6.853981781429558495, -61.74869977337306892, 52.93655272851640348 ) ) ;
#9784 = AXIS2_PLACEMENT_3D ( 'NONE', #5364, #7629, #1518 ) ;
#9785 = CARTESIAN_POINT ( 'NONE',  ( 28.63651006366672647, -38.54761007454430910, -22.78633505454146047 ) ) ;
#9786 = CARTESIAN_POINT ( 'NONE',  ( -1.662955415708200415E-16, 18.50000000000000000, -33.50000000000000000 ) ) ;
#9787 = CARTESIAN_POINT ( 'NONE',  ( 29.78269523695577803, -40.58952016152088760, -12.77905989079095406 ) ) ;
#9788 = CC_DESIGN_PERSON_AND_ORGANIZATION_ASSIGNMENT ( #9741, #7483, ( #8011 ) ) ;
#9789 = CARTESIAN_POINT ( 'NONE',  ( -23.11723649646734557, 18.99999998413695579, 23.84079948138292337 ) ) ;
#9790 = DIRECTION ( 'NONE',  ( 1.054711873393889642E-15, -1.276710262284678586E-15, -1.000000000000000000 ) ) ;
#9791 = ORIENTED_EDGE ( 'NONE', *, *, #1817, .F. ) ;
#9792 = CARTESIAN_POINT ( 'NONE',  ( 3.964115838916820940E-13, -60.29999999999996163, 29.00000000000008171 ) ) ;
#9793 = COORDINATED_UNIVERSAL_TIME_OFFSET ( 8, 0, .AHEAD. ) ;
#9794 = CYLINDRICAL_SURFACE ( 'NONE', #915, 35.79999999999999716 ) ;
#9795 = CC_DESIGN_DATE_AND_TIME_ASSIGNMENT ( #9781, #703, ( #9904 ) ) ;
#9796 = ADVANCED_FACE ( 'NONE', ( #3804 ), #3947, .T. ) ;
#9797 = ORIENTED_EDGE ( 'NONE', *, *, #4258, .F. ) ;
#9798 = CARTESIAN_POINT ( 'NONE',  ( -5.749999999999870326, -63.00000000000001421, 32.79999999999999716 ) ) ;
#9799 = CARTESIAN_POINT ( 'NONE',  ( -33.00133406116019330, -51.97198661102177653, 14.39363835534642888 ) ) ;
#9800 = CARTESIAN_POINT ( 'NONE',  ( -33.15856949796092579, -45.88687089899919869, -14.46385684282356721 ) ) ;
#9801 = CARTESIAN_POINT ( 'NONE',  ( 20.80377051592991577, 18.99999999828797570, 27.16967558308715525 ) ) ;
#9802 = CARTESIAN_POINT ( 'NONE',  ( -3.610255265576804540, -49.32288185496217636, -35.81984762538789369 ) ) ;
#9803 = CARTESIAN_POINT ( 'NONE',  ( 22.83883250392070607, 19.00000000073373130, -24.37803068064303602 ) ) ;
#9804 = FACE_OUTER_BOUND ( 'NONE', #1240, .T. ) ;
#9805 = CYLINDRICAL_SURFACE ( 'NONE', #6416, 2.100000000000006306 ) ;
#9806 = CARTESIAN_POINT ( 'NONE',  ( 27.56769636439666726, -46.77368066403432323, -23.15402199016491380 ) ) ;
#9807 = VERTEX_POINT ( 'NONE', #8571 ) ;
#9808 = ORIENTED_EDGE ( 'NONE', *, *, #953, .T. ) ;
#9809 = AXIS2_PLACEMENT_3D ( 'NONE', #1885, #4995, #4945 ) ;
#9810 = CYLINDRICAL_SURFACE ( 'NONE', #9030, 8.249999999999998224 ) ;
#9811 = CARTESIAN_POINT ( 'NONE',  ( 3.469446951953614978E-15, 4.749999999717147148, -3.500000000000003109 ) ) ;
#9812 = ORIENTED_EDGE ( 'NONE', *, *, #1070, .F. ) ;
#9813 = LINE ( 'NONE', #7461, #4148 ) ;
#9814 = ORIENTED_EDGE ( 'NONE', *, *, #7015, .F. ) ;
#9815 = CARTESIAN_POINT ( 'NONE',  ( 2.337831075094086941, -57.69528391867243045, 54.50000000003966960 ) ) ;
#9816 = DIRECTION ( 'NONE',  ( 0.0000000000000000000, 0.0000000000000000000, 1.000000000000000000 ) ) ;
#9817 = CARTESIAN_POINT ( 'NONE',  ( 3.809921731313479665, -54.24634728295643527, 29.64662843558305383 ) ) ;
#9818 = CARTESIAN_POINT ( 'NONE',  ( 1.441624326696766323, -53.46442740993629172, 30.50000000000007816 ) ) ;
#9819 = CARTESIAN_POINT ( 'NONE',  ( 16.42209985864746713, -41.34422358931385588, 32.03619323792369045 ) ) ;
#9820 = CARTESIAN_POINT ( 'NONE',  ( -8.683611669853073423, -45.36142602372319033, 34.96462855728329799 ) ) ;
#9821 = EDGE_LOOP ( 'NONE', ( #828 ) ) ;
#9822 = CARTESIAN_POINT ( 'NONE',  ( 2.121513394780663919, -49.48076663695354682, -35.95241816932041701 ) ) ;
#9823 = DIRECTION ( 'NONE',  ( 7.232542356195667155E-15, -1.000000000000000000, 1.276710262284687461E-15 ) ) ;
#9824 = PERSON_AND_ORGANIZATION_ROLE ( 'classification_officer' ) ;
#9825 = TOROIDAL_SURFACE ( 'NONE', #8709, 13.49999999999996270, 1.500000000000013545 ) ;
#9826 = CARTESIAN_POINT ( 'NONE',  ( 9.744873993718941918, -42.28296439891790470, 33.55301009817225832 ) ) ;
#9827 = EDGE_CURVE ( 'NONE', #5670, #7435, #3317, .T. ) ;
#9828 = CARTESIAN_POINT ( 'NONE',  ( -29.99999999999944933, -74.30000000000028137, -19.89974874213229583 ) ) ;
#9829 = CARTESIAN_POINT ( 'NONE',  ( 34.42231446728164457, -47.36086804952905993, -10.89226926279499175 ) ) ;
#9830 = DIRECTION ( 'NONE',  ( 7.415753963601008017E-17, 8.262330760336000271E-17, 1.000000000000000000 ) ) ;
#9831 = DIRECTION ( 'NONE',  ( -0.0000000000000000000, -0.0000000000000000000, -1.000000000000000000 ) ) ;
#9832 = ADVANCED_FACE ( 'NONE', ( #8470 ), #2999, .F. ) ;
#9833 = VECTOR ( 'NONE', #6733, 999.9999999999998863 ) ;
#9834 = CARTESIAN_POINT ( 'NONE',  ( -19.01366781693193175, 19.00000001794943927, 28.76755604170265457 ) ) ;
#9835 = DIRECTION ( 'NONE',  ( 0.0000000000000000000, 0.0000000000000000000, 1.000000000000000000 ) ) ;
#9836 = ORIENTED_EDGE ( 'NONE', *, *, #1564, .F. ) ;
#9837 = CARTESIAN_POINT ( 'NONE',  ( -32.02343683996620882, -44.03160654443265543, -6.304033145093328905 ) ) ;
#9838 = COORDINATED_UNIVERSAL_TIME_OFFSET ( 8, 0, .AHEAD. ) ;
#9839 = ADVANCED_FACE ( 'NONE', ( #4605 ), #4560, .F. ) ;
#9840 = CARTESIAN_POINT ( 'NONE',  ( -9.744873993717396488, -42.28296439891730785, -33.55301009817188174 ) ) ;
#9841 = EDGE_CURVE ( 'NONE', #905, #905, #8770, .T. ) ;
#9842 = AXIS2_PLACEMENT_3D ( 'NONE', #1102, #6413, #8678 ) ;
#9843 = FACE_OUTER_BOUND ( 'NONE', #439, .T. ) ;
#9844 = ORIENTED_EDGE ( 'NONE', *, *, #7816, .F. ) ;
#9845 = DIRECTION ( 'NONE',  ( 1.000000000000000000, -4.304913725480043459E-30, -0.0000000000000000000 ) ) ;
#9846 = EDGE_CURVE ( 'NONE', #4496, #7052, #5399, .T. ) ;
#9847 = CARTESIAN_POINT ( 'NONE',  ( -31.15842817035427004, -50.37881046905833671, 18.03200839838340030 ) ) ;
#9848 = CARTESIAN_POINT ( 'NONE',  ( -31.15658630340765356, -50.37907869936401539, -18.04353830761036903 ) ) ;
#9849 = ORIENTED_EDGE ( 'NONE', *, *, #8145, .F. ) ;
#9850 = DIRECTION ( 'NONE',  ( 1.000000000000000000, 0.0000000000000000000, 0.0000000000000000000 ) ) ;
#9851 = CARTESIAN_POINT ( 'NONE',  ( -8.260536655942200213, -48.32375857491044258, -35.03946868711022233 ) ) ;
#9852 = CARTESIAN_POINT ( 'NONE',  ( 24.04130513897107946, 18.99999999828796504, -21.37819758577688134 ) ) ;
#9853 = LINE ( 'NONE', #4435, #777 ) ;
#9854 = CARTESIAN_POINT ( 'NONE',  ( -9.404840175668308433, -56.86694652004422323, 34.75035501315989706 ) ) ;
#9855 = CARTESIAN_POINT ( 'NONE',  ( 21.19950645788431132, -37.00825891491849262, -29.09633386858458692 ) ) ;
#9856 = ORIENTED_EDGE ( 'NONE', *, *, #2044, .F. ) ;
#9857 = ORIENTED_EDGE ( 'NONE', *, *, #350, .T. ) ;
#9858 = CARTESIAN_POINT ( 'NONE',  ( 18.75238095238109182, 18.24833147735477468, 30.49570803599712221 ) ) ;
#9859 = EDGE_LOOP ( 'NONE', ( #9251, #10, #8765, #3776 ) ) ;
#9860 = LINE ( 'NONE', #3700, #7684 ) ;
#9861 = ORIENTED_EDGE ( 'NONE', *, *, #8673, .T. ) ;
#9862 = DIRECTION ( 'NONE',  ( -2.569960705150817904E-15, -2.600599847745095139E-29, 1.000000000000000000 ) ) ;
#9863 = DIRECTION ( 'NONE',  ( -1.000000000000000000, -7.401486830834402706E-15, -1.156482317317875472E-15 ) ) ;
#9864 = DIRECTION ( 'NONE',  ( 1.000000000000000000, 0.0000000000000000000, 0.0000000000000000000 ) ) ;
#9865 = CARTESIAN_POINT ( 'NONE',  ( 25.10000000000045617, -66.79999999999981242, 17.33303027798244145 ) ) ;
#9866 = CARTESIAN_POINT ( 'NONE',  ( 16.30483091144919783, -41.68050359163582641, 32.09598920030076386 ) ) ;
#9867 = CARTESIAN_POINT ( 'NONE',  ( -3.760036628675188730, -44.04316993364612642, 34.36468242564692588 ) ) ;
#9868 = ORIENTED_EDGE ( 'NONE', *, *, #4075, .T. ) ;
#9869 = CARTESIAN_POINT ( 'NONE',  ( 14.40640949652786063, -44.70571836126828913, -32.99310736609385231 ) ) ;
#9870 = DIRECTION ( 'NONE',  ( 1.000000000000000000, 7.232542356195667155E-15, 0.0000000000000000000 ) ) ;
#9871 = CALENDAR_DATE ( 2023, 16, 11 ) ;
#9872 = CARTESIAN_POINT ( 'NONE',  ( -2.652244934340091564, -44.15914772073326588, 34.43354228239749659 ) ) ;
#9873 = CARTESIAN_POINT ( 'NONE',  ( 2.319270451505251351, -57.67862505788140481, 54.30488175435569786 ) ) ;
#9874 = CARTESIAN_POINT ( 'NONE',  ( -17.74999999999989342, 18.24833147735371952, 31.08982952671212985 ) ) ;
#9875 = CARTESIAN_POINT ( 'NONE',  ( 34.13977507295286529, -52.88695767006438331, -11.44087065697355676 ) ) ;
#9876 = DIRECTION ( 'NONE',  ( -1.000000000000000000, -7.401486830834382195E-15, 0.0000000000000000000 ) ) ;
#9877 = CARTESIAN_POINT ( 'NONE',  ( -23.55669532021399348, 18.99999992395145654, -22.84764996677656157 ) ) ;
#9878 = CARTESIAN_POINT ( 'NONE',  ( -23.45103276457723140, 18.99999992730941401, 23.10795029106088094 ) ) ;
#9879 = CARTESIAN_POINT ( 'NONE',  ( -25.29115859102761377, -44.00990103044590285, -25.62999821131647948 ) ) ;
#9880 = DIRECTION ( 'NONE',  ( -0.0000000000000000000, 0.0000000000000000000, 1.000000000000000000 ) ) ;
#9881 = ORIENTED_EDGE ( 'NONE', *, *, #5971, .F. ) ;
#9882 = PERSON_AND_ORGANIZATION_ROLE ( 'creator' ) ;
#9883 = EDGE_CURVE ( 'NONE', #2891, #4491, #4442, .T. ) ;
#9884 = CARTESIAN_POINT ( 'NONE',  ( 11.70713485823058519, -40.51209388467020744, -33.10794738367702195 ) ) ;
#9885 =( GEOMETRIC_REPRESENTATION_CONTEXT ( 3 ) GLOBAL_UNCERTAINTY_ASSIGNED_CONTEXT ( ( #578 ) ) GLOBAL_UNIT_ASSIGNED_CONTEXT ( ( #423, #4272, #1221 ) ) REPRESENTATION_CONTEXT ( 'NONE', 'WORKASPACE' ) );
#9886 = CARTESIAN_POINT ( 'NONE',  ( -25.09999999999950049, -67.30000000000016769, 17.33303027798240237 ) ) ;
#9887 = ORIENTED_EDGE ( 'NONE', *, *, #6106, .F. ) ;
#9888 = ORIENTED_EDGE ( 'NONE', *, *, #338, .T. ) ;
#9889 = EDGE_CURVE ( 'NONE', #6879, #6296, #289, .T. ) ;
#9890 = VECTOR ( 'NONE', #2393, 1000.000000000000000 ) ;
#9891 = LOCAL_TIME ( 17, 37, 41.00000000000000000, #1524 ) ;
#9892 = CARTESIAN_POINT ( 'NONE',  ( -34.88997641983720399, -53.46409086702542623, -8.896234858173910354 ) ) ;
#9893 = AXIS2_PLACEMENT_3D ( 'NONE', #9546, #6530, #7838 ) ;
#9894 = ORIENTED_EDGE ( 'NONE', *, *, #7440, .F. ) ;
#9895 = CARTESIAN_POINT ( 'NONE',  ( 11.00000000000013500, -63.00000000000001421, -17.88854381999831133 ) ) ;
#9896 = VERTEX_POINT ( 'NONE', #4354 ) ;
#9897 = CARTESIAN_POINT ( 'NONE',  ( 14.90156171720631129, -44.12581202974373440, -32.77107816362288872 ) ) ;
#9898 = CARTESIAN_POINT ( 'NONE',  ( 24.45714587724227584, 18.99999996426192439, -18.96891481890848752 ) ) ;
#9899 = CIRCLE ( 'NONE', #1104, 36.00000000000002132 ) ;
#9900 = CARTESIAN_POINT ( 'NONE',  ( -8.967119421534192725, -64.73290094114605608, 34.86552076691415181 ) ) ;
#9901 = EDGE_CURVE ( 'NONE', #8763, #1600, #887, .T. ) ;
#9902 = DIRECTION ( 'NONE',  ( 0.2063608743195329276, 0.9784759524638702022, -0.0000000000000000000 ) ) ;
#9903 = CARTESIAN_POINT ( 'NONE',  ( 30.58906563097356468, -49.85616635547813758, -18.98334768558633101 ) ) ;
#9904 = SECURITY_CLASSIFICATION ( '', '', #1317 ) ;
#9905 = CIRCLE ( 'NONE', #4115, 1.500000000000001332 ) ;
#9906 = EDGE_LOOP ( 'NONE', ( #1331, #4761, #2052, #3769 ) ) ;
#9907 = ORIENTED_EDGE ( 'NONE', *, *, #1138, .T. ) ;
#9908 = EDGE_CURVE ( 'NONE', #3699, #3228, #1089, .T. ) ;
#9909 = PLANE ( 'NONE',  #3816 ) ;
#9910 = DIRECTION ( 'NONE',  ( 0.6679517357399795685, 0.7442045946659752165, 0.0000000000000000000 ) ) ;
#9911 = NEXT_ASSEMBLY_USAGE_OCCURRENCE ( 'NAUO1', ' ', ' ', #2070, #4875, $ ) ;
#9912 = NEXT_ASSEMBLY_USAGE_OCCURRENCE ( 'NAUO2', ' ', ' ', #2070, #4749, $ ) ;
#9913 = NEXT_ASSEMBLY_USAGE_OCCURRENCE ( 'NAUO3', ' ', ' ', #2070, #4749, $ ) ;
#9914 = NEXT_ASSEMBLY_USAGE_OCCURRENCE ( 'NAUO4', ' ', ' ', #2070, #8011, $ ) ;
ENDSEC;
END-ISO-10303-21;
